# 原文	译文	风险	出现次数	出现于
閉じる	关闭		95	js/_common/ajaxControl.js,js/campaign/box_gacha/CampaignBoxGachaTop.js,js/chara/CharaCompose.js,…共55处
キャンセル	取消		76	js/_common/router.js,js/campaign/box_gacha/CampaignBoxGachaTop.js,js/chara/CharaCompose.js,…共50处
エラー	错误	疑似碎片	30	js/_common/base.js,js/camera/CameraTop.js,js/event/EventArenaRankMatch/Result.js,…共19处
遊び方	玩法		27	template/arena/ArenaRanking.html,template/campaign/box_gacha/CampaignBoxGachaTop.html,template/campaign/quiz/CampaignQuizTop.html,…共27处
ミッション	任务		25	js/_common/nativeCommand.js,js/_common/nativeCommand2.js,js/event/dungeon/EventDungeonMap.js,…共22处
まで	为止	疑似碎片	23	js/event/EventArenaRankMatch/Result.js,js/event/EventWitch/Model.js,js/event/arenaranking/view/EventArenaResultView.js,…共18处
チーム	队伍	疑似碎片	22	js/event/accomplish/EventAccomplishDeck.js,js/formation/DeckFormation.js,js/formation/DeckFormationUtil.js,…共7处
個	个	疑似碎片	20	js/event/accomplish/EventAccomplishDeck.js,js/formation/DeckFormation.js,js/formation/FormationQuest.js,…共10处
位	名	疑似碎片	19	js/event/EventArenaRankMatch/Utility.js,js/view/arena/ArenaTopView.js,template/event/EventArenaRankMatch/History.html,…共9处
決定	确定		19	js/chara/CharaCompose.js,js/event/dungeon/EventDungeonMap.js,js/view/memoria/MemoriaComposeTopCardListView.js,…共15处
編成エラー	编成错误		19	js/event/accomplish/EventAccomplishDeck.js,js/formation/DeckFormation.js,js/formation/DeckFormationUtil.js,…共5处
所持数	持有数		17	js/view/gacha/GachaTopView2.js,template/arena/ArenaRanking.html,template/campaign/box_gacha/CampaignBoxGachaTop.html,…共11处
お知らせ	公告		16	js/_common/backboneCommon.js,js/campaign/box_gacha/CampaignBoxGachaTop.js,js/event/arenaMission/EventArenaMissionTop.js,…共9处
消費AP	消耗 AP		16	template/event/EventWalpurgis/MainBossPopup.html,template/event/EventWalpurgis/SubBossList.html,template/event/EventWitch/page/Top.html,…共16处
月		疑似碎片	15	js/_common/backboneCommon.js,js/campaign/summer_mission/CampaignSummerMissionTopView.js,js/config/DeleteUserData.js,…共8处
難易度	难度		15	template/event/EventWalpurgis/MainBossPopup.html,template/event/EventWalpurgis/SubBossList.html,template/event/EventWitch/page/Top.html,…共14处
メモリアセット	记忆结晶组合		12	js/memoria/MemoriaSetEquip.js,js/memoria/MemoriaSetList.js,template/memoria/MemoriaComposeTop.html,…共5处
よろしいですか？	确定吗？		12	template/campaign/box_gacha/CampaignBoxGachaTop.html,template/chara/CharaBulkCustomizePopup.html,template/event/EventArenaRankMatch/parts/AttackCountPopup.html,…共10处
対戦相手の変更	更换对手		11	js/event/arenaMission/EventArenaMissionStage.js,js/event/arenaMission/view/ArenaConfirmView.js,js/event/arenaranking/view/EventArenaConfirmView.js,…共6处
バトルログ	战斗记录		11	js/event/dailytower/EventDailyTowerTop.js,js/regularEvent/groupBattle/RegularEventGroupBattleTop.js,template/event/dailytower/EventDailyTowerTop.html,…共9处
回復する	回复		11	js/event/EventArenaRankMatch/parts/AttackCount.js,js/event/EventArenaRankMatch/parts/AttackCountItemPopup.js,js/event/accomplish/EventAccomplishRecovery.js,…共11处
期間外	不在期间内		10	js/campaign/summer_mission/CampaignSummerMissionTopListView.js,js/campaign/summer_mission/CampaignSummerMissionTopView.js,js/view/gacha/GachaTopView2.js,…共8处
日		疑似碎片	10	js/_common/backboneCommon.js,js/campaign/summer_mission/CampaignSummerMissionTopView.js,js/event/storyraid/EventStoryRaidTop.js,…共7处
APが不足しています	AP 不足		10	js/event/EventWalpurgis/Utility.js,js/event/EventWitch/Utility.js,js/event/branch/EventBranchTop.js,…共7处
あと	还有	疑似碎片	10	js/chara/CharaCompose.js,js/view/user/GlobalMenuView.js,template/arena/ArenaFreeRank.html,…共9处
\\x3cp class\\x3d"noMission ts_white"\\x3e挑戦できるミッションがありません\\x3c/p\\x3e	\\x3cp class\\x3d"noMission ts_white"\\x3e没有可以挑战的任务\\x3c/p\\x3e		10	js/regularEvent/groupBattle/RegularEventGroupBattleTop.js,js/view/mission/MissionTopListView.js,js/view/mission/MissionTopView.js
アーカイブ	回顾		10	template/event/EventWitch/page/Top.html,template/event/accomplish/EventAccomplishTop.html,template/event/branch/EventBranchTop.html,…共9处
マイページへ	返回主页		9	js/campaign/summer_mission/CampaignSummerMissionTopListView.js,js/user/BackgroundSet.js,js/view/mission/MissionTopListView.js,…共7处
クエスト確認	关卡确认		9	js/event/branch/EventBranchTop.js,js/event/raid/EventRaidTop.js,js/event/storyraid/EventStoryRaidTop.js,…共6处
を		疑似碎片	9	js/chara/CharaCompose.js,js/chara/CharaTop.js,template/campaign/box_gacha/CampaignBoxGachaTop.html,…共8处
開催期間	开放期间		9	js/view/arena/ArenaTopView.js,template/campaign/newyear_login/NewYearLogin.html,template/campaign/summer_mission/CampaignSummerMissionTop.html,…共8处
合計	合计		9	template/event/EventArenaRankMatch/parts/AttackCountPopup.html,template/event/EventArenaRankMatch/parts/CoolTimePopup.html,template/gacha/GachaTop.html,…共6处
有償	付费		9	template/event/EventArenaRankMatch/parts/AttackCountPopup.html,template/event/EventArenaRankMatch/parts/CoolTimePopup.html,template/gacha/GachaTop.html,…共6处
無償	免费		9	template/event/EventArenaRankMatch/parts/AttackCountPopup.html,template/event/EventArenaRankMatch/parts/CoolTimePopup.html,template/gacha/GachaTop.html,…共6处
15分以内	15 分钟以内		8	js/event/arenaMission/EventArenaMissionResult.js,js/event/arenaranking/view/EventArenaResultView.js,js/quest/SupportSelect.js,…共8处
ミラーズトップへ	返回镜界首页		8	js/event/arenaranking/view/EventArenaConfirmView.js,js/event/arenaranking/view/EventArenaRankingView.js,js/view/arena/ArenaConfirmView.js,…共4处
<p class="noMission ts_white">全てのミッションをクリアしました</p>	<p class="noMission ts_white">已完成全部任务</p>	HTML片段	8	js/event/raid/EventRaidCloseTop.js,js/event/raid/EventRaidTop.js
サポートPt	支援Pt		8	js/_common/nativeCommand.js,js/_common/nativeCommand2.js,js/gacha/GachaResult.js,…共6处
マギアストーン	魔法石		8	js/gacha/GachaResult.js,js/view/gacha/GachaTopView2.js,js/view/user/APPopup.js,…共6处
\\x3cdiv class\\x3d'noUser'\\x3e該当するプレイヤーが存在しません\\x3c/div\\x3e	\\x3cdiv class\\x3d'noUser'\\x3e没有符合条件的玩家\\x3c/div\\x3e		8	js/view/follow/FollowSearchResultView.js,js/view/follow/FollowTopView.js
残り	剩余		8	template/campaign/box_gacha/CampaignBoxGachaTop.html,template/campaign/summer_mission/CampaignSummerMissionTop.html,template/formation/DeckFormation.html,…共5处
未装備	未装备		8	template/formation/FormationQuest.html,template/formation/FormationSupport.html
マギア	Magia	疑似碎片	7	js/_common/nativeCommand.js,js/_common/nativeCommand2.js,js/card/CardPopup.js,…共7处
分前	分钟前		7	js/event/arenaMission/EventArenaMissionResult.js,js/event/arenaranking/view/EventArenaResultView.js,js/quest/SupportSelect.js,…共7处
時間前	小时前		7	js/event/arenaMission/EventArenaMissionResult.js,js/event/arenaranking/view/EventArenaResultView.js,js/quest/SupportSelect.js,…共7处
カ月前	个月前		7	js/event/arenaMission/EventArenaMissionResult.js,js/event/arenaranking/view/EventArenaResultView.js,js/quest/SupportSelect.js,…共7处
日前	天前		7	js/event/arenaMission/EventArenaMissionResult.js,js/event/arenaranking/view/EventArenaResultView.js,js/quest/SupportSelect.js,…共7处
-日前	-天前		7	js/event/arenaMission/EventArenaMissionResult.js,js/event/arenaranking/view/EventArenaResultView.js,js/quest/SupportSelect.js,…共7处
入れ替え	替换		7	js/quest/secondPartLast/Formation.js,js/regularEvent/extermination/RegularEventExterminationFormation.js,template/patrol/PatrolLumpFormation.html,…共5处
メモリア	记忆结晶		7	js/_common/nativeCommand.js,js/_common/nativeCommand2.js,js/view/memoria/MemoriaComposeTopView.js,…共5处
キモチ戦	心情战		7	js/regularEvent/groupBattle/RegularEventGroupBattleTop.js,js/regularEvent/groupBattle/view/BossPageView.js,js/regularEvent/groupBattle/view/UserPageView.js,…共4处
日\\x26nbsp;	天\\x26nbsp;		7	js/view/arena/ArenaTopView.js
リロード	重新加载		6	js/_common/_common.js,js/_common/ajaxControl.js,js/top/TopPage.js,…共4处
分		疑似碎片	6	js/_common/backboneCommon.js,js/campaign/quiz/CampaignQuizTop.js,js/campaign/summer_mission/CampaignSummerMissionTopView.js,…共5处
マギアLv	魔法等级		6	js/_common/nativeCommand.js,js/_common/nativeCommand2.js,js/event/accomplish/EventAccomplishRecovery.js,…共6处
精神強化	精神强化		6	js/chara/CharaEnhancementTree.js,js/util/SortUtil.js,template/chara/CharaDetail.html
魔法少女	魔法少女		6	js/camera/CameraTop.js,js/event/aprilfool2018/EventAprilFoolTop.js,js/user/MyPage.js,…共5处
HP順	按 HP		6	js/memoria/MemoriaEquip.js,js/quest/SupportSelect.js,js/view/memoria/MemoriaComposeTopCardListView.js,…共6处
リプレイの保存	保存回放		6	js/event/EventArenaRankMatch/Result.js,js/event/arenaranking/view/EventArenaResultView.js,js/view/arena/ArenaResultView.js
陣形詳細	阵形详情		6	js/event/accomplish/EventAccomplishDeck.js,js/formation/DeckFormation.js,template/event/accomplish/EventAccomplishDeck.html,…共4处
人		疑似碎片	6	js/follow/FollowPopup.js,js/view/follow/FollowTopListView.js,template/event/raid/EventRaidTop.html
チーム編成	队伍编成		6	js/patrol/view/PatrolDeckView.js,template/patrol/PatrolLumpFormation.html,template/quest/secondPartLast/Formation.html,…共4处
Blastディスク	Blast 圆盘		6	js/_common/nativeCommand.js,js/_common/nativeCommand2.js
サポート編成	支援编成		6	js/_common/nativeCommand.js,js/_common/nativeCommand2.js,template/formation/FormationTop.html,…共6处
メンテナンス	维护中		6	js/view/system/AnnounceView.js,template/user/AnnounceTemp.html,template/user/AnnounceTempMainte.html
アップデート	更新		6	js/view/system/AnnounceView.js,template/user/AnnounceTemp.html,template/user/AnnounceTempMainte.html
保管庫	仓库		6	js/view/memoria/PieceArchiveView.js,js/view/memoria/UserMemoriaListView.js,template/memoria/PieceArchive.html
報酬	奖励		6	template/campaign/quiz/CampaignQuizTop.html,template/patrol/PatrolDeckView.html,template/patrol/PatrolLumpFormation.html,…共4处
使用して	使用		6	template/campaign/box_gacha/CampaignBoxGachaTop.html,template/event/EventArenaRankMatch/parts/AttackCountItemPopup.html,template/event/EventArenaRankMatch/parts/AttackCountPopup.html,…共5处
獲得DP	获得 DP		6	template/event/EventWalpurgis/GroupRaid.html,template/event/EventWalpurgis/QuestResultMainBoss.html,template/event/EventWalpurgis/QuestResultSubBoss.html,…共6处
チーム編成一覧	队伍编成一览		6	template/quest/secondPartLast/BattleConfirm.html,template/quest/secondPartLast/Formation.html,template/quest/secondPartLast/Top.html,…共6处
開始	开始		6	template/event/accomplish/EventAccomplishDeck.html,template/formation/FormationQuest.html,template/formation/FormationSupport.html,…共6处
絵文字は使用できません	不能使用表情符号		6	template/event/accomplish/EventAccomplishDeck.html,template/event/storyraid/EventStoryRaidBoss.html,template/formation/FormationQuest.html,…共6处
装備中のメモリア	装备中的记忆结晶		6	template/memoria/MemoriaComposeTop.html,template/memoria/PieceArchive.html,template/memoria/UserMemoriaList.html
未解放	未解放		6	template/formation/FormationQuest.html,template/formation/FormationSupport.html
引き継ぎ・連携	数据转移・关联		5	js/top/TopPage.js,template/top/TopPage.html
通信エラー	通信错误		5	js/_common/ajaxControl.js,js/top/TopPage.js
ミッション報酬を	任务报酬		5	js/campaign/summer_mission/CampaignSummerMissionTopView.js,js/regularEvent/groupBattle/RegularEventGroupBattleTop.js,js/view/mission/MissionTopView.js
第		疑似碎片	5	js/campaign/quiz/CampaignQuizTop.js,js/event/singleraid/EventSingleRaidTop.js,template/quest/PreQuestPopup.html,…共4处
変更する	变更		5	js/campaign/box_gacha/CampaignBoxGachaTop.js,js/event/arenaMission/EventArenaMissionStage.js,js/event/arenaranking/view/EventArenaRankingView.js,…共5处
サポート	支援		5	js/_common/nativeCommand.js,js/_common/nativeCommand2.js,js/card/CardPopup.js,…共5处
レアリティ	稀有度		5	js/event/accomplish/EventAccomplishRecovery.js,js/quest/QuestUtil.js,js/util/SortUtil.js,…共5处
魔力解放	魔力解放		5	js/chara/CharaComposeAttribute/ComposeAttributeListModel.js,js/event/accomplish/EventAccomplishRecovery.js,js/util/SortUtil.js,…共4处
トップページへ	返回首页		5	js/_common/ajaxControl.js,js/_common/base.js,js/user/MyPage.js
プレイヤーデータ削除	删除玩家数据		5	js/config/DeleteUserData.js
期間限定	限时		5	js/quest/EventQuest.js,template/event/dailytower/EventDailyTowerTop.html,template/event/tower/EventTowerTop.html,…共4处
話をクリア	通关话数		5	js/event/arenaranking/view/EventArenaResultView.js,js/quest/QuestUtil.js,js/view/arena/ArenaResultView.js,…共4处
レベル順	按等级		5	js/memoria/MemoriaEquip.js,js/quest/SupportSelect.js,js/view/memoria/MemoriaComposeTopCardListView.js,…共5处
ATK順	按 ATK		5	js/memoria/MemoriaEquip.js,js/quest/SupportSelect.js,js/view/memoria/MemoriaComposeTopCardListView.js,…共5处
DEF順	按 DEF		5	js/memoria/MemoriaEquip.js,js/quest/SupportSelect.js,js/view/memoria/MemoriaComposeTopCardListView.js,…共5处
解除する	解除		5	js/event/EventArenaRankMatch/parts/CoolTime.js,js/quest/secondPartLast/Formation.js,js/quest/secondPartLast/parts/StagePartsView.js,…共5处
編成コピー	复制编成		5	js/formation/DeckFormation.js,js/quest/secondPartLast/Formation.js,js/regularEvent/extermination/RegularEventExterminationFormation.js,…共4处
カメラ撮影	相机拍摄		5	js/camera/CameraTop.js,js/event/aprilfool2018/EventAprilFoolTop.js
時間経過の為、対戦相手に変更がありました\\x3cbr\\x3eミラーズトップに戻ります	因时间经过，对手已发生变更\\x3cbr\\x3e将返回镜界首页		5	js/event/arenaranking/view/EventArenaRankingView.js,js/view/arena/ArenaConfirmView.js,js/view/arena/ArenaFreeRankView.js
ミラーズランキング	镜界排名		5	js/event/arenaranking/view/EventArenaResultView.js,js/view/arena/ArenaTopView.js
をプレゼント！	到手！		5	js/event/arenaMission/EventArenaMissionTop.js,js/event/dailytower/EventDailyTowerTop.js,js/event/tower/EventTowerTop.js
フォロー数:	关注数：		5	js/follow/FollowPopup.js,js/view/follow/FollowTopListView.js
コネクト	连携		5	js/_common/nativeCommand.js,js/_common/nativeCommand2.js,template/formation/FormationQuest.html,…共5处
魔法陣形	魔法阵形		5	js/_common/nativeCommand.js,js/_common/nativeCommand2.js,template/formation/FormationQuest.html,…共4处
デスティニージェム変換	命运宝石转换		5	js/chara/CharaEquip.js,js/view/item/ItemListPartView.js,js/view/item/ItemSalePopupView.js
クエスト開始条件	关卡开始条件		5	js/formation/DeckFormationUtil.js,js/formation/FormationQuest.js,js/view/quest/QuestListPartsView.js
ミラーズID	镜界 ID		5	js/view/arena/ArenaSimulateView.js,template/arena/ArenaSimulate.html
受け取り期限を過ぎているため\\x3cbr\\x3e対象のミッション報酬を受け取ることはできません	已超过领取期限\\x3cbr\\x3e无法领取对应的任务奖励		5	js/regularEvent/groupBattle/RegularEventGroupBattleTop.js,js/view/mission/MissionTopListView.js,js/view/mission/MissionTopView.js
（オファー：COMPLETE）	(邀请:COMPLETE)		5	js/view/shop/ShopPopupView.js,js/view/shop/ShopTopView.js,js/view/shop/q.js
(オファー可能：	(可邀请:		5	js/view/shop/ShopPopupView.js,js/view/shop/ShopTopView.js,js/view/shop/q.js
レアリティ順	按稀有度		5	js/memoria/MemoriaEquip.js,js/view/memoria/MemoriaComposeTopCardListView.js,js/view/memoria/PieceArchiveView.js,…共5处
所持枠	持有格		5	js/view/memoria/PieceArchiveView.js,template/memoria/MemoriaTop.html,template/memoria/PieceArchive.html
HP回復	HP 回复		5	js/regularEvent/accomplish/view/RegularEventAccomplishRecoverView.js
フィルタ	筛选		5	template/memoria/MemoriaComposeTop.html,template/memoria/MemoriaEquip.html,template/memoria/PieceArchive.html,…共5处
戦う	战斗		5	template/event/EventWalpurgis/MainBossPopup.html,template/event/EventWalpurgis/SubBossList.html,template/quest/puellaHistoria/lastBattle/MainBossPopup.html,…共5处
戦力値	战力值		5	template/patrol/PatrolDeckView.html,template/patrol/PatrolLumpFormation.html,template/quest/secondPartLast/BattleConfirm.html,…共4处
順位	排名		5	template/event/EventArenaRankMatch/History.html,template/event/EventArenaRankMatch/parts/DailyPresentPopup.html,template/regularEvent/groupBattle/RegularEventGroupBattleRanking.html,…共4处
選択全解除	取消全选		5	template/chara/CharaCompose.html,template/gacha/GachaSaleSettingPopup.html,template/memoria/MemoriaComposeTop.html,…共5处
はずす	卸下	疑似碎片	5	template/gacha/SelectableGachaPieceSelect.html,template/memoria/MemoriaComposeTop.html,template/memoria/MemoriaEquipInfo.html,…共5处
所持CC	持有 CC		5	template/chara/CharaEnhancementTree.html,template/memoria/MemoriaComposeTop.html,template/memoria/PieceArchive.html,…共4处
ミラーズ編成	镜界编成		5	template/formation/FormationTop.html,template/memoria/MemoriaComposeTop.html,template/memoria/PieceArchive.html,…共4处
すべて選択	全选		5	template/memoria/bulkSelectPopupView.html
トータルダメージ	总伤害		5	template/regularEvent/groupBattle/RegularEventGroupBattleRanking.html,template/regularEvent/groupBattle/RegularEventGroupBattleUser.html
通信環境の良い所で再度お試しください。	请在网络状况良好的环境下重试。		4	js/_common/ajaxControl.js,js/top/TopPage.js
受け取り期限を過ぎているため<br>対象のミッション報酬を受け取ることはできません	已过领取期限,<br>无法领取该任务报酬	HTML片段	4	js/campaign/summer_mission/CampaignSummerMissionTopListView.js,js/campaign/summer_mission/CampaignSummerMissionTopView.js,js/event/raid/EventRaidCloseTop.js,…共4处
<p class="noMission ts_white">挑戦できるミッションがありません</p>	<p class="noMission ts_white">没有可以挑战的任务</p>	HTML片段	4	js/campaign/summer_mission/CampaignSummerMissionTopListView.js,js/campaign/summer_mission/CampaignSummerMissionTopView.js
時間	时间		4	js/campaign/summer_mission/CampaignSummerMissionTopView.js,js/event/raid/EventRaidTop.js,js/view/mission/MissionTopView.js,…共4处
問	题	疑似碎片	4	js/campaign/quiz/CampaignQuizTop.js
秒		疑似碎片	4	js/campaign/quiz/CampaignQuizTop.js,template/event/EventWalpurgis/Stamp.html,template/quest/puellaHistoria/lastBattle/Stamp.html
ガチャを引く	进行抽卡		4	js/campaign/box_gacha/CampaignBoxGachaTop.js,js/view/gacha/GachaBtnView.js
火属性			4	js/quest/EventQuest.js,js/util/SearchQuest.js,template/follow/FollowSearch.html
水属性			4	js/quest/EventQuest.js,js/util/SearchQuest.js,template/follow/FollowSearch.html
木属性			4	js/quest/EventQuest.js,js/util/SearchQuest.js,template/follow/FollowSearch.html
光属性			4	js/quest/EventQuest.js,js/util/SearchQuest.js,template/follow/FollowSearch.html
闇属性	暗属性		4	js/quest/EventQuest.js,js/util/SearchQuest.js,template/follow/FollowSearch.html
エピソードLv	剧情等级		4	js/event/accomplish/EventAccomplishRecovery.js,js/quest/QuestUtil.js,js/util/SortUtil.js,…共4处
属性強化	属性强化		4	js/chara/CharaComposeAttribute/ComposeAttributeList.js,js/util/SortUtil.js,template/chara/CharaDetail.html
戻る	返回		4	js/collection/MagiRepoDetail.js,template/campaign/box_gacha/CampaignBoxGachaTop.html,template/user/AnnounceTemp.html,…共4处
ストーリー	剧情		4	js/quest/QuestUtil.js,template/event/dailytower/EventDailyTowerTop.html,template/event/tower/EventTowerTop.html,…共4处
未設定	未设置		4	js/quest/SupportSelect.js,js/view/quest/QuestResultView.js
▼ コメントを選ぶ	▼ 选择留言		4	js/event/EventWalpurgis/parts/GroupRaid/Stamp.js,js/quest/puellaHistoria/lastBattle/parts/GroupRaid/Stamp.js,template/event/EventWalpurgis/Stamp.html,…共4处
敵情報	敌方情报		4	js/patrol/view/PatrolLumpDifficultyPopupView.js,js/quest/secondPartLast/EnemyDetailPopup.js,js/regularEvent/accomplish/RegularEventAccomplishTop.js,…共4处
チーム全解散	解散所有队伍		4	js/quest/secondPartLast/Formation.js,js/regularEvent/extermination/RegularEventExterminationFormation.js
魔法少女おまかせ編成	魔法少女自动编成		4	js/quest/secondPartLast/Formation.js,js/regularEvent/extermination/RegularEventExterminationFormation.js
制圧中	压制中		4	js/quest/secondPartLast/Formation.js,js/quest/secondPartLast/parts/StagePartsView.js,js/regularEvent/extermination/RegularEventExterminationFormation.js,…共4处
制圧状態を解除し、再度制圧前の状態に戻せます。\\x3cbr /\\x3e\\x3cbr /\\x3e\\x3cspan class\\x3d'attention'\\x3e※解除後は再度制圧をする必要があります。\\x3cbr /\\x3e※制圧に参加した魔法少女を再編成できます。\\x3c/span\\x3e	可以解除压制状态,恢复到压制前的状态。\\x3cbr /\\x3e\\x3cbr /\\x3e\\x3cspan class\\x3d'attention'\\x3e※解除后需要重新压制。\\x3cbr /\\x3e※可以重新编成参与压制的魔法少女。\\x3c/span\\x3e		4	js/quest/secondPartLast/Formation.js,js/quest/secondPartLast/parts/StagePartsView.js,js/regularEvent/extermination/RegularEventExterminationFormation.js,…共4处
撮影が完了しました。	拍摄完成。		4	js/camera/CameraTop.js,js/event/aprilfool2018/EventAprilFoolTop.js
が		疑似碎片	4	js/event/EventArenaRankMatch/Utility.js,template/campaign/box_gacha/CampaignBoxGachaTop.html,template/chara/CharaComposeAttribute/popupItemConfirm.html,…共4处
イベント終了	活动已结束		4	js/event/EventArenaRankMatch/parts/AttackCount.js,js/event/EventArenaRankMatch/parts/CoolTime.js,js/formation/DeckFormation.js,…共4处
イベント開催期間外です。	不在活动开放期间。		4	js/event/EventArenaRankMatch/parts/AttackCount.js,js/event/EventArenaRankMatch/parts/CoolTime.js,js/formation/DeckFormation.js,…共4处
報酬一覧	报酬一览		4	js/event/EventArenaRankMatch/parts/EventReward.js,js/regularEvent/groupBattle/RegularEventGroupBattleTop.js,template/regularEvent/groupBattle/RegularEventGroupBattleBoss.html,…共4处
魔法少女の回復	魔法少女回复		4	js/event/accomplish/EventAccomplishRecovery.js,js/event/dungeon/EventDungeonMap.js
回復	回复		4	js/event/dungeon/EventDungeonMap.js,template/arena/ArenaRanking.html,template/event/dungeon/EventDungeonCurePopupParts.html,…共4处
BPが不足しています。	BP 不足。		4	js/event/arenaMission/EventArenaMissionStage.js,js/event/arenaMission/view/ArenaConfirmView.js,js/view/arena/ArenaConfirmView.js,…共4处
最低1キャラは設定してください	请至少设置 1 名角色		4	js/event/accomplish/EventAccomplishDeck.js,js/formation/FormationQuest.js,js/formation/FormationSupport.js
個数	个数		4	js/event/accomplish/EventAccomplishDeck.js,js/formation/DeckFormation.js,js/formation/FormationQuest.js,…共4处
回復確認	回复确认		4	js/event/accomplish/EventAccomplishRecovery.js,js/view/user/APPopup.js
回	次	疑似碎片	4	js/event/accomplish/EventAccomplishRecovery.js,template/arena/ArenaRanking.html,template/event/EventArenaRankMatch/parts/AttackCountPopup.html,…共4处
ミッション報酬を1件受け取りました。\\x3cbr\\x3e\\x3cbr\\x3e※魔法少女はプレゼントボックスよりお受け取りください。\\x3cbr\\x3e※受け取ったアイテムは直接付与されています。	已领取1件任务报酬。\\x3cbr\\x3e\\x3cbr\\x3e※魔法少女请到礼物盒领取。\\x3cbr\\x3e※领取的道具已直接发放。		4	js/mission/PanelMissionTop.js,js/view/mission/MissionTopListView.js
ターゲットの選択	选择目标		4	js/_common/nativeCommand.js,js/_common/nativeCommand2.js
オートバトル	自动战斗		4	js/_common/nativeCommand.js,js/_common/nativeCommand2.js
デスティニージェム	命运宝石		4	js/_common/nativeCommand.js,js/_common/nativeCommand2.js
Acceleディスク	Accele 圆盘		4	js/_common/nativeCommand.js,js/_common/nativeCommand2.js
ドッペル	魔女化身		4	js/_common/nativeCommand.js,js/_common/nativeCommand2.js
Chargeの効果	Charge 效果		4	js/_common/nativeCommand.js,js/_common/nativeCommand2.js
有償マギアストーン	付费魔法石		4	js/gacha/GachaResult.js,js/view/gacha/GachaTopView2.js
CCが不足しています	CC 不足		4	js/chara/CharaCompose.js,js/chara/CharaComposeMagia.js,js/chara/CharaCustomize.js,…共4处
精神強化のリセット	重置精神强化		4	js/chara/CharaEnhancementTree.js
強化	强化		4	js/chara/CharaComposeAttribute/ComposeAttributeList.js,js/view/memoria/MemoriaComposeTopView.js,template/chara/CharaCompose.html,…共4处
ショップへ	前往商店		4	js/chara/CharaComposeAttribute/popupCheckMaterial.js,js/view/gacha/GachaBtnView.js,template/chara/CharaEnhancementMaterialPopup.html,…共4处
フォロー	关注		4	js/view/follow/FollowTopView.js,js/view/quest/QuestResultView.js
アイテム購入	购买道具		4	js/view/shop/ShopPopupView.js
現在商品購入可能な商品がありません。	当前没有可购买的商品。		4	js/view/shop/ShopTopView.js,js/view/shop/q.js
限界突破順	界限突破顺序		4	js/memoria/MemoriaEquip.js,js/view/memoria/MemoriaComposeTopCardListView.js,js/view/memoria/PieceArchiveView.js,…共4处
入手順	获得顺序		4	js/memoria/MemoriaEquip.js,js/view/memoria/MemoriaComposeTopCardListView.js,js/view/memoria/PieceArchiveView.js,…共4处
メモリア保管庫	记忆结晶仓库		4	js/view/memoria/PieceArchiveView.js
選択したメモリアを	将所选记忆结晶		4	js/view/memoria/PieceArchiveView.js
から\\x3cbr\\x3e\\x3cspan class\\x3d'c_red'\\x3e	移至\\x3cbr\\x3e\\x3cspan class\\x3d'c_red'\\x3e		4	js/view/memoria/PieceArchiveView.js
魔法少女を１体以上編成してください。	请至少编成 1 名魔法少女。		4	js/formation/DeckFormation.js,js/formation/DeckFormationUtil.js
イベント編成	活动编成		4	js/formation/FormationTop.js,template/memoria/MemoriaComposeTop.html,template/memoria/PieceArchive.html,…共4处
最大デイリーダメージ	单日最大伤害		4	template/regularEvent/groupBattle/RegularEventGroupBattleRanking.html,template/regularEvent/groupBattle/RegularEventGroupBattleUser.html,template/user/EventRecord.html
消費	消费		4	template/event/dailytower/EventDailyTowerTop.html,template/event/tower/EventTowerTop.html,template/quest/EventQuest.html,…共4处
合計DP	合计DP		4	template/event/EventWalpurgis/QuestResultMainBoss.html,template/event/EventWalpurgis/QuestResultSubBoss.html,template/quest/puellaHistoria/lastBattle/QuestResultMainBoss.html,…共4处
獲得報酬	获得报酬		4	template/event/EventWalpurgis/SubBossList.html,template/patrol/PatrolResult.html,template/quest/puellaHistoria/lastBattle/SubBossList.html,…共4处
推奨戦力	推荐战力		4	template/quest/secondPartLast/BattleConfirm.html,template/quest/secondPartLast/EnemyDetailPopup.html,template/regularEvent/extermination/RegularEventExterminationBattleConfirm.html,…共4处
バトル	对战	疑似碎片	4	template/event/raid/EventRaidRewardParts.html,template/event/raid/EventRaidTop.html
指定無し	不指定		4	template/follow/FollowSearch.html
必要:	需要:		4	template/card/ComposeTop.html
所持数:	持有数:		4	template/card/ComposeTop.html
セット	放入	疑似碎片	4	template/chara/CharaBulkCustomizePopup.html,template/chara/CharaCustomize.html,template/gacha/SelectableGachaPieceSelect.html,…共4处
解放			4	template/chara/CharaEnhancementTree.html,template/regularEvent/extermination/RegularEventExterminationBattleSelect.html,template/regularEvent/extermination/RegularEventExterminationTop.html
クエスト編成	关卡编成		4	template/formation/FormationTop.html,template/memoria/MemoriaComposeTop.html,template/memoria/PieceArchive.html,…共4处
編成中のチームで、	在编成中的队伍里，		4	template/memoria/MemoriaEquip.html,template/memoria/PieceArchive.html,template/memoria/UserMemoriaList.html
が装備中です。	正在装备。		4	template/memoria/MemoriaEquip.html,template/memoria/PieceArchive.html,template/memoria/UserMemoriaList.html
移動	移动		4	template/memoria/UserMemoriaList.html
自分の所属グループ：	自己所属的小组：		4	template/regularEvent/groupBattle/RegularEventGroupCommon.html
グループに所属していません	未加入任何小组		4	template/regularEvent/groupBattle/RegularEventGroupCommon.html
期間外のため<br>対象のミッションは存在しません	不在期间内,<br>该任务不存在	HTML片段	3	js/campaign/summer_mission/CampaignSummerMissionTopListView.js,js/campaign/summer_mission/CampaignSummerMissionTopView.js
セット内容	组合内容		3	js/campaign/summer_mission/CampaignSummerMissionTopListView.js,js/view/mission/MissionTopListView.js,js/view/shop/ShopTopPartsView.js
八雲 みたま	八云 御魂		3	js/campaign/quiz/CampaignQuizTop.js,template/campaign/quiz/CampaignQuizTop.html,template/event/training/EventTrainingCharaSelect.html
ボックス内容の変更	变更箱内容		3	js/campaign/box_gacha/CampaignBoxGachaTop.js
所持可能なメモリアの上限を100枠以上超えています。\\x3cbr\\x3eメモリアの所持枠を空けてください。	记忆结晶持有数已超出上限 100 格以上。\\x3cbr\\x3e请先腾出记忆结晶的持有格。		3	js/campaign/box_gacha/CampaignBoxGachaTop.js,js/view/gacha/GachaBtnView.js
メモリアへ	前往记忆结晶		3	js/campaign/box_gacha/CampaignBoxGachaTop.js,js/view/gacha/GachaBtnView.js
衣装一覧	服装一览		3	js/campaign/story_mission/CampaignStoryMission.js,template/camera/CameraTop.html,template/event/aprilfool2018/EventAprilFoolTop.html
全属性			3	js/quest/EventQuest.js,js/util/SearchQuest.js
話	话	疑似碎片	3	js/util/SearchQuest.js,template/collection/StoryCollection.html,template/quest/PreQuestPopup.html
初級	初级		3	js/event/training/EventTrainingTop.js,js/quest/EventQuest.js,js/util/SearchQuest.js
中級	中级		3	js/event/training/EventTrainingTop.js,js/quest/EventQuest.js,js/util/SearchQuest.js
上級	上级		3	js/event/training/EventTrainingTop.js,js/quest/EventQuest.js,js/util/SearchQuest.js
超級	超级		3	js/event/training/EventTrainingTop.js,js/quest/EventQuest.js,js/util/SearchQuest.js
部		疑似碎片	3	js/collection/MagiRepo.js,js/quest/QuestUtil.js,template/util/SearchQuest.html
マギアレコード運営事務局より	来自魔法纪录运营事务局		3	js/user/MyPage.js
確認	确认		3	js/event/branch/EventBranchTop.js,js/user/MyPage.js
ランク順	按等级排名		3	js/quest/SupportSelect.js,js/view/arena/ArenaSimulateView.js,template/arena/ArenaSimulate.html
「みたまの撮影会」は終了しました。	「御魂的摄影会」已结束。		3	js/camera/CameraTop.js,js/event/aprilfool2018/EventAprilFoolTop.js
◆ ストーリークエスト	◆ 剧情关卡		3	js/event/dailytower/EventDailyTowerTop.js,js/event/tower/EventTowerTop.js,js/event/training/EventTrainingTop.js
保存しない	不保存		3	js/event/EventArenaRankMatch/Result.js,js/event/arenaranking/view/EventArenaResultView.js,js/view/arena/ArenaResultView.js
保存する	保存		3	js/event/EventArenaRankMatch/Result.js,js/event/arenaranking/view/EventArenaResultView.js,js/view/arena/ArenaResultView.js
リプレイデータの保存に失敗しました。	回放数据保存失败。		3	js/event/EventArenaRankMatch/Result.js,js/event/arenaranking/view/EventArenaResultView.js,js/view/arena/ArenaResultView.js
メインストーリー\\x26nbsp;	主线剧情\\x26nbsp;		3	js/event/arenaranking/view/EventArenaResultView.js,js/view/arena/ArenaResultView.js,js/view/arena/ArenaTopView.js
対戦回数回復	对战次数回复		3	js/event/EventArenaRankMatch/parts/AttackCount.js,js/event/EventArenaRankMatch/parts/AttackCountItemPopup.js
防衛編成	防卫编成		3	js/event/EventArenaRankMatch/parts/DefenseDeckEditPopup.js,js/formation/DeckFormationUtil.js
チャレンジ	挑战		3	js/event/EventWitch/parts/TopBattleInfo.js,template/event/dailytower/EventDailyTowerTop.html,template/event/tower/EventTowerTop.html
リタイア	放弃		3	js/event/dungeon/EventDungeonMap.js,template/event/dungeon/EventDungeonMap.html
CP回復薬	CP回复药		3	js/event/dungeon/view/EventDungeonCpCureView.js,template/event/dungeon/EventDungeonCurePopupParts.html
クエストを開始できません	无法开始关卡		3	js/event/raid/EventRaidTop.js,js/event/storyraid/EventStoryRaidTop.js,js/regularEvent/groupBattle/view/BossPageView.js
時間経過の為、対戦相手に変更がありました<br>イベントトップページに戻ります	因时间经过,对战对手已变更<br>返回活动首页	HTML片段	3	js/event/arenaMission/EventArenaMissionStage.js,js/event/arenaMission/view/ArenaConfirmView.js
チーム編成の終了	结束队伍编成		3	js/event/accomplish/EventAccomplishDeck.js,js/formation/DeckFormation.js,js/formation/FormationQuest.js
変更を破棄して終了	放弃变更并退出		3	js/event/accomplish/EventAccomplishDeck.js,js/formation/DeckFormation.js,js/formation/FormationQuest.js
変更を保存して終了	保存变更并退出		3	js/event/accomplish/EventAccomplishDeck.js,js/formation/DeckFormation.js,js/formation/FormationQuest.js
コマンド	指令		3	js/event/accomplish/EventAccomplishEnemyDetail.js,js/regularEvent/accomplish/RegularEventAccomplishTop.js,template/event/accomplish/EventAccomplishEnemyDetail.html
救援要請	救援请求		3	js/event/raid/EventRaidTop.js,template/event/raid/EventRaidTop.html
RP回復薬	RP回复药		3	js/event/raid/view/EventRaidRpCureView.js,template/event/raid/EventRaidCurePopupParts.html
ミラーズについて	关于镜界		3	js/follow/FollowPopup.js,js/view/user/GlobalMenuView.js,js/view/user/MyProfilePopup.js
フォロー追加	添加关注		3	js/follow/FollowPopup.js,js/view/follow/FollowTopListView.js,js/view/quest/QuestResultView.js
スキル	技能	疑似碎片	3	js/_common/nativeCommand.js,js/_common/nativeCommand2.js,template/memoria/bulkSelectPopupView.html
強化できません	无法强化		3	js/chara/CharaCompose.js
強化確認	强化确认		3	js/chara/CharaCompose.js,js/view/memoria/MemoriaComposeTopUseItemView.js,js/view/memoria/MemoriaComposeTopUseMaterialView.js
クリップボードにコピーしました。	已复制到剪贴板。		3	js/view/arena/ArenaSimulateView.js,js/view/etc/HelpView.js,js/view/user/MyProfilePopup.js
クエストについて	关于关卡		3	js/view/user/GlobalMenuView.js
ミラーズ設定	镜界设置		3	js/view/user/MyProfilePopup.js
現在受取ることのできるプレゼントがありません	当前没有可领取的礼物		3	js/view/present/PresentListPageView.js
BP回復薬	BP回复药		3	js/view/arena/ArenaBpCureView.js,template/arena/ArenaRanking.html
リプレイID	回放 ID		3	js/view/arena/ArenaHistoryView.js,template/arena/ArenaHistory.html,template/arena/ArenaResult.html
ミラーズランキングの結果集計中	镜界排名结果统计中		3	js/view/arena/ArenaTopView.js
名		疑似碎片	3	js/view/follow/FollowTopView.js
プレイヤー	玩家		3	js/view/follow/FollowTopView.js
期間外のため\\x3cbr\\x3e対象のミッションは存在しません	不在开放期间内\\x3cbr\\x3e对应的任务不存在		3	js/view/mission/MissionTopListView.js,js/view/mission/MissionTopView.js
件受け取りました。\\x3cbr\\x3e\\x3cbr\\x3e※魔法少女はプレゼントボックスよりお受け取りください。\\x3cbr\\x3e※受け取ったアイテムは直接付与されています。	件已领取。\\x3cbr\\x3e\\x3cbr\\x3e※魔法少女请到礼物盒领取。\\x3cbr\\x3e※领取的道具已直接发放。		3	js/view/mission/MissionTopView.js
\\x3cp class\\x3d"noItems"\\x3eデスティニージェムを所持していません\\x3c/p\\x3e	\\x3cp class\\x3d"noItems"\\x3e没有持有命运宝石\\x3c/p\\x3e		3	js/view/item/ItemListPartView.js,js/view/item/ItemListView.js
限界突破	界限突破		3	js/view/memoria/MemoriaComposeTopCardListView.js,js/view/memoria/MemoriaComposeTopView.js,template/card/ComposeTop.html
装備変更	更换装备		3	js/memoria/MemoriaEquip.js,js/view/memoria/MemoriaEquipInfoView.js
メモリア売却	出售记忆结晶		3	js/view/memoria/UserMemoriaListView.js
売却	出售		3	js/view/memoria/UserMemoriaListView.js,template/memoria/PieceArchive.html,template/memoria/UserMemoriaList.html
コピー	复制	疑似碎片	3	js/formation/DeckFormation.js,template/arena/ArenaResult.html,template/arena/ArenaSimulate.html
バトル開始には、	开始战斗需要		3	js/formation/DeckFormation.js,js/formation/DeckFormationUtil.js
お任せ編成	自动编成		3	js/formation/DeckFormation.js,template/quest/PreQuestPopup.html
チーム解散	解散队伍		3	js/formation/FormationQuest.js,template/event/accomplish/EventAccomplishDeck.html,template/formation/FormationQuest.html
キモチ戦は	心情战		3	js/regularEvent/RegularEventTop.js,js/regularEvent/groupBattle/RegularEventGroupBattleTop.js
終の結界	终之结界		3	js/regularEvent/extermination/RegularEventExterminationBattleSelect.js,js/regularEvent/extermination/RegularEventExterminationFormation.js,js/regularEvent/extermination/view/RegularEventExterminationBattleSelectStagePartsView.js
殲滅戦	歼灭战		3	js/regularEvent/extermination/RegularEventExterminationBattleSelect.js,js/regularEvent/extermination/RegularEventExterminationTop.js
一括受取	一键领取		3	template/campaign/summer_mission/CampaignSummerMissionTop.html,template/regularEvent/groupBattle/RegularEventGroupBattleMission.html,template/regularEvent/groupBattle/RegularEventGroupCommon.html
選択対象一覧	选择对象一览		3	template/campaign/gacha_lineup/CampaignGachaLineUp.html,template/gacha/GachaTop.html
マギアストーンは無償分から先に消費され、決定後のキャンセルはできません。	魔法石会优先消耗免费部分，确认后无法取消。		3	template/event/EventArenaRankMatch/parts/AttackCountPopup.html,template/event/EventArenaRankMatch/parts/CoolTimePopup.html,template/user/APPopupForMoney.html
日目	天		3	template/loginBonus/loginBonusCampaignPopupTemp.html,template/regularEvent/groupBattle/RegularEventGroupBattleRanking.html,template/user/EventRecord.html
設定なし	未设置		3	template/user/SetTitlePopup.html
使用スキル	使用的技能		3	template/quest/secondPartLast/EnemyDetailPopup.html,template/regularEvent/accomplish/RegularEventAccomplishTop.html,template/regularEvent/extermination/RegularEventExterminationDifficultyPopupView.html
状態異常耐性	异常状态耐性		3	template/quest/secondPartLast/EnemyDetailPopup.html,template/regularEvent/accomplish/RegularEventAccomplishTop.html,template/regularEvent/extermination/RegularEventExterminationDifficultyPopupView.html
入れ替えるチームを選択してくだい	请选择要更换的队伍		3	template/patrol/PatrolLumpFormation.html,template/quest/secondPartLast/Formation.html,template/regularEvent/extermination/RegularEventExterminationFormation.html
制限ターン数	回合限制		3	template/event/raid/EventRaidTop.html,template/event/singleraid/EventSingleRaidSelect.html,template/event/storyraid/EventStoryRaidSelect.html
（本日残り対戦回数	（本日剩余对战次数		3	template/event/EventArenaRankMatch/parts/AttackCountItemPopup.html,template/event/EventArenaRankMatch/parts/AttackCountPopup.html
次の回復まで&nbsp;	距离下次回复&nbsp;		3	template/arena/ArenaInfoParts.html,template/event/dungeon/EventDungeonInfoParts.html,template/event/raid/EventRaidInfoParts.html
基本			3	template/arena/ArenaResult.html,template/event/arenaMission/EventArenaMissionResult.html
編成するチームをタッチしてください	请点击要编成的队伍		3	template/event/accomplish/EventAccomplishDeck.html,template/formation/FormationQuest.html,template/formation/ProfileFormationSupport.html
撃破ミッション	击破任务		3	template/event/raid/EventRaidCloseTop.html,template/event/raid/EventRaidTop.html
バトル参加者	战斗参加者		3	template/event/raid/EventRaidTop.html
ランキング報酬	排名奖励		3	template/arena/ArenaReward.html,template/regularEvent/groupBattle/RegularEventGroupCommon.html
強化前	强化前		3	template/card/ComposeResult.html,template/memoria/MemoriaComposeResult.html
限界突破 :	界限突破:		3	template/card/ComposeResult.html,template/memoria/MemoriaComposeResult.html
購入	购买		3	template/purchase/PurchasePop.html,template/shop/ShopTop.html
ディスク	圆盘		3	template/chara/CharaDetail.html,template/formation/FormationQuest.html,template/formation/FormationSupport.html
必要なCC	所需 CC		3	template/chara/CharaEnhancementTree.html,template/memoria/MemoriaComposeTop.html
購入期限	购买期限		3	template/shop/ShopTop.html
ソート順	排序方式		3	template/memoria/MemoriaComposeTop.html,template/memoria/PieceArchive.html,template/memoria/UserMemoriaList.html
全ての編成から装備をはずしますか？	要从所有编成中卸下装备吗？		3	template/memoria/MemoriaComposeTop.html,template/memoria/PieceArchive.html,template/memoria/UserMemoriaList.html
装備中の編成	装备中的编成		3	template/memoria/MemoriaComposeTop.html,template/memoria/PieceArchive.html,template/memoria/UserMemoriaList.html
全ての編成から装備をはずします。	将从所有编成中卸下装备。		3	template/memoria/MemoriaComposeTop.html,template/memoria/PieceArchive.html,template/memoria/UserMemoriaList.html
イベントフィルタ	活动筛选		3	template/memoria/MemoriaEquip.html,template/memoria/PieceArchive.html,template/memoria/UserMemoriaList.html
の装備を外して	卸下装备后		3	template/memoria/MemoriaEquip.html,template/memoria/PieceArchive.html,template/memoria/UserMemoriaList.html
が装備しますか？	要装备吗？		3	template/memoria/MemoriaEquip.html,template/memoria/PieceArchive.html,template/memoria/UserMemoriaList.html
デフォルト名	默认名称		3	template/memoria/MemoriaSetList.html,template/memoria/PieceArchive.html,template/memoria/UserMemoriaList.html
いいね	点赞	疑似碎片	3	template/regularEvent/groupBattle/RegularEventGroupBattleBoss.html,template/regularEvent/groupBattle/RegularEventGroupBattleUser.html,template/regularEvent/groupBattle/RegularEventGroupCommon.html
グループ	小组		3	template/regularEvent/groupBattle/RegularEventGroupBattleLog.html,template/regularEvent/groupBattle/RegularEventGroupBattleRanking.html,template/regularEvent/groupBattle/RegularEventGroupCommon.html
撃退数	击退数		3	template/regularEvent/groupBattle/RegularEventGroupBattleRanking.html,template/regularEvent/groupBattle/RegularEventGroupCommon.html
キャッシュクリア	清除缓存		2	js/top/TopPage.js,template/top/TopPage.html
ミッション報酬を1件受け取りました。<br><br>※魔法少女はプレゼントボックスよりお受け取りください。<br>※受け取ったアイテムは直接付与されています。	已领取1件任务报酬。<br><br>※魔法少女请到礼物盒领取。<br>※领取的道具已直接发放。	HTML片段	2	js/campaign/summer_mission/CampaignSummerMissionTopListView.js
ストーリー確認	查看剧情		2	js/campaign/summer_mission/CampaignSummerMissionTopListView.js,js/view/mission/MissionTopListView.js
ストーリーがありません	没有剧情		2	js/campaign/summer_mission/CampaignSummerMissionTopListView.js,js/view/mission/MissionTopListView.js
カ月	个月		2	js/campaign/summer_mission/CampaignSummerMissionTopView.js,js/view/mission/MissionTopView.js
★八雲みたまのマギレコミラクルクイズ★%0a［難易度：	★八云御魂的魔纪奇迹问答★%0a［难度:		2	js/campaign/quiz/CampaignQuizTop.js
］%0aマギアレコードではクイズキャンペーンを開催中！%0a	］%0a魔法纪录正在举办问答活动!%0a		2	js/campaign/quiz/CampaignQuizTop.js
59分59秒99			2	js/campaign/quiz/CampaignQuizTop.js,template/campaign/quiz/CampaignQuizTop.html
ボックス内のすべてのアイテムを獲得したため、\\x3cbr\\x3eボックス内容をリセットして、次のボックスに変更しました。	已获得箱内全部道具，\\x3cbr\\x3e已重置箱内容并切换到下一个箱。		2	js/campaign/box_gacha/CampaignBoxGachaTop.js
バランス	均衡		2	js/card/CardPopup.js,js/util/CardUtil.js
アタック	攻击		2	js/card/CardPopup.js,js/util/CardUtil.js
ディフェンス	防御		2	js/card/CardPopup.js,js/util/CardUtil.js
ヒール	治疗	疑似碎片	2	js/card/CardPopup.js,js/util/CardUtil.js
アルティメット	究极		2	js/card/CardPopup.js,js/util/CardUtil.js
円環マギア	圆环Magia		2	js/card/CardPopup.js,js/util/CardUtil.js
円環サポート	圆环辅助		2	js/card/CardPopup.js,js/util/CardUtil.js
エクシード	极限		2	js/card/CardPopup.js,js/util/CardUtil.js
あくま	恶魔	疑似碎片	2	js/card/CardPopup.js,js/util/CardUtil.js
あるてぃめっと	究极		2	js/card/CardPopup.js,js/util/CardUtil.js
インフィニット	无限		2	js/card/CardPopup.js,js/util/CardUtil.js
むげんだい	无限大		2	js/card/CardPopup.js,js/util/CardUtil.js
ミスティック	神秘		2	js/card/CardPopup.js,js/util/CardUtil.js
悪魔	恶魔		2	js/card/CardPopup.js,js/util/CardUtil.js
ラストコネクト	最终连携		2	js/card/CardPopup.js,js/util/CardUtil.js
覚醒強化結界	觉醒强化结界		2	js/quest/EventQuest.js,js/util/SearchQuest.js
入手	获得		2	js/event/accomplish/EventAccomplishRecovery.js,js/util/SortUtil.js
レベル	等级	疑似碎片	2	js/event/accomplish/EventAccomplishRecovery.js,js/util/SortUtil.js
プレイヤー名入力	输入玩家名		2	js/util/TutorialUtil.js
プレイヤー名を入力してください。	请输入玩家名。		2	js/util/TutorialUtil.js,template/top/TopPage.html
変更完了	更改完成		2	js/chara/CharaTop.js,js/user/BackgroundSet.js
その他	其他		2	js/user/MyPage.js,template/memoria/bulkSelectPopupView.html
ログインボーナス	登录奖励		2	js/user/MyPage.js,template/loginBonus/loginBonusPopupTemp.html
年		疑似碎片	2	js/config/DeleteUserData.js,template/regularEvent/accomplish/RegularEventAccomplishTop.html
BATTLE ◆ 初級	BATTLE ◆ 初级		2	js/event/training/EventTrainingTop.js,js/quest/EventQuest.js
BATTLE ◆ 中級	BATTLE ◆ 中级		2	js/event/training/EventTrainingTop.js,js/quest/EventQuest.js
BATTLE ◆ 上級	BATTLE ◆ 上级		2	js/event/training/EventTrainingTop.js,js/quest/EventQuest.js
BATTLE ◆ 超級	BATTLE ◆ 超级		2	js/event/training/EventTrainingTop.js,js/quest/EventQuest.js
強化結界	强化结界		2	js/quest/EventQuest.js,template/quest/EventQuest.html
覚醒結界	觉醒结界		2	js/quest/EventQuest.js,template/quest/EventQuest.html
カースチップ	诅咒晶片（CC）		2	js/quest/QuestUtil.js
以上	以上		2	js/quest/QuestUtil.js
再表示	重新显示		2	js/quest/puellaHistoria/MirrorPartsView.js
トップに戻る	返回首页		2	js/quest/puellaHistoria/lastBattle/GroupRaid.js,js/quest/puellaHistoria/lastBattle/SingleRaid.js
ポイント	点数		2	js/event/EventWitch/parts/TopNativeMain.js,js/quest/puellaHistoria/lastBattle/parts/SingleRaid/NativeMain.js
ポイント：	点数：		2	js/event/EventWalpurgis/parts/GroupRaid/NativeMain.js,js/quest/puellaHistoria/lastBattle/parts/GroupRaid/NativeMain.js
ボス	BOSS	疑似碎片	2	js/event/EventWalpurgis/parts/GroupRaid/NativeMain.js,js/quest/puellaHistoria/lastBattle/parts/GroupRaid/NativeMain.js
取巻	随从		2	js/event/EventWalpurgis/parts/GroupRaid/NativeMain.js,js/quest/puellaHistoria/lastBattle/parts/GroupRaid/NativeMain.js
クエスト選択	选择关卡		2	js/event/EventWalpurgis/parts/GroupRaid/SubBossPopup.js,js/quest/puellaHistoria/lastBattle/parts/GroupRaid/SubBossPopup.js
チーム編成を解散しました	已解散队伍编成		2	js/quest/secondPartLast/Formation.js,js/regularEvent/extermination/RegularEventExterminationFormation.js
制圧中を除くチーム編成を解散します。\\x3cbr\\x3eよろしいですか？	将解散除制压中以外的队伍编成。\\x3cbr\\x3e确定吗？		2	js/quest/secondPartLast/Formation.js,js/regularEvent/extermination/RegularEventExterminationFormation.js
クエスト編成コピー	复制关卡编成		2	js/quest/secondPartLast/Formation.js,js/regularEvent/extermination/RegularEventExterminationFormation.js
とじる	关闭	疑似碎片	2	js/quest/secondPartLast/Formation.js,js/regularEvent/extermination/RegularEventExterminationFormation.js
チーム編成入れ替え	更换队伍编成		2	js/quest/secondPartLast/Formation.js,js/regularEvent/extermination/RegularEventExterminationFormation.js
編成にレンタルメモリアセットが含まれています。\\x3cbr\\x3e入れ替えるとレンタルメモリアセットが解除されますがよろしいですか？	编成中包含租借的记忆结晶组合。\\x3cbr\\x3e更换后租借的记忆结晶组合会被解除，确定吗？		2	js/quest/secondPartLast/Formation.js,js/regularEvent/extermination/RegularEventExterminationFormation.js
このチームに\\x3cbr\\x3e入れ替え	更换为\\x3cbr\\x3e该队伍		2	js/quest/secondPartLast/Formation.js,js/regularEvent/extermination/RegularEventExterminationFormation.js
再生する	播放		2	js/quest/scene0/Utility.js,js/view/arena/ArenaHistoryView.js
撮影が中断されました。	拍摄已中断。		2	js/camera/CameraTop.js,js/event/aprilfool2018/EventAprilFoolTop.js
◆ EXチャレンジクエスト	◆ EX 挑战关卡		2	js/event/dailytower/EventDailyTowerTop.js,js/event/training/EventTrainingTop.js
戦目	战		2	js/event/arenaranking/view/EventArenaRankingView.js
対戦相手の変更(無料)	更换对手（免费）		2	js/event/arenaranking/view/EventArenaRankingView.js
バトルの結果が正しく取得できませんでした。\\x3cbr\\x3eトップページに戻ります。	未能正确获取战斗结果。\\x3cbr\\x3e将返回首页。		2	js/event/arenaranking/view/EventArenaResultView.js,js/view/arena/ArenaResultView.js
今回のミラーズバトルを\\x3cbr\\x3eリプレイに保存しますか？	要把本次镜界战斗\\x3cbr\\x3e保存为回放吗？		2	js/event/arenaranking/view/EventArenaResultView.js,js/view/arena/ArenaResultView.js
リプレイに保存しました。\\x3cbr\\x3e\\x3cbr\\x3e有効期限：	已保存为回放。\\x3cbr\\x3e\\x3cbr\\x3e有效期：		2	js/event/arenaranking/view/EventArenaResultView.js,js/view/arena/ArenaResultView.js
ストーリークエスト	剧情关卡		2	js/event/dailytower/EventDailyTowerTop.js,js/event/tower/EventTowerTop.js
チャレンジクエスト	挑战关卡		2	js/event/dailytower/EventDailyTowerTop.js,js/event/tower/EventTowerTop.js
クエスト解放スケジュール	关卡开放日程		2	js/event/dailytower/EventDailyTowerTop.js,template/event/dailytower/EventDailyTowerTop.html
◆ チャレンジクエスト	◆ 挑战关卡		2	js/event/dailytower/EventDailyTowerTop.js,js/event/tower/EventTowerTop.js
編	篇	疑似碎片	2	js/event/dailytower/EventDailyTowerTop.js,js/event/tower/EventTowerTop.js
位〜	名〜		2	js/event/EventArenaRankMatch/Utility.js
火		疑似碎片	2	js/chara/CharaComposeAttribute/ComposeAttributeList.js,js/event/EventArenaRankMatch/Utility.js
水		疑似碎片	2	js/chara/CharaComposeAttribute/ComposeAttributeList.js,js/event/EventArenaRankMatch/Utility.js
木		疑似碎片	2	js/chara/CharaComposeAttribute/ComposeAttributeList.js,js/event/EventArenaRankMatch/Utility.js
光		疑似碎片	2	js/chara/CharaComposeAttribute/ComposeAttributeList.js,js/event/EventArenaRankMatch/Utility.js
闇	暗	疑似碎片	2	js/chara/CharaComposeAttribute/ComposeAttributeList.js,js/event/EventArenaRankMatch/Utility.js
無	无	疑似碎片	2	js/chara/CharaComposeAttribute/ComposeAttributeList.js,js/event/EventArenaRankMatch/Utility.js
マギアストーンが<span class="c_pink">	魔法石<span class="c_pink">	HTML片段	2	js/event/EventArenaRankMatch/parts/AttackCount.js,js/event/EventArenaRankMatch/parts/CoolTime.js
クールタイム解除	解除冷却		2	js/event/EventArenaRankMatch/parts/CoolTime.js
タイムオーバー	超时		2	js/event/EventArenaRankMatch/parts/DeckEditCountDown.js,js/event/EventArenaRankMatch/parts/OpponentList.js
<li class="nomatch">現在対戦可能な相手がいません。<br>しばらくしてから再度来場ください。</li>	<li class="nomatch">现在没有可以对战的对手。<br>请稍后再来。</li>	HTML片段	2	js/event/EventArenaRankMatch/parts/OpponentList.js,js/event/arenaMission/EventArenaMissionStage.js
を配布しました。<br>	已发放。<br>	HTML片段	2	js/event/tower/EventTowerTop.js
を消費して<br>イベントクエストをプレイしましょう！	,<br>游玩活动关卡吧!	HTML片段	2	js/event/tower/EventTowerTop.js
応援コメント	应援留言		2	js/event/storyraid/EventStoryRaidTop.js
イベントトップページへ	前往活动首页		2	js/event/arenaMission/EventArenaMissionStage.js
を各種１つずつ配布しました。<br>使用してバトルを有利に進めましょう！	每种各1个已发放。<br>使用它们,让战斗更顺利吧!	HTML片段	2	js/event/arenaMission/EventArenaMissionTop.js
戦闘不能の魔法少女が含まれています。	其中包含无法战斗的魔法少女。		2	js/event/accomplish/EventAccomplishDeck.js,js/formation/DeckFormationUtil.js
陣形一覧	阵型一览		2	js/event/accomplish/EventAccomplishDeck.js,js/formation/DeckFormation.js
クローズ	关闭		2	js/event/accomplish/EventAccomplishEnemyDetail.js,js/regularEvent/accomplish/RegularEventAccomplishTop.js
変更	变更		2	js/event/accomplish/EventAccomplishEnemyDetail.js,js/regularEvent/accomplish/RegularEventAccomplishTop.js
<div id='totalMissionValidityMask' class='c_pink'>全体撃破報酬は自分で発見したボスを<br>【	<div id='totalMissionValidityMask' class='c_pink'>全体击破报酬需击破自己发现的BOSS<br>【	HTML片段	2	js/event/raid/EventRaidCloseTop.js,js/event/raid/EventRaidTop.js
体以上撃破】すると解放されます</div>	个以上】即可解放</div>	HTML片段	2	js/event/raid/EventRaidCloseTop.js,js/event/raid/EventRaidTop.js
ミッション報酬を1件受け取りました。<br><br>※受け取ったアイテムは直接付与されています。	已领取1件任务报酬。<br><br>※领取的道具已直接发放。	HTML片段	2	js/event/raid/EventRaidCloseTop.js,js/event/raid/EventRaidTop.js
フォロー上限	关注上限		2	js/follow/FollowPopup.js,js/view/follow/FollowTopListView.js
フォロー上限に達しています\\x3cbr\\x3eこれ以上フォローできません。\\x3cbr\\x3e\\x3cbr\\x3e	已达到关注上限\\x3cbr\\x3e无法继续关注。\\x3cbr\\x3e\\x3cbr\\x3e		2	js/follow/FollowPopup.js,js/view/follow/FollowTopListView.js
\\x3cspan class\\x3d'c_pink popUserName'\\x3e\\x3c/span\\x3eをフォローしました。\\x3cbr\\x3e\\x3cbr\\x3e	\\x3cspan class\\x3d'c_pink popUserName'\\x3e\\x3c/span\\x3e已关注。\\x3cbr\\x3e\\x3cbr\\x3e		2	js/follow/FollowPopup.js,js/view/follow/FollowTopListView.js
報酬内容	报酬内容		2	js/patrol/PatrolLumpFormation.js,js/patrol/view/PatrolDeckView.js
デイリーミッションは毎日0時に更新されます	每日任务于每天 0 点更新		2	js/_common/nativeCommand.js,js/_common/nativeCommand2.js
衣装切り替え	切换服装		2	js/_common/nativeCommand.js,js/_common/nativeCommand2.js
魔法少女の衣装を入手した場合@ホーム画面の魔法少女の衣装を切り替えることができます	获得魔法少女的服装后@可以在主页画面切换魔法少女的服装		2	js/_common/nativeCommand.js,js/_common/nativeCommand2.js
引き継ぎ用パスワードの設定	设置转移用密码		2	js/_common/nativeCommand.js,js/_common/nativeCommand2.js
引き継ぎ用パスワードを設定しておくことで@端末が壊れてしまっても、データの引き継ぎができます	事先设置转移用密码后@即使设备损坏也能转移数据		2	js/_common/nativeCommand.js,js/_common/nativeCommand2.js
機種変更の前に	更换机型前		2	js/_common/nativeCommand.js,js/_common/nativeCommand2.js
引き継ぎ用IDをメモ等で控え@パスワードの設定をお忘れなく	请把转移用 ID 记录下来@并别忘了设置密码		2	js/_common/nativeCommand.js,js/_common/nativeCommand2.js
Chargeディスク	Charge 圆盘		2	js/_common/nativeCommand.js,js/_common/nativeCommand2.js
Chargeディスクを連続して使用すると@チャージが溜まり、大ダメージを与えられます	连续使用 Charge 圆盘@可以积攒充能，造成大量伤害		2	js/_common/nativeCommand.js,js/_common/nativeCommand2.js
同じ魔法少女で攻撃すると@Puella Comboとなりダメージが上昇します	用同一名魔法少女攻击@会形成 Puella Combo，伤害上升		2	js/_common/nativeCommand.js,js/_common/nativeCommand2.js
敵をタップするとターゲットすることができます	点击敌人即可将其设为目标		2	js/_common/nativeCommand.js,js/_common/nativeCommand2.js
同じ魔法少女で3回攻撃すると@コネクトが発動できるようになります	用同一名魔法少女攻击 3 次@即可发动连携		2	js/_common/nativeCommand.js,js/_common/nativeCommand2.js
陣形の前列は敵の攻撃を受けやすくなるため@防御力が高い魔法少女を配置しましょう	阵形前排更容易受到敌人攻击@请配置防御力高的魔法少女		2	js/_common/nativeCommand.js,js/_common/nativeCommand2.js
フォローしていないユーザーのサポートは@マギアとスキルが使用できないため注意が必要です	使用未关注玩家的支援时@无法使用 Magia 与技能，请注意		2	js/_common/nativeCommand.js,js/_common/nativeCommand2.js
Accele Comboを決めると@チーム全員のマギアゲージが増加します	达成 Accele Combo 后@全队的 Magia 槽都会增加		2	js/_common/nativeCommand.js,js/_common/nativeCommand2.js
Blast Comboを決めたターンは@ダメージ量が大きくなります	达成 Blast Combo 的回合@伤害量会变大		2	js/_common/nativeCommand.js,js/_common/nativeCommand2.js
同じディスクでPuella Comboを決めると@更に大きなダメージを与えることができます	用相同圆盘达成 Puella Combo@可以造成更大的伤害		2	js/_common/nativeCommand.js,js/_common/nativeCommand2.js
ディスクキャンセル	取消圆盘		2	js/_common/nativeCommand.js,js/_common/nativeCommand2.js
選択されたディスクをタッチするとキャンセルされて@ディスクを選び直すことができます	点击已选中的圆盘即可取消@从而重新选择圆盘		2	js/_common/nativeCommand.js,js/_common/nativeCommand2.js
マギアゲージが100以上溜まると@いつでもマギアが発動できます	Magia 槽积攒到 100 以上后@随时都能发动 Magia		2	js/_common/nativeCommand.js,js/_common/nativeCommand2.js
ディスク選択中でもスキルを@発動することができます	即使在选择圆盘的过程中@也可以发动技能		2	js/_common/nativeCommand.js,js/_common/nativeCommand2.js
一度クリアしたバトルは二回目以降@オートバトルで進行することができます	通关过一次的战斗从第二次起@可以用自动战斗进行		2	js/_common/nativeCommand.js,js/_common/nativeCommand2.js
オートを解除した場合、次のターンから@手動操作することができます	解除自动后@从下一回合起可以手动操作		2	js/_common/nativeCommand.js,js/_common/nativeCommand2.js
クエストでサポートとして使用された場合@翌日のログイン時にサポートPtが獲得できます	被他人在关卡中用作支援时@次日登录可获得支援Pt		2	js/_common/nativeCommand.js,js/_common/nativeCommand2.js
ディスクのデザイン変更	更改圆盘外观		2	js/_common/nativeCommand.js,js/_common/nativeCommand2.js
魔法少女詳細画面の設定から@ディスクのデザインを変更することができます	在魔法少女详情画面的设置中@可以更改圆盘的外观		2	js/_common/nativeCommand.js,js/_common/nativeCommand2.js
すでに所持している魔法少女を再度獲得した場合@その魔法少女のデスティニージェムを獲得できます	再次获得已持有的魔法少女时@可获得该魔法少女的命运宝石		2	js/_common/nativeCommand.js,js/_common/nativeCommand2.js
デスティニージェムは魔法少女の魔力解放に使用します@魔力解放をおこなうとメモリア装備枠が増加します	命运宝石用于魔法少女的魔力解放@进行魔力解放后记忆结晶装备格会增加		2	js/_common/nativeCommand.js,js/_common/nativeCommand2.js
マギアチップ	魔法碎片		2	js/_common/nativeCommand.js,js/_common/nativeCommand2.js
デスティニージェムはマギアチップに変換できます@マギアチップはショップでアイテムと交換できます	命运宝石可以转换为魔法碎片@魔法碎片能在商店兑换道具		2	js/_common/nativeCommand.js,js/_common/nativeCommand2.js
ターゲットは3枚のディスクを選択する際に@毎回変更することができます	选择 3 张圆盘时@每次都可以更改目标		2	js/_common/nativeCommand.js,js/_common/nativeCommand2.js
アクセルディスクで最初に攻撃すると@以降のディスクでマギアゲージが溜まりやすくなります	先用 Accele 圆盘攻击@之后的圆盘更容易积攒 Magia 槽		2	js/_common/nativeCommand.js,js/_common/nativeCommand2.js
2枚め、3枚めのAcceleディスクほど@マギアゲージが溜まりやすくなります	越是第 2 张、第 3 张 Accele 圆盘@越容易积攒 Magia 槽		2	js/_common/nativeCommand.js,js/_common/nativeCommand2.js
Blastディスクは2枚め、3枚めで@攻撃するほどダメージが上昇します	Blast 圆盘越是在第 2 张、第 3 张@攻击时伤害越高		2	js/_common/nativeCommand.js,js/_common/nativeCommand2.js
Blastディスクには縦攻撃、横攻撃の@2種類が存在します	Blast 圆盘分为纵向攻击与横向攻击@两种		2	js/_common/nativeCommand.js,js/_common/nativeCommand2.js
Blastディスクで攻撃すると@マギアゲージが溜まらないので注意が必要です	用 Blast 圆盘攻击时@不会积攒 Magia 槽，请注意		2	js/_common/nativeCommand.js,js/_common/nativeCommand2.js
ディスクの出現	圆盘的出现		2	js/_common/nativeCommand.js,js/_common/nativeCommand2.js
リーダーに指定した魔法少女は@ディスクが出現しやすくなります	被指定为队长的魔法少女@圆盘更容易出现		2	js/_common/nativeCommand.js,js/_common/nativeCommand2.js
敵の情報	敌人信息		2	js/_common/nativeCommand.js,js/_common/nativeCommand2.js
敵を長押しすると敵の情報を@表示することができます	长按敌人即可@显示敌人的信息		2	js/_common/nativeCommand.js,js/_common/nativeCommand2.js
Chargeが溜まっている状態でAcceleを放つと@マギアゲージ獲得量が上昇します	在已积攒 Charge 的状态下打出 Accele@Magia 槽获得量会上升		2	js/_common/nativeCommand.js,js/_common/nativeCommand2.js
Chargeが溜まっている状態でBlastを放つと@与えるダメージ量が上昇します	在已积攒 Charge 的状态下打出 Blast@造成的伤害量会上升		2	js/_common/nativeCommand.js,js/_common/nativeCommand2.js
★5かつマギアLv5の魔法少女の@ドッペルクエストをクリアすることで解放されます	通关★5 且 Magia Lv5 的魔法少女的@魔女化身关卡后解放		2	js/_common/nativeCommand.js,js/_common/nativeCommand2.js
メモリアはスキル・アビリティ2枚ずつ@最大4枚まで装備することができます	记忆结晶可装备技能类、能力类各 2 张@最多 4 张		2	js/_common/nativeCommand.js,js/_common/nativeCommand2.js
Charge Comboを決めるとCharge数が2増加します	达成 Charge Combo 后 Charge 数增加 2		2	js/_common/nativeCommand.js,js/_common/nativeCommand2.js
魔法少女の情報	魔法少女信息		2	js/_common/nativeCommand.js,js/_common/nativeCommand2.js
クエスト中に魔法少女を長押しすると@その魔法少女の情報を表示します	关卡中长按魔法少女@会显示该魔法少女的信息		2	js/_common/nativeCommand.js,js/_common/nativeCommand2.js
他プレイヤーがサポートとして使用できる魔法少女を@サポート編成で設定することができます	可以在支援编成中设置@供其他玩家用作支援的魔法少女		2	js/_common/nativeCommand.js,js/_common/nativeCommand2.js
マギアパスポート30	Magia 通行证 30		2	js/_common/nativeCommand.js,js/_common/nativeCommand2.js
マギアパスポート30を購入すると30日間@毎日のログイン時にマギアストーン5個を獲得できます	购买 Magia 通行证 30 后的 30 天内@每日登录可获得 5 个魔法石		2	js/_common/nativeCommand.js,js/_common/nativeCommand2.js
ガチャ提供一覧	抽卡概率一览		2	js/gacha/GachaProbability.js,template/gacha/GachaTop.html
自動設定	自动设置		2	js/gacha/GachaSaleSettingPopupView.js,template/gacha/GachaTop.html
魔力強化	魔力强化		2	js/chara/CharaCompose.js,template/chara/CharaCompose.html
マギア強化できません	无法强化Magia		2	js/chara/CharaComposeMagia.js
精神強化　能力解放確認	精神强化 能力解放确认		2	js/chara/CharaEnhancementTree.js
魔力解放できません	无法解放魔力		2	js/chara/CharaEquip.js
以下のアイテムを使って強化しますか？	要使用以下道具进行强化吗?		2	js/chara/CharaComposeAttribute/ComposeAttributeList.js,template/chara/CharaComposeAttribute/popupAllItemConfirm.html
属性強化確認	属性强化确认		2	js/chara/CharaComposeAttribute/ComposeAttributeList.js
クエストへ	前往关卡		2	js/chara/CharaComposeAttribute/popupCheckMaterial.js,template/chara/CharaEnhancementMaterialPopup.html
ヘルプ	帮助	疑似碎片	2	js/view/etc/HelpPopupView.js,template/etc/Help.html
プレイヤーID	玩家ID		2	js/view/etc/HelpView.js,js/view/user/MyProfilePopup.js
AP回復	AP回复		2	js/view/user/APPopup.js
メモリアについて	关于记忆结晶		2	js/view/user/GlobalMenuView.js,template/base/GlobalMenu.html
帰還しました	已返回		2	js/view/user/GlobalMenuView.js
完了まで	直至完成		2	js/view/user/GlobalMenuView.js
圏外	圈外		2	js/regularEvent/groupBattle/view/RankingPageView.js,js/view/user/MyProfilePopup.js
エンブレムの表示設定を\\x3cbr\\x3e変更しました	徽章的显示设置\\x3cbr\\x3e已更改		2	js/view/user/MyProfilePopup.js
コメント編集	编辑留言		2	js/view/user/MyProfilePopup.js
称号変更	更换称号		2	js/view/user/MyProfilePopup.js
称号を非表示にします	隐藏称号		2	js/view/user/MyProfilePopup.js,template/user/SetTitlePopup.html
※シリアルコードは12桁で入力してください。	※兑换码请输入12位。		2	js/view/config/ConfigTopView.js
話までのあらすじ	话为止的梗概		2	js/view/quest/MainQuestView.js,js/view/quest/SubQuestView.js
クエスト情報	关卡信息		2	js/view/quest/QuestListPartsView.js
リプレイ再生	回放播放		2	js/view/arena/ArenaHistoryView.js
ミラーズランクマッチの結果集計中	镜界排位赛结果统计中		2	js/view/arena/ArenaTopView.js
現在、ミラーズランクマッチの結果集計中です。\\x3cbr\\x3e集計中はミラーズバトルはプレイできません。	镜界排位赛结果统计中。\\x3cbr\\x3e统计期间无法进行镜界对战。		2	js/view/arena/ArenaTopView.js
現在、ミラーズランキングの結果集計中です。\\x3cbr\\x3e集計中はミラーズバトルはプレイできません。	镜界排行榜结果统计中。\\x3cbr\\x3e统计期间无法进行镜界对战。		2	js/view/arena/ArenaTopView.js
開始予定です。	预定开始。		2	js/view/arena/ArenaTopView.js
ブロック中	已拉黑		2	js/view/follow/FollowTopListView.js
フォロワー	粉丝		2	js/view/follow/FollowTopView.js
検索結果	搜索结果		2	js/view/follow/FollowTopView.js
現在、\\x3cspan class\\x3d'c_pink'\\x3e	当前\\x3cspan class\\x3d'c_pink'\\x3e		2	js/view/gacha/GachaBtnView.js
マギアストーン購入	购买魔法石		2	js/view/gacha/GachaBtnView.js,js/view/purchase/PurchasePopup.js
特定商取引法・資金決済法に関して		法条勿动	2	js/view/purchase/PurchasePopup.js,template/purchase/PurchasePop.html
月の購入限度額を超える為、\\x3cbr\\x3e購入することができません。	超过每月购买限额,\\x3cbr\\x3e无法购买。		2	js/view/purchase/PurchasePopup.js,js/view/purchase/PurchasePopupPartView.js
年齢認証	年龄认证		2	js/view/purchase/PurchasePopup.js
1個	1个		2	js/view/shop/ShopPopupView.js
の魔力解放に使用するアイテム	用于魔力解放的道具		2	js/view/shop/ShopTopView.js,js/view/shop/q.js
【期間限定】	【期间限定】		2	js/view/shop/ShopTopView.js,js/view/shop/q.js
期間外のため\\x3cbr\\x3e対象のショップは存在しません	不在期间内,\\x3cbr\\x3e该商店不存在		2	js/view/shop/ShopTopView.js,js/view/shop/q.js
メモリア強化	记忆结晶强化		2	js/view/memoria/MemoriaComposeTopCardListView.js,template/memoria/MemoriaComposeTop.html
先に強化対象を選択してください。	请先选择强化对象。		2	js/view/memoria/MemoriaComposeTopUseItemView.js,js/view/memoria/MemoriaComposeTopUseMaterialView.js
保管庫移動可能:	可移至保管库:		2	js/view/memoria/PieceArchiveView.js
所持枠移動可能:	持有栏可移动:		2	js/view/memoria/PieceArchiveView.js
\\x3c/span\\x3eに移動します。\\x3cbr\\x3eよろしいですか？	\\x3c/span\\x3e。\\x3cbr\\x3e确定吗?		2	js/view/memoria/PieceArchiveView.js
\\x3c/span\\x3eへ移動しました。	已移至\\x3c/span\\x3e。		2	js/view/memoria/PieceArchiveView.js
装備するメモリアを選んでください	请选择要装备的记忆结晶		2	js/view/memoria/UserMemoriaListView.js
変更を破棄	放弃更改		2	js/formation/FormationSupport.js,js/memoria/MemoriaEquip.js
変更を保存	保存更改		2	js/formation/FormationSupport.js,js/memoria/MemoriaEquip.js
ロック	锁定	疑似碎片	2	js/memoria/MemoriaPopup.js,template/memoria/bulkSelectPopupView.html
ロック中	已锁定		2	js/memoria/MemoriaPopup.js,template/memoria/bulkSelectPopupView.html
メモリアセット「	记忆结晶套装「		2	js/memoria/MemoriaSetEquip.js
」を装備します。\\x3c/br\\x3e	」。\\x3c/br\\x3e		2	js/memoria/MemoriaSetEquip.js
バトル開始には、3人以上の魔法少女が\\x3cbr\\x3e編成に含まれている必要があります。	开始战斗需要队伍中\\x3cbr\\x3e编有3个以上的魔法少女。		2	js/formation/DeckFormation.js,js/formation/DeckFormationUtil.js
人以上の魔法少女が\\x3cbr\\x3e編成に含まれている必要があります。	人以上的魔法少女\\x3cbr\\x3e编在队伍中。		2	js/formation/DeckFormation.js,js/formation/DeckFormationUtil.js
メインメンバーに魔法少女を１体以上編成してください。	请在主力成员中编入1个以上的魔法少女。		2	js/formation/DeckFormation.js,js/formation/DeckFormationUtil.js
編成コピー確認	编成复制确认		2	js/formation/DeckFormation.js,js/regularEvent/groupBattle/RegularEventGroupBattleTop.js
魔法少女・メモリア装備の変更を保存して\\x3c/br\\x3eチーム編成を終了しますか？	要保存魔法少女·记忆结晶装备的更改\\x3c/br\\x3e并结束队伍编成吗?		2	js/formation/DeckFormation.js,js/formation/FormationQuest.js
攻撃編成	攻击编成		2	js/formation/DeckFormationUtil.js
解散			2	js/formation/FormationQuest.js,js/formation/FormationSupport.js
チーム名変更	更改队伍名		2	js/formation/FormationQuest.js,template/event/accomplish/EventAccomplishDeck.html
キモチ戦参加条件	心魔战参加条件		2	js/regularEvent/RegularEventTop.js,js/regularEvent/groupBattle/RegularEventGroupBattleTop.js
まで開催します。\\x3cbr\\x3e\\x3cbr\\x3eキモチ戦に参加するには\\x3cbr\\x3e\\x3cspan class\\x3d'c_red'\\x3e	为止。\\x3cbr\\x3e\\x3cbr\\x3e参加心魔战需要\\x3cbr\\x3e\\x3cspan class\\x3d'c_red'\\x3e		2	js/regularEvent/RegularEventTop.js,js/regularEvent/groupBattle/RegularEventGroupBattleTop.js
\\x3c/span\\x3e\\x3cbr\\x3eしている必要があります。	\\x3c/span\\x3e\\x3cbr\\x3e。		2	js/regularEvent/RegularEventTop.js,js/regularEvent/groupBattle/RegularEventGroupBattleTop.js
メインストーリー	主线剧情		2	js/regularEvent/RegularEventTop.js,js/regularEvent/groupBattle/RegularEventGroupBattleTop.js
第一の結界	第一结界		2	js/regularEvent/extermination/RegularEventExterminationBattleSelect.js,js/regularEvent/extermination/RegularEventExterminationFormation.js
第二の結界	第二结界		2	js/regularEvent/extermination/RegularEventExterminationBattleSelect.js,js/regularEvent/extermination/RegularEventExterminationFormation.js
第三の結界	第三结界		2	js/regularEvent/extermination/RegularEventExterminationBattleSelect.js,js/regularEvent/extermination/RegularEventExterminationFormation.js
第四の結界	第四结界		2	js/regularEvent/extermination/RegularEventExterminationBattleSelect.js,js/regularEvent/extermination/RegularEventExterminationFormation.js
解放スケジュール	解放日程		2	js/regularEvent/extermination/RegularEventExterminationBattleSelect.js,js/regularEvent/extermination/RegularEventExterminationTop.js
グループ名変更	更改小组名		2	js/regularEvent/groupBattle/RegularEventGroupBattleTop.js
お問い合わせ	联系我们		2	template/etc/Help.html,template/top/NewVersionRecommend.html
正解数	答对数		2	template/campaign/quiz/CampaignQuizTop.html
参加報酬	参与报酬		2	template/campaign/quiz/CampaignQuizTop.html
挑戦	挑战		2	template/campaign/quiz/CampaignQuizTop.html
を行います。	进行中。		2	template/campaign/box_gacha/CampaignBoxGachaTop.html,template/gacha/GachaTop.html
不足しています。	不足。		2	template/campaign/box_gacha/CampaignBoxGachaTop.html,template/gacha/GachaTop.html
開催期間：	举办期间:		2	template/campaign/story_mission/CampaignStoryMission.html,template/regularEvent/RegularEventTop.html
を使ってAPを回復します。	回复AP。		2	template/user/APPopup2.html,template/user/APPopupForMoney.html
決定後、すぐにアイテムが購入されマギアストーンが消費されます。	确定后将立即购买道具并消耗魔法石。		2	template/shop/ShopTop.html,template/user/APPopupForMoney.html
parseCurrent) return;\n\n\t\t\t\t// 3ヶ月前まで表示\n\t\t\t\t//if(parseStartAt + 7776000000	parseCurrent) return;\n\n\t\t\t\t// 显示3个月内的\n\t\t\t\t//if(parseStartAt + 7776000000		2	template/user/AnnounceTemp.html,template/user/AnnounceTempMainte.html
さらに続きを表示	显示更多		2	template/user/AnnounceTemp.html,template/user/AnnounceTempMainte.html
クリア	通关	疑似碎片	2	template/arena/ArenaHistory.html,template/user/AnnounceTemp.html
バトル開始	战斗开始		2	template/event/raid/EventRaidTop.html,template/quest/PreQuestPopup.html
【魂の器】	【魂之器】		2	template/quest/puellaHistoria/MirrorParts_debug.html
縮尺:	缩放:		2	template/quest/puellaHistoria/MirrorParts_debug.html
データ更新テスト	数据更新测试		2	template/event/EventWalpurgis/GroupRaidNativeParts.html,template/quest/puellaHistoria/lastBattle/GroupRaidNativeParts.html
象徴の魔女	象征的魔女		2	template/quest/puellaHistoria/lastBattle/MainBossPopup.html,template/quest/puellaHistoria/lastBattle/SubBossList.html
グループレイドに戻る	返回小组讨伐		2	template/event/EventWalpurgis/QuestResultSubBoss.html,template/quest/puellaHistoria/lastBattle/QuestResultSubBoss.html
スタンプ	表情		2	template/event/EventWalpurgis/Stamp.html,template/quest/puellaHistoria/lastBattle/Stamp.html
最近使ったスタンプ	最近使用的表情		2	template/event/EventWalpurgis/Stamp.html,template/quest/puellaHistoria/lastBattle/Stamp.html
全部			2	template/event/EventWalpurgis/Stamp.html,template/quest/puellaHistoria/lastBattle/Stamp.html
表示できるスタンプはありません	没有可显示的印章		2	template/event/EventWalpurgis/Stamp.html,template/quest/puellaHistoria/lastBattle/Stamp.html
送信	发送		2	template/event/EventWalpurgis/Stamp.html,template/quest/puellaHistoria/lastBattle/Stamp.html
編成	编成		2	template/quest/secondPartLast/Formation.html,template/regularEvent/extermination/RegularEventExterminationFormation.html
EXチャレンジ	EX挑战		2	template/event/dailytower/EventDailyTowerTop.html,template/event/training/EventTrainingTop.html
エピソード	篇章		2	template/chara/CharaCompose.html,template/event/training/EventTrainingTop.html
戦績がありません	没有战绩		2	template/event/EventArenaRankMatch/History.html,template/event/arenaranking/EventArenaRankingHistory.html
百禍チャレンジ	百祸挑战		2	template/event/dailytower/EventDailyTowerTop.html
◆ クエスト	◆ 关卡		2	template/event/dailytower/EventDailyTowerTop.html,template/event/tower/EventTowerTop.html
ミラーズランクマッチの対戦回数を	镜界排位赛的对战次数		2	template/event/EventArenaRankMatch/parts/AttackCountItemPopup.html,template/event/EventArenaRankMatch/parts/AttackCountPopup.html
回復できます。	可以回复。		2	template/arena/ArenaRanking.html,template/event/EventArenaRankMatch/parts/AttackCountItemPopup.html
所持	持有		2	template/chara/CharaLimitBreakParts.html,template/event/EventArenaRankMatch/parts/AttackCountItemPopup.html
決定後、すぐにマギアストーンが消費されます。	确定后将立即消耗魔法石。		2	template/event/EventArenaRankMatch/parts/AttackCountPopup.html,template/event/EventArenaRankMatch/parts/CoolTimePopup.html
応援コメントを送ることで、バトル時の攻撃力がアップします！	发送应援留言,战斗时的攻击力将提升!		2	template/event/storyraid/EventStoryRaidBoss.html
&nbsp;獲得&nbsp;Pt×	&nbsp;获得&nbsp;Pt×		2	template/arena/ArenaConfirm.html,template/event/arenaMission/EventArenaMissionConfirm.html
選択解除	取消选择		2	template/card/ComposeTop.html,template/event/arenaMission/EventArenaMissionConfirm.html
を手に入れました	到手了		2	template/event/arenaMission/EventArenaMissionResult.html
ステージクリアまで	至关卡通关		2	template/event/arenaMission/EventArenaMissionResult.html,template/event/arenaMission/EventArenaMissionStage.html
クリア済のステージでは	已通关的关卡点		2	template/event/arenaMission/EventArenaMissionResult.html,template/event/arenaMission/EventArenaMissionTop.html
連勝ボーナス	连胜加成		2	template/arena/ArenaResult.html,template/event/arenaMission/EventArenaMissionResult.html
ターンボーナス	回合加成		2	template/arena/ArenaResult.html,template/event/arenaMission/EventArenaMissionResult.html
相手ボーナス	对手加成		2	template/arena/ArenaResult.html,template/event/arenaMission/EventArenaMissionResult.html
/7連勝	/7连胜		2	template/arena/ArenaFreeRank.html,template/event/arenaMission/EventArenaMissionStage.html
Pt到達	Pt达成		2	template/event/arenaMission/EventArenaMissionTop.html
魔法陣形を選択してください	请选择魔法阵型		2	template/event/accomplish/EventAccomplishDeck.html,template/formation/FormationQuest.html
現在編成中のチームのプレビューです	这是当前编成中队伍的预览		2	template/event/accomplish/EventAccomplishDeck.html,template/formation/FormationQuest.html
セット呼び出し	调用套装		2	template/event/accomplish/EventAccomplishDeck.html,template/formation/DeckFormation.html
X座標を入力	输入X坐标		2	template/event/accomplish/EventAccomplishEnemyDetail.html,template/regularEvent/accomplish/RegularEventAccomplishTop.html
Y座標を入力	输入Y坐标		2	template/event/accomplish/EventAccomplishEnemyDetail.html,template/regularEvent/accomplish/RegularEventAccomplishTop.html
拡縮を入力	输入缩放		2	template/event/accomplish/EventAccomplishEnemyDetail.html,template/regularEvent/accomplish/RegularEventAccomplishTop.html
敵の現在HP	敌方当前HP		2	template/event/accomplish/EventAccomplishEnemyDetail.html,template/regularEvent/accomplish/RegularEventAccomplishTop.html
個人撃破報酬	个人击破报酬		2	template/event/raid/EventRaidCloseTop.html,template/event/raid/EventRaidTop.html
全体撃破報酬	全体击破报酬		2	template/event/raid/EventRaidCloseTop.html,template/event/raid/EventRaidTop.html
参加	参加		2	template/event/raid/EventRaidRewardParts.html,template/event/raid/EventRaidTop.html
初回	首次		2	template/event/raid/EventRaidRewardParts.html,template/event/raid/EventRaidTop.html
バトル評価	战斗评价		2	template/arena/ArenaResult.html
戦力ボーナス	战力加成		2	template/arena/ArenaResult.html
アニメーション中…	播放动画中…		2	template/card/ComposeAnimation.html,template/memoria/MemoriaComposeAnimation.html
強化後	强化后		2	template/card/ComposeResult.html,template/memoria/MemoriaComposeResult.html
このチームでまとめてパトロールを開始します	以这个队伍批量开始巡逻		2	template/patrol/PatrolLumpFormation.html
宝箱			2	template/patrol/PatrolLumpResult.html,template/patrol/PatrolResult.html
所持合計	持有合计		2	template/patrol/PatrolLumpResult.html,template/patrol/PatrolResult.html
あと&nbsp;	还有&nbsp;		2	template/patrol/PatrolLumpResult.html,template/patrol/PatrolResult.html
（所持	(持有		2	template/gacha/GachaTop.html
マギアストーンは無償分から先に消費され、	魔法石优先消耗免费部分,		2	template/gacha/GachaTop.html,template/shop/ShopTop.html
決定後のキャンセルはできません。	确定后无法取消。		2	template/gacha/GachaTop.html,template/shop/ShopTop.html
タイプ	类型	疑似碎片	2	template/gacha/SelectableGachaCharaSelect.html,template/memoria/bulkSelectPopupView.html
全てはずす	全部卸下		2	template/gacha/SelectableGachaPieceSelect.html,template/memoria/MemoriaEquip.html
発動可能ターン&nbsp;	可发动回合&nbsp;		2	template/gacha/SelectableGachaPieceSelect.html,template/memoria/MemoriaEquipInfo.html
属性			2	template/chara/CharaComposeAttribute/ComposeAttributeBulkResult.html,template/chara/CharaComposeAttribute/ComposeAttributeResult.html
獲得したアイテムは直接付与されています	获得的道具已直接发放		2	template/loginBonus/loginBonusCampaignPopupTemp.html,template/regularEvent/groupBattle/RegularEventGroupBattleEnd.html
残り回数	剩余次数		2	template/shop/ShopTop.html
購入数	购买数		2	template/shop/ShopTop.html
まとめて選択	批量选择		2	template/memoria/MemoriaComposeTop.html,template/memoria/PieceArchive.html
★3以上のメモリアが含まれています。	包含★3以上的记忆结晶。		2	template/memoria/MemoriaComposeTop.html,template/memoria/UserMemoriaList.html
保管庫へ移動	移至保管库		2	template/memoria/PieceArchive.html,template/memoria/UserMemoriaList.html
選択数	选择数		2	template/memoria/PieceArchive.html,template/memoria/UserMemoriaList.html
★1を全て選択	全选★1		2	template/memoria/PieceArchive.html,template/memoria/UserMemoriaList.html
合計売却CC	合计出售CC		2	template/memoria/PieceArchive.html,template/memoria/UserMemoriaList.html
保管庫名入力	输入保管库名称		2	template/memoria/PieceArchive.html,template/memoria/UserMemoriaList.html
保管庫名を入力してください	请输入保管库名称		2	template/memoria/PieceArchive.html,template/memoria/UserMemoriaList.html
魔法少女の詳細情報です	魔法少女的详细信息		2	template/formation/FormationQuest.html,template/formation/FormationSupport.html
表示切替	切换显示		2	template/formation/FormationQuest.html,template/formation/FormationSupport.html
後半	后半		2	template/regularEvent/groupBattle/RegularEventGroupBattleBoss.html,template/regularEvent/groupBattle/RegularEventGroupBattleUser.html
グレード	等级		2	template/regularEvent/groupBattle/RegularEventGroupBattleBoss.html,template/regularEvent/groupBattle/RegularEventGroupCommon.html
ダメージ	伤害		2	template/regularEvent/groupBattle/RegularEventGroupBattleBoss.html,template/regularEvent/groupBattle/RegularEventGroupCommon.html
デイリーダメージ	每日伤害		2	template/regularEvent/groupBattle/RegularEventGroupBattleBoss.html,template/regularEvent/groupBattle/RegularEventGroupBattleRanking.html
ランキング	排行榜		2	template/regularEvent/groupBattle/RegularEventGroupBattleBoss.html,template/regularEvent/groupBattle/RegularEventGroupBattleUser.html
チャージ数	Charge数		2	template/regularEvent/groupBattle/RegularEventGroupBattleBoss.html,template/regularEvent/groupBattle/RegularEventGroupCommon.html
合計ダメージ	合计伤害		2	template/regularEvent/groupBattle/RegularEventGroupBattleLog.html,template/regularEvent/groupBattle/RegularEventGroupBattleResult.html
デイリー	每日		2	template/regularEvent/groupBattle/RegularEventGroupBattleRanking.html,template/regularEvent/groupBattle/RegularEventGroupCommon.html
TOPへ移動	移至TOP		2	template/regularEvent/groupBattle/RegularEventGroupBattleRanking.html,template/regularEvent/groupBattle/RegularEventGroupBattleUser.html
体	个	疑似碎片	2	template/regularEvent/groupBattle/RegularEventGroupBattleRanking.html,template/regularEvent/groupBattle/RegularEventGroupCommon.html
引き継ぎMP	继承MP		2	template/regularEvent/groupBattle/RegularEventGroupBattleResult.html,template/regularEvent/groupBattle/RegularEventGroupCommon.html
キャッシュクリアしました。	已清除缓存。		1	js/top/TopPage.js
パスワードは8文字以上15文字以内です。	密码为8~15个字符。		1	js/top/TopPage.js
引き継ぎ・連携を行います。\\x3cbr\\x3eよろしいですか？	即将进行数据转移·关联。\\x3cbr\\x3e确定吗?		1	js/top/TopPage.js
引き継ぎ・連携が完了しました。	数据转移·关联已完成。		1	js/top/TopPage.js
サービス利用規約		法条勿动	1	js/top/TopPage.js
ゲーム開始	开始游戏		1	js/top/TopPage.js
件受け取りました。<br><br>※魔法少女はプレゼントボックスよりお受け取りください。<br>※受け取ったアイテムは直接付与されています。	件已领取。<br><br>※魔法少女请到礼物盒领取。<br>※领取的道具已直接发放。	HTML片段	1	js/campaign/summer_mission/CampaignSummerMissionTopView.js
マギレコミラクルクイズ～＠あなたは全問正解できるかしら＠解答速度も計るから注意してね♪	魔纪奇迹问答~＠你能全部答对吗＠也会计时哦,要注意♪		1	js/campaign/quiz/CampaignQuizTop.js
お疲れさまぁ＠チャンスは１回だけじゃないから＠良ければ再チャレンジしてみてね	辛苦了＠机会可不止一次哦＠可以的话再挑战一次吧		1	js/campaign/quiz/CampaignQuizTop.js
パフパフパフー♪＠パーフェクトおめでとう！＠全部解けるとすっきりするわよね	啪啪啪♪＠恭喜全对!＠全部答完真是痛快呢		1	js/campaign/quiz/CampaignQuizTop.js
&nbsp;&nbsp;挑戦中	&nbsp;&nbsp;挑战中		1	js/campaign/quiz/CampaignQuizTop.js
&nbsp;&nbsp;結果	&nbsp;&nbsp;结果		1	js/campaign/quiz/CampaignQuizTop.js
］%0a［正解数：	］%0a［答对数：		1	js/campaign/quiz/CampaignQuizTop.js
］%0a［正解数：全問正解］%0a［時間：	］%0a［答对数:全部答对］%0a［时间:		1	js/campaign/quiz/CampaignQuizTop.js
マギレコ,マギレコ５周年,マギレコミラクルクイズ	魔纪,魔纪5周年,魔纪奇迹问答		1	js/campaign/quiz/CampaignQuizTop.js
ボックス内容一覧	箱子内容一览		1	js/campaign/box_gacha/CampaignBoxGachaTop.js
ボックス内の目玉報酬を獲得したため、次のボックスへの変更が可能です。\\x3cbr\\x3eボックス内容をリセットして次のボックスに変更しますか？\\x3cspan class\\x3d'caution c_red'\\x3e※現在のボックス内の報酬アイテムは引くことができなくなります。\\x3c/span\\x3e	已获得箱内的大奖,可以更换到下一个箱子。\\x3cbr\\x3e要重置箱内内容并更换到下一个箱子吗?\\x3cspan class\\x3d'caution c_red'\\x3e※当前箱内的报酬道具将无法再抽取。\\x3c/span\\x3e		1	js/campaign/box_gacha/CampaignBoxGachaTop.js
ガチャ結果	扭蛋结果		1	js/campaign/box_gacha/CampaignBoxGachaTop.js
キャンペーンガチャ	活动扭蛋		1	js/campaign/box_gacha/CampaignBoxGachaTop.js
全て引く	全部抽取		1	js/campaign/box_gacha/CampaignBoxGachaTop.js
素材一覧	素材一览		1	js/util/SearchQuest.js
オーブ・ブック一覧	宝玉·书一览		1	js/util/SearchQuest.js
\\x3cp\\x3eタッチしてストーリーを\\x3cbr\\x3e開始しましょう\\x3c/p\\x3e	\\x3cp\\x3e点击开始\\x3cbr\\x3e剧情吧\\x3c/p\\x3e		1	js/util/TutorialUtil.js
\\x3cp\\x3eクエストをサポートしてくれる魔法少女を選択しましょう\\x3cbr\\x3eサポートしてもらうことでサポートポイントを獲得できます\\x3c/p\\x3e	\\x3cp\\x3e来选择一个支援关卡的魔法少女吧\\x3cbr\\x3e借助支援可以获得支援点数\\x3c/p\\x3e		1	js/util/TutorialUtil.js
\\x3cp\\x3eメインメニューが使用可能になりました。\\x3cbr\\x3eMENUをタッチしてください\\x3c/p\\x3e	\\x3cp\\x3e主菜单可以使用了。\\x3cbr\\x3e请点击MENU\\x3c/p\\x3e		1	js/util/TutorialUtil.js
\\x3cp\\x3eメインメニューからは様々な画面に移動することができます\\x3cbr\\x3e「ガチャ」に移動してみましょう\\x3c/p\\x3e	\\x3cp\\x3e从主菜单可以前往各种界面\\x3cbr\\x3e试着前往「扭蛋」吧\\x3c/p\\x3e		1	js/util/TutorialUtil.js
\\x3cp\\x3eガチャでは魔法少女やメモリアを手に入れることができます\\x3cbr\\x3e特別に選んだ魔法少女1体を必ずもらえるガチャを用意しました\\x3cbr\\x3e好きな魔法少女を選んでみましょう\\x3c/p\\x3e	\\x3cp\\x3e扭蛋可以获得魔法少女和记忆结晶\\x3cbr\\x3e我们准备了必得1个自选魔法少女的扭蛋\\x3cbr\\x3e来选一个喜欢的魔法少女吧\\x3c/p\\x3e		1	js/util/TutorialUtil.js
\\x3cp\\x3e魔法少女を選んだらガチャを引いて仲間にしてみましょう\\x3cbr\\x3e★4魔法少女は選んだ1体のみ出現します\\x3cbr\\x3eガチャを引くまでは魔法少女を選びなおすことが可能です\\x3c/p\\x3e	\\x3cp\\x3e选好魔法少女后,抽扭蛋让她成为伙伴吧\\x3cbr\\x3e★4魔法少女只会出现你选的那1个\\x3cbr\\x3e抽扭蛋之前可以重新选择魔法少女\\x3c/p\\x3e		1	js/util/TutorialUtil.js
\\x3cp\\x3e仲間にした魔法少女を\\x3cbr\\x3eチームに入れてみましょう\\x3c/p\\x3e	\\x3cp\\x3e把成为伙伴的魔法少女\\x3cbr\\x3e加进队伍吧\\x3c/p\\x3e		1	js/util/TutorialUtil.js
\\x3cp\\x3eクエスト用のチームを編成しましょう\\x3c/p\\x3e	\\x3cp\\x3e来编成关卡用的队伍吧\\x3c/p\\x3e		1	js/util/TutorialUtil.js
\\x3cp\\x3e未設定をタッチしてください\\x3c/p\\x3e	\\x3cp\\x3e请点击未设置\\x3c/p\\x3e		1	js/util/TutorialUtil.js
\\x3cp\\x3e先ほど仲間にした魔法少女をタッチしてください\\x3c/p\\x3e	\\x3cp\\x3e请点击刚才成为伙伴的魔法少女\\x3c/p\\x3e		1	js/util/TutorialUtil.js
\\x3cp\\x3e魔法少女をチームに参加させることができました\\x3cbr\\x3e「決定」をタッチしてください\\x3c/p\\x3e	\\x3cp\\x3e魔法少女已加入队伍\\x3cbr\\x3e请点击「决定」\\x3c/p\\x3e		1	js/util/TutorialUtil.js
\\x3cp\\x3e他の魔法少女も編成してみましょう\\x3cbr\\x3eお任せ編成ボタンをタッチすることで、\\x3cbr\\x3e自動でチームを編成できます\\x3c/p\\x3e	\\x3cp\\x3e试着把其他魔法少女也编进队伍吧\\x3cbr\\x3e点击自动编成按钮,\\x3cbr\\x3e就能自动编成队伍\\x3c/p\\x3e		1	js/util/TutorialUtil.js
\\x3cp\\x3e編成したチームで\\x3cbr\\x3e次のクエストに進みましょう\\x3c/p\\x3e	\\x3cp\\x3e用编成的队伍\\x3cbr\\x3e前往下一个关卡吧\\x3c/p\\x3e		1	js/util/TutorialUtil.js
マギアレポート 第	Magia报告 第		1	js/collection/MagiRepo.js
一		疑似碎片	1	js/collection/MagiRepo.js
二		疑似碎片	1	js/collection/MagiRepo.js
三		疑似碎片	1	js/collection/MagiRepo.js
進む	前进		1	js/collection/MagiRepoDetail.js
\\x3c/span\\x3eが\\x3cspan class\\x3d'c_pink'\\x3e１個\\x3c/span\\x3e不足しています。	\\x3c/span\\x3e还差\\x3cspan class\\x3d'c_pink'\\x3e1个\\x3c/span\\x3e。		1	js/collection/StoryCollection.js
\\x3e"+A+"\\x3c/span\\x3eが\\x3cspan class\\x3d	\\x3e"+A+"\\x3c/span\\x3e还差\\x3cspan class\\x3d		1	js/collection/StoryCollection.js
\\x3e１個\\x3c/span\\x3e不足しています。",\nl&&(f+="You are missing \\x3cspan class\\x3d	\\x3e1个\\x3c/span\\x3e。",\nl&&(f+="You are missing \\x3cspan class\\x3d		1	js/collection/StoryCollection.js
を\\x3cbr\\x3eホーム背景に設定しました。	\\x3cbr\\x3e设为主页背景。		1	js/user/BackgroundSet.js
\\x3cp class\\x3d'noList ts_white'\\x3e戦歴がありません\\x3c/p\\x3e	\\x3cp class\\x3d'noList ts_white'\\x3e没有战绩\\x3c/p\\x3e		1	js/user/EventRecord.js
画面上のボタンを非表示にします。\\x3cbr\\x3e\\x3cbr\\x3e非表示に切り替え後は\\x3cbr\\x3e画面長押しでボタンが表示されます。	隐藏画面上的按钮。\\x3cbr\\x3e\\x3cbr\\x3e切换为隐藏后,\\x3cbr\\x3e长按画面即可显示按钮。		1	js/user/MyPage.js
非表示にする	隐藏		1	js/user/MyPage.js
アクセス時:	访问时:		1	js/user/MyPage.js
確認しました	已确认		1	js/user/MyPage.js
引き継ぎ・連携用パスワードの設定について	关于数据转移·关联用密码的设置		1	js/user/MyPage.js
あとで設定	稍后设置		1	js/user/MyPage.js
設定する	设置		1	js/user/MyPage.js
受取確認	领取确认		1	js/user/MyPage.js
プレゼントを受け取りました。	已领取礼物。		1	js/user/MyPage.js
キャンペーンのプレゼントが受け取れませんでした。[	未能领取活动礼物。[		1	js/user/MyPage.js
コード不正	兑换码错误		1	js/user/MyPage.js
受取済	已领取		1	js/user/MyPage.js
受取期間外	领取期外		1	js/user/MyPage.js
キャンペーンのプレゼントを受け取りました。\\x3cbr\\x3eプレゼントをご確認ください。	已领取活动礼物。\\x3cbr\\x3e请查收礼物。		1	js/user/MyPage.js
ユーザーが存在しません	用户不存在		1	js/user/MyPage.js
トップページに戻ります	返回首页		1	js/user/MyPage.js
\\x3cdiv class\\x3d"scrollInnerWrap"\\x3e引き継ぎ・連携用パスワードを設定しておくことで\\x3cbr\\x3e機種変更時や、端末が壊れてしまった場合など\\x3cbr\\x3eデータを新しい端末に引き継ぐことができます。\\x3cbr\\x3e\\x3cbr\\x3eいますぐパスワードを設定しますか？\\x3cbr\\x3e\\x3cbr\\x3e\\x3cspan class\\x3d"c_red"\\x3e※パスワードを設定していない場合\\x3cbr\\x3eこの端末のデータを引き継ぐことはできません。\\x3c/span\\x3e\\x3c/div\\x3e	\\x3cdiv class\\x3d"scrollInnerWrap"\\x3e设置数据转移·关联用密码后,\\x3cbr\\x3e更换机型或设备损坏时\\x3cbr\\x3e即可将数据转移到新设备。\\x3cbr\\x3e\\x3cbr\\x3e现在就设置密码吗?\\x3cbr\\x3e\\x3cbr\\x3e\\x3cspan class\\x3d"c_red"\\x3e※未设置密码时,\\x3cbr\\x3e将无法转移此设备上的数据。\\x3c/span\\x3e\\x3c/div\\x3e		1	js/user/MyPage.js
未クリア優先	未通关优先		1	js/quest/CharaQuest.js
未コンプリート	未完成		1	js/quest/CharaQuest.js
ソートなし	不排序		1	js/quest/CharaQuest.js
月曜限定	周一限定		1	js/quest/EventQuest.js
火曜限定	周二限定		1	js/quest/EventQuest.js
水曜限定	周三限定		1	js/quest/EventQuest.js
木曜限定	周四限定		1	js/quest/EventQuest.js
金曜限定	周五限定		1	js/quest/EventQuest.js
土日限定	周末限定		1	js/quest/EventQuest.js
既読ストーリーの再生設定	已读剧情回放设置		1	js/quest/QuestBattleSelect.js
クエストをプレイする際に\\x3cbr\\x3e一度見たストーリー	游玩关卡时\\x3cbr\\x3e已看过一次的剧情		1	js/quest/QuestBattleSelect.js
設定に変更します。	将更改设置。		1	js/quest/QuestBattleSelect.js
を\\x3cspan class\\x3d"c_pink"\\x3e再生する\\x3c/span\\x3e	\\x3cspan class\\x3d"c_pink"\\x3e重新播放\\x3c/span\\x3e		1	js/quest/QuestBattleSelect.js
は\\x3cspan class\\x3d"c_pink"\\x3e再生しない\\x3c/span\\x3e	\\x3cspan class\\x3d"c_pink"\\x3e不再播放\\x3c/span\\x3e		1	js/quest/QuestBattleSelect.js
このクエストには以下の開始条件があります\\x3cbr\\x3e	该关卡有以下开始条件\\x3cbr\\x3e		1	js/quest/QuestUtil.js
\\x3cbr\\x3eのみのチームでクエストを開始	\\x3cbr\\x3e的队伍开始关卡		1	js/quest/QuestUtil.js
\\x3cbr\\x3eを含むチームでクエストを開始	\\x3cbr\\x3e的队伍开始关卡		1	js/quest/QuestUtil.js
メインストーリー 第	主线剧情 第		1	js/quest/QuestUtil.js
今後追加のストーリーをクリア	通关今后追加的剧情		1	js/quest/QuestUtil.js
ボーナス順	按加成排序		1	js/quest/SupportSelect.js
\\x3cp class\\x3d"supportCation ts_white"\\x3e対象の魔法少女は存在しません\\x3c/p\\x3e	\\x3cp class\\x3d"supportCation ts_white"\\x3e没有对应的魔法少女\\x3c/p\\x3e		1	js/quest/SupportSelect.js
時代を進める	推进时代		1	js/quest/puellaHistoria/MirrorPartsView.js
現代神浜編 ストーリー解放	现代神滨篇 剧情解放		1	js/quest/puellaHistoria/MirrorPartsView.js
現代神浜編のストーリーが解放されました。	现代神滨篇的剧情已解放。		1	js/quest/puellaHistoria/MirrorPartsView.js
進行	进行		1	js/quest/puellaHistoria/MirrorPartsView.js
次の『ピュエラ・ヒストリア』イベントをお待ち下さい。	请等待下一次『Puella Historia』活动。		1	js/quest/puellaHistoria/MirrorPartsView.js
位置調整	调整位置		1	js/quest/puellaHistoria/MirrorPartsView.js
クリア演出確認	通关演出确认		1	js/quest/puellaHistoria/MirrorPartsView.js
クエスト開始条件を<br>満たしていません	未满足<br>关卡开始条件	HTML片段	1	js/quest/puellaHistoria/lastBattle/GroupRaid.js
天気輪の魔力	天气轮魔力		1	js/quest/puellaHistoria/lastBattle/Model.js
クエスト開始条件を\\x3cbr\\x3e満たしていません	未满足\\x3cbr\\x3e关卡开始条件		1	js/quest/puellaHistoria/lastBattle/SingleRaid.js
<option value="0">▼ コメントを選ぶ</option>	<option value="0">▼ 选择留言</option>	HTML片段	1	js/quest/puellaHistoria/lastBattle/parts/GroupRaid/Stamp.js
魔法少女の編成が完了いたしました。	魔法少女编成完成。		1	js/quest/secondPartLast/Formation.js
制圧中の編成以外を以下の編成へと入れ替えます。よろしいですか？\\x3cbr\\x3e\\x3cdiv id\\x3d'autoFormationContainer'\\x3e\\x3c/div\\x3e	将压制中的编成以外替换为以下编成。确定吗?\\x3cbr\\x3e\\x3cdiv id\\x3d'autoFormationContainer'\\x3e\\x3c/div\\x3e		1	js/quest/secondPartLast/Formation.js
鏡の魔女との戦いには専用の編成が必要です。\\x3cbr\\x3eクエスト編成をコピーして編成を行いますか？	与镜之魔女的战斗需要专用编成。\\x3cbr\\x3e要复制关卡编成来进行编成吗?		1	js/quest/secondPartLast/Formation.js
第12章			1	js/quest/secondPartLast/Router.js
鏡の魔女	镜之魔女		1	js/quest/secondPartLast/parts/StagePartsView.js
鏡の魔女の腕を\\x3cspan class\\x3d'attention'\\x3e全て制圧すると挑戦\\x3c/span\\x3eできます。	\\x3cspan class\\x3d'attention'\\x3e压制镜之魔女的全部手臂后即可挑战\\x3c/span\\x3e。		1	js/quest/secondPartLast/parts/StagePartsView.js
リコールランプ	召回提灯		1	js/quest/scene0/Utility.js
ドアプライズフィルム	抽奖胶卷		1	js/quest/scene0/Utility.js
ストーリー再生	回放剧情		1	js/quest/scene0/Utility.js
個\\x3c/span\\x3e消費して\\x3cbr\\x3eストーリーを再生しますか？	个\\x3c/span\\x3e来\\x3cbr\\x3e回放剧情吗?		1	js/quest/scene0/Utility.js
アイテム不足	道具不足		1	js/quest/scene0/Utility.js
ストーリー開放に必要なアイテムが足りません。	剧情开放所需道具不足。		1	js/quest/scene0/Utility.js
\\x3c/span\\x3eを\\x3cspan class\\x3d"c_pink"\\x3e	\\x3c/span\\x3e\\x3cspan class\\x3d"c_pink"\\x3e		1	js/quest/scene0/Utility.js
特訓対象 変更不可	特训对象 不可更改		1	js/event/training/EventTrainingCharaSelect.js
イベントで指定された特訓対象の魔法少女は変更できません。	无法更改活动指定的特训对象魔法少女。		1	js/event/training/EventTrainingCharaSelect.js
◆ 強化クエスト	◆ 强化关卡		1	js/event/training/EventTrainingTop.js
◆ エピソードクエスト	◆ 篇章关卡		1	js/event/training/EventTrainingTop.js
◆ エクストラクエスト	◆ 额外关卡		1	js/event/training/EventTrainingTop.js
いずれかの特訓クエストをクリアすると、<br>特訓対象の魔法少女を変更することができなくなります。<br>よろしいですか？	通关任一特训关卡后,<br>将无法更改特训对象的魔法少女。<br>确定吗?	HTML片段	1	js/event/training/EventTrainingTop.js
特訓する魔法少女の決定	决定特训的魔法少女		1	js/event/training/EventTrainingTop.js
<br><br><span class="c_red selectCaution">※Lv、エピソードLvが最大の魔法少女が選択されています。<br>これ以上EXP、エピソードPtを入手することはできません。</span>	<br><br><span class="c_red selectCaution">※已选择Lv、篇章Lv最大的魔法少女。<br>无法再获得EXP、篇章Pt。</span>	HTML片段	1	js/event/training/EventTrainingTop.js
<br><br><span class="c_red selectCaution">※Lvが最大の魔法少女が選択されています。<br>これ以上EXPを入手することはできません。</span>	<br><br><span class="c_red selectCaution">※已选择Lv最大的魔法少女。<br>无法再获得EXP。</span>	HTML片段	1	js/event/training/EventTrainingTop.js
<br><br><span class="c_red selectCaution">※エピソードLvが最大の魔法少女が選択されています。<br>これ以上エピソードPtを入手することはできません。</span>	<br><br><span class="c_red selectCaution">※已选择篇章Lv最大的魔法少女。<br>无法再获得篇章Pt。</span>	HTML片段	1	js/event/training/EventTrainingTop.js
ー	ー	疑似碎片	1	js/event/singleraid/EventSingleRaidTop.js
章 BOSS			1	js/event/singleraid/EventSingleRaidTop.js
チャレンジエリア	挑战区域		1	js/event/singleraid/EventSingleRaidTop.js
章 エリア	章 区域		1	js/event/singleraid/EventSingleRaidTop.js
BATTLE◆初級	BATTLE◆初级		1	js/event/singleraid/EventSingleRaidTop.js
BATTLE◆中級	BATTLE◆中级		1	js/event/singleraid/EventSingleRaidTop.js
BATTLE◆上級	BATTLE◆上级		1	js/event/singleraid/EventSingleRaidTop.js
時間経過の為、対戦相手に変更がありました。\\x3cbr\\x3eミラーズトップに戻ります	因时间经过,对战对手已变更。\\x3cbr\\x3e返回镜界首页		1	js/event/arenaranking/view/EventArenaConfirmView.js
対戦可能時間外	非对战时间		1	js/event/arenaranking/view/EventArenaConfirmView.js
時間経過の為、対戦可能時間を超過しました。\\x3cbr\\x3eミラーズトップに戻ります	因时间经过,已超过可对战时间。\\x3cbr\\x3e返回镜界首页		1	js/event/arenaranking/view/EventArenaConfirmView.js
対戦相手の変更(BP回復薬)	更换对战对手(BP回复药)		1	js/event/arenaranking/view/EventArenaRankingView.js
対戦回数を回復しました。\\x3cbr\\x3e0　\\x26#8594;　\\x3cspan class\\x3d'c_red'\\x3e	对战次数已回复。\\x3cbr\\x3e0　\\x26#8594;　\\x3cspan class\\x3d'c_red'\\x3e		1	js/event/arenaranking/view/EventArenaRankingView.js
対戦相手の変更（BP回復薬）	更换对战对手(BP回复药)		1	js/event/arenaranking/view/EventArenaRankingView.js
現在対戦可能な相手がいないため\\x3cbr\\x3e変更を行うことができません。\\x3cbr\\x3eもう１度本画面に入り直してください。	当前没有可以对战的对手,\\x3cbr\\x3e无法进行更换。\\x3cbr\\x3e请重新进入本界面。		1	js/event/arenaranking/view/EventArenaRankingView.js
対戦相手を変更しますか？\\x3cbr\\x3e(対戦相手の再抽選まであと	要更换对战对手吗?\\x3cbr\\x3e(距对手重新抽选还有		1	js/event/arenaranking/view/EventArenaRankingView.js
\\x3cli class\\x3d"nomatch"\\x3e現在対戦可能な相手がいません。\\x3cbr\\x3eしばらくしてから再度来場ください。\\x3c/li\\x3e	\\x3cli class\\x3d"nomatch"\\x3e现在没有可以对战的对手。\\x3cbr\\x3e请稍后再来。\\x3c/li\\x3e		1	js/event/arenaranking/view/EventArenaRankingView.js
ランキングバトルのプレイ期間外のため\\x3cbr\\x3eプレイ結果は反映されません。\\x3cbr\\x3eトップページに戻ります。	不在排位战的可玩期间内,\\x3cbr\\x3e对战结果不会被记录。\\x3cbr\\x3e返回首页。		1	js/event/arenaranking/view/EventArenaResultView.js
EXチャレンジクエスト	EX挑战关卡		1	js/event/dailytower/EventDailyTowerTop.js
百禍チャレンジクエスト	百祸挑战关卡		1	js/event/dailytower/EventDailyTowerTop.js
◆ 百禍チャレンジクエスト	◆ 百祸挑战关卡		1	js/event/dailytower/EventDailyTowerTop.js
クエスト解放	关卡解放		1	js/event/dailytower/EventDailyTowerTop.js
は\\x3cbr /\\x3e	\\x3cbr /\\x3e		1	js/event/dailytower/EventDailyTowerTop.js
に解放されます	解放		1	js/event/dailytower/EventDailyTowerTop.js
を配布しました。\\x3cbr\\x3e	已发放。\\x3cbr\\x3e		1	js/event/dailytower/EventDailyTowerTop.js
を消費して\\x3cbr\\x3eイベントクエストをプレイしましょう！	，\\x3cbr\\x3e游玩活动关卡吧!		1	js/event/dailytower/EventDailyTowerTop.js
チャレンジ\\x3cbr /\\x3e	挑战\\x3cbr /\\x3e		1	js/event/dailytower/EventDailyTowerTop.js
特別編	特别篇		1	js/event/dailytower/EventDailyTowerTop.js
特殊ルールはありません	没有特殊规则		1	js/event/EventArenaRankMatch/Model.js
バトルの所要時間が一定時間を超えたため<br>このバトルは無効になります。<br>イベントTOPに戻ります。	战斗耗时超过时限,<br>本次战斗无效。<br>返回活动TOP。	HTML片段	1	js/event/EventArenaRankMatch/Result.js
ミラーズランクマッチ	镜界排位赛		1	js/event/EventArenaRankMatch/Result.js
ランキングバトルのプレイ期間外のため<br>プレイ結果は反映されません。<br>トップページに戻ります。	不在排位战的可玩期间内,<br>对战结果不会被记录。<br>返回首页。	HTML片段	1	js/event/EventArenaRankMatch/Result.js
バトルの結果が正しく取得できませんでした。<br>トップページに戻ります。	无法正确获取战斗结果。<br>返回首页。	HTML片段	1	js/event/EventArenaRankMatch/Result.js
今回のミラーズバトルを<br>リプレイに保存しますか？	要将本次镜界对战<br>保存为回放吗?	HTML片段	1	js/event/EventArenaRankMatch/Result.js
リプレイに保存しました。<br><br>有効期限：	已保存为回放。<br><br>有效期:	HTML片段	1	js/event/EventArenaRankMatch/Result.js
1位〜10位	第1名〜第10名		1	js/event/EventArenaRankMatch/Utility.js
攻撃	攻击		1	js/event/EventArenaRankMatch/Utility.js
防衛	防卫		1	js/event/EventArenaRankMatch/Utility.js
編成人数制限：	编成人数限制:		1	js/event/EventArenaRankMatch/Utility.js
人以上			1	js/event/EventArenaRankMatch/Utility.js
・		疑似碎片	1	js/event/EventArenaRankMatch/Utility.js
それぞれ	各自		1	js/event/EventArenaRankMatch/Utility.js
アップ	提升	疑似碎片	1	js/event/EventArenaRankMatch/Utility.js
ダウン	下降	疑似碎片	1	js/event/EventArenaRankMatch/Utility.js
属性魔法少女の	属性魔法少女的		1	js/event/EventArenaRankMatch/Utility.js
個</span>不足しているため<br>回復できません。	个</span>,<br>无法回复。	HTML片段	1	js/event/EventArenaRankMatch/parts/AttackCount.js
ミラーズランクマッチの対戦回数を<br>	镜界排位赛的对战次数<br>	HTML片段	1	js/event/EventArenaRankMatch/parts/AttackCount.js
回回復しました。	次已回复。		1	js/event/EventArenaRankMatch/parts/AttackCount.js
対戦回数不足	对战次数不足		1	js/event/EventArenaRankMatch/parts/AttackCount.js
対戦回数が残っていないので対戦できません。	没有剩余对战次数,无法对战。		1	js/event/EventArenaRankMatch/parts/AttackCount.js
個</span>不足しているため<br>クールタイムを解除できません。	个</span>,<br>无法解除冷却时间。	HTML片段	1	js/event/EventArenaRankMatch/parts/CoolTime.js
クールタイム終了	冷却结束		1	js/event/EventArenaRankMatch/parts/CoolTime.js
クールタイムが終了しました。	冷却时间已结束。		1	js/event/EventArenaRankMatch/parts/CoolTime.js
クールタイムを解除しました。	已解除冷却时间。		1	js/event/EventArenaRankMatch/parts/CoolTime.js
デイリー報酬	每日报酬		1	js/event/EventArenaRankMatch/parts/DailyPresent.js
編成時間をタイムオーバーしました。\\x3cbr\\x3e対戦相手を選択する画面に戻ります。	编成超时。\\x3cbr\\x3e返回选择对战对手的界面。		1	js/event/EventArenaRankMatch/parts/DeckEditCountDown.js
防衛編成を設定するまで<br>ミラーズランクマッチのバトルは行えません。<br>防衛編成を設定してください。	设置防卫编成后才能<br>进行镜界排位赛对战。<br>请设置防卫编成。	HTML片段	1	js/event/EventArenaRankMatch/parts/DefenseDeckEditPopup.js
防衛編成画面へ	前往防卫编成界面		1	js/event/EventArenaRankMatch/parts/DefenseDeckEditPopup.js
マッチング時間をタイムオーバーしました。<br>対戦相手を変更します。	匹配超时。<br>即将更换对战对手。	HTML片段	1	js/event/EventArenaRankMatch/parts/OpponentList.js
<li class="nomatch"><div class="textSec">残り対戦回数がありません。<br>対戦回数は毎日16:00にリセットされるほか<br>マギアストーンやランクマッチバトルチケットを<br>使用することで回復できます。<br></div></li>	<li class="nomatch"><div class="textSec">没有剩余的对战次数。<br>对战次数除每天16:00重置外,<br>也可以使用魔法石或排位赛对战券<br>进行回复。<br></div></li>	HTML片段	1	js/event/EventArenaRankMatch/parts/OpponentList.js
特殊ルール	特殊规则		1	js/event/EventArenaRankMatch/parts/SpRule.js
<span class="b_screen"></span>回復する	<span class="b_screen"></span>回复	HTML片段	1	js/event/EventArenaRankMatch/parts/recoverAttackCountBtnView.js
ストーリークリア	剧情通关		1	js/event/tower/EventTowerTop.js
チャレンジクエストが解放されました。	挑战关卡已解放。		1	js/event/tower/EventTowerTop.js
チャレンジクエスト解放	挑战关卡解放		1	js/event/EventWitch/page/Top.js
チャレンジクエストが\\x3cbr\\x3e解放されました。	挑战关卡\\x3cbr\\x3e已解放。		1	js/event/EventWitch/page/Top.js
メモリア獲得	获得记忆结晶		1	js/event/EventWitch/parts/ExchangeMemoria.js
のメモリアを獲得します。	的记忆结晶。		1	js/event/EventWitch/parts/ExchangeMemoria.js
獲得する	获得		1	js/event/EventWitch/parts/ExchangeMemoria.js
メモリア詳細	记忆结晶详情		1	js/event/EventWitch/parts/MemoriaDetailPopup.js
可能性の因子	可能性之因子		1	js/event/EventWitch/parts/TopBattleInfo.js
目にした嘆き	目睹的悲叹		1	js/event/EventWitch/parts/TopBattleInfo.js
耳にした驚き	耳闻的惊愕		1	js/event/EventWitch/parts/TopBattleInfo.js
臭った諦め	嗅出的绝望		1	js/event/EventWitch/parts/TopBattleInfo.js
味わった苦しみ	品尝的痛苦		1	js/event/EventWitch/parts/TopBattleInfo.js
触れた悲しみ	触碰的悲伤		1	js/event/EventWitch/parts/TopBattleInfo.js
現在第2部は公開されておりません。<br>公開までお待ちください。	第2部当前尚未公开。<br>请等待公开。	HTML片段	1	js/event/branch/EventBranchTop.js
<span>または</span>	<span>或</span>	HTML片段	1	js/event/branch/EventBranchTop.js
希望の羽	希望之羽		1	js/event/EventWalpurgis/Model.js
\\x3coption value\\x3d"0"\\x3e▼ コメントを選ぶ\\x3c/option\\x3e	\\x3coption value\\x3d"0"\\x3e▼ 选择留言\\x3c/option\\x3e		1	js/event/EventWalpurgis/parts/GroupRaid/Stamp.js
ポイントの移動	移动点位		1	js/event/dungeon/EventDungeonMap.js
次のポイントに進みますか？	要前往下一个点位吗?		1	js/event/dungeon/EventDungeonMap.js
移動不可	不可移动		1	js/event/dungeon/EventDungeonMap.js
戦闘不能でない魔法少女を<br>メインメンバーに編成してください。	请将未失去战斗能力的魔法少女<br>编入主力成员。	HTML片段	1	js/event/dungeon/EventDungeonMap.js
</span>のHPは最大です。	</span>的HP已满。	HTML片段	1	js/event/dungeon/EventDungeonMap.js
エリア攻略失敗	区域攻略失败		1	js/event/dungeon/EventDungeonTop.js
チーム全員が戦闘不能になったため<br>エリアからリタイアしました	队伍全员失去战斗能力,<br>已从区域撤退	HTML片段	1	js/event/dungeon/EventDungeonTop.js
CPが不足しています。	CP不足。		1	js/event/dungeon/EventDungeonTop.js
CPを回復しました。	CP已回复。		1	js/event/dungeon/view/EventDungeonCpCureView.js
プレーヤー名７８	玩家名78		1	js/event/storyraid/EventStoryRaidTop.js
１ユーザー名７８	1用户名78		1	js/event/storyraid/EventStoryRaidTop.js
かきくけこ６７８９０＠かきくけこ６７８９０	测试文字６７８９０＠测试文字６７８９０		1	js/event/storyraid/EventStoryRaidTop.js
２ユーザー名７８	2用户名78		1	js/event/storyraid/EventStoryRaidTop.js
２コメント６７８９０１２３４５６７８９０	２评论６７８９０１２３４５６７８９０		1	js/event/storyraid/EventStoryRaidTop.js
３ユーザー名７８	3用户名78		1	js/event/storyraid/EventStoryRaidTop.js
３コメント６７８９０１２３４５６７８９０	３评论６７８９０１２３４５６７８９０		1	js/event/storyraid/EventStoryRaidTop.js
４ユーザー名７８	4用户名78		1	js/event/storyraid/EventStoryRaidTop.js
４コメント６７８９０１２３４５６７８９０	４评论６７８９０１２３４５６７８９０		1	js/event/storyraid/EventStoryRaidTop.js
５ユーザー名７８	5用户名78		1	js/event/storyraid/EventStoryRaidTop.js
５コメント６７８９０１２３４５６７８９０	５评论６７８９０１２３４５６７８９０		1	js/event/storyraid/EventStoryRaidTop.js
【DEBUG】もらったJsonそのまま	【DEBUG】原样输出收到的Json		1	js/event/storyraid/EventStoryRaidTop.js
【DEBUG】エリア解放	【DEBUG】区域解放		1	js/event/storyraid/EventStoryRaidTop.js
【DEBUG】撃破演出	【DEBUG】击破演出		1	js/event/storyraid/EventStoryRaidTop.js
【DEBUG】マップエフェクト	【DEBUG】地图特效		1	js/event/storyraid/EventStoryRaidTop.js
【DEBUG】BOSSコマンド（	【DEBUG】BOSS指令(		1	js/event/storyraid/EventStoryRaidTop.js
【DEBUG】ボス交戦中(2回目以降)	【DEBUG】BOSS交战中(第2次起)		1	js/event/storyraid/EventStoryRaidTop.js
【DEBUG】ボス交戦中(初回)	【DEBUG】BOSS交战中(首次)		1	js/event/storyraid/EventStoryRaidTop.js
【DEBUG】ボス最終戦HELP	【DEBUG】BOSS最终战HELP		1	js/event/storyraid/EventStoryRaidTop.js
コメントを入力してください。	请输入留言。		1	js/event/storyraid/EventStoryRaidTop.js
イベント参加条件	活动参加条件		1	js/event/storyraid/EventStoryRaidTop.js
イベント『	活动『		1	js/event/storyraid/EventStoryRaidTop.js
』は<br>	』<br>	HTML片段	1	js/event/storyraid/EventStoryRaidTop.js
まで開催します。<br><br>イベントに参加するためには<br>【	为止。<br><br>参加活动需要<br>【	HTML片段	1	js/event/storyraid/EventStoryRaidTop.js
】<br>している必要があります。	】<br>。	HTML片段	1	js/event/storyraid/EventStoryRaidTop.js
メインストーリーへ	前往主线剧情		1	js/event/storyraid/EventStoryRaidTop.js
バトルの結果が正しく取得できませんでした。<br>イベントトップページに戻ります。	无法正确获取战斗结果。<br>返回活动首页。	HTML片段	1	js/event/arenaMission/EventArenaMissionResult.js
BPを1消費して対戦相手を変更しますか？<br>(対戦相手の再抽選まであと	要消耗1BP更换对战对手吗?<br>(距对手重新抽选还有	HTML片段	1	js/event/arenaMission/EventArenaMissionStage.js
イベントページへ	前往活动页面		1	js/event/arenaMission/view/ArenaConfirmView.js
対戦確認model:	对战确认model:		1	js/event/arenaMission/view/ArenaPartsView.js
バトル開始には、3人以上の魔法少女が<br>編成に含まれている必要があります。	开始战斗需要队伍中<br>编有3个以上的魔法少女。	HTML片段	1	js/event/accomplish/EventAccomplishDeck.js
魔法少女・メモリア装備の変更を保存して</br>チーム編成を終了しますか？	要保存魔法少女·记忆结晶装备的更改</br>并结束队伍编成吗?	HTML片段	1	js/event/accomplish/EventAccomplishDeck.js
本日分の回復回数の上限に達しています。<br>回復回数は	今日回复次数已达上限。<br>回复次数	HTML片段	1	js/event/accomplish/EventAccomplishRecovery.js
に更新されます。	更新。		1	js/event/accomplish/EventAccomplishRecovery.js
選択された魔法少女は回復が完了しています	所选的魔法少女已回复完成		1	js/event/accomplish/EventAccomplishRecovery.js
」を回復しますか？<br>	」要回复吗?<br>	HTML片段	1	js/event/accomplish/EventAccomplishRecovery.js
<br><br>本日の回復	<br><br>今日回复	HTML片段	1	js/event/accomplish/EventAccomplishRecovery.js
回復が完了しました	回复完成		1	js/event/accomplish/EventAccomplishRecovery.js
回復時間	回复时间		1	js/event/accomplish/EventAccomplishRecovery.js
回復まであと <span id="popupTimer">	距回复还有 <span id="popupTimer">	HTML片段	1	js/event/accomplish/EventAccomplishRecovery.js
クリアセクション	通关小节		1	js/event/accomplish/EventAccomplishTop.js
ストーリー最後	剧情最后		1	js/event/accomplish/EventAccomplishTop.js
チャレンジ最後	挑战最后		1	js/event/accomplish/EventAccomplishTop.js
逃亡しました	已逃离		1	js/event/raid/EventRaidTop.js
RPが不足しています。	RP不足。		1	js/event/raid/EventRaidTop.js
戦ったボスはまだ倒すことができていません。<br>他のプレイヤーに救援要請を送って<br>ボスの撃破に協力してもらいましょう。<br><br><span class='c_red'>※救援要請することで他のプレイヤーがボスを攻撃できるようになります</span>	还未能击破交战的BOSS。<br>向其他玩家发送救援请求,<br>请他们协助击破BOSS吧。<br><br><span class='c_red'>※发送救援请求后其他玩家即可攻击该BOSS</span>	HTML片段	1	js/event/raid/EventRaidTop.js
救援要請する	发送救援请求		1	js/event/raid/EventRaidTop.js
救援要請を送りました。	已发送救援请求。		1	js/event/raid/EventRaidTop.js
RPを回復しました。	RP已回复。		1	js/event/raid/view/EventRaidRpCureView.js
ブロック中です	已拉黑		1	js/follow/FollowPopup.js
BPが足りません	BP不足		1	js/follow/FollowPopup.js
BPを回復してもう一度お試しください。	请回复BP后再试一次。		1	js/follow/FollowPopup.js
フォロー解除	取消关注		1	js/follow/FollowPopup.js
\\x3cspan class\\x3d'popUserName'\\x3e\\x3c/span\\x3eのフォローを解除しました。\\x3cbr\\x3e\\x3cbr\\x3e	已取消关注\\x3cspan class\\x3d'popUserName'\\x3e\\x3c/span\\x3e。\\x3cbr\\x3e\\x3cbr\\x3e		1	js/follow/FollowPopup.js
ミッション報酬を1件受け取りました。\\x3cbr\\x3e\\x3cbr\\x3e※受け取ったアイテムは直接付与されています。	已领取1件任务报酬。\\x3cbr\\x3e\\x3cbr\\x3e※领取的道具已直接发放。		1	js/mission/DoppelMissionTop.js
\\x3cp class\\x3d"noMission"\\x3e挑戦できるミッションがありません\\x3c/p\\x3e	\\x3cp class\\x3d"noMission"\\x3e没有可以挑战的任务\\x3c/p\\x3e		1	js/mission/DoppelMissionTop.js
一括パトロール	一键巡逻		1	js/patrol/PatrolTop.js
パトロールに出発できる魔法少女が不足しています。	可以出发巡逻的魔法少女不足。		1	js/patrol/PatrolTop.js
パトロール完了	巡逻完成		1	js/patrol/PatrolTop.js
\\x3cspan\\x3e完了まで\\x3c/span\\x3e	\\x3cspan\\x3e直至完成\\x3c/span\\x3e		1	js/patrol/PatrolTop.js
\\x3cspan\\x3e所要時間\\x3c/span\\x3e	\\x3cspan\\x3e所需时间\\x3c/span\\x3e		1	js/patrol/PatrolTop.js
開放：	开放:		1	js/patrol/PatrolTop.js
エリア未解放	区域未解放		1	js/patrol/PatrolTop.js
条件を満たしていません	未满足条件		1	js/patrol/PatrolTop.js
パトロールに出発できる魔法少女がいません。	没有可以出发巡逻的魔法少女。		1	js/patrol/view/PatrolDeckView.js
パトロールに出発するには\\x3cbr\\x3e魔法少女が\\x3cspan class\\x3d'c_red'\\x3e1\\x3c/span\\x3e体以上必要です。	出发巡逻需要\\x3cbr\\x3e\\x3cspan class\\x3d'c_red'\\x3e1\\x3c/span\\x3e个以上的魔法少女。		1	js/patrol/view/PatrolDeckView.js
\\x3cspan class\\x3d'c_red'\\x3eパトロール中\\x3c/span\\x3eの魔法少女がいます。	有\\x3cspan class\\x3d'c_red'\\x3e巡逻中\\x3c/span\\x3e的魔法少女。		1	js/patrol/view/PatrolDeckView.js
通信エラーが発生しました。<span style='display:block;margin-top:20px;font-size:20px'>※内部処理は実行されている可能性がございます。</span>	发生通信错误。<span style='display:block;margin-top:20px;font-size:20px'>※内部处理可能已被执行。</span>	HTML片段	1	js/_common/_common.js
停戦中	停战中		1	js/_common/_common.js
現在、アクセスが集中しております。\\x3cbr\\x3eしばらくたってからアクセスをお願いいたします。	当前访问过于集中。\\x3cbr\\x3e请稍后再访问。		1	js/_common/ajaxControl.js
予期せぬエラー	意外错误		1	js/_common/ajaxControl.js
予期せぬエラーが発生しました。\\x3cbr /\\x3eご迷惑をおかけし、申し訳ございません。[	发生意外错误。\\x3cbr /\\x3e非常抱歉给您带来不便。[		1	js/_common/ajaxControl.js
データ更新	数据更新		1	js/_common/ajaxControl.js
データが更新されました。\\x3cbr\\x3eトップページに遷移します。	数据已更新。\\x3cbr\\x3e即将前往首页。		1	js/_common/ajaxControl.js
通信エラーのポップアップ出したい	想弹出通信错误提示		1	js/_common/ajaxControl.js
時	时	疑似碎片	1	js/_common/backboneCommon.js
日月火水木金土	日一二三四五六		1	js/_common/backboneCommon.js
新しい称号を獲得しました	获得了新称号		1	js/_common/backboneCommon.js
エラーが発生しました。トップページに遷移します。	发生错误。即将前往首页。		1	js/_common/base.js
\\nクエストスタブページへ遷移します。	\\\n即将跳转至关卡占位页。		1	js/_common/isBrowser.js
\\nアリーナスタブページへ遷移します。	\\\n即将跳转至镜界占位页。		1	js/_common/isBrowser.js
\\nイベントアリーナスタブページへ遷移します。	\\\n即将跳转至活动镜界占位页。		1	js/_common/isBrowser.js
デスティニージェムをマギアチップに変換	将命运宝石转换为魔法碎片		1	js/_common/nativeCommand.js
余ったデスティニージェムは、アイテムリスト画面と@魔力解放画面でマギアチップに交換できます	多余的命运宝石@可以在道具列表界面和@魔力解放界面交换成魔法碎片		1	js/_common/nativeCommand.js
ドッペルを持つ魔法少女は@マギアゲージが150まで溜まると発動できます	持有魔女化身的魔法少女@在Magia槽攒到150后即可发动		1	js/_common/nativeCommand.js
マギアLvを5にするとマギアゲージ上限が@150まで解放されます	Magia Lv升到5后,Magia槽上限@将解放到150		1	js/_common/nativeCommand.js
デスティニークリスタルの入手方法	命运水晶的获得方法		1	js/_common/nativeCommand.js
初期レアリティが★4で最大まで魔力解放した魔法少女の@デスティニージェムを変換する際に付与されます	初始稀有度★4且魔力解放至最大的魔法少女的@命运宝石,在转换时发放		1	js/_common/nativeCommand.js
ムービーデータのダウンロードを開始します。	开始下载影片数据。		1	js/_common/nativeCommand.js
ボイスデータのダウンロードを開始します。	开始下载语音数据。		1	js/_common/nativeCommand.js
※ムービーデータは、後からダウンロードすることも可能です。\\n※Wi-Fi環境でのダウンロードをお勧めします。	※影片数据也可以稍后下载。\\\n※建议在Wi-Fi环境下下载。		1	js/_common/nativeCommand.js
ドッペルを持つ魔法少女は@マギアゲージが200まで溜まると発動できます	持有魔女化身的魔法少女@在Magia槽攒到200后即可发动		1	js/_common/nativeCommand2.js
マギアLvを5にするとマギアゲージ上限が@200まで解放されます	Magia Lv升到5后,Magia槽上限@将解放到200		1	js/_common/nativeCommand2.js
終了確認	结束确认		1	js/_common/router.js
アプリを終了しますか？	要退出游戏吗?		1	js/_common/router.js
終了	结束		1	js/_common/router.js
※10連ガチャのうち1枚は、魔法少女確定時の確率で抽選されます。\\x3cbr\\x3e※10連ガチャのうち1枚は、★3以上確定時の確率で抽選されます。\\x3cbr\\x3e※10連ガチャのうち★3以上確定時、魔法少女確定時を除いた8枚は、通常の確率で抽選されます。\\x3cbr\\x3e\\x3cbr\\x3e※提供魔法少女、メモリアは重複する可能性があります。\\x3cbr\\x3e※既に所有している魔法少女を獲得した場合、獲得した魔法少女は、獲得した魔法少女のデスティニージェム\\x3cbr\\x3e　1個に変わります。\\x3cbr\\x3e\\x3cbr\\x3e※個別の魔法少女、メモリアの確率については、小数点第6位を切り捨てしているため、\\x3cbr\\x3e　合計しても100％にならないことがあります。	※10连扭蛋中的1张,按魔法少女确定时的概率抽选。\\x3cbr\\x3e※10连扭蛋中的1张,按★3以上确定时的概率抽选。\\x3cbr\\x3e※10连扭蛋中★3以上确定时,除魔法少女确定时的8张,按通常概率抽选。\\x3cbr\\x3e\\x3cbr\\x3e※提供的魔法少女、记忆结晶可能重复。\\x3cbr\\x3e※获得已持有的魔法少女时,将变为该魔法少女的命运宝石\\x3cbr\\x3e　1个。\\x3cbr\\x3e\\x3cbr\\x3e※单个魔法少女、记忆结晶的概率,因小数点后第6位舍去,\\x3cbr\\x3e　合计后可能不足100%。		1	js/gacha/GachaProbability.js
※10連ガチャのうち1枚は、魔法少女確定時の確率で抽選されます。\\x3cbr\\x3e※10連ガチャのうち1枚は、★3以上確定時の確率で抽選されます。\\x3cbr\\x3e※10連ガチャのうち★3以上確定時、魔法少女確定時を除いた8枚は、通常の確率で抽選されます。\\x3cbr\\x3e※99回連続で★4魔法少女が排出されなかった場合、100回目は★4魔法少女確定時の確率で抽選されます。\\x3cbr\\x3e\\x3cbr\\x3e※提供魔法少女、メモリアは重複する可能性があります。\\x3cbr\\x3e※既に所有している魔法少女を獲得した場合、獲得した魔法少女は、獲得した魔法少女のデスティニージェム\\x3cbr\\x3e　1個に変わります。\\x3cbr\\x3e\\x3cbr\\x3e※個別の魔法少女、メモリアの確率については、小数点第6位を切り捨てしているため、\\x3cbr\\x3e　合計しても100％にならないことがあります。	※10连扭蛋中的1张,按魔法少女确定时的概率抽选。\\x3cbr\\x3e※10连扭蛋中的1张,按★3以上确定时的概率抽选。\\x3cbr\\x3e※10连扭蛋中★3以上确定时,除魔法少女确定时的8张,按通常概率抽选。\\x3cbr\\x3e※连续99次未出★4魔法少女时,第100次按★4魔法少女确定时的概率抽选。\\x3cbr\\x3e\\x3cbr\\x3e※提供的魔法少女、记忆结晶可能重复。\\x3cbr\\x3e※获得已持有的魔法少女时,将变为该魔法少女的命运宝石\\x3cbr\\x3e　1个。\\x3cbr\\x3e\\x3cbr\\x3e※单个魔法少女、记忆结晶的概率,因小数点后第6位舍去,\\x3cbr\\x3e　合计后可能不足100%。		1	js/gacha/GachaProbability.js
※既に所有している魔法少女を獲得した場合、獲得した魔法少女は、獲得した魔法少女のデスティニージェム\\x3cbr\\x3e　1個に変わります。	※获得已持有的魔法少女时,将变为该魔法少女的命运宝石\\x3cbr\\x3e　1个。		1	js/gacha/GachaProbability.js
設定完了	设置完成		1	js/gacha/GachaSaleSettingPopupView.js
レベルが上限に達しています	等级已达上限		1	js/chara/CharaCompose.js
素材を選択してください	请选择素材		1	js/chara/CharaCompose.js
エピソードLv強化	篇章Lv强化		1	js/chara/CharaCompose.js
します。\\x3c/br\\x3eよろしいですか？\\x3c/p\\x3e	。\\x3c/br\\x3e确定吗?\\x3c/p\\x3e		1	js/chara/CharaCompose.js
使用ジェム選択	选择使用宝石		1	js/chara/CharaCompose.js
マギアレベルが上限に達しています	Magia等级已达上限		1	js/chara/CharaComposeMagia.js
マギア強化確認	Magia强化确认		1	js/chara/CharaComposeMagia.js
のマギアを強化します。\\x3c/br\\x3eよろしいですか？\\x3cp\\x3e	强化Magia。\\x3c/br\\x3e确定吗?\\x3cp\\x3e		1	js/chara/CharaComposeMagia.js
マギアLvは最大です	Magia Lv已满级		1	js/chara/CharaComposeMagia.js
エピソードLvを上げると\\x3c/br\\x3eマギアLvの上限が解放されます	提升篇章Lv后\\x3c/br\\x3e将解放Magia Lv上限		1	js/chara/CharaComposeMagia.js
覚醒素材をセットしてください	请放入觉醒素材		1	js/chara/CharaCustomize.js
覚醒可能なLvに達していません	尚未达到可觉醒的Lv		1	js/chara/CharaCustomize.js
上限まで覚醒されています	已觉醒至上限		1	js/chara/CharaCustomize.js
覚醒できません	无法觉醒		1	js/chara/CharaCustomize.js
覚醒確認	觉醒确认		1	js/chara/CharaCustomize.js
を覚醒します。\\x3cbr\\x3eよろしいですか？\\x3c/p\\x3e	进行觉醒。\\x3cbr\\x3e确定吗?\\x3c/p\\x3e		1	js/chara/CharaCustomize.js
精神強化されていないためリセットはできません。	尚未进行精神强化,无法重置。		1	js/chara/CharaEnhancementTree.js
精神強化をリセットしました。	已重置精神强化。		1	js/chara/CharaEnhancementTree.js
原点の器を1個消費して、\\x3cspan class\\x3d'c_pink'\\x3e	消耗1个原点之器,\\x3cspan class\\x3d'c_pink'\\x3e		1	js/chara/CharaEnhancementTree.js
\\x3c/span\\x3eの\\x3cbr\\x3e精神強化をすべてリセットします。よろしいですか？\\x3cbr\\x3e\\x3cspan class\\x3d'resetCaution c_red'\\x3e※精神強化に使用した素材は返還されますが、CCは返還されません\\x3c/span\\x3e\\x3cdiv class\\x3d'resetItem pointFrame'\\x3e\\x3cspan class\\x3d'hasIcons'\\x3e\\x3cimg src\\x3d'/magica/resource/image_web/common/icon/icon_reset_enhance_f.png'\\x3e\\x3c/span\\x3e\\x3cspan class\\x3d'itemCount'\\x3e	\\x3c/span\\x3e的\\x3cbr\\x3e精神强化将全部重置。确定吗?\\x3cbr\\x3e\\x3cspan class\\x3d'resetCaution c_red'\\x3e※精神强化使用的素材会返还,但CC不会返还\\x3c/span\\x3e\\x3cdiv class\\x3d'resetItem pointFrame'\\x3e\\x3cspan class\\x3d'hasIcons'\\x3e\\x3cimg src\\x3d'/magica/resource/image_web/common/icon/icon_reset_enhance_f.png'\\x3e\\x3c/span\\x3e\\x3cspan class\\x3d'itemCount'\\x3e		1	js/chara/CharaEnhancementTree.js
リセット	重置		1	js/chara/CharaEnhancementTree.js
精神強化のリセットには原点の器が必要です。\\x3cdiv class\\x3d'resetItem pointFrame'\\x3e\\x3cspan class\\x3d'hasIcons'\\x3e\\x3cimg src\\x3d'/magica/resource/image_web/common/icon/icon_reset_enhance_f.png'\\x3e\\x3c/span\\x3e\\x3cspan class\\x3d'itemCount'\\x3e	重置精神强化需要原点之器。\\x3cdiv class\\x3d'resetItem pointFrame'\\x3e\\x3cspan class\\x3d'hasIcons'\\x3e\\x3cimg src\\x3d'/magica/resource/image_web/common/icon/icon_reset_enhance_f.png'\\x3e\\x3c/span\\x3e\\x3cspan class\\x3d'itemCount'\\x3e		1	js/chara/CharaEnhancementTree.js
\\x3cp\\x3e精神強化に必要な素材が不足しています。\\x3cp\\x3e\\x3cp class\\x3d'c_red multiCaution'\\x3e※前提条件を含む、	\\x3cp\\x3e精神强化所需素材不足。\\x3cp\\x3e\\x3cp class\\x3d'c_red multiCaution'\\x3e※包含前提条件,		1	js/chara/CharaEnhancementTree.js
マス分の精神強化素材が必要です。	需要格数对应的精神强化素材。		1	js/chara/CharaEnhancementTree.js
の能力解放を行います。\\x3c/br\\x3eよろしいですか？\\x3cp\\x3e\\x3cp class\\x3d'c_red multiCaution'\\x3e※前提条件を含む	进行能力解放。\\x3c/br\\x3e确定吗?\\x3cp\\x3e\\x3cp class\\x3d'c_red multiCaution'\\x3e※包含前提条件		1	js/chara/CharaEnhancementTree.js
マスの精神強化が解放されます。	格子的精神强化将解放。		1	js/chara/CharaEnhancementTree.js
\\x3cp\\x3e精神強化に必要な素材が不足しています。	\\x3cp\\x3e精神强化所需素材不足。		1	js/chara/CharaEnhancementTree.js
の能力解放を行います。\\x3c/br\\x3eよろしいですか？\\x3cp\\x3e	进行能力解放。\\x3c/br\\x3e确定吗?\\x3cp\\x3e		1	js/chara/CharaEnhancementTree.js
精神強化に必要なCCが不足しています。	精神强化所需CC不足。		1	js/chara/CharaEnhancementTree.js
HP最大能力値アップ	HP最大能力值提升		1	js/chara/CharaEnhancementTree.js
ATK最大能力値アップ	ATK最大能力值提升		1	js/chara/CharaEnhancementTree.js
DEF最大能力値アップ	DEF最大能力值提升		1	js/chara/CharaEnhancementTree.js
Accele性能アップ	Accele性能提升		1	js/chara/CharaEnhancementTree.js
Blast性能アップ	Blast性能提升		1	js/chara/CharaEnhancementTree.js
Charge性能アップ	Charge性能提升		1	js/chara/CharaEnhancementTree.js
のジェム\\x3cbr\\x3e\\x3cspan class\\x3d'c_red'\\x3eディスティニージェムが不足しています\\x3c/span\\x3e\\x3cp\\x3e	的宝石\\x3cbr\\x3e\\x3cspan class\\x3d'c_red'\\x3e命运宝石不足\\x3c/span\\x3e\\x3cp\\x3e		1	js/chara/CharaEquip.js
魔力解放確認	魔力解放确认		1	js/chara/CharaEquip.js
イノセント・ジェム	纯真宝石		1	js/chara/CharaEquip.js
ジェム	宝石	疑似碎片	1	js/chara/CharaEquip.js
を使用して\\x3cbr\\x3e	来\\x3cbr\\x3e		1	js/chara/CharaEquip.js
を魔力解放します。\\x3cbr\\x3eよろしいですか？\\x3cp\\x3e	进行魔力解放。\\x3cbr\\x3e确定吗?\\x3cp\\x3e		1	js/chara/CharaEquip.js
お気に入り	收藏		1	js/chara/CharaTop.js
に設定しました。	已设置。		1	js/chara/CharaTop.js
素材が足りないため強化できません	素材不足,无法强化		1	js/chara/CharaComposeAttribute/ComposeAttributeList.js
一括属性強化	一键属性强化		1	js/chara/CharaComposeAttribute/ComposeAttributeList.js
一括強化	一键强化		1	js/chara/CharaComposeAttribute/ComposeAttributeList.js
\\x3cp class\\x3d"text"\\x3eすでに強化済みです\\x3c/p\\x3e	\\x3cp class\\x3d"text"\\x3e已经强化过了\\x3c/p\\x3e		1	js/chara/CharaComposeAttribute/ComposeAttributeList.js
\\x3cp class\\x3d"text"\\x3e解除条件：	\\x3cp class\\x3d"text"\\x3e解除条件:		1	js/chara/CharaComposeAttribute/ComposeAttributeList.js
\\x3cp class\\x3d"text"\\x3e強化できる魔力印がありません\\x3c/p\\x3e	\\x3cp class\\x3d"text"\\x3e没有可以强化的魔力印\\x3c/p\\x3e		1	js/chara/CharaComposeAttribute/ComposeAttributeList.js
で解除されます	即可解除		1	js/chara/CharaComposeAttribute/ComposeAttributeListModel.js
解放素材確認	解放素材确认		1	js/chara/CharaComposeAttribute/popupCheckMaterial.js
イラスト	插画		1	js/view/collection/CollectionDetailView.js
AP回復薬50	AP回复药50		1	js/view/user/APPopup.js
AP回復薬MAX	AP回复药MAX		1	js/view/user/APPopup.js
APはこれ以上回復できません。\\x3cbr\\x3eクエストをプレイしてAPを消費することで\\x3cbr\\x3e再度回復が可能になります。	AP无法继续回复。\\x3cbr\\x3e游玩关卡消耗AP后\\x3cbr\\x3e才能再次回复。		1	js/view/user/APPopup.js
クエスト	关卡		1	js/view/user/APPopup.js
年末ドリームマギアくじ	年末梦幻Magia签		1	js/view/user/BannerView.js
\\x3c/p\\x3e当選者につきましては12/30放送予定の年末特別番組\\x3cbr\\x3e「アニメ放送直前SP〜マギレコ夜噺〜」\\x3cbr\\x3eにて発表いたします。	\\x3c/p\\x3e中奖者将在12/30播出的年末特别节目\\x3cbr\\x3e「动画开播前SP〜魔纪夜话〜」\\x3cbr\\x3e中公布。		1	js/view/user/BannerView.js
あなたの抽選番号は\\x3cp class\\x3d"c_pink" style\\x3d"width:80%;font-size:30px;margin:20px auto;border:1px solid #CCC;padding:10px 0px;text-align:center"\\x3e	你的抽选号码是\\x3cp class\\x3d"c_pink" style\\x3d"width:80%;font-size:30px;margin:20px auto;border:1px solid #CCC;padding:10px 0px;text-align:center"\\x3e		1	js/view/user/BannerView.js
魔法少女について	关于魔法少女		1	js/view/user/GlobalMenuView.js
魔法少女強化について	关于魔法少女强化		1	js/view/user/GlobalMenuView.js
精神強化について	关于精神强化		1	js/view/user/GlobalMenuView.js
属性強化について	关于属性强化		1	js/view/user/GlobalMenuView.js
ガチャについて	关于扭蛋		1	js/view/user/GlobalMenuView.js
ミッションについて	关于任务		1	js/view/user/GlobalMenuView.js
ショップについて	关于商店		1	js/view/user/GlobalMenuView.js
チームについて	关于队伍		1	js/view/user/GlobalMenuView.js
プレゼントについて	关于礼物		1	js/view/user/GlobalMenuView.js
アイテムについて	关于道具		1	js/view/user/GlobalMenuView.js
フォローについて	关于关注		1	js/view/user/GlobalMenuView.js
メモリアセットについて	关于记忆结晶套装		1	js/view/user/GlobalMenuView.js
ストーリーアーカイブについて	关于剧情存档		1	js/view/user/GlobalMenuView.js
パトロールについて	关于巡逻		1	js/view/user/GlobalMenuView.js
ただいま集計中です。\\x3cbr\\x3e最終結果は	正在统计中。\\x3cbr\\x3e最终结果		1	js/view/user/GlobalMenuView.js
から確認いただけます。	查看。		1	js/view/user/GlobalMenuView.js
ただいま集計中です。\\x3cbr\\x3e後半戦は	正在统计中。\\x3cbr\\x3e后半战		1	js/view/user/GlobalMenuView.js
から開始いたします。	开始。		1	js/view/user/GlobalMenuView.js
集計中	统计中		1	js/view/user/GlobalMenuView.js
開催予定	预定举办		1	js/view/user/GlobalMenuView.js
結果発表中	结果发表中		1	js/view/user/GlobalMenuView.js
前回集計時の圏内まであと：	距上次统计圈内还差:		1	js/view/user/MyProfilePopup.js
魔法少女　総合戦力について	魔法少女 关于综合战力		1	js/view/user/MyProfilePopup.js
コメントを編集しました。	已编辑留言。		1	js/view/user/MyProfilePopup.js
称号を変更しました	已更换称号		1	js/view/user/MyProfilePopup.js
入力されたシリアルコードに誤りがあります。\\x3cbr\\x3e※シリアルコードは、ー（ハイフン）を除いた12桁の半角英数字です。	输入的兑换码有误。\\x3cbr\\x3e※兑换码为不含-(连字符)的12位半角英数字。		1	js/view/config/ConfigTopView.js
入力されたシリアルコードは特典受取り済です。\\x3cbr\\x3e※特典はプレゼントボックスよりお受け取りください。	输入的兑换码已领取过特典。\\x3cbr\\x3e※特典请到礼物盒领取。		1	js/view/config/ConfigTopView.js
入力されたシリアルコードは有効期間外です。	输入的兑换码已过有效期。		1	js/view/config/ConfigTopView.js
シリアルコード	兑换码		1	js/view/config/ConfigTopView.js
受け取りが完了しました。\\x3cbr\\x3e特典はプレゼントボックスよりお受け取りください。	领取完成。\\x3cbr\\x3e特典请到礼物盒领取。		1	js/view/config/ConfigTopView.js
プレゼントを	礼物		1	js/view/present/PresentListPageView.js
件受け取りました	件已领取		1	js/view/present/PresentListPageView.js
プレゼントを1件受け取りました	已领取1件礼物		1	js/view/present/PresentListPartsView.js
modelがaddされました	model已添加		1	js/view/quest/PreQuestPopupView.js
modelがremoveされました	model已移除		1	js/view/quest/PreQuestPopupView.js
魔法少女が選択されていません	未选择魔法少女		1	js/view/quest/PreQuestPopupView.js
日付が変わったため\\x3cbr\\x3e対象のクエストをプレイすることはできません	日期已变更,\\x3cbr\\x3e无法游玩该关卡		1	js/view/quest/QuestListPartsView.js
クエストに必要なアイテムは\\x3cbr\\x3eメイン・アナザー・魔法少女・曜日クエストの\\x3cbr\\x3e各クエストで入手できます。	关卡所需道具可在\\x3cbr\\x3e主线·支线·魔法少女·曜日关卡的\\x3cbr\\x3e各关卡中获得。		1	js/view/quest/QuestListPartsView.js
クエストに必要なアイテムは\\x3cbr\\x3e『アニメ2nd SEASON』放送期間中\\x3cbr\\x3e毎週土曜日・日曜日に\\x3cbr\\x3eゲームにログインすることで入手できます。	关卡所需道具可在\\x3cbr\\x3e『动画2nd SEASON』播出期间\\x3cbr\\x3e每周六·周日\\x3cbr\\x3e登录游戏获得。		1	js/view/quest/QuestListPartsView.js
アイテムが足りません	道具不足		1	js/view/quest/QuestListPartsView.js
セクション内に未クリアクエストがあります。選択画面に遷移します。	小节内还有未通关的关卡。即将前往选择界面。		1	js/view/quest/QuestResultView.js
クエスト結果が正しく取得できませんでした。\\x3cbr\\x3eトップページに戻ります。	无法正确获取关卡结果。\\x3cbr\\x3e返回首页。		1	js/view/quest/QuestResultView.js
\\x3cspan class\\x3d'c_pink popUserName'\\x3e\\x3c/span\\x3eをフォローしました。	\\x3cspan class\\x3d'c_pink popUserName'\\x3e\\x3c/span\\x3e已关注。		1	js/view/quest/QuestResultView.js
このストーリーは再挑戦できません。	该剧情无法再次挑战。		1	js/view/quest/QuestSectionListPartsView.js
全てのクエストをクリアしています。	已通关全部关卡。		1	js/view/quest/SubQuestView.js
BPを回復しました。	BP已回复。		1	js/view/arena/ArenaBpCureView.js
\\x3cbr\\x3e\\x3cbr\\x3e\\x3cbr\\x3e\\x3cspan class\\x3d'c_red'\\x3e※演習を行うにはBPを1以上所持している必要があります。\\x3c/span\\x3e	\\x3cbr\\x3e\\x3cbr\\x3e\\x3cbr\\x3e\\x3cspan class\\x3d'c_red'\\x3e※进行演习需要持有1以上BP。\\x3c/span\\x3e		1	js/view/arena/ArenaConfirmView.js
BPを1消費して対戦相手を変更しますか？\\x3cbr\\x3e(対戦相手の再抽選まであと	要消耗1BP更换对战对手吗?\\x3cbr\\x3e(距对手重新抽选还有		1	js/view/arena/ArenaFreeRankView.js
\\x3cli class\\x3d"nomatch"\\x3e現在対戦可能な相手がいません\\x3cbr\\x3eしばらくしてから再度来場ください\\x3c/li\\x3e	\\x3cli class\\x3d"nomatch"\\x3e现在没有可以对战的对手\\x3cbr\\x3e请稍后再来\\x3c/li\\x3e		1	js/view/arena/ArenaFreeRankView.js
リプレイのバージョンが古いため、再生できません。	回放版本过旧,无法播放。		1	js/view/arena/ArenaHistoryView.js
リプレイIDをコピーしました。\\x3cbr\\x3e\\x3cbr\\x3e\\x3cdl class\\x3d'colWrap common_dl'\\x3e\\x3cdt class\\x3d'colLeft'\\x3eリプレイID\\x3c/dt\\x3e\\x3cdd class\\x3d'colRight'\\x3e\\x3cspan class\\x3d'black'\\x3e	回放ID已复制。\\x3cbr\\x3e\\x3cbr\\x3e\\x3cdl class\\x3d'colWrap common_dl'\\x3e\\x3cdt class\\x3d'colLeft'\\x3e回放ID\\x3c/dt\\x3e\\x3cdd class\\x3d'colRight'\\x3e\\x3cspan class\\x3d'black'\\x3e		1	js/view/arena/ArenaHistoryView.js
リプレイIDを正しく入力してください	请正确输入回放ID		1	js/view/arena/ArenaHistoryView.js
<p class="nomatch commonFrame4">現在対戦可能な相手がいません<br>しばらくしてから再度来場ください</p>	<p class="nomatch commonFrame4">现在没有可以对战的对手<br>请稍后再来</p>	HTML片段	1	js/view/arena/ArenaRankingView.js
チーム力順	按队伍战力排序		1	js/view/arena/ArenaSimulateView.js
プレーヤー名順	按玩家名排序		1	js/view/arena/ArenaSimulateView.js
ミラーズIDを正しく入力してください	请正确输入镜界ID		1	js/view/arena/ArenaSimulateView.js
ミラーズID対戦	镜界ID对战		1	js/view/arena/ArenaSimulateView.js
\\x3cli class\\x3d"nomatch"\\x3e対戦可能な相手が存在しません\\x3cbr\\x3e\\x3cbr\\x3eミラーズ解放済みの相手と戦うことができます\\x3c/li\\x3e	\\x3cli class\\x3d"nomatch"\\x3e没有可以对战的对手\\x3cbr\\x3e\\x3cbr\\x3e可以与已解放镜界的对手战斗\\x3c/li\\x3e		1	js/view/arena/ArenaSimulateView.js
結果発表	结果发表		1	js/view/arena/ArenaTopView.js
ミラーズイベント	镜界活动		1	js/view/arena/ArenaTopView.js
ミラーズイベントは現在開催しておりません。\\x3cbr\\x3e次回開催をお待ちください。	镜界活动当前未举办。\\x3cbr\\x3e请等待下次举办。		1	js/view/arena/ArenaTopView.js
本日分の対戦回数の上限に達しています。\\x3cbr\\x3e対戦回数は16:00にリセットされます。	今日对战次数已达上限。\\x3cbr\\x3e对战次数将于16:00重置。		1	js/view/arena/ArenaTopView.js
本日分の対戦回数の上限に達しています。\\x3cbr\\x3e本戦は	今日对战次数已达上限。\\x3cbr\\x3e正赛		1	js/view/arena/ArenaTopView.js
本戦の対戦回数の上限に達しています。\\x3cbr\\x3e結果発表をお待ちください。	正赛对战次数已达上限。\\x3cbr\\x3e请等待结果发表。		1	js/view/arena/ArenaTopView.js
現在、ミラーズランキングの結果集計中です。\\x3cbr\\x3e集計中はミラーズバトルはプレイできません。\\x3cbr\\x3e本戦は	镜界排行榜结果统计中。\\x3cbr\\x3e统计期间无法进行镜界对战。\\x3cbr\\x3e正赛		1	js/view/arena/ArenaTopView.js
ミラーズランキングは現在開催しておりません。\\x3cbr\\x3e次回開催をお待ちください。	镜界排行榜当前未举办。\\x3cbr\\x3e请等待下次举办。		1	js/view/arena/ArenaTopView.js
前日の防衛ボーナス	前日防卫加成		1	js/view/arena/ArenaTopView.js
・ストーリー解放条件	·剧情解放条件		1	js/view/arena/ArenaTopView.js
ブロック	拉黑		1	js/view/follow/FollowTopView.js
検索条件が入力されていません。	未输入搜索条件。		1	js/view/follow/FollowTopView.js
メインストーリー2章を\\x3cbr\\x3eクリアすることで解放されます。	通关主线剧情第2章后\\x3cbr\\x3e即可解放。		1	js/view/mission/MissionTopListView.js
\\x3cspan\\x3eドッペル解放\\x3cbr\\x3eチャレンジ\\x3c/span\\x3e	\\x3cspan\\x3e魔女化身解放\\x3cbr\\x3e挑战\\x3c/span\\x3e		1	js/view/mission/MissionTopView.js
ドッペル解放チャレンジ	魔女化身解放挑战		1	js/view/mission/MissionTopView.js
\\x3cspan\\x3eスタンプカード\\x3c/span\\x3e	\\x3cspan\\x3e集章卡\\x3c/span\\x3e		1	js/view/mission/MissionTopView.js
スタンプカード	集章卡		1	js/view/mission/MissionTopView.js
現在、以下のメモリアを選択しています。\\x3cbr\\x3e\\x3cdiv id\\x3d'pieceImgList' class\\x3d'commonFrame2'\\x3e	当前选择了以下记忆结晶。\\x3cbr\\x3e\\x3cdiv id\\x3d'pieceImgList' class\\x3d'commonFrame2'\\x3e		1	js/view/gacha/GachaBtnView.js
)\\x3c/span\\x3eを選択しています。\\x3cbr\\x3e	)\\x3c/span\\x3e。\\x3cbr\\x3e		1	js/view/gacha/GachaBtnView.js
\\x3c/span\\x3eを選択しています。\\x3cbr\\x3e	\\x3c/span\\x3e。\\x3cbr\\x3e		1	js/view/gacha/GachaBtnView.js
1日1回無料10連ノーマルガチャを行います。\\x3cbr\\x3eよろしいですか？\\x3cdiv id\\x3d'saleSettingBtn' class\\x3d'sb_gold_02 TE se_decide'\\x3e自動設定\\x3c/div\\x3e	进行每日1次免费10连普通扭蛋。\\x3cbr\\x3e确定吗?\\x3cdiv id\\x3d'saleSettingBtn' class\\x3d'sb_gold_02 TE se_decide'\\x3e自动设置\\x3c/div\\x3e		1	js/view/gacha/GachaBtnView.js
1日1回無料10連ノーマルガチャを行います。\\x3cbr\\x3eよろしいですか？\\x3cdiv class\\x3d'gachaAttentionArea commonFrame3'\\x3e本日、\\x3cspan class\\x3d'c_pink'\\x3e残り	进行每日1次免费10连普通扭蛋。\\x3cbr\\x3e确定吗?\\x3cdiv class\\x3d'gachaAttentionArea commonFrame3'\\x3e今天\\x3cspan class\\x3d'c_pink'\\x3e剩余		1	js/view/gacha/GachaBtnView.js
回無料\\x3c/span\\x3eでガチャを行うことができます\\x3c/div\\x3e\\x3cdiv id\\x3d'saleSettingBtn' class\\x3d'sb_gold_02 TE se_decide'\\x3e自動設定\\x3c/div\\x3e	次免费\\x3c/span\\x3e扭蛋\\x3c/div\\x3e\\x3cdiv id\\x3d'saleSettingBtn' class\\x3d'sb_gold_02 TE se_decide'\\x3e自动设置\\x3c/div\\x3e		1	js/view/gacha/GachaBtnView.js
期間外のため\\x3cbr\\x3e対象のガチャは存在しません	不在期间内,\\x3cbr\\x3e该扭蛋不存在		1	js/view/gacha/GachaTopView2.js
サポート Pt	支援Pt		1	js/view/gacha/GachaTopView2.js
\\x3cp class\\x3d"noItems"\\x3e素材を所持していません\\x3c/p\\x3e	\\x3cp class\\x3d"noItems"\\x3e没有持有素材\\x3c/p\\x3e		1	js/view/item/ItemListView.js
ありがとうございます。\\x3cbr\\x3e年齢認証が完了しました。\\x3cbr\\x3e引き続きゲームをお楽しみください。	谢谢。\\x3cbr\\x3e年龄认证已完成。\\x3cbr\\x3e请继续享受游戏。		1	js/view/purchase/PurchasePopup.js
年齢認証が必要です	需要年龄认证		1	js/view/purchase/PurchasePopup.js
このアイテムは現在購入できません。\\x3cbr\\x3e少し時間を空けてから、\\x3cbr\\x3eアプリの再起動をお試しください。	该道具当前无法购买。\\x3cbr\\x3e请稍等片刻,\\x3cbr\\x3e并尝试重启应用。		1	js/view/purchase/PurchasePopupPartView.js
プロフィールON	公开个人资料		1	js/view/chara/CharaDetailView.js
プロフィールOFF	隐藏个人资料		1	js/view/chara/CharaDetailView.js
期間外のため\\x3cbr\\x3e対象のアイテムを購入することはできません	不在期间内,\\x3cbr\\x3e无法购买该道具		1	js/view/shop/ShopPopupView.js
購入可能上限に達しています。	已达购买上限。		1	js/view/shop/ShopPopupView.js
マギアストーン(有償)	魔法石(付费)		1	js/view/shop/ShopPopupView.js
購入に必要なアイテム	购买所需道具		1	js/view/shop/ShopPopupView.js
が\\x3cbr\\x3e不足しています。	\\x3cbr\\x3e不足。		1	js/view/shop/ShopPopupView.js
購入個数を選択してください。	请选择购买个数。		1	js/view/shop/ShopPopupView.js
1体	1个		1	js/view/shop/ShopPopupView.js
枚	张	疑似碎片	1	js/view/shop/ShopPopupView.js
購入完了	购买完成		1	js/view/shop/ShopPopupView.js
限界突破済のメモリアが含まれています。\\x3cbr\\x3eよろしいですか？	包含已界限突破的记忆结晶。\\x3cbr\\x3e确定吗?		1	js/view/memoria/MemoriaComposeTopCardListView.js
カースチップが不足しています。	诅咒碎片不足。		1	js/view/memoria/MemoriaComposeTopView.js
素材が選択されていません	未选择素材		1	js/view/memoria/MemoriaComposeTopView.js
対象が選択されていません	未选择对象		1	js/view/memoria/MemoriaComposeTopView.js
上限:			1	js/view/memoria/PieceArchiveView.js
移動可能数:	可移动数:		1	js/view/memoria/PieceArchiveView.js
保管庫MAX空:	保管库最大空余:		1	js/view/memoria/PieceArchiveView.js
保管庫総数:	保管库总数:		1	js/view/memoria/PieceArchiveView.js
各保管庫:	各保管库:		1	js/view/memoria/PieceArchiveView.js
保管庫に送る	送至保管库		1	js/view/memoria/PieceArchiveView.js
一覧に送る	送至一览		1	js/view/memoria/PieceArchiveView.js
強化するメモリアを選んでください	请选择要强化的记忆结晶		1	js/view/memoria/UserMemoriaListView.js
限界突破するメモリアを選んでください	请选择要界限突破的记忆结晶		1	js/view/memoria/UserMemoriaListView.js
ロック/解除するメモリアを選んでください	请选择要锁定/解锁的记忆结晶		1	js/view/memoria/UserMemoriaListView.js
詳細を確認するメモリアを選んでください	请选择要查看详情的记忆结晶		1	js/view/memoria/UserMemoriaListView.js
売却するメモリアを選んでください	请选择要出售的记忆结晶		1	js/view/memoria/UserMemoriaListView.js
売却するメモリアが選択されていません。	未选择要出售的记忆结晶。		1	js/view/memoria/UserMemoriaListView.js
売却しました	已出售		1	js/view/memoria/UserMemoriaListView.js
メモリアセット編集の終了	结束记忆结晶套装编辑		1	js/memoria/MemoriaEquip.js
メモリアセットの内容が変更されています。	记忆结晶套装的内容已变更。		1	js/memoria/MemoriaEquip.js
メモリア装備確認	记忆结晶装备确认		1	js/memoria/MemoriaEquip.js
メモリアの装備の内容が変更されています。	记忆结晶的装备内容已变更。		1	js/memoria/MemoriaEquip.js
変更を破棄して編成に戻る	放弃更改返回编成		1	js/memoria/MemoriaEquip.js
変更を保持して編成に戻る	保留更改返回编成		1	js/memoria/MemoriaEquip.js
このメモリアは既に他のセットへ登録中です。\\x3cbr\\x3eセット登録しますか？	该记忆结晶已登记在其他套装中。\\x3cbr\\x3e要登记到套装吗?		1	js/memoria/MemoriaEquip.js
メモリアロック解除	记忆结晶解锁		1	js/memoria/MemoriaPopup.js
イベント期間中にこのメモリアのロックを\\x3cbr\\x3e解除することはできません。	活动期间内无法\\x3cbr\\x3e解除该记忆结晶的锁定。		1	js/memoria/MemoriaPopup.js
レンタルメモリアセット	租用记忆结晶套装		1	js/memoria/MemoriaSetEquip.js
」を上書きします。\\x3c/br\\x3e	」。\\x3c/br\\x3e		1	js/memoria/MemoriaSetEquip.js
メモリアセット上書き確認	记忆结晶套装覆盖确认		1	js/memoria/MemoriaSetEquip.js
よろしいですか？\\x3c/p\\x3e	确定吗?\\x3c/p\\x3e		1	js/memoria/MemoriaSetEquip.js
\\x3cp\\x3e現在の装備メモリアの代わりに、\\x3c/br\\x3e	\\x3cp\\x3e代替当前装备的记忆结晶,\\x3c/br\\x3e		1	js/memoria/MemoriaSetEquip.js
\\x3cp\\x3e現在の装備メモリアをはずして、\\x3c/br\\x3e	\\x3cp\\x3e卸下当前装备的记忆结晶,\\x3c/br\\x3e		1	js/memoria/MemoriaSetEquip.js
メモリアセット確認	记忆结晶套装确认		1	js/memoria/MemoriaSetEquip.js
装備したいセットを選んでください	请选择要装备的套装		1	js/memoria/MemoriaSetEquip.js
登録したいセットを選んでください	请选择要登记的套装		1	js/memoria/MemoriaSetEquip.js
よろしいですか？\\x3c/p\\x3e\\x3cp class\\x3d"c_red"\\x3e※現在装備しているメモリアのレンタルを外すと\\x3c/br\\x3e元のメモリアを装備した状態になります。\\x3c/p\\x3e	确定吗?\\x3c/p\\x3e\\x3cp class\\x3d"c_red"\\x3e※解除当前装备的记忆结晶的租用后,\\x3c/br\\x3e将恢复为装备原记忆结晶的状态。\\x3c/p\\x3e		1	js/memoria/MemoriaSetEquip.js
よろしいですか？\\x3c/p\\x3e\\x3cp class\\x3d"c_red"\\x3e※同じチームの魔法少女が装備しているメモリアが含まれる場合、\\x3c/br\\x3e自動的にその魔法少女から装備がはずされます。\\x3c/p\\x3e	确定吗?\\x3c/p\\x3e\\x3cp class\\x3d"c_red"\\x3e※若包含同队魔法少女装备中的记忆结晶,\\x3c/br\\x3e将自动从该魔法少女身上卸下。\\x3c/p\\x3e		1	js/memoria/MemoriaSetEquip.js
殲滅戦のチームに編成されていない、\\x3cbr\\x3e★4または★5まで覚醒済みの魔法少女が、\\x3cbr\\x3e1体以上編成されているチームを選択してください。	请选择编有1个以上\\x3cbr\\x3e未编入歼灭战队伍、\\x3cbr\\x3e已觉醒至★4或★5的魔法少女的队伍。		1	js/formation/DeckFormation.js
鏡の魔女との戦いに編成されていない魔法少女が、\\x3cbr\\x3e1体以上編成されているチームを選択してください。	请选择编有1个以上\\x3cbr\\x3e未编入镜之魔女战斗的魔法少女的队伍。		1	js/formation/DeckFormation.js
人未満の魔法少女の\\x3cbr\\x3e編成である必要があります。	人以下的魔法少女\\x3cbr\\x3e编成。		1	js/formation/DeckFormation.js
\\x3c/span\\x3eを\\x3cspan class\\x3d'c_pink'\\x3e	\\x3c/span\\x3e\\x3cspan class\\x3d'c_pink'\\x3e		1	js/formation/DeckFormation.js
\\x3c/span\\x3eへコピーしました。\\x3cbr\\x3e\\x3cbr\\x3e\\x3cspan class\\x3d'c_red'\\x3e決定ボタンをタップすることで確定されます。\\x3c/span\\x3e	已复制到\\x3c/span\\x3e。\\x3cbr\\x3e\\x3cbr\\x3e\\x3cspan class\\x3d'c_red'\\x3e点击决定按钮后即可确定。\\x3c/span\\x3e		1	js/formation/DeckFormation.js
属性は最低１種類選ぶ必要があります。	至少需要选择1种属性。		1	js/formation/DeckFormation.js
選んだ属性の魔法少女を所持していないため\\x3cbr\\x3e編成することができません。	没有持有所选属性的魔法少女,\\x3cbr\\x3e无法编成。		1	js/formation/DeckFormation.js
この編成を殲滅戦の編成にコピーします。\\x3cbr\\x3e\\x3cbr\\x3e\\x3cspan class\\x3d"c_red"\\x3e※★4まで覚醒していない魔法少女、\\x3cbr\\x3e殲滅戦のチームに編成に編成されている魔法少女は\\x3cbr\\x3eコピーされません。\\x3c/span\\x3e	将这个编成复制到歼灭战编成。\\x3cbr\\x3e\\x3cbr\\x3e\\x3cspan class\\x3d"c_red"\\x3e※未觉醒至★4的魔法少女、\\x3cbr\\x3e已编入歼灭战队伍的魔法少女\\x3cbr\\x3e不会被复制。\\x3c/span\\x3e		1	js/formation/DeckFormation.js
この編成をコピーします。\\x3cbr\\x3e\\x3cbr\\x3e\\x3cspan class\\x3d"c_red"\\x3e※鏡の魔女との戦いに編成されている\\x3cbr\\x3e魔法少女はコピーされません。\\x3c/span\\x3e	复制这个编成。\\x3cbr\\x3e\\x3cbr\\x3e\\x3cspan class\\x3d"c_red"\\x3e※已编入镜之魔女战斗的\\x3cbr\\x3e魔法少女不会被复制。\\x3c/span\\x3e		1	js/formation/DeckFormation.js
サポートチーム	支援队伍		1	js/formation/DeckFormationUtil.js
ミラーズチーム	镜界队伍		1	js/formation/DeckFormationUtil.js
イベントミラーズチーム	活动镜界队伍		1	js/formation/DeckFormationUtil.js
レベル40未満の魔法少女がチームに含まれています。	队伍中包含未满40级的魔法少女。		1	js/formation/DeckFormationUtil.js
チーム変更	更换队伍		1	js/formation/FormationQuest.js
eventEffect調査:	eventEffect调查:		1	js/formation/FormationQuest.js
』を解散します。\\x3cbr\\x3eよろしいですか？	』将被解散。\\x3cbr\\x3e确定吗?		1	js/formation/FormationQuest.js
イベントのチーム	活动队伍		1	js/formation/FormationQuest.js
ミラーズのチーム	镜界队伍		1	js/formation/FormationQuest.js
クエストスタート:	关卡开始:		1	js/formation/FormationQuest.js
サポート変更確認	支援变更确认		1	js/formation/FormationSupport.js
サポートが変更されています。	支援已变更。		1	js/formation/FormationSupport.js
全設定削除	删除全部设置		1	js/formation/FormationSupport.js
サポート設定をリセットします。\\x3cbr\\x3eよろしいですか？	重置支援设置。\\x3cbr\\x3e确定吗?		1	js/formation/FormationSupport.js
次回開催をお待ちください	请等待下次举办		1	js/regularEvent/RegularEventTop.js
タップで最終ランキングページへ移動します	点击前往最终排行页面		1	js/regularEvent/RegularEventTop.js
ステージの攻略中を中断して、トップ画面に戻ります。\\x3cbr\\x3e\\x3cbr\\x3e\\x3cspan class\\x3d'c_red'\\x3e※クエストの攻略状態は保存されません。\\x3c/span\\x3e	中断关卡点攻略,返回主界面。\\x3cbr\\x3e\\x3cbr\\x3e\\x3cspan class\\x3d'c_red'\\x3e※关卡的攻略状态不会被保存。\\x3c/span\\x3e		1	js/regularEvent/extermination/RegularEventExterminationBattleSelect.js
魔法少女の編成が完了いたしました。\\x3cbr\\x3e\\x3cbr\\x3e\\x3cdiv class\\x3d'c_red'\\x3e※メモリアは特別な効果があるものが\\x3cbr\\x3e優先的に装備されます。\\x3c/div\\x3e	魔法少女编成完成。\\x3cbr\\x3e\\x3cbr\\x3e\\x3cdiv class\\x3d'c_red'\\x3e※记忆结晶会优先装备\\x3cbr\\x3e有特殊效果的。\\x3c/div\\x3e		1	js/regularEvent/extermination/RegularEventExterminationFormation.js
制圧中の編成以外を以下の編成へと入れ替えます。よろしいですか？\\x3cbr\\x3e\\x3cdiv class\\x3d'c_red'\\x3e※メモリアは特別な効果があるものが優先的に装備されます。\\x3c/div\\x3e\\x3cdiv id\\x3d'autoFormationContainer'\\x3e\\x3c/div\\x3e	将压制中的编成以外替换为以下编成。确定吗?\\x3cbr\\x3e\\x3cdiv class\\x3d'c_red'\\x3e※记忆结晶会优先装备有特殊效果的。\\x3c/div\\x3e\\x3cdiv id\\x3d'autoFormationContainer'\\x3e\\x3c/div\\x3e		1	js/regularEvent/extermination/RegularEventExterminationFormation.js
各メモリア	各记忆结晶		1	js/regularEvent/extermination/RegularEventExterminationFormation.js
殲滅戦には専用の編成が必要です。\\x3cbr\\x3eクエスト編成をコピーして殲滅戦の編成を行いますか？	歼灭战需要专用编成。\\x3cbr\\x3e要复制关卡编成来进行歼灭战编成吗?		1	js/regularEvent/extermination/RegularEventExterminationFormation.js
ステージ	关卡点		1	js/regularEvent/extermination/RegularEventExterminationTop.js
へ再度挑戦します。\\x3cbr\\x3eよろしいですか？	再次挑战。\\x3cbr\\x3e确定吗?		1	js/regularEvent/extermination/RegularEventExterminationTop.js
\\x3cbr\\x3eに解放	\\x3cbr\\x3e后解放		1	js/regularEvent/extermination/RegularEventExterminationTop.js
クリア\\x3cbr\\x3eで解放	通关\\x3cbr\\x3e后解放		1	js/regularEvent/extermination/RegularEventExterminationTop.js
殲滅戦に参加するには\\x3cbr\\x3e★4以上の魔法少女が\\x3cspan class\\x3d'c_red'\\x3e5\\x3c/span\\x3e体必要です。	参加歼灭战需要\\x3cbr\\x3e\\x3cspan class\\x3d'c_red'\\x3e5\\x3c/span\\x3e个★4以上的魔法少女。		1	js/regularEvent/extermination/RegularEventExterminationTop.js
他の結界を\\x3cspan class\\x3d'attention'\\x3e全て制圧すると挑戦\\x3c/span\\x3eできます。	\\x3cspan class\\x3d'attention'\\x3e压制全部其他结界后即可挑战\\x3c/span\\x3e。		1	js/regularEvent/extermination/view/RegularEventExterminationBattleSelectStagePartsView.js
所属勢力の詳細	所属势力详情		1	js/regularEvent/groupBattle/RegularEventGroupBattleSelectUnion.js
所属勢力の決定	决定所属势力		1	js/regularEvent/groupBattle/RegularEventGroupBattleSelectUnion.js
でグループBATTLEを開始します。<br>よろしいですか？<br><br><p class='c_red'>※所属勢力は次回開催まで変更できません。</p>	开始小组对战。<br>确定吗?<br><br><p class='c_red'>※所属势力到下次举办前无法更改。</p>	HTML片段	1	js/regularEvent/groupBattle/RegularEventGroupBattleSelectUnion.js
開始する	开始		1	js/regularEvent/groupBattle/RegularEventGroupBattleSelectUnion.js
所属グループ決定	决定所属小组		1	js/regularEvent/groupBattle/RegularEventGroupBattleTop.js
\\x3cp class\\x3d'noLog ts_white'\\x3e該当するログがありません\\x3c/p\\x3e	\\x3cp class\\x3d'noLog ts_white'\\x3e没有相应记录\\x3c/p\\x3e		1	js/regularEvent/groupBattle/RegularEventGroupBattleTop.js
チームコピー確認	队伍复制确认		1	js/regularEvent/groupBattle/RegularEventGroupBattleTop.js
該当の魔法少女が１体もいないため、コピーできません	没有对应的魔法少女,无法复制		1	js/regularEvent/groupBattle/RegularEventGroupBattleTop.js
チーム４に編成をコピーします。\\x3cbr\\x3e編成画面に移動した段階ではまだ保存されていません。\\x3cbr\\x3e所持していない魔法少女・魔法陣形はコピーされません。	将编成复制到队伍4。\\x3cbr\\x3e进入编成界面时尚未保存。\\x3cbr\\x3e未持有的魔法少女·魔法阵型不会被复制。		1	js/regularEvent/groupBattle/RegularEventGroupBattleTop.js
件受け取りました。\\x3cbr\\x3e\\x3cbr\\x3e※受け取ったアイテムは直接付与されています。	件已领取。\\x3cbr\\x3e\\x3cbr\\x3e※领取的道具已直接发放。		1	js/regularEvent/groupBattle/RegularEventGroupBattleTop.js
グレード報酬	等级报酬		1	js/regularEvent/groupBattle/RegularEventGroupBattleTop.js
グループ撃退数報酬	小组击退数报酬		1	js/regularEvent/groupBattle/RegularEventGroupBattleTop.js
デイリーダメージ報酬	每日伤害报酬		1	js/regularEvent/groupBattle/RegularEventGroupBattleTop.js
グループランキング報酬	小组排行报酬		1	js/regularEvent/groupBattle/RegularEventGroupBattleTop.js
所属グループ報酬	所属小组报酬		1	js/regularEvent/groupBattle/RegularEventGroupBattleTop.js
グループ内ランキング報酬	小组内排行报酬		1	js/regularEvent/groupBattle/RegularEventGroupBattleTop.js
グループ名の変更が完了しました。	小组名更改完成。		1	js/regularEvent/groupBattle/RegularEventGroupBattleTop.js
に終了しました。	已结束。		1	js/regularEvent/groupBattle/RegularEventGroupBattleTop.js
前日の結果	前日结果		1	js/regularEvent/groupBattle/view/BossPageView.js
マミ	麻美	疑似碎片	1	js/regularEvent/groupBattle/view/BossPageView.js
きらり	煌	疑似碎片	1	js/regularEvent/groupBattle/view/BossPageView.js
杏子			1	js/regularEvent/groupBattle/view/BossPageView.js
さやか	沙耶香	疑似碎片	1	js/regularEvent/groupBattle/view/BossPageView.js
いろは・やちよ	伊吕波·八千代		1	js/regularEvent/groupBattle/view/BossPageView.js
ほむら	焰	疑似碎片	1	js/regularEvent/groupBattle/view/BossPageView.js
まどか	小圆	疑似碎片	1	js/regularEvent/groupBattle/view/BossPageView.js
本日の挑戦回数が残っていません。\\x3cbr\\x3e\\x3cbr\\x3e毎日16:00に挑戦回数が回復します。\\x3cbr\\x3e\\x3cp class\\x3d'c_red'\\x3e※模擬戦では何度でもバトルすることができます。\\x3c/p\\x3e	今天的挑战次数已用完。\\x3cbr\\x3e\\x3cbr\\x3e每天16:00回复挑战次数。\\x3cbr\\x3e\\x3cp class\\x3d'c_red'\\x3e※模拟战中可以不限次数战斗。\\x3c/p\\x3e		1	js/regularEvent/groupBattle/view/BossPageView.js
\\x3cp class\\x3d'noLog ts_white'\\x3eランキング集計中\\x3c/p\\x3e	\\x3cp class\\x3d'noLog ts_white'\\x3e排行榜统计中\\x3c/p\\x3e		1	js/regularEvent/groupBattle/view/RankingPageView.js
ターン情報	回合信息		1	js/regularEvent/groupBattle/view/ResultPageView.js
\\x3c/span\\x3eに「いいね」をしました！\\x3cbr\\x3e\\x3cbr\\x3e\\x3cspan class\\x3d'c_red'\\x3eMPを	已为\\x3c/span\\x3e点赞!\\x3cbr\\x3e\\x3cbr\\x3e\\x3cspan class\\x3d'c_red'\\x3eMP		1	js/regularEvent/groupBattle/view/UserPageView.js
獲得しました。\\x3c/span\\x3e\\x3cbr\\x3e※獲得したMPはバトルに引き継がれます。	已获得。\\x3c/span\\x3e\\x3cbr\\x3e※获得的MP会继承到战斗中。		1	js/regularEvent/groupBattle/view/UserPageView.js
\\x3c/span\\x3eに「いいね」します！\\x3cbr\\x3e\\x3cbr\\x3e\\x3cspan class\\x3d'c_red'\\x3e※いいねは1日	\\x3c/span\\x3e点赞!\\x3cbr\\x3e\\x3cbr\\x3e\\x3cspan class\\x3d'c_red'\\x3e※点赞每天		1	js/regularEvent/groupBattle/view/UserPageView.js
回できます。\\x3c/span\\x3e	次。\\x3c/span\\x3e		1	js/regularEvent/groupBattle/view/UserPageView.js
\\x3cp class\\x3d"noRank ts_white"\\x3eランキングは現在集計中です。\\x3cbr\\x3eランキングは毎日16時に更新されます。\\x3c/p\\x3e	\\x3cp class\\x3d"noRank ts_white"\\x3e排行榜正在统计中。\\x3cbr\\x3e排行榜每天16时更新。\\x3c/p\\x3e		1	js/regularEvent/groupBattle/view/UserPageView.js
バトル ミュージアム	战斗 博物馆		1	js/regularEvent/accomplish/RegularEventAccomplishTop.js
バトルに参加するには\\x3cbr\\x3eレベル40以上の魔法少女が\\x3cspan class\\x3d'c_red'\\x3e1\\x3c/span\\x3e体以上必要です。	参加战斗需要\\x3cbr\\x3e\\x3cspan class\\x3d'c_red'\\x3e1\\x3c/span\\x3e个以上40级以上的魔法少女。		1	js/regularEvent/accomplish/RegularEventAccomplishTop.js
すでにイベント期間に回復済です。	活动期间内已经回复过了。		1	js/regularEvent/accomplish/view/RegularEventAccomplishRecoverView.js
回復可能な魔法少女がいません。	没有可以回复的魔法少女。		1	js/regularEvent/accomplish/view/RegularEventAccomplishRecoverView.js
全てのステージをクリア済です。	已通关全部关卡点。		1	js/regularEvent/accomplish/view/RegularEventAccomplishRecoverView.js
全ての魔法少女のHPを回復します。	即将回复全部魔法少女的HP。		1	js/regularEvent/accomplish/view/RegularEventAccomplishRecoverView.js
全ての魔法少女のHPを回復しました	已全部魔法少女的HP回复		1	js/regularEvent/accomplish/view/RegularEventAccomplishRecoverView.js
\\x3cdiv id\\x3d"cautionWrap" class\\x3d"flexBox se_tabs"\\x3e\\x3cdiv class\\x3d"checkBox"\\x3e\\x3c/div\\x3e\\x3cdiv\\x3e\\x3cdiv class\\x3d"c_red"\\x3eイベント期間中一度しか回復できません。\\x3c/div\\x3e本当に回復しますか。\\x3c/div\\x3e\\x3c/div\\x3e	\\x3cdiv id\\x3d"cautionWrap" class\\x3d"flexBox se_tabs"\\x3e\\x3cdiv class\\x3d"checkBox"\\x3e\\x3c/div\\x3e\\x3cdiv\\x3e\\x3cdiv class\\x3d"c_red"\\x3e活动期间内只能回复一次。\\x3c/div\\x3e真的要回复吗?\\x3c/div\\x3e\\x3c/div\\x3e		1	js/regularEvent/accomplish/view/RegularEventAccomplishRecoverView.js
新しいバージョンがあります。ストアで最新版をダウンロードしてください。	有新版本。请在应用商店下载最新版。		1	template/top/NewVersionRecommend.html
ストアに最新版が公開されていない場合は暫くお待ちください。	若应用商店尚未发布最新版,请稍等。		1	template/top/NewVersionRecommend.html
アプリを削除してしまうとデータが初期化されてしまいますのでご注意ください。	请注意,删除应用后数据将被初始化。		1	template/top/NewVersionRecommend.html
ダウンロードへ	前往下载		1	template/top/NewVersionRecommend.html
現在のバージョン:	当前版本:		1	template/top/NewVersionRecommend.html
最新のバージョン:	最新版本:		1	template/top/NewVersionRecommend.html
第2部OPムービー	第2部OP影片		1	template/top/TopPage.html
プレイヤーID：	玩家ID:		1	template/top/TopPage.html
利用規約		法条勿动	1	template/top/TopPage.html
引き継ぎ・連携ID	数据转移·关联ID		1	template/top/TopPage.html
パスワード	密码		1	template/top/TopPage.html
※パスワードは8文字以上15文字以内です	※密码为8~15个字符。		1	template/top/TopPage.html
データの引き継ぎ・連携元となる引き継ぎ・連携IDと設定したパスワードを入力するとデータの引き継ぎ・連携が完了します。	输入作为数据转移·关联来源的数据转移·关联ID和设置的密码,即可完成数据转移·关联。		1	template/top/TopPage.html
第1章3話のストーリーにて、プレイヤー名入力が完了しませんでした。	在第1章3话的剧情中,玩家名输入未完成。		1	template/top/TopPage.html
/8文字	/8字		1	template/top/TopPage.html
※後から変更可能です（当日中の変更はできません）	※之后可以更改(当天内无法更改)		1	template/top/TopPage.html
※第1章3話のストーリーはアーカイブから参照できます	※第1章3话的剧情可从存档中查看		1	template/top/TopPage.html
次回のミッション追加は	下次任务追加时间为		1	template/campaign/summer_mission/CampaignSummerMissionTop.html
です		疑似碎片	1	template/campaign/summer_mission/CampaignSummerMissionTop.html
受け取り期限	领取期限		1	template/campaign/summer_mission/CampaignSummerMissionTop.html
最高記録	最高纪录		1	template/campaign/quiz/CampaignQuizTop.html
-/10問	-/10题		1	template/campaign/quiz/CampaignQuizTop.html
/10問	/10题		1	template/campaign/quiz/CampaignQuizTop.html
全問正解	全部答对		1	template/campaign/quiz/CampaignQuizTop.html
より		疑似碎片	1	template/campaign/quiz/CampaignQuizTop.html
挑戦可能	可以挑战		1	template/campaign/quiz/CampaignQuizTop.html
&nbsp;問	&nbsp;题		1	template/campaign/quiz/CampaignQuizTop.html
15/15問	15/15题		1	template/campaign/quiz/CampaignQuizTop.html
経過時間	经过时间		1	template/campaign/quiz/CampaignQuizTop.html
結果をツイートする	分享结果		1	template/campaign/quiz/CampaignQuizTop.html
全問正解報酬	全对报酬		1	template/campaign/quiz/CampaignQuizTop.html
※報酬は直接付与されます	※报酬将直接发放		1	template/campaign/quiz/CampaignQuizTop.html
クイズトップへ	返回问答首页		1	template/campaign/quiz/CampaignQuizTop.html
再挑戦	再次挑战		1	template/campaign/quiz/CampaignQuizTop.html
ボックス	箱子		1	template/campaign/box_gacha/CampaignBoxGachaTop.html
各ボックス内の目玉報酬を獲得すると、次のボックスへの切り替えが可能になります。	获得各箱内的大奖后,即可切换到下一个箱子。		1	template/campaign/box_gacha/CampaignBoxGachaTop.html
回ガチャ	次扭蛋		1	template/campaign/box_gacha/CampaignBoxGachaTop.html
を引きます。	开抽。		1	template/campaign/box_gacha/CampaignBoxGachaTop.html
もう一回引く	再抽一次		1	template/campaign/box_gacha/CampaignBoxGachaTop.html
破魔大吉			1	template/campaign/newyear_login/NewYearLogin.html
極大吉	极大吉		1	template/campaign/newyear_login/NewYearLogin.html
大吉			1	template/campaign/newyear_login/NewYearLogin.html
吉		疑似碎片	1	template/campaign/newyear_login/NewYearLogin.html
FAQ/お問い合わせサイト	FAQ/联系我们网站		1	template/etc/Help.html
あなたのプレイヤーIDは&nbsp;	你的玩家ID是&nbsp;		1	template/etc/Help.html
&nbsp;です	&nbsp;		1	template/etc/Help.html
プレイヤーIDをコピーする	复制玩家ID		1	template/etc/Help.html
▼&nbsp;開催期限：	▼&nbsp;举办期限:		1	template/user/AnnounceTemp.html
まで&nbsp;▼	为止&nbsp;▼		1	template/user/AnnounceTemp.html
題名	标题		1	template/user/AnnounceTemp.html
本文	正文		1	template/user/AnnounceTemp.html
アカウント停止	账号封停		1	template/user/Ban.html
このたび、お客様のアカウントにおきまして、以下のいずれかの行為が確認されたため、運営の判断によりアカウントを停止いたしました。	本次因在你的账号中确认到以下任一行为,经运营判断,已将账号封停。		1	template/user/Ban.html
【対象となる行為】	【违规行为】		1	template/user/Ban.html
・利用規約に違反する行為。		法条勿动	1	template/user/Ban.html
・過度の連続アクセスにより、サーバーに負担をかける行為。	·过度连续访问,给服务器造成负担的行为。		1	template/user/Ban.html
・不正アクセスを行い本サービス、または他ユーザー様に不利益を与える行為。	·进行不正当访问,给本服务或其他用户造成不利影响的行为。		1	template/user/Ban.html
・本サービスにおいて誹謗中傷など他ユーザー様に不快感を与える行為。	·在本服务中诽谤中伤等给其他用户带来不快的行为。		1	template/user/Ban.html
・プログラムの不具合を利用した不正行為(アイテムを不正に取得する等の特に悪質な行為)、およびそれを助長する行為(故意に不具合を利用したと運営が判断した場合を含む)により本サービスの運営、提供を妨害し、それらに支障をきたす行為。	·利用程序漏洞进行不正当行为(如不正当获取道具等特别恶劣的行为),以及助长该行为的情形(包括经运营判断为故意利用漏洞的情形),妨碍本服务的运营与提供并造成障碍的行为。		1	template/user/Ban.html
無期限停止措置を行ったアカウントにつきましては、今後ご利用いただくことは出来ません。	被处以无限期封停的账号,今后将无法继续使用。		1	template/user/Ban.html
※本件に関するお問い合わせにつきましては、上記の報告をもって回答と代えさせていただきます。	※关于本事件的咨询,将以以上报告作为答复。		1	template/user/Ban.html
キモチ戦　戦績	心魔战 战绩		1	template/user/EventRecord.html
累計GP	累计GP		1	template/user/EventRecord.html
デイリーダメージエンブレム	每日伤害徽章		1	template/user/EventRecord.html
第一鏡層	第一镜层		1	template/user/MyProfilePopup.html
「マギアレコード 魔法少女まどか☆マギカ外伝」を	「魔法纪录 魔法少女小圆☆魔力外传」		1	template/user/ReviewPopTemp.html
遊んでいただき誠にありがとうございます。	非常感谢你的游玩。		1	template/user/ReviewPopTemp.html
ランク10到達を記念してマギアストーン25個を	纪念达到10级,赠送25个魔法石		1	template/user/ReviewPopTemp.html
プレゼントいたします。	作为礼物送出。		1	template/user/ReviewPopTemp.html
よろしければこれまでの感想をお聞かせいただけると幸いです。	如果可以的话,希望能听听你至今的感想。		1	template/user/ReviewPopTemp.html
レビューする	去评价		1	template/user/ReviewPopTemp.html
◆ 現在の称号	◆ 当前称号		1	template/user/SetTitlePopup.html
◆ 変更する称号	◆ 更换的称号		1	template/user/SetTitlePopup.html
・Story Voices	·剧情语音		1	template/config/ConfigTop.html
・Transformation Videos	·变身动画		1	template/config/ConfigTop.html
覚醒強化結界&nbsp;&nbsp;期間限定	觉醒强化结界&nbsp;&nbsp;期间限定		1	template/quest/EventQuest.html
覚醒強化結界&nbsp;&nbsp;火属性	觉醒强化结界&nbsp;&nbsp;火属性		1	template/quest/EventQuest.html
覚醒強化結界&nbsp;&nbsp;水属性	觉醒强化结界&nbsp;&nbsp;水属性		1	template/quest/EventQuest.html
覚醒強化結界&nbsp;&nbsp;木属性	觉醒强化结界&nbsp;&nbsp;木属性		1	template/quest/EventQuest.html
覚醒強化結界&nbsp;&nbsp;光属性	觉醒强化结界&nbsp;&nbsp;光属性		1	template/quest/EventQuest.html
覚醒強化結界&nbsp;&nbsp;闇属性	觉醒强化结界&nbsp;&nbsp;暗属性		1	template/quest/EventQuest.html
覚醒強化結界&nbsp;&nbsp;全属性	觉醒强化结界&nbsp;&nbsp;全属性		1	template/quest/EventQuest.html
結界スケジュール	结界日程		1	template/quest/EventQuest.html
月曜日	星期一		1	template/quest/EventQuest.html
火曜日	星期二		1	template/quest/EventQuest.html
水曜日	星期三		1	template/quest/EventQuest.html
木曜日	星期四		1	template/quest/EventQuest.html
金曜日	星期五		1	template/quest/EventQuest.html
週末	周末		1	template/quest/EventQuest.html
強化ジェム	强化宝石		1	template/quest/EventQuest.html
ブック・覚醒素材	书·觉醒素材		1	template/quest/EventQuest.html
章		疑似碎片	1	template/quest/PreQuestPopup.html
総合戦闘力	综合战斗力		1	template/quest/PreQuestPopup.html
選択	选择		1	template/quest/PreQuestPopup.html
フレンド一覧	好友一览		1	template/quest/PreQuestPopup.html
魂と鏡を調整する	调整魂与镜		1	template/quest/puellaHistoria/MirrorParts_debug.html
概要ポップ	概要弹窗		1	template/quest/puellaHistoria/MirrorParts_debug.html
解放ポップ	解放弹窗		1	template/quest/puellaHistoria/MirrorParts_debug.html
クリア演出表示	通关演出显示		1	template/quest/puellaHistoria/MirrorParts_debug.html
X座標:	X坐标:		1	template/quest/puellaHistoria/MirrorParts_debug.html
Y座標:	Y坐标:		1	template/quest/puellaHistoria/MirrorParts_debug.html
【鏡】	【镜】		1	template/quest/puellaHistoria/MirrorParts_debug.html
初期X座標:	初始X坐标:		1	template/quest/puellaHistoria/MirrorParts_debug.html
初期Y座標:	初始Y坐标:		1	template/quest/puellaHistoria/MirrorParts_debug.html
鏡の幅:	镜宽:		1	template/quest/puellaHistoria/MirrorParts_debug.html
【ipad用】	【iPad用】		1	template/quest/puellaHistoria/MirrorParts_debug.html
鏡の縦のズレ:	镜纵向偏移:		1	template/quest/puellaHistoria/MirrorParts_debug.html
※縮尺は「1」が100%になります	※缩放比例「1」为100%		1	template/quest/puellaHistoria/MirrorParts_debug.html
【鏡:1】	【镜:1】		1	template/quest/puellaHistoria/MirrorParts_debug.html
【鏡:2】	【镜:2】		1	template/quest/puellaHistoria/MirrorParts_debug.html
【鏡:3】	【镜:3】		1	template/quest/puellaHistoria/MirrorParts_debug.html
※isClearには「true」「false」を入れてください	※isClear请填入「true」「false」		1	template/quest/puellaHistoria/MirrorParts_debug.html
マップへ戻る	返回地图		1	template/quest/puellaHistoria/lastBattle/GroupRaid.html
天気輪の魔力を使用する	使用天气轮魔力		1	template/quest/puellaHistoria/lastBattle/MainBossPopup.html
株分け	分株		1	template/quest/puellaHistoria/lastBattle/SubBossList.html
制圧中の腕をタップすることで制圧状態を解除できます	点击压制中的手臂即可解除压制状态		1	template/quest/secondPartLast/Top.html
特訓したい魔法少女を選んでください	请选择要特训的魔法少女		1	template/event/training/EventTrainingCharaSelect.html
エクストラ	额外		1	template/event/training/EventTrainingTop.html
ミッションクリア	任务完成		1	template/event/singleraid/EventSingleRaidSelect.html
エリア解放条件	区域解放条件		1	template/event/singleraid/EventSingleRaidTop.html
ランキングPt	排行Pt		1	template/event/arenaranking/EventArenaRankingHistory.html
解放されていく枠内のクエストを全てクリアすることで特別な報酬が入手できます。	通关逐步解放的方框内全部关卡,即可获得特别报酬。		1	template/event/dailytower/EventDailyTowerTop.html
を解放	解放		1	template/event/dailytower/EventDailyTowerTop.html
クリアターン数	通关回合数		1	template/event/dailytower/EventDailyTowerTop.html
該当するログはありません	没有相应记录		1	template/event/dailytower/EventDailyTowerTop.html
イベントトップに戻る	返回活动首页		1	template/event/EventArenaRankMatch/Result.html
対戦回数	对战次数		1	template/event/EventArenaRankMatch/Top.html
クールタイム	冷却时间		1	template/event/EventArenaRankMatch/Top.html
1枚	1张		1	template/event/EventArenaRankMatch/parts/AttackCountItemPopup.html
1回	1次		1	template/event/EventArenaRankMatch/parts/AttackCountItemPopup.html
いくつ使用しますか？	要使用几个?		1	template/event/EventArenaRankMatch/parts/AttackCountItemPopup.html
使用数			1	template/event/EventArenaRankMatch/parts/AttackCountItemPopup.html
回復します。	即将回复。		1	template/event/EventArenaRankMatch/parts/AttackCountPopup.html
クールタイムを解除します。よろしいですか？	即将解除冷却时间。确定吗?		1	template/event/EventArenaRankMatch/parts/CoolTimePopup.html
デイリー報酬を受け取りました。	已领取每日报酬。		1	template/event/EventArenaRankMatch/parts/DailyPresentPopup.html
※受け取ったアイテムは直接付与されています。	※领取的道具已直接发放。		1	template/event/EventArenaRankMatch/parts/DailyPresentPopup.html
報酬一覧表示	显示报酬一览		1	template/event/EventArenaRankMatch/parts/EventRewardBtn.html
報酬なし	无报酬		1	template/event/EventArenaRankMatch/parts/EventRewardLastRankTable.html
現在の順位	当前排名		1	template/event/EventArenaRankMatch/parts/EventRewardPopup.html
最高順位	最高排名		1	template/event/EventArenaRankMatch/parts/EventRewardPopup.html
■ランクアップ報酬	■升段报酬		1	template/event/EventArenaRankMatch/parts/EventRewardPopup.html
ランキングの最高順位を更新すると、マギアストーンが獲得できます。	刷新排行榜最高排名,即可获得魔法石。		1	template/event/EventArenaRankMatch/parts/EventRewardPopup.html
■デイリー報酬	■每日报酬		1	template/event/EventArenaRankMatch/parts/EventRewardPopup.html
イベント期間中に到達したランキングの最高順位に応じて	根据活动期间达到的排行榜最高排名		1	template/event/EventArenaRankMatch/parts/EventRewardPopup.html
1日1回「ランクメダル」が獲得できます。	每天可获得1次「段位奖章」。		1	template/event/EventArenaRankMatch/parts/EventRewardPopup.html
■最終順位報酬	■最终排名报酬		1	template/event/EventArenaRankMatch/parts/EventRewardPopup.html
イベント終了後に決定したランキングの順位に応じて	根据活动结束后确定的排行榜排名		1	template/event/EventArenaRankMatch/parts/EventRewardPopup.html
エンブレムと「みたまの勲章」が獲得できます。	可以获得徽章和「御魂勋章」。		1	template/event/EventArenaRankMatch/parts/EventRewardPopup.html
エンブレム	徽章		1	template/event/EventArenaRankMatch/parts/EventRewardPopup.html
みたまの勲章	御魂勋章		1	template/event/EventArenaRankMatch/parts/EventRewardPopup.html
獲得期間	获得期间		1	template/event/EventWitch/page/ExchangeTop.html
専用	专用		1	template/event/EventWitch/parts/ExchangeMemoria.html
クエストクリア数	通关关卡数		1	template/event/branch/EventBranchTop.html
ウィンドウ外タップで閉じる	点击窗口外关闭		1	template/event/branch/EventBranchTop.html
解放条件			1	template/event/branch/EventBranchTop.html
舞台装置の魔女	魔女之夜		1	template/event/EventWalpurgis/MainBossPopup.html
希望の羽を使用する	使用希望之羽		1	template/event/EventWalpurgis/MainBossPopup.html
舞台装置の魔女の手下	魔女之夜的手下		1	template/event/EventWalpurgis/SubBossList.html
CPは最大です。	CP已满。		1	template/event/dungeon/EventDungeonCurePopupParts.html
CP回復薬がありません。	没有CP回复药。		1	template/event/dungeon/EventDungeonCurePopupParts.html
CP回復薬を使用して全回復しますか？	要使用CP回复药全部回复吗?		1	template/event/dungeon/EventDungeonCurePopupParts.html
チーム情報	队伍信息		1	template/event/dungeon/EventDungeonMap.html
メンバー入れ替え	更换成员		1	template/event/dungeon/EventDungeonMap.html
回復したい魔法少女を選んでください	请选择要回复的魔法少女		1	template/event/dungeon/EventDungeonMap.html
進むポイントを選択してください	请选择要前往的点位		1	template/event/dungeon/EventDungeonMap.html
回復アイテムを１つ使用して	使用1个回复道具,		1	template/event/dungeon/EventDungeonMap.html
を回復しますか？	要回复吗?		1	template/event/dungeon/EventDungeonMap.html
回復アイテムがありません。	没有回复道具。		1	template/event/dungeon/EventDungeonMap.html
回復アイテムは毎日16:00に補充されます。	回复道具每天16:00补充。		1	template/event/dungeon/EventDungeonMap.html
このエリアをリタイアしますか？	要退出这个区域吗?		1	template/event/dungeon/EventDungeonMap.html
※これまでに獲得したEXP・カースチップ（CC）・宝箱のアイテムは入手できます。	※至今获得的EXP·诅咒碎片(CC)·宝箱中的道具都可以拿到。		1	template/event/dungeon/EventDungeonMap.html
※エリアミッションのクリア状況はリセットされます。	※区域任务的通关状态将被重置。		1	template/event/dungeon/EventDungeonMap.html
クリア(初クリア・初コンプ)	通关(首通·首次集齐)		1	template/event/dungeon/EventDungeonTop.html
クリア(獲得済・未コンプ)	通关(已获得·未集齐)		1	template/event/dungeon/EventDungeonTop.html
クリア(獲得済・コンプ済)	通关(已获得·已集齐)		1	template/event/dungeon/EventDungeonTop.html
全滅	全灭		1	template/event/dungeon/EventDungeonTop.html
ユニット編成Navi	队伍编成导航		1	template/event/dungeon/EventDungeonTop.html
30秒デバッグメニュー非表示	30秒隐藏调试菜单		1	template/event/dungeon/EventDungeonTop.html
全ポイント通過済	已通过全部点位		1	template/event/dungeon/EventDungeonTop.html
通過ポイント数	通过点位数		1	template/event/dungeon/EventDungeonTop.html
バトル数	战斗数		1	template/event/dungeon/EventDungeonTop.html
エリアクリア報酬	区域通关报酬		1	template/event/dungeon/EventDungeonTop.html
交戦中	交战中		1	template/event/storyraid/EventStoryRaidBoss.html
初回交戦中	首次交战中		1	template/event/storyraid/EventStoryRaidBoss.html
最終攻撃	最终攻击		1	template/event/storyraid/EventStoryRaidBoss.html
コメントアニメ	留言动画		1	template/event/storyraid/EventStoryRaidBoss.html
コメント	留言		1	template/event/storyraid/EventStoryRaidBoss.html
同じエリアで戦うプレイヤーに応援コメントを送りましょう！	给在同一区域战斗的玩家发送应援留言吧!		1	template/event/storyraid/EventStoryRaidBoss.html
※攻撃力アップは、本エリア内の交戦中バトルのみ有効となり、	※攻击力提升只对本区域内交战中的战斗有效,		1	template/event/storyraid/EventStoryRaidBoss.html
2回目以降の投稿には適応されません。	第2次及以后的投稿不适用。		1	template/event/storyraid/EventStoryRaidBoss.html
/20文字	/20字		1	template/event/storyraid/EventStoryRaidBoss.html
投稿する	发布		1	template/event/storyraid/EventStoryRaidBoss.html
サンプルまま	保持示例		1	template/event/storyraid/EventStoryRaidTop.html
移動カットイン	移动切入		1	template/event/storyraid/EventStoryRaidTop.html
移動カットイン（最終）	移动切入(最终)		1	template/event/storyraid/EventStoryRaidTop.html
撃破カットイン	击破切入		1	template/event/storyraid/EventStoryRaidTop.html
マップエフェクト	地图特效		1	template/event/storyraid/EventStoryRaidTop.html
３０秒非表示	30秒不显示		1	template/event/storyraid/EventStoryRaidTop.html
参加条件ポップ	参加条件弹窗		1	template/event/storyraid/EventStoryRaidTop.html
フィナーレ演出	终幕演出		1	template/event/storyraid/EventStoryRaidTop.html
攻撃成功回数	攻击成功次数		1	template/event/storyraid/EventStoryRaidTop.html
対戦相手	对战对手		1	template/event/arenaMission/EventArenaMissionConfirm.html
手に入れた衣装に着替えることができます	可以换上获得的服装		1	template/event/arenaMission/EventArenaMissionResult.html
メモリア「	记忆结晶「		1	template/event/arenaMission/EventArenaMissionResult.html
」を手に入れました	」到手了		1	template/event/arenaMission/EventArenaMissionResult.html
メモリアは直接付与されています	记忆结晶已直接发放		1	template/event/arenaMission/EventArenaMissionResult.html
のデスティニージェムを手に入れました	的命运宝石到手了		1	template/event/arenaMission/EventArenaMissionResult.html
デスティニージェムは直接付与されています	命运宝石已直接发放		1	template/event/arenaMission/EventArenaMissionResult.html
アイテムは直接付与されています	道具已直接发放		1	template/event/arenaMission/EventArenaMissionResult.html
は獲得できません	无法获得		1	template/event/arenaMission/EventArenaMissionResult.html
パーティPt +	队伍Pt +		1	template/event/arenaMission/EventArenaMissionStage.html
ミッション内容確認	任务内容确认		1	template/event/arenaMission/EventArenaMissionStage.html
が獲得できません	无法获得		1	template/event/arenaMission/EventArenaMissionTop.html
ステージクリア報酬一覧	关卡点通关报酬一览		1	template/event/arenaMission/EventArenaMissionTop.html
クリア条件	通关条件		1	template/event/arenaMission/EventArenaMissionTop.html
解放日時	解放时间		1	template/event/arenaMission/EventArenaMissionTop.html
クリア報酬	通关报酬		1	template/event/arenaMission/EventArenaMissionTop.html
解放予定	预定解放		1	template/event/arenaMission/EventArenaMissionTop.html
チャレンジクエストを解放しました！	挑战关卡已解放!		1	template/event/accomplish/CompleteAnimation.html
チーム切替	切换队伍		1	template/event/accomplish/EventAccomplishDeck.html
を解散しますか？	要解散吗?		1	template/event/accomplish/EventAccomplishDeck.html
※装備中のメモリアも全てはずれます	※装备中的记忆结晶也会全部卸下		1	template/event/accomplish/EventAccomplishDeck.html
スキル効果	技能效果		1	template/event/accomplish/EventAccomplishEnemyDetail.html
回復回数は16時にリセット	回复次数16时重置		1	template/event/accomplish/EventAccomplishRecovery.html
回復したい魔法少女を選択してください	请选择要回复的魔法少女		1	template/event/accomplish/EventAccomplishRecovery.html
回復が必要な魔法少女は存在しません	没有需要回复的魔法少女		1	template/event/accomplish/EventAccomplishRecovery.html
セクションクリア報酬一覧	小节通关报酬一览		1	template/event/accomplish/EventAccomplishTop.html
5クエスト毎に現れるボスを撃破することで特別な報酬が入手できます。	击破每5关出现一次的BOSS,即可获得特别报酬。		1	template/event/accomplish/EventAccomplishTop.html
チャレンジクエストは、全てのストーリークエストをクリア後に解放されます。	挑战关卡将在通关全部剧情关卡后解放。		1	template/event/accomplish/EventAccomplishTop.html
RPは最大です。	RP已满。		1	template/event/raid/EventRaidCurePopupParts.html
RP回復薬がありません。	没有RP回复药。		1	template/event/raid/EventRaidCurePopupParts.html
RP回復薬を使用して全回復しますか？	要使用RP回复药全部回复吗?		1	template/event/raid/EventRaidCurePopupParts.html
手下タップ	点击手下		1	template/event/raid/EventRaidTop.html
ボスタップ	点击BOSS		1	template/event/raid/EventRaidTop.html
撃破報酬	击破报酬		1	template/event/raid/EventRaidTop.html
サスペンド	暂停		1	template/event/raid/EventRaidTop.html
手下再湧き	手下重刷		1	template/event/raid/EventRaidTop.html
バトル回数	战斗次数		1	template/event/raid/EventRaidTop.html
援護ボーナス！	援护加成!		1	template/event/raid/EventRaidTop.html
発見時刻	发现时刻		1	template/event/raid/EventRaidTop.html
バトル参加	参加战斗		1	template/event/raid/EventRaidTop.html
ダメージ値	伤害值		1	template/event/raid/EventRaidTop.html
獲得Pt&nbsp;×	获得Pt&nbsp;×		1	template/arena/ArenaConfirm.html
ミラーズPt+	镜界Pt+		1	template/arena/ArenaFreeRank.html
リプレイがありません	没有回放		1	template/arena/ArenaHistory.html
対戦履歴がありません	没有对战记录		1	template/arena/ArenaHistory.html
再生するリプレイのIDを入力してください。	请输入要播放的回放ID。		1	template/arena/ArenaHistory.html
貼り付け	粘贴		1	template/arena/ArenaHistory.html
戦	战	疑似碎片	1	template/arena/ArenaRanking.html
これ以上、対戦相手を変更することはできません。	无法再更换对战对手。		1	template/arena/ArenaRanking.html
BP回復薬を1個使用することで対戦回数を	使用1个BP回复药即可将对战次数		1	template/arena/ArenaRanking.html
以下の時間が経過すると、自動で対戦相手が再抽選されます。	经过以下时间后,对战对手将自动重新抽选。		1	template/arena/ArenaRanking.html
(対戦相手の再抽選まであと	(距对手重新抽选还有		1	template/arena/ArenaRanking.html
次の鏡層まで	距下一镜层		1	template/arena/ArenaResult.html
次の鏡層が解放されていないため、ミラーズPtは加算されません	下一镜层尚未解放,不会加算镜界Pt		1	template/arena/ArenaResult.html
演習ではミラーズコイン・ミラーズPtを獲得できません	演习中无法获得镜币·镜界Pt		1	template/arena/ArenaResult.html
ブレイクチャンス	破防机会		1	template/arena/ArenaResult.html
基本スコア	基础分数		1	template/arena/ArenaResult.html
残ＨＰ	剩余HP		1	template/arena/ArenaResult.html
ミラーズコイン×	镜币×		1	template/arena/ArenaResult.html
◆ ランキング	◆ 排行榜		1	template/arena/ArenaReward.html
クラス	阶级	疑似碎片	1	template/arena/ArenaReward.html
演習で対戦するプレイヤーのミラーズIDを入力してください。	请输入演习对战玩家的镜界ID。		1	template/arena/ArenaSimulate.html
ミラーズID発行	发行镜界ID		1	template/arena/ArenaSimulate.html
ミラーズIDは、発行後1時間有効です。	镜界ID发行后1小时内有效。		1	template/arena/ArenaSimulate.html
※ミラーズID発行中は、再発行はできません。有効期限終了後から再発行が可能です。	※镜界ID发行期间无法重新发行。有效期结束后可重新发行。		1	template/arena/ArenaSimulate.html
※対戦を行ったプレイヤーとは10分間は再戦を行うことができません。	※10分钟内无法与已对战过的玩家再次对战。		1	template/arena/ArenaSimulate.html
有効期限	有效期		1	template/arena/ArenaSimulate.html
サポートLV	支援LV		1	template/follow/FollowSearch.html
ユーザー名	用户名		1	template/follow/FollowSearch.html
サポート属性	支援属性		1	template/follow/FollowSearch.html
フレンドID	好友ID		1	template/follow/FollowSearch.html
最終ログイン	最后登录		1	template/follow/FollowSearch.html
6時間以内	6小时内		1	template/follow/FollowSearch.html
24時間以内	24小时内		1	template/follow/FollowSearch.html
3日以内	3天内		1	template/follow/FollowSearch.html
おすすめ検索	推荐搜索		1	template/follow/FollowSearch.html
検索する	搜索		1	template/follow/FollowSearch.html
ログイン時間&nbsp;	登录时间&nbsp;		1	template/follow/FollowSearch.html
初期ディスク	初始盘		1	template/card/CardPopup.html
ComposeTopへ	前往强化首页		1	template/card/ComposeResult.html
強化結果	强化结果		1	template/card/ComposeTop.html
所持金	持有金额		1	template/card/ComposeTop.html
合計費用	合计费用		1	template/card/ComposeTop.html
覚醒可能	可以觉醒		1	template/card/ComposeTop.html
選択中	已选择		1	template/card/ComposeTop.html
限界突破:	界限突破:		1	template/card/ComposeTop.html
エピソードLv:	篇章Lv:		1	template/card/ComposeTop.html
次のレベルまで:	距下一级:		1	template/card/ComposeTop.html
覚醒：	觉醒:		1	template/card/ComposeTop.html
覚醒1	觉醒1		1	template/card/ComposeTop.html
覚醒2	觉醒2		1	template/card/ComposeTop.html
覚醒3	觉醒3		1	template/card/ComposeTop.html
覚醒4	觉醒4		1	template/card/ComposeTop.html
限界突破しますか？	要界限突破吗?		1	template/card/ComposeTop.html
限界突破！	界限突破!		1	template/card/ComposeTop.html
遊び方詳細	玩法详情		1	template/tutorial/TutorialNavi.html
コンプリート報酬GET	全收集报酬GET		1	template/mission/PanelMissionTop.html
所要時間	所需时间		1	template/patrol/PatrolDeckView.html
パトロール編成	巡逻编成		1	template/patrol/PatrolDeckView.html
パトロール	巡逻		1	template/patrol/PatrolTop.html
GachaResultへ	前往扭蛋结果		1	template/gacha/GachaAnimation.html
排出率	出货率		1	template/gacha/GachaProbabilityPop.html
ガチャ提供割合	扭蛋提供比例		1	template/gacha/GachaProbabilityPop.html
ピックアップ対象魔法少女	Pick up对象魔法少女		1	template/gacha/GachaProbabilityPop.html
ピックアップ対象メモリア	Pick up对象记忆结晶		1	template/gacha/GachaProbabilityPop.html
提供一覧	提供一览		1	template/gacha/GachaProbabilityPop.html
ガチャから取得したメモリアを	从扭蛋获得的记忆结晶		1	template/gacha/GachaSaleSettingPopup.html
自動的に売却することができます。	可以自动出售。		1	template/gacha/GachaSaleSettingPopup.html
チェックを付けた項目のメモリアのみ売却されます。	只有勾选项目的记忆结晶会被出售。		1	template/gacha/GachaSaleSettingPopup.html
イベントBONUS	活动BONUS		1	template/gacha/GachaSaleSettingPopup.html
3 が自動売却の対象に選択されています。	3 已被选为自动出售对象。		1	template/gacha/GachaSaleSettingPopup.html
利用期限	使用期限		1	template/gacha/GachaTop.html
獲得履歴	获得记录		1	template/gacha/GachaTop.html
無料で	免费		1	template/gacha/GachaTop.html
を行います。よろしいですか？	，确定吗?		1	template/gacha/GachaTop.html
本日、	今天,		1	template/gacha/GachaTop.html
回無料	次免费		1	template/gacha/GachaTop.html
でガチャを行うことができます	即可进行扭蛋		1	template/gacha/GachaTop.html
決定後、すぐにガチャが実行されマギアストーンが消費されます。	确定后将立即进行扭蛋并消耗魔法石。		1	template/gacha/GachaTop.html
選べる魔法少女一覧	可选魔法少女一览		1	template/gacha/GachaTop.html
選べる★4メモリア一覧	可选★4记忆结晶一览		1	template/gacha/GachaTop.html
※表示されているステータスはLv最大(4回限界突破)時のものです。	※显示的状态为Lv最大(4次界限突破)时的数值。		1	template/gacha/GachaTop.html
選択可能数	可选择数		1	template/gacha/SelectableGachaPieceSelect.html
変更するメモリアを選択してください	请选择要更换的记忆结晶		1	template/gacha/SelectableGachaPieceSelect.html
タッチしてガチャ対象のメモリアを選んで下さい	请点击选择扭蛋对象的记忆结晶		1	template/gacha/SelectableGachaPieceSelect.html
※表示されているステータスは最大時のものです。	※显示的状态为最大时的数值。		1	template/gacha/SelectableGachaPieceSelect.html
マギアストーンの販売は終了いたしました。	魔法石的销售已结束。		1	template/purchase/PurchasePop.html
詳しくは以下のお知らせをご確認ください。	详情请查看以下公告。		1	template/purchase/PurchasePop.html
・【重要】サービス終了のお知らせ	·【重要】服务终止公告		1	template/purchase/PurchasePop.html
・【重要】「有償マギアストーン」の払戻し手続きのお知らせ	·【重要】关于「付费魔法石」退款手续的公告		1	template/purchase/PurchasePop.html
価格	价格		1	template/purchase/PurchasePop.html
有料アイテムを購入するには年齢認証が必要です。	购买付费道具需要年龄认证。		1	template/purchase/PurchaseTemps.html
1カ月あたりの限度額は15歳以下が5,000	每月限额为15岁以下5,000		1	template/purchase/PurchaseTemps.html
円、16〜17歳	日元,16〜17岁		1	template/purchase/PurchaseTemps.html
DMMポイント、	DMM点数,		1	template/purchase/PurchaseTemps.html
16〜17歳	16〜17岁		1	template/purchase/PurchaseTemps.html
が30,000	为30,000		1	template/purchase/PurchaseTemps.html
円	日元	疑似碎片	1	template/purchase/PurchaseTemps.html
DMMポイント	DMM点数		1	template/purchase/PurchaseTemps.html
です。	。		1	template/purchase/PurchaseTemps.html
未成年の方は保護者の同意を得て下さい。		法条勿动	1	template/purchase/PurchaseTemps.html
この登録は1度のみで次回は不要です。	该登记仅需一次,以后无需重复。		1	template/purchase/PurchaseTemps.html
また、登録情報は年齢確認以外に使用しません。	此外,登记的信息不会用于年龄确认以外的用途。		1	template/purchase/PurchaseTemps.html
年齢認証へ	前往年龄认证		1	template/purchase/PurchaseTemps.html
お客様の生年月日を入力してください。	请输入您的出生日期。		1	template/purchase/PurchaseTemps.html
西暦:&nbsp;	公元:&nbsp;		1	template/purchase/PurchaseTemps.html
&nbsp;年&nbsp;&nbsp;			1	template/purchase/PurchaseTemps.html
&nbsp;月			1	template/purchase/PurchaseTemps.html
登録	注册		1	template/purchase/PurchaseTemps.html
覚醒素材セット	觉醒素材套装		1	template/chara/CharaBulkCustomizePopup.html
全ての素材をまとめてセットします。	将全部素材批量放入。		1	template/chara/CharaBulkCustomizePopup.html
マギア強化	Magia强化		1	template/chara/CharaComposeMagia.html
覚醒	觉醒		1	template/chara/CharaCustomize.html
まとめて	批量		1	template/chara/CharaCustomize.html
能力解放素材確認	能力解放素材确认		1	template/chara/CharaEnhancementMaterialPopup.html
能力は既に解放済みです	能力已解放		1	template/chara/CharaEnhancementTree.html
解放可能数の上限に達しています	已达可解放数上限		1	template/chara/CharaEnhancementTree.html
詳細表示	显示详情		1	template/chara/CharaEnhancementTree.html
メモリア枠	记忆结晶栏位		1	template/chara/CharaLimitBreakParts.html
余ったデスティニージェムは	多余的命运宝石		1	template/chara/CharaLimitBreakParts.html
マギアチップに変換できます	可以转换为魔法碎片		1	template/chara/CharaLimitBreakParts.html
使用する	使用		1	template/chara/CharaLimitBreakParts.html
イノセント・ジェムは貴重なアイテムです。	纯真宝石是珍贵的道具。		1	template/chara/CharaLimitBreakParts.html
本当によろしいですか？	真的确定吗?		1	template/chara/CharaLimitBreakParts.html
マギア強化素材確認	Magia强化素材确认		1	template/chara/CharaMagiaComposePopup.html
入手方法	获得方法		1	template/chara/CharaMagiaComposePopup.html
まとめて解放	批量解放		1	template/chara/CharaComposeAttribute/ComposeAttributeList.html
属性全員のステータスがアップ！	属性全员的状态提升!		1	template/chara/CharaComposeAttribute/popupAllItemConfirm.html
属性全員の	属性全体的		1	template/chara/CharaComposeAttribute/popupItemConfirm.html
アップ！	提升!		1	template/chara/CharaComposeAttribute/popupItemConfirm.html
ログイン	登录		1	template/loginBonus/loginBonusCampaignPopupTemp.html
サポートボーナス	支援加成		1	template/loginBonus/loginBonusPopupTemp.html
マギアパスポート	Magia通行证		1	template/loginBonus/loginBonusPopupTemp.html
Day1から7日間経過すると次のログインボーナスに切り替わります	Day1起经过7天后,将切换为下一种登录奖励		1	template/loginBonus/loginBonusPopupTemp.html
ログインボーナスで貰ったアイテムは直接付与されます	登录奖励获得的道具将直接发放		1	template/loginBonus/loginBonusPopupTemp.html
最新話更新	最新话更新		1	template/base/GlobalMenu.html
購入しました。	已购买。		1	template/shop/ShopTop.html
※プレゼントボックスよりお受け取りください。	※请到礼物盒领取。		1	template/shop/ShopTop.html
※購入したアイテムは直接付与されています。	※购买的道具已直接发放。		1	template/shop/ShopTop.html
強化トップに戻る	返回强化首页		1	template/memoria/MemoriaComposeAnimation.html
メモリア限界突破	记忆结晶界限突破		1	template/memoria/MemoriaComposeTop.html
アイテム	道具		1	template/memoria/MemoriaComposeTop.html
タッチして素材メモリアを選んでください	请点击选择素材记忆结晶		1	template/memoria/MemoriaComposeTop.html
アイテム素材を使用して強化します	使用道具素材进行强化		1	template/memoria/MemoriaComposeTop.html
★1・★2	★1·★2		1	template/memoria/MemoriaComposeTop.html
獲得できるEXP	可获得的EXP		1	template/memoria/MemoriaComposeTop.html
限界突破回数	界限突破次数		1	template/memoria/MemoriaComposeTop.html
メモリアを	记忆结晶		1	template/memoria/MemoriaComposeTop.html
します。よろしいですか？	。确定吗?		1	template/memoria/MemoriaComposeTop.html
装備中のメモリアは素材メモリアとして使用できません。	装备中的记忆结晶无法作为素材使用。		1	template/memoria/MemoriaComposeTop.html
メモリアをセットする枠を選択してください	请选择要放入记忆结晶的栏位		1	template/memoria/MemoriaEquip.html
編集したいセットを選んでください	请选择要编辑的套装		1	template/memoria/MemoriaSetList.html
セット編集	编辑套装		1	template/memoria/MemoriaSetList.html
メモリアセット名入力	输入记忆结晶套装名称		1	template/memoria/MemoriaSetList.html
メモリアセット名を入力してください	请输入记忆结晶套装名称		1	template/memoria/MemoriaSetList.html
売却する場所を選択	选择出售位置		1	template/memoria/MemoriaTop.html
一覧を表示する保管庫を選択	选择要显示一览的保管库		1	template/memoria/MemoriaTop.html
移動したいメモリアを選び、決定ボタンで移動先を決めてください	请选择要移动的记忆结晶,并按决定按钮确定移动位置		1	template/memoria/PieceArchive.html
装備中のメモリアは保管庫への移動はできません。	装备中的记忆结晶无法移至保管库。		1	template/memoria/PieceArchive.html
移動する場所を選択	选择移动位置		1	template/memoria/PieceArchive.html
選択数：	选择数:		1	template/memoria/PieceArchive.html
強化アイテム	强化道具		1	template/memoria/UserMemoriaList.html
装備中のメモリアは売却できません。	装备中的记忆结晶无法出售。		1	template/memoria/UserMemoriaList.html
装備を外して選択中の装備枠に装備しますか？	要卸下装备,装到选择的装备栏上吗?		1	template/memoria/UserMemoriaList.html
枚のメモリアを	张记忆结晶		1	template/memoria/UserMemoriaList.html
CCで売却します。	以CC出售。		1	template/memoria/UserMemoriaList.html
チェックをつけた項目のみ選択します	只选择勾选了的项目		1	template/memoria/bulkSelectPopupView.html
ロックなし	无锁定		1	template/memoria/bulkSelectPopupView.html
アビリティ	能力		1	template/memoria/bulkSelectPopupView.html
強化状態	强化状态		1	template/memoria/bulkSelectPopupView.html
限界突破済	已界限突破		1	template/memoria/bulkSelectPopupView.html
特殊			1	template/memoria/bulkSelectPopupView.html
イベント	活动		1	template/memoria/bulkSelectPopupView.html
選択する	选择		1	template/memoria/bulkSelectPopupView.html
レンタル解除	解除租用		1	template/formation/DeckFormation.html
チーム切り替え	切换队伍		1	template/formation/FormationQuest.html
入れ替えたい魔法少女をタッチしてください	请点击要更换的魔法少女		1	template/formation/FormationQuest.html
チーム詳細	队伍详情		1	template/formation/FormationQuest.html
プレビュー	预览		1	template/formation/FormationQuest.html
属性相性			1	template/formation/FormationQuest.html
各属性のサポートキャラを設定してください	请设置各属性的支援角色		1	template/formation/FormationSupport.html
サポート解散	解散支援		1	template/formation/FormationSupport.html
サポート詳細	支援详情		1	template/formation/FormationSupport.html
制圧中の結界名をタップすることで制圧状態を解除できます	点击压制中的结界名即可解除压制状态		1	template/regularEvent/extermination/RegularEventExterminationBattleSelect.html
開催：	举办:		1	template/regularEvent/extermination/RegularEventExterminationBattleSelect.html
難易度解放	难度解放		1	template/regularEvent/extermination/RegularEventExterminationTop.html
全クリア	全部通关		1	template/regularEvent/extermination/RegularEventExterminationTop.html
クリア済みのステージに再度挑戦できます	可以再次挑战已通关的关卡点		1	template/regularEvent/extermination/RegularEventExterminationTop.html
クリア済みのステージにもう一度挑戦できるようになりました	已通关的关卡点可以再次挑战了		1	template/regularEvent/extermination/RegularEventExterminationTop.html
グループ戦	小组战		1	template/regularEvent/groupBattle/RegularEventGroupBattleBoss.html
前半			1	template/regularEvent/groupBattle/RegularEventGroupBattleBoss.html
攻略のヒント	攻略提示		1	template/regularEvent/groupBattle/RegularEventGroupBattleBoss.html
グループ順位	小组排名		1	template/regularEvent/groupBattle/RegularEventGroupBattleBoss.html
個人順位	个人排名		1	template/regularEvent/groupBattle/RegularEventGroupBattleBoss.html
「いいね」	「点赞」		1	template/regularEvent/groupBattle/RegularEventGroupBattleBoss.html
をして		疑似碎片	1	template/regularEvent/groupBattle/RegularEventGroupBattleBoss.html
を獲得！	到手!		1	template/regularEvent/groupBattle/RegularEventGroupBattleBoss.html
次のグレードまで	距下一等级		1	template/regularEvent/groupBattle/RegularEventGroupBattleBoss.html
最高グレードに到達しました	已达最高等级		1	template/regularEvent/groupBattle/RegularEventGroupBattleBoss.html
前回ダメージ	上次伤害		1	template/regularEvent/groupBattle/RegularEventGroupBattleBoss.html
ショップ	商店		1	template/regularEvent/groupBattle/RegularEventGroupBattleBoss.html
引継ぎMP	继承MP		1	template/regularEvent/groupBattle/RegularEventGroupBattleBoss.html
キモチ戦の挑戦回数が回復しました。	心魔战的挑战次数已回复。		1	template/regularEvent/groupBattle/RegularEventGroupBattleBoss.html
前日のデイリーダメージ	前日每日伤害		1	template/regularEvent/groupBattle/RegularEventGroupBattleBoss.html
の評価	的评价		1	template/regularEvent/groupBattle/RegularEventGroupBattleBoss.html
を獲得しました。	已获得。		1	template/regularEvent/groupBattle/RegularEventGroupBattleBoss.html
が出現！	出现了!		1	template/regularEvent/groupBattle/RegularEventGroupBattleBoss.html
】グレードに達しました！	】等级达成!		1	template/regularEvent/groupBattle/RegularEventGroupBattleBoss.html
次のグレードまでの必要GPは	距下一等级所需GP为		1	template/regularEvent/groupBattle/RegularEventGroupBattleBoss.html
最高グレードへ到達しました	已达成最高等级		1	template/regularEvent/groupBattle/RegularEventGroupBattleBoss.html
グループバトル終了	小组战斗结束		1	template/regularEvent/groupBattle/RegularEventGroupBattleEnd.html
最終グレード	最终等级		1	template/regularEvent/groupBattle/RegularEventGroupBattleEnd.html
到達グレード報酬	达成等级报酬		1	template/regularEvent/groupBattle/RegularEventGroupBattleEnd.html
個人	个人		1	template/regularEvent/groupBattle/RegularEventGroupBattleLog.html
グループバトルミッション	小组战斗任务		1	template/regularEvent/groupBattle/RegularEventGroupBattleMission.html
トータル	总计		1	template/regularEvent/groupBattle/RegularEventGroupBattleRanking.html
自分の順位	自己的排名		1	template/regularEvent/groupBattle/RegularEventGroupBattleRanking.html
キモチ撃退数	心魔击退数		1	template/regularEvent/groupBattle/RegularEventGroupBattleRanking.html
ボスLvボーナス	BOSS Lv加成		1	template/regularEvent/groupBattle/RegularEventGroupBattleResult.html
バトル評価ボーナス	战斗评价加成		1	template/regularEvent/groupBattle/RegularEventGroupBattleResult.html
獲得GP	获得GP		1	template/regularEvent/groupBattle/RegularEventGroupBattleResult.html
引き継ぎチャージ数	继承Charge数		1	template/regularEvent/groupBattle/RegularEventGroupBattleResult.html
獲得メダル	获得奖章		1	template/regularEvent/groupBattle/RegularEventGroupBattleResult.html
詳細	详情		1	template/regularEvent/groupBattle/RegularEventGroupBattleResult.html
合計補助ダメージ	合计辅助伤害		1	template/regularEvent/groupBattle/RegularEventGroupBattleResult.html
合計攻撃ダメージ	合计攻击伤害		1	template/regularEvent/groupBattle/RegularEventGroupBattleResult.html
スキル数	技能数		1	template/regularEvent/groupBattle/RegularEventGroupBattleResult.html
攻撃ダメージ	攻击伤害		1	template/regularEvent/groupBattle/RegularEventGroupBattleResult.html
勢力図	势力图		1	template/regularEvent/groupBattle/RegularEventGroupBattleUnionLog.html
所属勢力：	所属势力:		1	template/regularEvent/groupBattle/RegularEventGroupBattleUnionLog.html
所持ＧＰ：	持有GP:		1	template/regularEvent/groupBattle/RegularEventGroupBattleUnionLog.html
グループTOP	小组首页		1	template/regularEvent/groupBattle/RegularEventGroupBattleUnionLog.html
グループメンバー	小组成员		1	template/regularEvent/groupBattle/RegularEventGroupBattleUser.html
自分へ移動	移到自己		1	template/regularEvent/groupBattle/RegularEventGroupBattleUser.html
キモチの最大Lv	心魔最大Lv		1	template/regularEvent/groupBattle/RegularEventGroupBattleUser.html
グループ内の順位	小组内排名		1	template/regularEvent/groupBattle/RegularEventGroupBattleUser.html
挑戦回数	挑战次数		1	template/regularEvent/groupBattle/RegularEventGroupBattleUser.html
新しく設定するグループ名を入力してください。	请输入新的小组名。		1	template/regularEvent/groupBattle/RegularEventGroupCommon.html
※グループ名は何度でも変更可能です	※小组名可不限次数更改		1	template/regularEvent/groupBattle/RegularEventGroupCommon.html
ミッション報酬	任务报酬		1	template/regularEvent/groupBattle/RegularEventGroupCommon.html
受け取る	领取		1	template/regularEvent/groupBattle/RegularEventGroupCommon.html
日目戦績	日战绩		1	template/regularEvent/groupBattle/RegularEventGroupCommon.html
回目	次		1	template/regularEvent/groupBattle/RegularEventGroupCommon.html
キモチ	心魔	疑似碎片	1	template/regularEvent/groupBattle/RegularEventGroupCommon.html
ダメージ報酬	伤害报酬		1	template/regularEvent/groupBattle/RegularEventGroupCommon.html
所属グループ	所属小组		1	template/regularEvent/groupBattle/RegularEventGroupCommon.html
グループ内	小组内		1	template/regularEvent/groupBattle/RegularEventGroupCommon.html
自分の所有 GP	自己持有的GP		1	template/regularEvent/groupBattle/RegularEventGroupCommon.html
自分のデイリーダメージ	自己的每日伤害		1	template/regularEvent/groupBattle/RegularEventGroupCommon.html
獲得	获得		1	template/regularEvent/groupBattle/RegularEventGroupCommon.html
称号			1	template/regularEvent/groupBattle/RegularEventGroupCommon.html
位～	名~		1	template/regularEvent/groupBattle/RegularEventGroupCommon.html
位以降	名以后		1	template/regularEvent/groupBattle/RegularEventGroupCommon.html
グループグレード	小组等级		1	template/regularEvent/groupBattle/RegularEventGroupCommon.html
前日のデイリーダメージに基づいてグループ内順位が確定しました。	小组内排名已根据前日的每日伤害确定。		1	template/regularEvent/groupBattle/RegularEventGroupCommon.html
キモチ戦で所属するグループが決定しました。	心魔战的所属小组已确定。		1	template/regularEvent/groupBattle/RegularEventGroupCommon.html
前日のグループ内順位が1位のユーザーはグループ名を変更することが可能です。	前日小组内排名第1的用户可以更改小组名。		1	template/regularEvent/groupBattle/RegularEventGroupCommon.html
1日1回、グループメンバーに	每天1次,可以向小组成员		1	template/regularEvent/groupBattle/RegularEventGroupCommon.html
を送ることで、引き継ぎMPを	，即可让继承MP		1	template/regularEvent/groupBattle/RegularEventGroupCommon.html
獲得できます	即可获得		1	template/regularEvent/groupBattle/RegularEventGroupCommon.html
クリア演出	通关演出		1	template/regularEvent/accomplish/RegularEventAccomplishTop.html
場所	场所		1	template/regularEvent/accomplish/RegularEventAccomplishTop.html
解放済ステージ：	已解放关卡:		1	template/regularEvent/accomplish/RegularEventAccomplishTop.html
挑戦する	挑战		1	template/regularEvent/accomplish/RegularEventAccomplishTop.html
最高ステージに到達しています	已到达最高关卡点		1	template/regularEvent/accomplish/RegularEventAccomplishTop.html
更新をお待ちください	请等待更新		1	template/regularEvent/accomplish/RegularEventAccomplishTop.html
オールクリア	全部通关		1	template/regularEvent/accomplish/RegularEventAccomplishTop.html
