record_id,layer,physical_kind,source_container_absolute,source_archive_entry,source_plist,logical_texture_name,source_locator_absolute,source_locator_repo_relative,export_path,format,width,height,mode,frames,has_alpha,encoded_sha256,pixel_sha256,phash64,encoded_bytes
P-DIRECT-0001,physical,apk_direct,D:\magia\MyProducts\MagiaRe\Magia_CN_Project\dist\MagiaCN-r128-downloader-fix1.apk,res/drawable-hdpi/abc_ab_share_pack_mtrl_alpha.9.png,,,D:\magia\MyProducts\MagiaRe\Magia_CN_Project\dist\MagiaCN-r128-downloader-fix1.apk!/res/drawable-hdpi/abc_ab_share_pack_mtrl_alpha.9.png,res/drawable-hdpi/abc_ab_share_pack_mtrl_alpha.9.png,all-images/res/drawable-hdpi/abc_ab_share_pack_mtrl_alpha.9.png,PNG,24,24,LA,1,True,991F73BE600AD8821A6743DB54AF513F9B047058E95066E22FCDD1D72032BC58,8AA8CE3BD2E42C741B6CB5D289F45473D9F0B6D7E296C51ED1980F118D427662,91CC4CC73BC56E1B,272
P-DIRECT-0002,physical,apk_direct,D:\magia\MyProducts\MagiaRe\Magia_CN_Project\dist\MagiaCN-r128-downloader-fix1.apk,res/drawable-hdpi/abc_btn_check_to_on_mtrl_000.png,,,D:\magia\MyProducts\MagiaRe\Magia_CN_Project\dist\MagiaCN-r128-downloader-fix1.apk!/res/drawable-hdpi/abc_btn_check_to_on_mtrl_000.png,res/drawable-hdpi/abc_btn_check_to_on_mtrl_000.png,all-images/res/drawable-hdpi/abc_btn_check_to_on_mtrl_000.png,PNG,48,48,LA,1,True,E32C51210D0EBB45BDC7913AA243E5371D160D59398B5807AEF31846C9907347,29D01C74C478C0ECC38FAAD65780815DC80D53D69CF96BC1B0488DF62292FC35,FC83F434CBC80BCB,286
P-DIRECT-0003,physical,apk_direct,D:\magia\MyProducts\MagiaRe\Magia_CN_Project\dist\MagiaCN-r128-downloader-fix1.apk,res/drawable-hdpi/abc_btn_check_to_on_mtrl_015.png,,,D:\magia\MyProducts\MagiaRe\Magia_CN_Project\dist\MagiaCN-r128-downloader-fix1.apk!/res/drawable-hdpi/abc_btn_check_to_on_mtrl_015.png,res/drawable-hdpi/abc_btn_check_to_on_mtrl_015.png,all-images/res/drawable-hdpi/abc_btn_check_to_on_mtrl_015.png,PNG,48,48,LA,1,True,1F1A2940432BCFE00B1FEF27EFE73E7CE24A956EF5E628EB4DC903BCF3B55AED,F2D0F84C74D5C583CE82030D6BEE6900EA748B6B2B5403C29BE734BD4F70CAE0,A93396CCCB333CCC,537
P-DIRECT-0004,physical,apk_direct,D:\magia\MyProducts\MagiaRe\Magia_CN_Project\dist\MagiaCN-r128-downloader-fix1.apk,res/drawable-hdpi/abc_btn_radio_to_on_mtrl_000.png,,,D:\magia\MyProducts\MagiaRe\Magia_CN_Project\dist\MagiaCN-r128-downloader-fix1.apk!/res/drawable-hdpi/abc_btn_radio_to_on_mtrl_000.png,res/drawable-hdpi/abc_btn_radio_to_on_mtrl_000.png,all-images/res/drawable-hdpi/abc_btn_radio_to_on_mtrl_000.png,PNG,48,48,LA,1,True,C1B657E028594C12158CDA195F3409F741298179077A3A61C4881FD8D7E8899B,8997BBBF979040975EC2F54E6C9E3F2F168859BEA052DE3BDAA411644CD5214A,FC0BF0B6CBF41C09,565
P-DIRECT-0005,physical,apk_direct,D:\magia\MyProducts\MagiaRe\Magia_CN_Project\dist\MagiaCN-r128-downloader-fix1.apk,res/drawable-hdpi/abc_btn_radio_to_on_mtrl_015.png,,,D:\magia\MyProducts\MagiaRe\Magia_CN_Project\dist\MagiaCN-r128-downloader-fix1.apk!/res/drawable-hdpi/abc_btn_radio_to_on_mtrl_015.png,res/drawable-hdpi/abc_btn_radio_to_on_mtrl_015.png,all-images/res/drawable-hdpi/abc_btn_radio_to_on_mtrl_015.png,PNG,48,48,LA,1,True,80779CEA7BE4DD5108CBE2F231DDF787A07190A85BA189C0CECECBB239D5E6FA,1B880B7D4B6E3B89DBE6B0698E0B15A257E58FB1C9A9CAAD4F9A5AA356D60ACF,F64BD4F403F4C949,687
P-DIRECT-0006,physical,apk_direct,D:\magia\MyProducts\MagiaRe\Magia_CN_Project\dist\MagiaCN-r128-downloader-fix1.apk,res/drawable-hdpi/abc_btn_switch_to_on_mtrl_00001.9.png,,,D:\magia\MyProducts\MagiaRe\Magia_CN_Project\dist\MagiaCN-r128-downloader-fix1.apk!/res/drawable-hdpi/abc_btn_switch_to_on_mtrl_00001.9.png,res/drawable-hdpi/abc_btn_switch_to_on_mtrl_00001.9.png,all-images/res/drawable-hdpi/abc_btn_switch_to_on_mtrl_00001.9.png,PNG,41,41,LA,1,True,9F849BCD788ADCEB32F4C1A5AA892749BD1E244A3787BFBFBD30D3B6F5D8E9DB,A426916DC2502E49524259F3FCB6285873D4BBC0DCC6B35D33B7433306DF95E0,D6D12F4B342DF634,1096
P-DIRECT-0007,physical,apk_direct,D:\magia\MyProducts\MagiaRe\Magia_CN_Project\dist\MagiaCN-r128-downloader-fix1.apk,res/drawable-hdpi/abc_btn_switch_to_on_mtrl_00012.9.png,,,D:\magia\MyProducts\MagiaRe\Magia_CN_Project\dist\MagiaCN-r128-downloader-fix1.apk!/res/drawable-hdpi/abc_btn_switch_to_on_mtrl_00012.9.png,res/drawable-hdpi/abc_btn_switch_to_on_mtrl_00012.9.png,all-images/res/drawable-hdpi/abc_btn_switch_to_on_mtrl_00012.9.png,PNG,41,41,LA,1,True,AB94AFCB2BB325544C0C1103BF5109B827BF070F441FAEF909F856AE295A1CF0,044BAA50851C6CBA1755E8D66723765AA344D4345015E229E1B53874E366789F,C2C03F9F357CE268,1243
P-DIRECT-0008,physical,apk_direct,D:\magia\MyProducts\MagiaRe\Magia_CN_Project\dist\MagiaCN-r128-downloader-fix1.apk,res/drawable-hdpi/abc_cab_background_top_mtrl_alpha.9.png,,,D:\magia\MyProducts\MagiaRe\Magia_CN_Project\dist\MagiaCN-r128-downloader-fix1.apk!/res/drawable-hdpi/abc_cab_background_top_mtrl_alpha.9.png,res/drawable-hdpi/abc_cab_background_top_mtrl_alpha.9.png,all-images/res/drawable-hdpi/abc_cab_background_top_mtrl_alpha.9.png,PNG,36,36,LA,1,True,67E701476927078D89AB0BBB39FFF12D69702592A7A428237A21168A21EC1038,D3D2275501EAF89E6C8718511BF83027CC2F44CBEAE884247740C9E8482724AF,D6D639D629D629D6,226
P-DIRECT-0009,physical,apk_direct,D:\magia\MyProducts\MagiaRe\Magia_CN_Project\dist\MagiaCN-r128-downloader-fix1.apk,res/drawable-hdpi/abc_ic_commit_search_api_mtrl_alpha.png,,,D:\magia\MyProducts\MagiaRe\Magia_CN_Project\dist\MagiaCN-r128-downloader-fix1.apk!/res/drawable-hdpi/abc_ic_commit_search_api_mtrl_alpha.png,res/drawable-hdpi/abc_ic_commit_search_api_mtrl_alpha.png,all-images/res/drawable-hdpi/abc_ic_commit_search_api_mtrl_alpha.png,PNG,48,48,LA,1,True,EFFD38F217713D7E0522D7D74E70C21A57F382E42CB2318A9AC00DFD25D5DFB0,1650E476217137CD8C60F089BECBD1DBB20695CF0A66AC728903FFD8261A0AA1,CECC3133CFCC9893,182
P-DIRECT-0010,physical,apk_direct,D:\magia\MyProducts\MagiaRe\Magia_CN_Project\dist\MagiaCN-r128-downloader-fix1.apk,res/drawable-hdpi/abc_list_divider_mtrl_alpha.9.png,,,D:\magia\MyProducts\MagiaRe\Magia_CN_Project\dist\MagiaCN-r128-downloader-fix1.apk!/res/drawable-hdpi/abc_list_divider_mtrl_alpha.9.png,res/drawable-hdpi/abc_list_divider_mtrl_alpha.9.png,all-images/res/drawable-hdpi/abc_list_divider_mtrl_alpha.9.png,PNG,1,1,L,1,False,378694706FB7256DD2248E2AF854EFD71EC7E8885F61DA2E16A2BD32FCF3D0A9,AF85444DFC9FC260EA2CF98C591573FE5F89E20A9409AAFC91636E2EFFDE8F78,D72929D639D6D729,167
P-DIRECT-0011,physical,apk_direct,D:\magia\MyProducts\MagiaRe\Magia_CN_Project\dist\MagiaCN-r128-downloader-fix1.apk,res/drawable-hdpi/abc_list_focused_holo.9.png,,,D:\magia\MyProducts\MagiaRe\Magia_CN_Project\dist\MagiaCN-r128-downloader-fix1.apk!/res/drawable-hdpi/abc_list_focused_holo.9.png,res/drawable-hdpi/abc_list_focused_holo.9.png,all-images/res/drawable-hdpi/abc_list_focused_holo.9.png,PNG,9,9,RGBA,1,True,260F8F0A3552565A6E78E62525A74BE24786C2BA55307DC631ECCB1EDB1D997C,DD8FD437B35A3BAA7C1DFAAEEEEB7AA735A1E3DA0DDD66C7CD44B26D84E8FC3E,F4CCCBC636F4380B,258
P-DIRECT-0012,physical,apk_direct,D:\magia\MyProducts\MagiaRe\Magia_CN_Project\dist\MagiaCN-r128-downloader-fix1.apk,res/drawable-hdpi/abc_list_longpressed_holo.9.png,,,D:\magia\MyProducts\MagiaRe\Magia_CN_Project\dist\MagiaCN-r128-downloader-fix1.apk!/res/drawable-hdpi/abc_list_longpressed_holo.9.png,res/drawable-hdpi/abc_list_longpressed_holo.9.png,all-images/res/drawable-hdpi/abc_list_longpressed_holo.9.png,PNG,9,9,RGBA,1,True,D5C644B00EE79BD4F1FCB789EBBF89E79C0C6FEA878DFBC4A8C64C3BE34B5B03,070C0B4378E52F72914100E122EA189BCB52A7861A7225D5CA67C97FE328B336,D6D629D621D6D629,212
P-DIRECT-0013,physical,apk_direct,D:\magia\MyProducts\MagiaRe\Magia_CN_Project\dist\MagiaCN-r128-downloader-fix1.apk,res/drawable-hdpi/abc_list_pressed_holo_dark.9.png,,,D:\magia\MyProducts\MagiaRe\Magia_CN_Project\dist\MagiaCN-r128-downloader-fix1.apk!/res/drawable-hdpi/abc_list_pressed_holo_dark.9.png,res/drawable-hdpi/abc_list_pressed_holo_dark.9.png,all-images/res/drawable-hdpi/abc_list_pressed_holo_dark.9.png,PNG,9,9,LA,1,True,2DF16D4094793A921ADC5C9002A041099C913F4EB7F6E1FEEE1C32F2B318BB89,0BFB1CDC88A59979779600E801FFBDB80B3F4CC57D11CFAEC98FA81F9E91B025,D6D629D684D6D629,208
P-DIRECT-0014,physical,apk_direct,D:\magia\MyProducts\MagiaRe\Magia_CN_Project\dist\MagiaCN-r128-downloader-fix1.apk,res/drawable-hdpi/abc_list_pressed_holo_light.9.png,,,D:\magia\MyProducts\MagiaRe\Magia_CN_Project\dist\MagiaCN-r128-downloader-fix1.apk!/res/drawable-hdpi/abc_list_pressed_holo_light.9.png,res/drawable-hdpi/abc_list_pressed_holo_light.9.png,all-images/res/drawable-hdpi/abc_list_pressed_holo_light.9.png,PNG,9,9,LA,1,True,31F630C2FE1AD04620A70F91CF2589FDA8CA29E21BE0A28AA72C2C720178CF5B,9244A036AE183A32877CEDBEE1F41B8CAC484F96840163EB513E9FD778B3384A,D6D62829D6D6D629,208
P-DIRECT-0015,physical,apk_direct,D:\magia\MyProducts\MagiaRe\Magia_CN_Project\dist\MagiaCN-r128-downloader-fix1.apk,res/drawable-hdpi/abc_list_selector_disabled_holo_dark.9.png,,,D:\magia\MyProducts\MagiaRe\Magia_CN_Project\dist\MagiaCN-r128-downloader-fix1.apk!/res/drawable-hdpi/abc_list_selector_disabled_holo_dark.9.png,res/drawable-hdpi/abc_list_selector_disabled_holo_dark.9.png,all-images/res/drawable-hdpi/abc_list_selector_disabled_holo_dark.9.png,PNG,21,63,LA,1,True,89C28E887B0D60C01B35DCD2BE654F416BFFB66E8565716DC983E3B0204967E8,56FBFB6168C11C03609B49FE1F9261CAEEE481BCFFA27EA0EF4010F9343DEFAE,AA2A2AD72FD5AA2A,228
P-DIRECT-0016,physical,apk_direct,D:\magia\MyProducts\MagiaRe\Magia_CN_Project\dist\MagiaCN-r128-downloader-fix1.apk,res/drawable-hdpi/abc_list_selector_disabled_holo_light.9.png,,,D:\magia\MyProducts\MagiaRe\Magia_CN_Project\dist\MagiaCN-r128-downloader-fix1.apk!/res/drawable-hdpi/abc_list_selector_disabled_holo_light.9.png,res/drawable-hdpi/abc_list_selector_disabled_holo_light.9.png,all-images/res/drawable-hdpi/abc_list_selector_disabled_holo_light.9.png,PNG,21,63,LA,1,True,475F03B3CCFF04FCE91A7A912142D150A000B1D011DA003745DC2C0E3F5FB092,D245AAF68CAAEA4DA4D14B92D0ABFA5FC973FC9EE8E06388010D5084C16917F5,AA2A2AAA7FAAAB2A,229
P-DIRECT-0017,physical,apk_direct,D:\magia\MyProducts\MagiaRe\Magia_CN_Project\dist\MagiaCN-r128-downloader-fix1.apk,res/drawable-hdpi/abc_menu_hardkey_panel_mtrl_mult.9.png,,,D:\magia\MyProducts\MagiaRe\Magia_CN_Project\dist\MagiaCN-r128-downloader-fix1.apk!/res/drawable-hdpi/abc_menu_hardkey_panel_mtrl_mult.9.png,res/drawable-hdpi/abc_menu_hardkey_panel_mtrl_mult.9.png,all-images/res/drawable-hdpi/abc_menu_hardkey_panel_mtrl_mult.9.png,PNG,96,36,LA,1,True,EE833A1C17F4F7E3C7B7B556965258DBF7ADB6216B1A649DA1BDC5B0310AE0EC,89451CBB8EBD124EEB9A6701ABD95EAB3AAA2B2707DB465050389507CAAE492D,D07A2F8595D07A2F,738
P-DIRECT-0018,physical,apk_direct,D:\magia\MyProducts\MagiaRe\Magia_CN_Project\dist\MagiaCN-r128-downloader-fix1.apk,res/drawable-hdpi/abc_popup_background_mtrl_mult.9.png,,,D:\magia\MyProducts\MagiaRe\Magia_CN_Project\dist\MagiaCN-r128-downloader-fix1.apk!/res/drawable-hdpi/abc_popup_background_mtrl_mult.9.png,res/drawable-hdpi/abc_popup_background_mtrl_mult.9.png,all-images/res/drawable-hdpi/abc_popup_background_mtrl_mult.9.png,PNG,96,48,LA,1,True,BF3CD941CB0475027B049AFC1F2022D59CA548BAB164D263E1A9DBF08575AE52,801A22353DBBB0B11AC5E0389D9A5E6EBECE3B9AFBD4382694E6DA1071E6B828,85D07F07D02F957A,1065
P-DIRECT-0019,physical,apk_direct,D:\magia\MyProducts\MagiaRe\Magia_CN_Project\dist\MagiaCN-r128-downloader-fix1.apk,res/drawable-hdpi/abc_scrubber_control_off_mtrl_alpha.png,,,D:\magia\MyProducts\MagiaRe\Magia_CN_Project\dist\MagiaCN-r128-downloader-fix1.apk!/res/drawable-hdpi/abc_scrubber_control_off_mtrl_alpha.png,res/drawable-hdpi/abc_scrubber_control_off_mtrl_alpha.png,all-images/res/drawable-hdpi/abc_scrubber_control_off_mtrl_alpha.png,PNG,18,48,LA,1,True,BCF9E688A1710C320C24F682AD26D12CD26B4B5E16E3A01A3EE690E486D57A95,C044F5D926FD0EED9D9F980DC5B5AED78F9BD4A870084BB9E63F0F50D557431C,E4BC0B8BBCFCC3D2,228
P-DIRECT-0020,physical,apk_direct,D:\magia\MyProducts\MagiaRe\Magia_CN_Project\dist\MagiaCN-r128-downloader-fix1.apk,res/drawable-hdpi/abc_scrubber_control_to_pressed_mtrl_000.png,,,D:\magia\MyProducts\MagiaRe\Magia_CN_Project\dist\MagiaCN-r128-downloader-fix1.apk!/res/drawable-hdpi/abc_scrubber_control_to_pressed_mtrl_000.png,res/drawable-hdpi/abc_scrubber_control_to_pressed_mtrl_000.png,all-images/res/drawable-hdpi/abc_scrubber_control_to_pressed_mtrl_000.png,PNG,18,18,LA,1,True,540D0E23CD0C32A128C17BCEE2982F1A47EF20ED1BF27FD0EE68DB8CE1FABEE4,2A5E860E01F682F9BE552441A77A5FC30C09F6DD1B822AF0FEBC3E150BFAB752,EB83E9A3E14195AB,217
P-DIRECT-0021,physical,apk_direct,D:\magia\MyProducts\MagiaRe\Magia_CN_Project\dist\MagiaCN-r128-downloader-fix1.apk,res/drawable-hdpi/abc_scrubber_control_to_pressed_mtrl_005.png,,,D:\magia\MyProducts\MagiaRe\Magia_CN_Project\dist\MagiaCN-r128-downloader-fix1.apk!/res/drawable-hdpi/abc_scrubber_control_to_pressed_mtrl_005.png,res/drawable-hdpi/abc_scrubber_control_to_pressed_mtrl_005.png,all-images/res/drawable-hdpi/abc_scrubber_control_to_pressed_mtrl_005.png,PNG,27,27,LA,1,True,0C1130DC6A30B8765EA864D1522EAEF92525A6E9A8187450242B59615E3AE25D,B5E31F7B1D65FAA03671EFF08EB30C10FB7FE82EAAB1A479421039F835EFE520,FF8AA8D7A18AD48A,324
P-DIRECT-0022,physical,apk_direct,D:\magia\MyProducts\MagiaRe\Magia_CN_Project\dist\MagiaCN-r128-downloader-fix1.apk,res/drawable-hdpi/abc_scrubber_primary_mtrl_alpha.9.png,,,D:\magia\MyProducts\MagiaRe\Magia_CN_Project\dist\MagiaCN-r128-downloader-fix1.apk!/res/drawable-hdpi/abc_scrubber_primary_mtrl_alpha.9.png,res/drawable-hdpi/abc_scrubber_primary_mtrl_alpha.9.png,all-images/res/drawable-hdpi/abc_scrubber_primary_mtrl_alpha.9.png,PNG,15,18,LA,1,True,9A1A48038A8D1DC041035B49CC732DB23E008D126C8B2E680749DD29616A37B3,C384F913DD22D5E13C0968AC8B9558ADF3784061FFA73DCCFC8F38301D433AC8,D7D62929D6D62929,205
P-DIRECT-0023,physical,apk_direct,D:\magia\MyProducts\MagiaRe\Magia_CN_Project\dist\MagiaCN-r128-downloader-fix1.apk,res/drawable-hdpi/abc_scrubber_track_mtrl_alpha.9.png,,,D:\magia\MyProducts\MagiaRe\Magia_CN_Project\dist\MagiaCN-r128-downloader-fix1.apk!/res/drawable-hdpi/abc_scrubber_track_mtrl_alpha.9.png,res/drawable-hdpi/abc_scrubber_track_mtrl_alpha.9.png,all-images/res/drawable-hdpi/abc_scrubber_track_mtrl_alpha.9.png,PNG,15,18,LA,1,True,C86D934A5809F32599E42143E306ED6E066B224FE1FA3F32ADE1603074E5B136,944CF5A22DA784B3C360781FECBCD2F26787D7F1E8DCB6275B5321E88D2526E9,D72929D6D6D62929,196
P-DIRECT-0024,physical,apk_direct,D:\magia\MyProducts\MagiaRe\Magia_CN_Project\dist\MagiaCN-r128-downloader-fix1.apk,res/drawable-hdpi/abc_spinner_mtrl_am_alpha.9.png,,,D:\magia\MyProducts\MagiaRe\Magia_CN_Project\dist\MagiaCN-r128-downloader-fix1.apk!/res/drawable-hdpi/abc_spinner_mtrl_am_alpha.9.png,res/drawable-hdpi/abc_spinner_mtrl_am_alpha.9.png,all-images/res/drawable-hdpi/abc_spinner_mtrl_am_alpha.9.png,PNG,27,36,LA,1,True,B0B2DC2CAE7811C124AE528D714318BB1043B59D82A640F22C47ACE64C283FEC,53D1880DFD5D0EF9DF16A585DC40B40B076F148AB81AE9984FA10D8BD0E800F8,CCCB333CCCC3333C,345
P-DIRECT-0025,physical,apk_direct,D:\magia\MyProducts\MagiaRe\Magia_CN_Project\dist\MagiaCN-r128-downloader-fix1.apk,res/drawable-hdpi/abc_switch_track_mtrl_alpha.9.png,,,D:\magia\MyProducts\MagiaRe\Magia_CN_Project\dist\MagiaCN-r128-downloader-fix1.apk!/res/drawable-hdpi/abc_switch_track_mtrl_alpha.9.png,res/drawable-hdpi/abc_switch_track_mtrl_alpha.9.png,all-images/res/drawable-hdpi/abc_switch_track_mtrl_alpha.9.png,PNG,35,25,LA,1,True,2E3D70230977AF37C6D7739899A73E63937EEBDFE6D802F1A957C43C2F2AB131,183EA3435C19DF62541F11618D79FCB1DFE3F05F34898EA91FDBF3A72AB2E843,D34E3DA575B4604B,484
P-DIRECT-0026,physical,apk_direct,D:\magia\MyProducts\MagiaRe\Magia_CN_Project\dist\MagiaCN-r128-downloader-fix1.apk,res/drawable-hdpi/abc_tab_indicator_mtrl_alpha.9.png,,,D:\magia\MyProducts\MagiaRe\Magia_CN_Project\dist\MagiaCN-r128-downloader-fix1.apk!/res/drawable-hdpi/abc_tab_indicator_mtrl_alpha.9.png,res/drawable-hdpi/abc_tab_indicator_mtrl_alpha.9.png,all-images/res/drawable-hdpi/abc_tab_indicator_mtrl_alpha.9.png,PNG,18,18,LA,1,True,AA61229CD70239278109C5EBE725E72484D0252EFA4902A17192366942749289,14B9561FAE465A4CFB7837DF0F3307609FEEA7778AECB40DA90D908EC6BE97CB,D6D629D639D73929,190
P-DIRECT-0027,physical,apk_direct,D:\magia\MyProducts\MagiaRe\Magia_CN_Project\dist\MagiaCN-r128-downloader-fix1.apk,res/drawable-hdpi/abc_textfield_activated_mtrl_alpha.9.png,,,D:\magia\MyProducts\MagiaRe\Magia_CN_Project\dist\MagiaCN-r128-downloader-fix1.apk!/res/drawable-hdpi/abc_textfield_activated_mtrl_alpha.9.png,res/drawable-hdpi/abc_textfield_activated_mtrl_alpha.9.png,all-images/res/drawable-hdpi/abc_textfield_activated_mtrl_alpha.9.png,PNG,19,16,LA,1,True,A933AAEBBEAE489DEA84E78E7FBC4079FDFDA576FBDEB339401FDA6CDC03E764,5F78480B3516C7E8A1F4661F969BCDE6B936B2699521A317558E71788AC95332,D6D629D729D6D739,186
P-DIRECT-0028,physical,apk_direct,D:\magia\MyProducts\MagiaRe\Magia_CN_Project\dist\MagiaCN-r128-downloader-fix1.apk,res/drawable-hdpi/abc_textfield_default_mtrl_alpha.9.png,,,D:\magia\MyProducts\MagiaRe\Magia_CN_Project\dist\MagiaCN-r128-downloader-fix1.apk!/res/drawable-hdpi/abc_textfield_default_mtrl_alpha.9.png,res/drawable-hdpi/abc_textfield_default_mtrl_alpha.9.png,all-images/res/drawable-hdpi/abc_textfield_default_mtrl_alpha.9.png,PNG,19,16,LA,1,True,94FE9824714AD94C002FE6219E723C0D80C7CBE3A6130D7AA493730B67E294D1,A9DCCB52E8B1D8D9FC15CC86862982896D8A9C6F7B128F1B1E44F24BB9594F7D,D6D629D6D629C629,192
P-DIRECT-0029,physical,apk_direct,D:\magia\MyProducts\MagiaRe\Magia_CN_Project\dist\MagiaCN-r128-downloader-fix1.apk,res/drawable-hdpi/abc_textfield_search_activated_mtrl_alpha.9.png,,,D:\magia\MyProducts\MagiaRe\Magia_CN_Project\dist\MagiaCN-r128-downloader-fix1.apk!/res/drawable-hdpi/abc_textfield_search_activated_mtrl_alpha.9.png,res/drawable-hdpi/abc_textfield_search_activated_mtrl_alpha.9.png,all-images/res/drawable-hdpi/abc_textfield_search_activated_mtrl_alpha.9.png,PNG,18,5,LA,1,True,25F25112CC46B285767DE7B5B058CFC0A9EFD5F21CFE724AF031505D66A9ECEB,DB8EBB41E6A3F29C5011E1A590E55638BAB40346907D59B44E71C95BA1B88E2A,D629D629D6D629D6,178
P-DIRECT-0030,physical,apk_direct,D:\magia\MyProducts\MagiaRe\Magia_CN_Project\dist\MagiaCN-r128-downloader-fix1.apk,res/drawable-hdpi/abc_textfield_search_default_mtrl_alpha.9.png,,,D:\magia\MyProducts\MagiaRe\Magia_CN_Project\dist\MagiaCN-r128-downloader-fix1.apk!/res/drawable-hdpi/abc_textfield_search_default_mtrl_alpha.9.png,res/drawable-hdpi/abc_textfield_search_default_mtrl_alpha.9.png,all-images/res/drawable-hdpi/abc_textfield_search_default_mtrl_alpha.9.png,PNG,18,5,LA,1,True,1411AE65D8160573C166D2A572106FD1103C12F242F67FEEC5FEAA550197E5F5,005A47D61F433B9E2AF1293AFA7765245158DDCF3EDB8C4B291BD342F1FEBAC0,D729D629D62939D7,178
P-DIRECT-0031,physical,apk_direct,D:\magia\MyProducts\MagiaRe\Magia_CN_Project\dist\MagiaCN-r128-downloader-fix1.apk,res/drawable-hdpi/abc_text_select_handle_left_mtrl.png,,,D:\magia\MyProducts\MagiaRe\Magia_CN_Project\dist\MagiaCN-r128-downloader-fix1.apk!/res/drawable-hdpi/abc_text_select_handle_left_mtrl.png,res/drawable-hdpi/abc_text_select_handle_left_mtrl.png,all-images/res/drawable-hdpi/abc_text_select_handle_left_mtrl.png,PNG,66,33,P,1,True,C7A9E8F4B746243321649495CB3EC6F4B926C0062DDBE12F8E05D6EE69A4DDFA,5BF7AE40A230EE8CF7B25F855BE57898F6838C1FDC89759D1E754797E792152B,E569C36DC764CE24,277
P-DIRECT-0032,physical,apk_direct,D:\magia\MyProducts\MagiaRe\Magia_CN_Project\dist\MagiaCN-r128-downloader-fix1.apk,res/drawable-hdpi/abc_text_select_handle_middle_mtrl.png,,,D:\magia\MyProducts\MagiaRe\Magia_CN_Project\dist\MagiaCN-r128-downloader-fix1.apk!/res/drawable-hdpi/abc_text_select_handle_middle_mtrl.png,res/drawable-hdpi/abc_text_select_handle_middle_mtrl.png,all-images/res/drawable-hdpi/abc_text_select_handle_middle_mtrl.png,PNG,30,36,RGBA,1,True,732DCD3875645C1A7760AC1E7B5E4C2367DA36E8E8B13D6C7BB653249E2EE7D8,92F97E6CBA0AECA57EE6F98EEE59EB691B1BCF5FEFE51D76A553F78E6D20AB89,EBB0E112D71B8A79,636
P-DIRECT-0033,physical,apk_direct,D:\magia\MyProducts\MagiaRe\Magia_CN_Project\dist\MagiaCN-r128-downloader-fix1.apk,res/drawable-hdpi/abc_text_select_handle_right_mtrl.png,,,D:\magia\MyProducts\MagiaRe\Magia_CN_Project\dist\MagiaCN-r128-downloader-fix1.apk!/res/drawable-hdpi/abc_text_select_handle_right_mtrl.png,res/drawable-hdpi/abc_text_select_handle_right_mtrl.png,all-images/res/drawable-hdpi/abc_text_select_handle_right_mtrl.png,PNG,66,33,P,1,True,FCD78484A4509B83544A452089B4A9429B1C2C5992B59FC6C1501783ECFAADE5,742C7F5B998208AB659636B9F1152CB34F35469451C5B9EC6B4934841E1947B9,B43C92389339DB79,277
P-DIRECT-0034,physical,apk_direct,D:\magia\MyProducts\MagiaRe\Magia_CN_Project\dist\MagiaCN-r128-downloader-fix1.apk,res/drawable-hdpi/common_full_open_on_phone.png,,,D:\magia\MyProducts\MagiaRe\Magia_CN_Project\dist\MagiaCN-r128-downloader-fix1.apk!/res/drawable-hdpi/common_full_open_on_phone.png,res/drawable-hdpi/common_full_open_on_phone.png,all-images/res/drawable-hdpi/common_full_open_on_phone.png,PNG,96,96,P,1,True,CA57E6AF6DCCF996CA4D2E1EDB802E85323B5D87FFE86510BBD215BB5CCF4382,B60F6D54EAD6F167D221CF8ED8B6E0C06396FBD32B7AEEB6BC7A29C706CADB53,C63019CF6CCF3175,818
P-DIRECT-0035,physical,apk_direct,D:\magia\MyProducts\MagiaRe\Magia_CN_Project\dist\MagiaCN-r128-downloader-fix1.apk,res/drawable-hdpi/common_google_signin_btn_icon_dark_normal_background.9.png,,,D:\magia\MyProducts\MagiaRe\Magia_CN_Project\dist\MagiaCN-r128-downloader-fix1.apk!/res/drawable-hdpi/common_google_signin_btn_icon_dark_normal_background.9.png,res/drawable-hdpi/common_google_signin_btn_icon_dark_normal_background.9.png,all-images/res/drawable-hdpi/common_google_signin_btn_icon_dark_normal_background.9.png,PNG,73,73,RGBA,1,True,9865619196624A3CBA32A36B0111357AFEA3148F123221BA8C7265BC681AB8A9,C55BA3D417BB8F5A8F6F2187024A829781BAB77EBA0B763DD06F552B1C12BEF7,D0956A957A957A95,897
P-DIRECT-0036,physical,apk_direct,D:\magia\MyProducts\MagiaRe\Magia_CN_Project\dist\MagiaCN-r128-downloader-fix1.apk,res/drawable-hdpi/common_google_signin_btn_icon_light_normal_background.9.png,,,D:\magia\MyProducts\MagiaRe\Magia_CN_Project\dist\MagiaCN-r128-downloader-fix1.apk!/res/drawable-hdpi/common_google_signin_btn_icon_light_normal_background.9.png,res/drawable-hdpi/common_google_signin_btn_icon_light_normal_background.9.png,all-images/res/drawable-hdpi/common_google_signin_btn_icon_light_normal_background.9.png,PNG,73,73,LA,1,True,DCE2B161AE2F9277B041CC83997E453E7920707D53A414477208511DF574FE08,A5CA8D5EFE5DEC67760568A47BA4CF4CA215E00811170D9F0792B987F5775758,D5D52BD52BD42BD0,663
P-DIRECT-0037,physical,apk_direct,D:\magia\MyProducts\MagiaRe\Magia_CN_Project\dist\MagiaCN-r128-downloader-fix1.apk,res/drawable-hdpi/common_google_signin_btn_text_dark_normal_background.9.png,,,D:\magia\MyProducts\MagiaRe\Magia_CN_Project\dist\MagiaCN-r128-downloader-fix1.apk!/res/drawable-hdpi/common_google_signin_btn_text_dark_normal_background.9.png,res/drawable-hdpi/common_google_signin_btn_text_dark_normal_background.9.png,all-images/res/drawable-hdpi/common_google_signin_btn_text_dark_normal_background.9.png,PNG,168,73,RGBA,1,True,24BE45403CE8563F6388F3AD330AFE2909790AB7D6E4D3F972BCDAF9E5DCE6EE,7928413C7E481CBC84A0ED16E73A59F80245662A96CE1B95CE375AD8C65C8B9C,E2D51F951F941F84,960
P-DIRECT-0038,physical,apk_direct,D:\magia\MyProducts\MagiaRe\Magia_CN_Project\dist\MagiaCN-r128-downloader-fix1.apk,res/drawable-hdpi/common_google_signin_btn_text_light_normal_background.9.png,,,D:\magia\MyProducts\MagiaRe\Magia_CN_Project\dist\MagiaCN-r128-downloader-fix1.apk!/res/drawable-hdpi/common_google_signin_btn_text_light_normal_background.9.png,res/drawable-hdpi/common_google_signin_btn_text_light_normal_background.9.png,all-images/res/drawable-hdpi/common_google_signin_btn_text_light_normal_background.9.png,PNG,168,73,LA,1,True,DC9A0AE125491CCDAC95B57B5EEE4060EFD191294E171C8E369D7D0EC3AB2268,88EFEB4A61099C96B00B5099758CB3785AF4CBC289B9F14BE3F6A41EE2AC1CEF,D5D52AD52AD52AD4,694
P-DIRECT-0039,physical,apk_direct,D:\magia\MyProducts\MagiaRe\Magia_CN_Project\dist\MagiaCN-r128-downloader-fix1.apk,res/drawable-hdpi/googleg_disabled_color_18.png,,,D:\magia\MyProducts\MagiaRe\Magia_CN_Project\dist\MagiaCN-r128-downloader-fix1.apk!/res/drawable-hdpi/googleg_disabled_color_18.png,res/drawable-hdpi/googleg_disabled_color_18.png,all-images/res/drawable-hdpi/googleg_disabled_color_18.png,PNG,27,27,LA,1,True,B50AEF754DD18D4AC42393F553C72E1976CF7F60C1B571A6CD29F78E32A83E86,39492E492AF513867F4BA58EE2446E54FB6387A791C17285FAB48E7D696A4AEA,D05A46A59FB56C4B,566
P-DIRECT-0040,physical,apk_direct,D:\magia\MyProducts\MagiaRe\Magia_CN_Project\dist\MagiaCN-r128-downloader-fix1.apk,res/drawable-hdpi/googleg_standard_color_18.png,,,D:\magia\MyProducts\MagiaRe\Magia_CN_Project\dist\MagiaCN-r128-downloader-fix1.apk!/res/drawable-hdpi/googleg_standard_color_18.png,res/drawable-hdpi/googleg_standard_color_18.png,all-images/res/drawable-hdpi/googleg_standard_color_18.png,PNG,27,27,RGBA,1,True,CC95BD25D5E20AA02A12503898147C6408057F05806C008A86D8C203FEB4E581,99C2376A905001BA1EA73092DD7A53C193134A14902323AF9CCF03786F304BFF,FC2D0360F0F29797,965
P-DIRECT-0041,physical,apk_direct,D:\magia\MyProducts\MagiaRe\Magia_CN_Project\dist\MagiaCN-r128-downloader-fix1.apk,res/drawable-hdpi/notification_bg_low_normal.9.png,,,D:\magia\MyProducts\MagiaRe\Magia_CN_Project\dist\MagiaCN-r128-downloader-fix1.apk!/res/drawable-hdpi/notification_bg_low_normal.9.png,res/drawable-hdpi/notification_bg_low_normal.9.png,all-images/res/drawable-hdpi/notification_bg_low_normal.9.png,PNG,12,12,L,1,False,21F0B55280BE10B187CEFF8EDEF4A5A7047683E6E9FCF47DE410AA3839F41094,60F295A14DC571BD7A0E3F84189FE94BCE56F0264CBA461FE599808DA1B4C400,D4D4D4D4D5D4D5D4,212
P-DIRECT-0042,physical,apk_direct,D:\magia\MyProducts\MagiaRe\Magia_CN_Project\dist\MagiaCN-r128-downloader-fix1.apk,res/drawable-hdpi/notification_bg_low_pressed.9.png,,,D:\magia\MyProducts\MagiaRe\Magia_CN_Project\dist\MagiaCN-r128-downloader-fix1.apk!/res/drawable-hdpi/notification_bg_low_pressed.9.png,res/drawable-hdpi/notification_bg_low_pressed.9.png,all-images/res/drawable-hdpi/notification_bg_low_pressed.9.png,PNG,12,12,RGB,1,False,42AEE0B03883E94DF5E543348A397D1302C1B8221895871A83B81899F5A9647B,5746CB5E2F813C59FF1DBBE2F92644A69464DD7A06F2137520875BD18412836F,D4D4D4D4D5D4D4D5,225
P-DIRECT-0043,physical,apk_direct,D:\magia\MyProducts\MagiaRe\Magia_CN_Project\dist\MagiaCN-r128-downloader-fix1.apk,res/drawable-hdpi/notification_bg_normal.9.png,,,D:\magia\MyProducts\MagiaRe\Magia_CN_Project\dist\MagiaCN-r128-downloader-fix1.apk!/res/drawable-hdpi/notification_bg_normal.9.png,res/drawable-hdpi/notification_bg_normal.9.png,all-images/res/drawable-hdpi/notification_bg_normal.9.png,PNG,12,12,L,1,False,0C6328C7B2420570A7EC38B3BEB3BAC9A29D895AC1AB7239315ABA7266418593,0ED2BA259FACC3E2FE63552D5667466D6C97AFBFF524D84927F1C5C122D15769,D4D4D4D4D4D4D5D4,212
P-DIRECT-0044,physical,apk_direct,D:\magia\MyProducts\MagiaRe\Magia_CN_Project\dist\MagiaCN-r128-downloader-fix1.apk,res/drawable-hdpi/notification_bg_normal_pressed.9.png,,,D:\magia\MyProducts\MagiaRe\Magia_CN_Project\dist\MagiaCN-r128-downloader-fix1.apk!/res/drawable-hdpi/notification_bg_normal_pressed.9.png,res/drawable-hdpi/notification_bg_normal_pressed.9.png,all-images/res/drawable-hdpi/notification_bg_normal_pressed.9.png,PNG,12,12,RGB,1,False,18B328D8017E677D5AAD3DBD66BAE356B5CAC978C6F0670938EA648E51D0EB66,82F59015B744DAFEDAE54D699B087B6902E3488A5BAA64265E573DEAAAF45CF3,D4D4D4D4D5D4D5D5,225
P-DIRECT-0045,physical,apk_direct,D:\magia\MyProducts\MagiaRe\Magia_CN_Project\dist\MagiaCN-r128-downloader-fix1.apk,res/drawable-hdpi/notify_panel_notification_icon_bg.png,,,D:\magia\MyProducts\MagiaRe\Magia_CN_Project\dist\MagiaCN-r128-downloader-fix1.apk!/res/drawable-hdpi/notify_panel_notification_icon_bg.png,res/drawable-hdpi/notify_panel_notification_icon_bg.png,all-images/res/drawable-hdpi/notify_panel_notification_icon_bg.png,PNG,14,14,P,1,False,A3D6BA61761E3957EF14110A4FB26FA2D0255605ACF496E7133093E01392A069,6E68B19E740D04FA5C831C7E33D8663744D2B692CDB00C370F93E81FF51AFC99,F68E72A62FD8DA08,93
P-DIRECT-0046,physical,apk_direct,D:\magia\MyProducts\MagiaRe\Magia_CN_Project\dist\MagiaCN-r128-downloader-fix1.apk,res/drawable-ldrtl-hdpi/abc_spinner_mtrl_am_alpha.9.png,,,D:\magia\MyProducts\MagiaRe\Magia_CN_Project\dist\MagiaCN-r128-downloader-fix1.apk!/res/drawable-ldrtl-hdpi/abc_spinner_mtrl_am_alpha.9.png,res/drawable-ldrtl-hdpi/abc_spinner_mtrl_am_alpha.9.png,all-images/res/drawable-ldrtl-hdpi/abc_spinner_mtrl_am_alpha.9.png,PNG,27,36,LA,1,True,D4D2B0DBB039F1C6395183ABE945B39470AD9A8A7B680A40FA790DF6C645BB43,FCCE127A4F6F0F2B0E26B63615F7DC6F323A29EC000341A8B66B16D0D3DFC2D6,999E666999966669,345
P-DIRECT-0047,physical,apk_direct,D:\magia\MyProducts\MagiaRe\Magia_CN_Project\dist\MagiaCN-r128-downloader-fix1.apk,res/drawable-ldrtl-mdpi/abc_spinner_mtrl_am_alpha.9.png,,,D:\magia\MyProducts\MagiaRe\Magia_CN_Project\dist\MagiaCN-r128-downloader-fix1.apk!/res/drawable-ldrtl-mdpi/abc_spinner_mtrl_am_alpha.9.png,res/drawable-ldrtl-mdpi/abc_spinner_mtrl_am_alpha.9.png,all-images/res/drawable-ldrtl-mdpi/abc_spinner_mtrl_am_alpha.9.png,PNG,18,24,LA,1,True,80502979302DEE7353F475F558C497AE6697F77181A51F7CC80B40D72C2E0C4C,93CBBB3BA27CE7CD9B8617D6A13E5C3748CA116F3BC47CBDBBB281B8528C8A1D,999E666999966669,318
P-DIRECT-0048,physical,apk_direct,D:\magia\MyProducts\MagiaRe\Magia_CN_Project\dist\MagiaCN-r128-downloader-fix1.apk,res/drawable-ldrtl-xhdpi/abc_spinner_mtrl_am_alpha.9.png,,,D:\magia\MyProducts\MagiaRe\Magia_CN_Project\dist\MagiaCN-r128-downloader-fix1.apk!/res/drawable-ldrtl-xhdpi/abc_spinner_mtrl_am_alpha.9.png,res/drawable-ldrtl-xhdpi/abc_spinner_mtrl_am_alpha.9.png,all-images/res/drawable-ldrtl-xhdpi/abc_spinner_mtrl_am_alpha.9.png,PNG,36,48,LA,1,True,77F0EBAB2416404EB1D562342E431541D885686DD1E49D6DC93BE1A86C2273C4,FC752328C0A7499F3532125F6550017669D06300927E4B7356DC8FC3ACBDD2A6,999E666999966669,417
P-DIRECT-0049,physical,apk_direct,D:\magia\MyProducts\MagiaRe\Magia_CN_Project\dist\MagiaCN-r128-downloader-fix1.apk,res/drawable-ldrtl-xxhdpi/abc_spinner_mtrl_am_alpha.9.png,,,D:\magia\MyProducts\MagiaRe\Magia_CN_Project\dist\MagiaCN-r128-downloader-fix1.apk!/res/drawable-ldrtl-xxhdpi/abc_spinner_mtrl_am_alpha.9.png,res/drawable-ldrtl-xxhdpi/abc_spinner_mtrl_am_alpha.9.png,all-images/res/drawable-ldrtl-xxhdpi/abc_spinner_mtrl_am_alpha.9.png,PNG,54,72,LA,1,True,007DBF5FA2DC466A4940B0A6A73DAB48CB721F64D358F71FF35AAADB9630B5EC,604116B3D0B1340F91AA58CF3F4D87ACE741178BAFA85156F99FD929EBD619CD,999E666999966669,525
P-DIRECT-0050,physical,apk_direct,D:\magia\MyProducts\MagiaRe\Magia_CN_Project\dist\MagiaCN-r128-downloader-fix1.apk,res/drawable-ldrtl-xxxhdpi/abc_spinner_mtrl_am_alpha.9.png,,,D:\magia\MyProducts\MagiaRe\Magia_CN_Project\dist\MagiaCN-r128-downloader-fix1.apk!/res/drawable-ldrtl-xxxhdpi/abc_spinner_mtrl_am_alpha.9.png,res/drawable-ldrtl-xxxhdpi/abc_spinner_mtrl_am_alpha.9.png,all-images/res/drawable-ldrtl-xxxhdpi/abc_spinner_mtrl_am_alpha.9.png,PNG,72,96,LA,1,True,8C3DE5389A4FEDF23B1EFDF1C7737CA7EB44F381C22369153DFA972613A4C448,1A5D5390C9555C79F98BAA099B1EC6293323147D533F5653BBE48234A1067C7C,999E666999966669,437
P-DIRECT-0051,physical,apk_direct,D:\magia\MyProducts\MagiaRe\Magia_CN_Project\dist\MagiaCN-r128-downloader-fix1.apk,res/drawable-mdpi/abc_ab_share_pack_mtrl_alpha.9.png,,,D:\magia\MyProducts\MagiaRe\Magia_CN_Project\dist\MagiaCN-r128-downloader-fix1.apk!/res/drawable-mdpi/abc_ab_share_pack_mtrl_alpha.9.png,res/drawable-mdpi/abc_ab_share_pack_mtrl_alpha.9.png,all-images/res/drawable-mdpi/abc_ab_share_pack_mtrl_alpha.9.png,PNG,16,16,LA,1,True,F94E2129180C0BA6924430374402456035DCD6B6FFF7D05F6DE7E24196A3AF35,167FBA7FFCD3D037721373E5B1F02499F119545B0A4C02DE799E09050FE9C354,91BE4C9333916E3B,267
P-DIRECT-0052,physical,apk_direct,D:\magia\MyProducts\MagiaRe\Magia_CN_Project\dist\MagiaCN-r128-downloader-fix1.apk,res/drawable-mdpi/abc_btn_check_to_on_mtrl_000.png,,,D:\magia\MyProducts\MagiaRe\Magia_CN_Project\dist\MagiaCN-r128-downloader-fix1.apk!/res/drawable-mdpi/abc_btn_check_to_on_mtrl_000.png,res/drawable-mdpi/abc_btn_check_to_on_mtrl_000.png,all-images/res/drawable-mdpi/abc_btn_check_to_on_mtrl_000.png,PNG,32,32,LA,1,True,1C2C0E5DF0B18EB17ECA08BE106D7D50DC589ED1505D86D2D3C6558BB42C3D96,C5717539CEC067880DC99215549E4265652CE6E0128FDC20FCFF53BDFDEF6DEF,FCCBF434CB200BCB,288
P-DIRECT-0053,physical,apk_direct,D:\magia\MyProducts\MagiaRe\Magia_CN_Project\dist\MagiaCN-r128-downloader-fix1.apk,res/drawable-mdpi/abc_btn_check_to_on_mtrl_015.png,,,D:\magia\MyProducts\MagiaRe\Magia_CN_Project\dist\MagiaCN-r128-downloader-fix1.apk!/res/drawable-mdpi/abc_btn_check_to_on_mtrl_015.png,res/drawable-mdpi/abc_btn_check_to_on_mtrl_015.png,all-images/res/drawable-mdpi/abc_btn_check_to_on_mtrl_015.png,PNG,32,32,LA,1,True,1EEB641C7BC0D7AE33B67B5DE9F4C053D4281A6FC9D877BB8DF367E519272F4F,8B79E23541030D1FF73C88AE689D1643F4EDC0E01DCB2A9483F56A998D5A1EC9,A93396CCCB333CCC,399
P-DIRECT-0054,physical,apk_direct,D:\magia\MyProducts\MagiaRe\Magia_CN_Project\dist\MagiaCN-r128-downloader-fix1.apk,res/drawable-mdpi/abc_btn_radio_to_on_mtrl_000.png,,,D:\magia\MyProducts\MagiaRe\Magia_CN_Project\dist\MagiaCN-r128-downloader-fix1.apk!/res/drawable-mdpi/abc_btn_radio_to_on_mtrl_000.png,res/drawable-mdpi/abc_btn_radio_to_on_mtrl_000.png,all-images/res/drawable-mdpi/abc_btn_radio_to_on_mtrl_000.png,PNG,32,32,LA,1,True,704444C7BCD0DDE68CE60A755DD830CA2B11A265093110B88D96B743CE94DB86,E11A99A30308CD5EE74AEBD21EE3C7BBF068926860B6EFF83F945865130636CD,FC89F0B6CBF44C09,382
P-DIRECT-0055,physical,apk_direct,D:\magia\MyProducts\MagiaRe\Magia_CN_Project\dist\MagiaCN-r128-downloader-fix1.apk,res/drawable-mdpi/abc_btn_radio_to_on_mtrl_015.png,,,D:\magia\MyProducts\MagiaRe\Magia_CN_Project\dist\MagiaCN-r128-downloader-fix1.apk!/res/drawable-mdpi/abc_btn_radio_to_on_mtrl_015.png,res/drawable-mdpi/abc_btn_radio_to_on_mtrl_015.png,all-images/res/drawable-mdpi/abc_btn_radio_to_on_mtrl_015.png,PNG,32,32,LA,1,True,2919E012D35E3D6B2D86DE8B62207EDEF42CC7039A1BFCD7752AAF6A8A773FF6,7D4C897BC0E61AAECEE6628FEA08317991CCB571F1A951D483789FA2446451E3,F62DD4F403F4D909,429
P-DIRECT-0056,physical,apk_direct,D:\magia\MyProducts\MagiaRe\Magia_CN_Project\dist\MagiaCN-r128-downloader-fix1.apk,res/drawable-mdpi/abc_btn_switch_to_on_mtrl_00001.9.png,,,D:\magia\MyProducts\MagiaRe\Magia_CN_Project\dist\MagiaCN-r128-downloader-fix1.apk!/res/drawable-mdpi/abc_btn_switch_to_on_mtrl_00001.9.png,res/drawable-mdpi/abc_btn_switch_to_on_mtrl_00001.9.png,all-images/res/drawable-mdpi/abc_btn_switch_to_on_mtrl_00001.9.png,PNG,27,27,LA,1,True,562CBA1AD1B9ABD502DA9C03F4C10BB2BD728022C546F18059319F2AD293280E,8FB7097C7E4035C9B8A6DCCE1026135B774FA0A5EDCB85A1687E0903EF862488,D6D42F4B342DF234,754
P-DIRECT-0057,physical,apk_direct,D:\magia\MyProducts\MagiaRe\Magia_CN_Project\dist\MagiaCN-r128-downloader-fix1.apk,res/drawable-mdpi/abc_btn_switch_to_on_mtrl_00012.9.png,,,D:\magia\MyProducts\MagiaRe\Magia_CN_Project\dist\MagiaCN-r128-downloader-fix1.apk!/res/drawable-mdpi/abc_btn_switch_to_on_mtrl_00012.9.png,res/drawable-mdpi/abc_btn_switch_to_on_mtrl_00012.9.png,all-images/res/drawable-mdpi/abc_btn_switch_to_on_mtrl_00012.9.png,PNG,27,27,LA,1,True,B52228A35520E2D786E962E85013FE7F7C97FFB42677F3BDABC032FBB709952A,7343666B283141BFEF68110D055D98CF955724943176DBB5920604D8475E2451,83D47A8A703DA73D,825
P-DIRECT-0058,physical,apk_direct,D:\magia\MyProducts\MagiaRe\Magia_CN_Project\dist\MagiaCN-r128-downloader-fix1.apk,res/drawable-mdpi/abc_cab_background_top_mtrl_alpha.9.png,,,D:\magia\MyProducts\MagiaRe\Magia_CN_Project\dist\MagiaCN-r128-downloader-fix1.apk!/res/drawable-mdpi/abc_cab_background_top_mtrl_alpha.9.png,res/drawable-mdpi/abc_cab_background_top_mtrl_alpha.9.png,all-images/res/drawable-mdpi/abc_cab_background_top_mtrl_alpha.9.png,PNG,24,24,LA,1,True,FB71E11C090133A97FE84FA3B76A263B429C9032EC467854B0E32A3157A5EBA5,CBCA49F45B4F8BAFC677A9E643F7341E573B20A61658C87408DE30AC8DC67202,C6D629D629D629D6,216
P-DIRECT-0059,physical,apk_direct,D:\magia\MyProducts\MagiaRe\Magia_CN_Project\dist\MagiaCN-r128-downloader-fix1.apk,res/drawable-mdpi/abc_ic_commit_search_api_mtrl_alpha.png,,,D:\magia\MyProducts\MagiaRe\Magia_CN_Project\dist\MagiaCN-r128-downloader-fix1.apk!/res/drawable-mdpi/abc_ic_commit_search_api_mtrl_alpha.png,res/drawable-mdpi/abc_ic_commit_search_api_mtrl_alpha.png,all-images/res/drawable-mdpi/abc_ic_commit_search_api_mtrl_alpha.png,PNG,32,32,LA,1,True,863E0EC74C58D236BE3C7E9457E0DD5C12A76F7F1AEBB225D966DDC91AC3B003,65C5AB29231F405B9192C993EAFBA81BAA1FA786DD0EA99A3FB1F9B4DDC868FD,CECC3133CECC9C93,204
P-DIRECT-0060,physical,apk_direct,D:\magia\MyProducts\MagiaRe\Magia_CN_Project\dist\MagiaCN-r128-downloader-fix1.apk,res/drawable-mdpi/abc_list_divider_mtrl_alpha.9.png,,,D:\magia\MyProducts\MagiaRe\Magia_CN_Project\dist\MagiaCN-r128-downloader-fix1.apk!/res/drawable-mdpi/abc_list_divider_mtrl_alpha.9.png,res/drawable-mdpi/abc_list_divider_mtrl_alpha.9.png,all-images/res/drawable-mdpi/abc_list_divider_mtrl_alpha.9.png,PNG,1,1,L,1,False,378694706FB7256DD2248E2AF854EFD71EC7E8885F61DA2E16A2BD32FCF3D0A9,AF85444DFC9FC260EA2CF98C591573FE5F89E20A9409AAFC91636E2EFFDE8F78,D72929D639D6D729,167
P-DIRECT-0061,physical,apk_direct,D:\magia\MyProducts\MagiaRe\Magia_CN_Project\dist\MagiaCN-r128-downloader-fix1.apk,res/drawable-mdpi/abc_list_focused_holo.9.png,,,D:\magia\MyProducts\MagiaRe\Magia_CN_Project\dist\MagiaCN-r128-downloader-fix1.apk!/res/drawable-mdpi/abc_list_focused_holo.9.png,res/drawable-mdpi/abc_list_focused_holo.9.png,all-images/res/drawable-mdpi/abc_list_focused_holo.9.png,PNG,6,6,RGBA,1,True,BFE69ED124734D18A62BE10F0A426E72961554A5CE55586357B7BE80CD99EE05,77B07CED88753D020F1028139909630B156FEDDD016C7D1BC7E212F501FDE7F8,F4CCCBEC34FC2C03,228
P-DIRECT-0062,physical,apk_direct,D:\magia\MyProducts\MagiaRe\Magia_CN_Project\dist\MagiaCN-r128-downloader-fix1.apk,res/drawable-mdpi/abc_list_longpressed_holo.9.png,,,D:\magia\MyProducts\MagiaRe\Magia_CN_Project\dist\MagiaCN-r128-downloader-fix1.apk!/res/drawable-mdpi/abc_list_longpressed_holo.9.png,res/drawable-mdpi/abc_list_longpressed_holo.9.png,all-images/res/drawable-mdpi/abc_list_longpressed_holo.9.png,PNG,6,6,RGBA,1,True,DBC0AF61F440BB3F5382B8EA3FA578659F76C7A6AEF620A68AFC43A909F2E0E5,FA310A95C7B8F10B627EC0614996B4EB2E9D842007242CBE0558EFD793F12F35,D6D629D621D6D629,211
P-DIRECT-0063,physical,apk_direct,D:\magia\MyProducts\MagiaRe\Magia_CN_Project\dist\MagiaCN-r128-downloader-fix1.apk,res/drawable-mdpi/abc_list_pressed_holo_dark.9.png,,,D:\magia\MyProducts\MagiaRe\Magia_CN_Project\dist\MagiaCN-r128-downloader-fix1.apk!/res/drawable-mdpi/abc_list_pressed_holo_dark.9.png,res/drawable-mdpi/abc_list_pressed_holo_dark.9.png,all-images/res/drawable-mdpi/abc_list_pressed_holo_dark.9.png,PNG,6,6,LA,1,True,B490C7CF7AA3AA1CDB94B208E0D18248A7317DD906A6BE6803C089E183F518E2,A15EFCFB5CEC47915AA5491897126C4ECFC3C04438F7E927112DA0C0C15BA0C8,D6D629D684D6D629,207
P-DIRECT-0064,physical,apk_direct,D:\magia\MyProducts\MagiaRe\Magia_CN_Project\dist\MagiaCN-r128-downloader-fix1.apk,res/drawable-mdpi/abc_list_pressed_holo_light.9.png,,,D:\magia\MyProducts\MagiaRe\Magia_CN_Project\dist\MagiaCN-r128-downloader-fix1.apk!/res/drawable-mdpi/abc_list_pressed_holo_light.9.png,res/drawable-mdpi/abc_list_pressed_holo_light.9.png,all-images/res/drawable-mdpi/abc_list_pressed_holo_light.9.png,PNG,6,6,LA,1,True,9A89629286D22F45528DDF390655E14AE9381CD17DE5830ED1AFC46584B90DC3,04A9F5DF4B3E8BFB2ADB821E691CD47DA44B2ACB6D0B81A687EA2FC36EFFF8CC,D6D62829D6D6D629,207
P-DIRECT-0065,physical,apk_direct,D:\magia\MyProducts\MagiaRe\Magia_CN_Project\dist\MagiaCN-r128-downloader-fix1.apk,res/drawable-mdpi/abc_list_selector_disabled_holo_dark.9.png,,,D:\magia\MyProducts\MagiaRe\Magia_CN_Project\dist\MagiaCN-r128-downloader-fix1.apk!/res/drawable-mdpi/abc_list_selector_disabled_holo_dark.9.png,res/drawable-mdpi/abc_list_selector_disabled_holo_dark.9.png,all-images/res/drawable-mdpi/abc_list_selector_disabled_holo_dark.9.png,PNG,13,41,LA,1,True,A15171EAD4B1CD9B80C58B93C0EFB453B0CF889B714CC859EE2C9B937F4B37D0,E734046E5885102A5B6C1C45CE43A480CDE86DC3B0153A22CF840905E21447CE,AA7A2AD52AD5AB2A,217
P-DIRECT-0066,physical,apk_direct,D:\magia\MyProducts\MagiaRe\Magia_CN_Project\dist\MagiaCN-r128-downloader-fix1.apk,res/drawable-mdpi/abc_list_selector_disabled_holo_light.9.png,,,D:\magia\MyProducts\MagiaRe\Magia_CN_Project\dist\MagiaCN-r128-downloader-fix1.apk!/res/drawable-mdpi/abc_list_selector_disabled_holo_light.9.png,res/drawable-mdpi/abc_list_selector_disabled_holo_light.9.png,all-images/res/drawable-mdpi/abc_list_selector_disabled_holo_light.9.png,PNG,13,41,LA,1,True,7C45E46E405F5B4A3D0C62A22E67010C3327022DD1C1F4BBCCEA1279A4D1AD74,92CB0F074173442B309AE3E9517D4C43DED1D10D2B4C79B93F7455E9FC7BF85B,AA2A2AAA7FAAAB2A,217
P-DIRECT-0067,physical,apk_direct,D:\magia\MyProducts\MagiaRe\Magia_CN_Project\dist\MagiaCN-r128-downloader-fix1.apk,res/drawable-mdpi/abc_menu_hardkey_panel_mtrl_mult.9.png,,,D:\magia\MyProducts\MagiaRe\Magia_CN_Project\dist\MagiaCN-r128-downloader-fix1.apk!/res/drawable-mdpi/abc_menu_hardkey_panel_mtrl_mult.9.png,res/drawable-mdpi/abc_menu_hardkey_panel_mtrl_mult.9.png,all-images/res/drawable-mdpi/abc_menu_hardkey_panel_mtrl_mult.9.png,PNG,64,24,LA,1,True,C7954E2BFBD01E5BBC9D774DD4D743D3F8A26613129FAC8071B741BAB3018AB0,316D75DFCF2814E5F5B5D6AFADF4269DD8DBAA9DF6ED864DFEB82487E3720AB9,D07A2F85D4D07A2F,541
P-DIRECT-0068,physical,apk_direct,D:\magia\MyProducts\MagiaRe\Magia_CN_Project\dist\MagiaCN-r128-downloader-fix1.apk,res/drawable-mdpi/abc_popup_background_mtrl_mult.9.png,,,D:\magia\MyProducts\MagiaRe\Magia_CN_Project\dist\MagiaCN-r128-downloader-fix1.apk!/res/drawable-mdpi/abc_popup_background_mtrl_mult.9.png,res/drawable-mdpi/abc_popup_background_mtrl_mult.9.png,all-images/res/drawable-mdpi/abc_popup_background_mtrl_mult.9.png,PNG,64,32,LA,1,True,6FB8BCB415FFFB67E90D77FA1FBAAE565F487D5EF78B3136D8B8F7446D8E3BA8,936B740E887B64D17220F3A8B421D0DDE0710536F067DB4EAAF8739DBE2BEEF1,85D07F07D02F957A,770
P-DIRECT-0069,physical,apk_direct,D:\magia\MyProducts\MagiaRe\Magia_CN_Project\dist\MagiaCN-r128-downloader-fix1.apk,res/drawable-mdpi/abc_scrubber_control_off_mtrl_alpha.png,,,D:\magia\MyProducts\MagiaRe\Magia_CN_Project\dist\MagiaCN-r128-downloader-fix1.apk!/res/drawable-mdpi/abc_scrubber_control_off_mtrl_alpha.png,res/drawable-mdpi/abc_scrubber_control_off_mtrl_alpha.png,all-images/res/drawable-mdpi/abc_scrubber_control_off_mtrl_alpha.png,PNG,12,32,LA,1,True,AA44C927EB4E9A886438F3B6083C948D8CF67C52B3E5FE034B9720648F5FA78E,7B6E159F8FF793D099505B96511D50BC41CFDBE91FE908C7D8DBF3DCDBF7380B,F4F40BD4BCFCC2C0,173
P-DIRECT-0070,physical,apk_direct,D:\magia\MyProducts\MagiaRe\Magia_CN_Project\dist\MagiaCN-r128-downloader-fix1.apk,res/drawable-mdpi/abc_scrubber_control_to_pressed_mtrl_000.png,,,D:\magia\MyProducts\MagiaRe\Magia_CN_Project\dist\MagiaCN-r128-downloader-fix1.apk!/res/drawable-mdpi/abc_scrubber_control_to_pressed_mtrl_000.png,res/drawable-mdpi/abc_scrubber_control_to_pressed_mtrl_000.png,all-images/res/drawable-mdpi/abc_scrubber_control_to_pressed_mtrl_000.png,PNG,12,12,LA,1,True,4A494C652EF9019CC723AFCB39DE29A523E72E7B648739900FD786161CD47BF8,EC8943F195ED0CF03EE327088CD384857F0C191050789C1F2D0A4F07F48A2086,EBF0E9D2E116851E,171
P-DIRECT-0071,physical,apk_direct,D:\magia\MyProducts\MagiaRe\Magia_CN_Project\dist\MagiaCN-r128-downloader-fix1.apk,res/drawable-mdpi/abc_scrubber_control_to_pressed_mtrl_005.png,,,D:\magia\MyProducts\MagiaRe\Magia_CN_Project\dist\MagiaCN-r128-downloader-fix1.apk!/res/drawable-mdpi/abc_scrubber_control_to_pressed_mtrl_005.png,res/drawable-mdpi/abc_scrubber_control_to_pressed_mtrl_005.png,all-images/res/drawable-mdpi/abc_scrubber_control_to_pressed_mtrl_005.png,PNG,18,18,LA,1,True,6111C327F535AA76F4CEAA6B1F91C23252C3936F86E52100795594AE00E73B0F,EF0A62FEB791117C821138EF2AF52530C4BCB90A1B12427C4C3C72E83C921377,FFD2A882A096D597,221
P-DIRECT-0072,physical,apk_direct,D:\magia\MyProducts\MagiaRe\Magia_CN_Project\dist\MagiaCN-r128-downloader-fix1.apk,res/drawable-mdpi/abc_scrubber_primary_mtrl_alpha.9.png,,,D:\magia\MyProducts\MagiaRe\Magia_CN_Project\dist\MagiaCN-r128-downloader-fix1.apk!/res/drawable-mdpi/abc_scrubber_primary_mtrl_alpha.9.png,res/drawable-mdpi/abc_scrubber_primary_mtrl_alpha.9.png,all-images/res/drawable-mdpi/abc_scrubber_primary_mtrl_alpha.9.png,PNG,10,12,LA,1,True,5E3F13EE854FA41354CA7378358B99F8E41F3B1C9968C313B630B02DE8704E6E,5A83E3DA9A362E65F444127724615F76DC58C5FCC5138AB382B627D5581F4B15,D6D62929D6D73939,203
P-DIRECT-0073,physical,apk_direct,D:\magia\MyProducts\MagiaRe\Magia_CN_Project\dist\MagiaCN-r128-downloader-fix1.apk,res/drawable-mdpi/abc_scrubber_track_mtrl_alpha.9.png,,,D:\magia\MyProducts\MagiaRe\Magia_CN_Project\dist\MagiaCN-r128-downloader-fix1.apk!/res/drawable-mdpi/abc_scrubber_track_mtrl_alpha.9.png,res/drawable-mdpi/abc_scrubber_track_mtrl_alpha.9.png,all-images/res/drawable-mdpi/abc_scrubber_track_mtrl_alpha.9.png,PNG,10,12,LA,1,True,9A9C940EA133F7E0AC8DB6F06E13E852508633C21F8C71F297483165A06D92EB,D202DD0F5E530C8E43891F3776323B0571822889EF7331D458BA183F63B18EFC,D6D629D6D6D62929,194
P-DIRECT-0074,physical,apk_direct,D:\magia\MyProducts\MagiaRe\Magia_CN_Project\dist\MagiaCN-r128-downloader-fix1.apk,res/drawable-mdpi/abc_spinner_mtrl_am_alpha.9.png,,,D:\magia\MyProducts\MagiaRe\Magia_CN_Project\dist\MagiaCN-r128-downloader-fix1.apk!/res/drawable-mdpi/abc_spinner_mtrl_am_alpha.9.png,res/drawable-mdpi/abc_spinner_mtrl_am_alpha.9.png,all-images/res/drawable-mdpi/abc_spinner_mtrl_am_alpha.9.png,PNG,18,24,LA,1,True,0D3FF36C6913CC86EA010324581A892D98E0C36CAD5838039F1D6D4194009917,E502237D7B2B8721E373257F08AD18CDA4ACA1787BDDB1BD69F124C023A8B02A,CDC3333CCCC3333C,314
P-DIRECT-0075,physical,apk_direct,D:\magia\MyProducts\MagiaRe\Magia_CN_Project\dist\MagiaCN-r128-downloader-fix1.apk,res/drawable-mdpi/abc_switch_track_mtrl_alpha.9.png,,,D:\magia\MyProducts\MagiaRe\Magia_CN_Project\dist\MagiaCN-r128-downloader-fix1.apk!/res/drawable-mdpi/abc_switch_track_mtrl_alpha.9.png,res/drawable-mdpi/abc_switch_track_mtrl_alpha.9.png,all-images/res/drawable-mdpi/abc_switch_track_mtrl_alpha.9.png,PNG,24,16,LA,1,True,62477ADC74D4E6836E3C0E4B5337C37D748CB3F94033F42C629938EF18D38B41,047400435CBAF59F18B59CE7815446A1234CDB1A520F1921B110108F3B59DB2C,C3D92DDB349630B6,395
P-DIRECT-0076,physical,apk_direct,D:\magia\MyProducts\MagiaRe\Magia_CN_Project\dist\MagiaCN-r128-downloader-fix1.apk,res/drawable-mdpi/abc_tab_indicator_mtrl_alpha.9.png,,,D:\magia\MyProducts\MagiaRe\Magia_CN_Project\dist\MagiaCN-r128-downloader-fix1.apk!/res/drawable-mdpi/abc_tab_indicator_mtrl_alpha.9.png,res/drawable-mdpi/abc_tab_indicator_mtrl_alpha.9.png,all-images/res/drawable-mdpi/abc_tab_indicator_mtrl_alpha.9.png,PNG,12,12,LA,1,True,F62D7AA1F9297302A43332A59834755EDBD3A38670B8C523614AE1366B5F947F,5E0E87F46EC22D9C8AF2EEC9BBE0FB2D6082114AE822DAFF121C8A1C91974311,D6D739D629D62939,186
P-DIRECT-0077,physical,apk_direct,D:\magia\MyProducts\MagiaRe\Magia_CN_Project\dist\MagiaCN-r128-downloader-fix1.apk,res/drawable-mdpi/abc_textfield_activated_mtrl_alpha.9.png,,,D:\magia\MyProducts\MagiaRe\Magia_CN_Project\dist\MagiaCN-r128-downloader-fix1.apk!/res/drawable-mdpi/abc_textfield_activated_mtrl_alpha.9.png,res/drawable-mdpi/abc_textfield_activated_mtrl_alpha.9.png,all-images/res/drawable-mdpi/abc_textfield_activated_mtrl_alpha.9.png,PNG,12,11,LA,1,True,FA50162BDB3501C6B50CFA36C14DAB9C94E48D57F558607EC9858124D70412F9,7FA2F7EFEE456CA5D302D6DF9AF15D3D0C1CF95D044F439FDDFEA25710D3C85F,D6D628D629D6D629,181
P-DIRECT-0078,physical,apk_direct,D:\magia\MyProducts\MagiaRe\Magia_CN_Project\dist\MagiaCN-r128-downloader-fix1.apk,res/drawable-mdpi/abc_textfield_default_mtrl_alpha.9.png,,,D:\magia\MyProducts\MagiaRe\Magia_CN_Project\dist\MagiaCN-r128-downloader-fix1.apk!/res/drawable-mdpi/abc_textfield_default_mtrl_alpha.9.png,res/drawable-mdpi/abc_textfield_default_mtrl_alpha.9.png,all-images/res/drawable-mdpi/abc_textfield_default_mtrl_alpha.9.png,PNG,12,11,LA,1,True,9FD37C82F87DF00464554344DDDDEA55E480D09C33B505AC13252036D4D6276E,7B3F8E6A18CBC2B05989509EB5609FFABA6A7BD0026989564189CEB96000B7EF,D6D628D6D629D629,178
P-DIRECT-0079,physical,apk_direct,D:\magia\MyProducts\MagiaRe\Magia_CN_Project\dist\MagiaCN-r128-downloader-fix1.apk,res/drawable-mdpi/abc_textfield_search_activated_mtrl_alpha.9.png,,,D:\magia\MyProducts\MagiaRe\Magia_CN_Project\dist\MagiaCN-r128-downloader-fix1.apk!/res/drawable-mdpi/abc_textfield_search_activated_mtrl_alpha.9.png,res/drawable-mdpi/abc_textfield_search_activated_mtrl_alpha.9.png,all-images/res/drawable-mdpi/abc_textfield_search_activated_mtrl_alpha.9.png,PNG,12,3,LA,1,True,4BC8F4D13D2ACCCC1338F73FF90CD97695D9210E04DE5DA924215243C8950BF3,273F1FD85CEC0B600B42BE83B504B56948A1FDBAB946837CF6F84FD1C2DD9093,D629D6D629D6C6C4,178
P-DIRECT-0080,physical,apk_direct,D:\magia\MyProducts\MagiaRe\Magia_CN_Project\dist\MagiaCN-r128-downloader-fix1.apk,res/drawable-mdpi/abc_textfield_search_default_mtrl_alpha.9.png,,,D:\magia\MyProducts\MagiaRe\Magia_CN_Project\dist\MagiaCN-r128-downloader-fix1.apk!/res/drawable-mdpi/abc_textfield_search_default_mtrl_alpha.9.png,res/drawable-mdpi/abc_textfield_search_default_mtrl_alpha.9.png,all-images/res/drawable-mdpi/abc_textfield_search_default_mtrl_alpha.9.png,PNG,12,3,LA,1,True,B800FAC7D2F0A75B17FAD7009707EA49134919E48984E89815A9D24C0FA704D8,3D696E64BFE5CB6B2E330A945CCFD993C5D8177BE495082B455B232DFE4CD29A,D629D63929D6D729,178
P-DIRECT-0081,physical,apk_direct,D:\magia\MyProducts\MagiaRe\Magia_CN_Project\dist\MagiaCN-r128-downloader-fix1.apk,res/drawable-mdpi/abc_text_select_handle_left_mtrl.png,,,D:\magia\MyProducts\MagiaRe\Magia_CN_Project\dist\MagiaCN-r128-downloader-fix1.apk!/res/drawable-mdpi/abc_text_select_handle_left_mtrl.png,res/drawable-mdpi/abc_text_select_handle_left_mtrl.png,all-images/res/drawable-mdpi/abc_text_select_handle_left_mtrl.png,PNG,44,22,P,1,True,8D144C5F97AD12D52116EB8336D9DAFCEA8A63DA865C31937CC540D5AAB56A5D,5FD467864E96460B127428C2E9F98874C3FED81A630FD3626D7AEFF36CD02815,E1CFC7CC86989E98,237
P-DIRECT-0082,physical,apk_direct,D:\magia\MyProducts\MagiaRe\Magia_CN_Project\dist\MagiaCN-r128-downloader-fix1.apk,res/drawable-mdpi/abc_text_select_handle_middle_mtrl.png,,,D:\magia\MyProducts\MagiaRe\Magia_CN_Project\dist\MagiaCN-r128-downloader-fix1.apk!/res/drawable-mdpi/abc_text_select_handle_middle_mtrl.png,res/drawable-mdpi/abc_text_select_handle_middle_mtrl.png,all-images/res/drawable-mdpi/abc_text_select_handle_middle_mtrl.png,PNG,20,24,RGBA,1,True,54CC4CB81D1ACF9EF5C08A90A0A1F8A92E8A2EF048767406719097ABAFFB3051,9AE722DD1B846EE62F65323F1A83D74A6DC9A5C0AE7A48B76B1076E6BFD591B0,FAA4F507825BDB09,430
P-DIRECT-0083,physical,apk_direct,D:\magia\MyProducts\MagiaRe\Magia_CN_Project\dist\MagiaCN-r128-downloader-fix1.apk,res/drawable-mdpi/abc_text_select_handle_right_mtrl.png,,,D:\magia\MyProducts\MagiaRe\Magia_CN_Project\dist\MagiaCN-r128-downloader-fix1.apk!/res/drawable-mdpi/abc_text_select_handle_right_mtrl.png,res/drawable-mdpi/abc_text_select_handle_right_mtrl.png,all-images/res/drawable-mdpi/abc_text_select_handle_right_mtrl.png,PNG,44,22,P,1,True,202479A4C80045633D693A6514102E0BB3C4C25339DBECBC4B2E9D7234FEF1AF,5DD238E9E01F0E1BABBBA74A764E26EA142D802AB83A2E0341B25B73D624CD8D,E198969896D9DBC9,223
P-DIRECT-0084,physical,apk_direct,D:\magia\MyProducts\MagiaRe\Magia_CN_Project\dist\MagiaCN-r128-downloader-fix1.apk,res/drawable-mdpi/common_google_signin_btn_icon_dark_normal_background.9.png,,,D:\magia\MyProducts\MagiaRe\Magia_CN_Project\dist\MagiaCN-r128-downloader-fix1.apk!/res/drawable-mdpi/common_google_signin_btn_icon_dark_normal_background.9.png,res/drawable-mdpi/common_google_signin_btn_icon_dark_normal_background.9.png,all-images/res/drawable-mdpi/common_google_signin_btn_icon_dark_normal_background.9.png,PNG,48,48,RGBA,1,True,512A41FAB26E987266EBC7770BBB707E698B7BD68590301EA0248B5569D32198,9B2CF781DE3B7ADD1A094D2BDE6BF1AD0AEAC1798DDBBCD9BA52668956836CFF,81D52BD52BD52BD4,609
P-DIRECT-0085,physical,apk_direct,D:\magia\MyProducts\MagiaRe\Magia_CN_Project\dist\MagiaCN-r128-downloader-fix1.apk,res/drawable-mdpi/common_google_signin_btn_icon_light_normal_background.9.png,,,D:\magia\MyProducts\MagiaRe\Magia_CN_Project\dist\MagiaCN-r128-downloader-fix1.apk!/res/drawable-mdpi/common_google_signin_btn_icon_light_normal_background.9.png,res/drawable-mdpi/common_google_signin_btn_icon_light_normal_background.9.png,all-images/res/drawable-mdpi/common_google_signin_btn_icon_light_normal_background.9.png,PNG,48,48,LA,1,True,77D8CC5447360EFBA3B3F1659BEA9680ECCBE47E2AAA07424D562F0E5C8AF829,0CA2B1E0E1F335F6B7AA1112D8F0C1A33E0E63E0EFF36F47D4313AFDA076A3F1,D0C57AD47AD42FD0,500
P-DIRECT-0086,physical,apk_direct,D:\magia\MyProducts\MagiaRe\Magia_CN_Project\dist\MagiaCN-r128-downloader-fix1.apk,res/drawable-mdpi/common_google_signin_btn_text_dark_normal_background.9.png,,,D:\magia\MyProducts\MagiaRe\Magia_CN_Project\dist\MagiaCN-r128-downloader-fix1.apk!/res/drawable-mdpi/common_google_signin_btn_text_dark_normal_background.9.png,res/drawable-mdpi/common_google_signin_btn_text_dark_normal_background.9.png,all-images/res/drawable-mdpi/common_google_signin_btn_text_dark_normal_background.9.png,PNG,111,48,RGBA,1,True,FAAD83FE97367BEBF3CBE8EDACC88581E0F4B233A1F41E966B059DEFDA508471,AB7946937B0374ED3443FD41EA1BF899B1DB7EF204B91526045CB970890EFC1F,E2951F951F951D91,614
P-DIRECT-0087,physical,apk_direct,D:\magia\MyProducts\MagiaRe\Magia_CN_Project\dist\MagiaCN-r128-downloader-fix1.apk,res/drawable-mdpi/common_google_signin_btn_text_light_normal_background.9.png,,,D:\magia\MyProducts\MagiaRe\Magia_CN_Project\dist\MagiaCN-r128-downloader-fix1.apk!/res/drawable-mdpi/common_google_signin_btn_text_light_normal_background.9.png,res/drawable-mdpi/common_google_signin_btn_text_light_normal_background.9.png,all-images/res/drawable-mdpi/common_google_signin_btn_text_light_normal_background.9.png,PNG,111,48,LA,1,True,08A416ADAD6C0E9BECE3238674A76B24BBAC2CE95C1CFFCA817B3C675AC69F6B,A6A6B47AAD0E23DE14F66E1DB4E3F67E318C5163C9DAE5C585EB4FD4544121B8,D4D52BD52BD52AD5,465
P-DIRECT-0088,physical,apk_direct,D:\magia\MyProducts\MagiaRe\Magia_CN_Project\dist\MagiaCN-r128-downloader-fix1.apk,res/drawable-mdpi/googleg_disabled_color_18.png,,,D:\magia\MyProducts\MagiaRe\Magia_CN_Project\dist\MagiaCN-r128-downloader-fix1.apk!/res/drawable-mdpi/googleg_disabled_color_18.png,res/drawable-mdpi/googleg_disabled_color_18.png,all-images/res/drawable-mdpi/googleg_disabled_color_18.png,PNG,18,18,LA,1,True,7F06239B0CA9288450334250E8BDB026A597CE700EC77931333A8958E75B119F,D6EDC565D8BF94A3818E8F9F18392A4779B02AEF97BE4EF605D042D749EDB780,D05A46A59F756C4B,389
P-DIRECT-0089,physical,apk_direct,D:\magia\MyProducts\MagiaRe\Magia_CN_Project\dist\MagiaCN-r128-downloader-fix1.apk,res/drawable-mdpi/googleg_standard_color_18.png,,,D:\magia\MyProducts\MagiaRe\Magia_CN_Project\dist\MagiaCN-r128-downloader-fix1.apk!/res/drawable-mdpi/googleg_standard_color_18.png,res/drawable-mdpi/googleg_standard_color_18.png,all-images/res/drawable-mdpi/googleg_standard_color_18.png,PNG,18,18,RGBA,1,True,6A7025E7A28BF6921B2E4229D45C1320C26DB3E2766DA69C133A4DEEE566CFC6,049B78EB9EED7FF17F998C8C60D8F042F34189C754C93FDAA75F13D2962E52D6,FC3D0360F0E29F87,652
P-DIRECT-0090,physical,apk_direct,D:\magia\MyProducts\MagiaRe\Magia_CN_Project\dist\MagiaCN-r128-downloader-fix1.apk,res/drawable-mdpi/notification_bg_low_normal.9.png,,,D:\magia\MyProducts\MagiaRe\Magia_CN_Project\dist\MagiaCN-r128-downloader-fix1.apk!/res/drawable-mdpi/notification_bg_low_normal.9.png,res/drawable-mdpi/notification_bg_low_normal.9.png,all-images/res/drawable-mdpi/notification_bg_low_normal.9.png,PNG,8,8,L,1,False,2F7FBDA0BA6E53E9A47E2FC0E24E32C447C613A5808C2D6285DC651E83A07AD7,D227791D948BE9AA761994C12CC9250AC1FAAC5A2CD6A073F77E246ECD66C0E0,D5D4D4D5D5D4D5D4,215
P-DIRECT-0091,physical,apk_direct,D:\magia\MyProducts\MagiaRe\Magia_CN_Project\dist\MagiaCN-r128-downloader-fix1.apk,res/drawable-mdpi/notification_bg_low_pressed.9.png,,,D:\magia\MyProducts\MagiaRe\Magia_CN_Project\dist\MagiaCN-r128-downloader-fix1.apk!/res/drawable-mdpi/notification_bg_low_pressed.9.png,res/drawable-mdpi/notification_bg_low_pressed.9.png,all-images/res/drawable-mdpi/notification_bg_low_pressed.9.png,PNG,8,8,RGB,1,False,E17761ED280EDD93D7141BD504B70F9E9E15A8652288D9E6333BF4CE964EF844,7134579EA6EA920761DE581A9C956A90C56256E6AAD83EAA1403446DF19FC0B3,D4D4D4D5D4D4D5D5,223
P-DIRECT-0092,physical,apk_direct,D:\magia\MyProducts\MagiaRe\Magia_CN_Project\dist\MagiaCN-r128-downloader-fix1.apk,res/drawable-mdpi/notification_bg_normal.9.png,,,D:\magia\MyProducts\MagiaRe\Magia_CN_Project\dist\MagiaCN-r128-downloader-fix1.apk!/res/drawable-mdpi/notification_bg_normal.9.png,res/drawable-mdpi/notification_bg_normal.9.png,all-images/res/drawable-mdpi/notification_bg_normal.9.png,PNG,8,8,L,1,False,A8676A1793AC8310FFB12986232DF66DF092D29C242AEEDC2B73556C010D38DC,6D94A7C05D305F19D0A23EA61BCE5F46B6F9AE09F0DF080737BBED797AD1B6AE,D4D4D5D4D4D4D4D5,215
P-DIRECT-0093,physical,apk_direct,D:\magia\MyProducts\MagiaRe\Magia_CN_Project\dist\MagiaCN-r128-downloader-fix1.apk,res/drawable-mdpi/notification_bg_normal_pressed.9.png,,,D:\magia\MyProducts\MagiaRe\Magia_CN_Project\dist\MagiaCN-r128-downloader-fix1.apk!/res/drawable-mdpi/notification_bg_normal_pressed.9.png,res/drawable-mdpi/notification_bg_normal_pressed.9.png,all-images/res/drawable-mdpi/notification_bg_normal_pressed.9.png,PNG,8,8,RGB,1,False,99C14D6855B8BE296D58017D3751B8DC849C47B6D1D80AB614FF9075080E461B,2A432FCFDA1831BCF568FA10AA4276EC23430E64BC9B61C2DABD9155977AE9D5,D4D5D5D4D4D4D5D4,223
P-DIRECT-0094,physical,apk_direct,D:\magia\MyProducts\MagiaRe\Magia_CN_Project\dist\MagiaCN-r128-downloader-fix1.apk,res/drawable-mdpi/notify_panel_notification_icon_bg.png,,,D:\magia\MyProducts\MagiaRe\Magia_CN_Project\dist\MagiaCN-r128-downloader-fix1.apk!/res/drawable-mdpi/notify_panel_notification_icon_bg.png,res/drawable-mdpi/notify_panel_notification_icon_bg.png,all-images/res/drawable-mdpi/notify_panel_notification_icon_bg.png,PNG,15,15,P,1,False,2E28693300C8CD5DBDD49CBC71970454E9EBD2AA3AA62ED97A97DC1F6894843C,3DE614255FDFA1D33413C248FA10ECF5CF23AC6CC879FA9D006A34A909497361,DCA9B68937892B56,93
P-DIRECT-0095,physical,apk_direct,D:\magia\MyProducts\MagiaRe\Magia_CN_Project\dist\MagiaCN-r128-downloader-fix1.apk,res/drawable-xhdpi/abc_ab_share_pack_mtrl_alpha.9.png,,,D:\magia\MyProducts\MagiaRe\Magia_CN_Project\dist\MagiaCN-r128-downloader-fix1.apk!/res/drawable-xhdpi/abc_ab_share_pack_mtrl_alpha.9.png,res/drawable-xhdpi/abc_ab_share_pack_mtrl_alpha.9.png,all-images/res/drawable-xhdpi/abc_ab_share_pack_mtrl_alpha.9.png,PNG,32,32,LA,1,True,A04708369ABE0920DED20D87D58AEBF6992EBB67EFEFA248A8421895EFC5353F,8F715B9546597BF93373882B1C882D308B04B009824E54D4303E9A289EA3DEBC,917F4C9133916E6E,280
P-DIRECT-0096,physical,apk_direct,D:\magia\MyProducts\MagiaRe\Magia_CN_Project\dist\MagiaCN-r128-downloader-fix1.apk,res/drawable-xhdpi/abc_btn_check_to_on_mtrl_000.png,,,D:\magia\MyProducts\MagiaRe\Magia_CN_Project\dist\MagiaCN-r128-downloader-fix1.apk!/res/drawable-xhdpi/abc_btn_check_to_on_mtrl_000.png,res/drawable-xhdpi/abc_btn_check_to_on_mtrl_000.png,all-images/res/drawable-xhdpi/abc_btn_check_to_on_mtrl_000.png,PNG,64,64,P,1,True,A19ACA97F3D7399384CB5550CFE6E02AD7C4A4598E4F69D864AB7DB0F7685A2E,EC34638C3CE46CDD8481AEDDA85234258E2B22355D72057A2C396A40678A8899,FCC9F434CB220BCB,353
P-DIRECT-0097,physical,apk_direct,D:\magia\MyProducts\MagiaRe\Magia_CN_Project\dist\MagiaCN-r128-downloader-fix1.apk,res/drawable-xhdpi/abc_btn_check_to_on_mtrl_015.png,,,D:\magia\MyProducts\MagiaRe\Magia_CN_Project\dist\MagiaCN-r128-downloader-fix1.apk!/res/drawable-xhdpi/abc_btn_check_to_on_mtrl_015.png,res/drawable-xhdpi/abc_btn_check_to_on_mtrl_015.png,all-images/res/drawable-xhdpi/abc_btn_check_to_on_mtrl_015.png,PNG,64,64,LA,1,True,B64C63C6759C3FAD75205FFB43AB61B0E4FAF40D3B11A6C827996207D24DE202,5BD1F75CF58E99B3F32612DE56523E2A7786BE989770A095B5215B6A9C91B33B,A93396CCCB333CCC,541
P-DIRECT-0098,physical,apk_direct,D:\magia\MyProducts\MagiaRe\Magia_CN_Project\dist\MagiaCN-r128-downloader-fix1.apk,res/drawable-xhdpi/abc_btn_radio_to_on_mtrl_000.png,,,D:\magia\MyProducts\MagiaRe\Magia_CN_Project\dist\MagiaCN-r128-downloader-fix1.apk!/res/drawable-xhdpi/abc_btn_radio_to_on_mtrl_000.png,res/drawable-xhdpi/abc_btn_radio_to_on_mtrl_000.png,all-images/res/drawable-xhdpi/abc_btn_radio_to_on_mtrl_000.png,PNG,64,64,LA,1,True,E441EF6CB061A368AD4A2B4D109437BF8D501220820F6098F9A853AF85C8E8E6,80A5F8B6DED799A4B557C2AC454BCD3D90DF053510EE6A3A6FA8BBF6EC682772,E996B469CB961C69,765
P-DIRECT-0099,physical,apk_direct,D:\magia\MyProducts\MagiaRe\Magia_CN_Project\dist\MagiaCN-r128-downloader-fix1.apk,res/drawable-xhdpi/abc_btn_radio_to_on_mtrl_015.png,,,D:\magia\MyProducts\MagiaRe\Magia_CN_Project\dist\MagiaCN-r128-downloader-fix1.apk!/res/drawable-xhdpi/abc_btn_radio_to_on_mtrl_015.png,res/drawable-xhdpi/abc_btn_radio_to_on_mtrl_015.png,all-images/res/drawable-xhdpi/abc_btn_radio_to_on_mtrl_015.png,PNG,64,64,LA,1,True,A209E4ACB360DEF2AB9B2AB3898CA140CCFA916BCA0DF746CEF20BA269180B75,E42DABD79CCC276EA2158E555ED63D5B607E1523855C1264BCED31635B2763EC,F64BD4F443F4C909,946
P-DIRECT-0100,physical,apk_direct,D:\magia\MyProducts\MagiaRe\Magia_CN_Project\dist\MagiaCN-r128-downloader-fix1.apk,res/drawable-xhdpi/abc_btn_switch_to_on_mtrl_00001.9.png,,,D:\magia\MyProducts\MagiaRe\Magia_CN_Project\dist\MagiaCN-r128-downloader-fix1.apk!/res/drawable-xhdpi/abc_btn_switch_to_on_mtrl_00001.9.png,res/drawable-xhdpi/abc_btn_switch_to_on_mtrl_00001.9.png,all-images/res/drawable-xhdpi/abc_btn_switch_to_on_mtrl_00001.9.png,PNG,54,54,LA,1,True,1417574134C5E9321C0B18FEA711A08448CCF49957F55E10CEDAFB13237510F7,5E510434DA162120DE04CB8826828933512AD06A46D15A3A5984C48E08A94557,C3D07A1F3578F261,1526
P-DIRECT-0101,physical,apk_direct,D:\magia\MyProducts\MagiaRe\Magia_CN_Project\dist\MagiaCN-r128-downloader-fix1.apk,res/drawable-xhdpi/abc_btn_switch_to_on_mtrl_00012.9.png,,,D:\magia\MyProducts\MagiaRe\Magia_CN_Project\dist\MagiaCN-r128-downloader-fix1.apk!/res/drawable-xhdpi/abc_btn_switch_to_on_mtrl_00012.9.png,res/drawable-xhdpi/abc_btn_switch_to_on_mtrl_00012.9.png,all-images/res/drawable-xhdpi/abc_btn_switch_to_on_mtrl_00012.9.png,PNG,54,54,LA,1,True,4D2FE45A8169F368052C921230A268BA9F53EA5FEDBCB09FF35107473551E50C,1F7BECE1F507848E128D7976873F25DF1CA020F65F8FADBAD193C36CE9165357,C3C16B9F3478B23C,1731
P-DIRECT-0102,physical,apk_direct,D:\magia\MyProducts\MagiaRe\Magia_CN_Project\dist\MagiaCN-r128-downloader-fix1.apk,res/drawable-xhdpi/abc_cab_background_top_mtrl_alpha.9.png,,,D:\magia\MyProducts\MagiaRe\Magia_CN_Project\dist\MagiaCN-r128-downloader-fix1.apk!/res/drawable-xhdpi/abc_cab_background_top_mtrl_alpha.9.png,res/drawable-xhdpi/abc_cab_background_top_mtrl_alpha.9.png,all-images/res/drawable-xhdpi/abc_cab_background_top_mtrl_alpha.9.png,PNG,48,48,LA,1,True,F65A87EFA2F53D6FE2D848CFCA1F6C90AEA5E9FC67FF47F5949A6DD2A76EBE1B,46B59AE4EB55449569437FB48EE97A91A49841C3D0654277197BD28F006D9CBE,D6D629D629C629D6,229
P-DIRECT-0103,physical,apk_direct,D:\magia\MyProducts\MagiaRe\Magia_CN_Project\dist\MagiaCN-r128-downloader-fix1.apk,res/drawable-xhdpi/abc_ic_commit_search_api_mtrl_alpha.png,,,D:\magia\MyProducts\MagiaRe\Magia_CN_Project\dist\MagiaCN-r128-downloader-fix1.apk!/res/drawable-xhdpi/abc_ic_commit_search_api_mtrl_alpha.png,res/drawable-xhdpi/abc_ic_commit_search_api_mtrl_alpha.png,all-images/res/drawable-xhdpi/abc_ic_commit_search_api_mtrl_alpha.png,PNG,64,64,LA,1,True,F9A9254C63552C452A27B8914A4F6CE7ED5E7E306310AB9E5F1795EF0DDFD1A1,6911CF2FAF8C2FAB7FFF8C6BBE362A0BCF6284EA2324E4D84FD78A3FB0AB7B81,CECC3133CFCC9893,260
P-DIRECT-0104,physical,apk_direct,D:\magia\MyProducts\MagiaRe\Magia_CN_Project\dist\MagiaCN-r128-downloader-fix1.apk,res/drawable-xhdpi/abc_list_divider_mtrl_alpha.9.png,,,D:\magia\MyProducts\MagiaRe\Magia_CN_Project\dist\MagiaCN-r128-downloader-fix1.apk!/res/drawable-xhdpi/abc_list_divider_mtrl_alpha.9.png,res/drawable-xhdpi/abc_list_divider_mtrl_alpha.9.png,all-images/res/drawable-xhdpi/abc_list_divider_mtrl_alpha.9.png,PNG,1,1,L,1,False,378694706FB7256DD2248E2AF854EFD71EC7E8885F61DA2E16A2BD32FCF3D0A9,AF85444DFC9FC260EA2CF98C591573FE5F89E20A9409AAFC91636E2EFFDE8F78,D72929D639D6D729,167
P-DIRECT-0105,physical,apk_direct,D:\magia\MyProducts\MagiaRe\Magia_CN_Project\dist\MagiaCN-r128-downloader-fix1.apk,res/drawable-xhdpi/abc_list_focused_holo.9.png,,,D:\magia\MyProducts\MagiaRe\Magia_CN_Project\dist\MagiaCN-r128-downloader-fix1.apk!/res/drawable-xhdpi/abc_list_focused_holo.9.png,res/drawable-xhdpi/abc_list_focused_holo.9.png,all-images/res/drawable-xhdpi/abc_list_focused_holo.9.png,PNG,12,12,RGBA,1,True,67AAD2C79B817656CF098D58A07134E394D3642086F201EC149DFF06FDFF3C5E,0E0CB6CDB9E0A80F85443ECA7E67F6B33CC55612AA06D65004BD4A7AAB9AE36B,F4A6CBF632F43409,261
P-DIRECT-0106,physical,apk_direct,D:\magia\MyProducts\MagiaRe\Magia_CN_Project\dist\MagiaCN-r128-downloader-fix1.apk,res/drawable-xhdpi/abc_list_longpressed_holo.9.png,,,D:\magia\MyProducts\MagiaRe\Magia_CN_Project\dist\MagiaCN-r128-downloader-fix1.apk!/res/drawable-xhdpi/abc_list_longpressed_holo.9.png,res/drawable-xhdpi/abc_list_longpressed_holo.9.png,all-images/res/drawable-xhdpi/abc_list_longpressed_holo.9.png,PNG,12,12,RGBA,1,True,727D78FEC3F903A271C0476A50E8C064D28B32F7829B016AE0A07DA53B83B281,818D5CACEB859DD6CBD1D859FEE6E920628C5FB9338094B74BAB2FBB6BA87732,D6D629D621D6D629,214
P-DIRECT-0107,physical,apk_direct,D:\magia\MyProducts\MagiaRe\Magia_CN_Project\dist\MagiaCN-r128-downloader-fix1.apk,res/drawable-xhdpi/abc_list_pressed_holo_dark.9.png,,,D:\magia\MyProducts\MagiaRe\Magia_CN_Project\dist\MagiaCN-r128-downloader-fix1.apk!/res/drawable-xhdpi/abc_list_pressed_holo_dark.9.png,res/drawable-xhdpi/abc_list_pressed_holo_dark.9.png,all-images/res/drawable-xhdpi/abc_list_pressed_holo_dark.9.png,PNG,12,12,LA,1,True,1B311C95EF58ACF1EEBF44C557E6609A5255787F2D4F587FA3EDEB271D4CC9AA,E52314E7ECB5301A5F70F82C5D8804B9DEB64272A68337D56DAE917C7E75A56F,D6D629D684D6D629,209
P-DIRECT-0108,physical,apk_direct,D:\magia\MyProducts\MagiaRe\Magia_CN_Project\dist\MagiaCN-r128-downloader-fix1.apk,res/drawable-xhdpi/abc_list_pressed_holo_light.9.png,,,D:\magia\MyProducts\MagiaRe\Magia_CN_Project\dist\MagiaCN-r128-downloader-fix1.apk!/res/drawable-xhdpi/abc_list_pressed_holo_light.9.png,res/drawable-xhdpi/abc_list_pressed_holo_light.9.png,all-images/res/drawable-xhdpi/abc_list_pressed_holo_light.9.png,PNG,12,12,LA,1,True,A889A85C8F6706F0162A27EA653A66523995A21EB79DB0EE969385EC7A076F1B,E07CB19DF580083FC301615AB07227A621BD9C736E914D790996F03F4E9FCAD2,D6D62829D6D6D629,209
P-DIRECT-0109,physical,apk_direct,D:\magia\MyProducts\MagiaRe\Magia_CN_Project\dist\MagiaCN-r128-downloader-fix1.apk,res/drawable-xhdpi/abc_list_selector_disabled_holo_dark.9.png,,,D:\magia\MyProducts\MagiaRe\Magia_CN_Project\dist\MagiaCN-r128-downloader-fix1.apk!/res/drawable-xhdpi/abc_list_selector_disabled_holo_dark.9.png,res/drawable-xhdpi/abc_list_selector_disabled_holo_dark.9.png,all-images/res/drawable-xhdpi/abc_list_selector_disabled_holo_dark.9.png,PNG,28,84,LA,1,True,FD719E497AAF091C3166CB51BF4404CA4BC3B6545DFBEFBFAA0CF31F0790B7D1,1AEB83C402FA520F814886CBC5F6B2A607DAFDA78CE027EE63F8148F38115954,AA2A2AD72FD5AA2A,236
P-DIRECT-0110,physical,apk_direct,D:\magia\MyProducts\MagiaRe\Magia_CN_Project\dist\MagiaCN-r128-downloader-fix1.apk,res/drawable-xhdpi/abc_list_selector_disabled_holo_light.9.png,,,D:\magia\MyProducts\MagiaRe\Magia_CN_Project\dist\MagiaCN-r128-downloader-fix1.apk!/res/drawable-xhdpi/abc_list_selector_disabled_holo_light.9.png,res/drawable-xhdpi/abc_list_selector_disabled_holo_light.9.png,all-images/res/drawable-xhdpi/abc_list_selector_disabled_holo_light.9.png,PNG,28,84,LA,1,True,CC162D4B8C12EE329E37C8D651442F0EF0A9D1C6F88EF352E54DA8DFD9A50DFE,ED1FB9D7F201FD9DB1B1513EB6F9A52CA408610BB7B74C869DA232D5F8DEE58D,AA2A2AAA7FAAAB2A,235
P-DIRECT-0111,physical,apk_direct,D:\magia\MyProducts\MagiaRe\Magia_CN_Project\dist\MagiaCN-r128-downloader-fix1.apk,res/drawable-xhdpi/abc_menu_hardkey_panel_mtrl_mult.9.png,,,D:\magia\MyProducts\MagiaRe\Magia_CN_Project\dist\MagiaCN-r128-downloader-fix1.apk!/res/drawable-xhdpi/abc_menu_hardkey_panel_mtrl_mult.9.png,res/drawable-xhdpi/abc_menu_hardkey_panel_mtrl_mult.9.png,all-images/res/drawable-xhdpi/abc_menu_hardkey_panel_mtrl_mult.9.png,PNG,128,48,LA,1,True,006F2DC25BACC39E736BC720E26A6545DF7427B6C103B2DD77C1EB872C3F3306,9A031DE9CD261C3DCEF8726063B81A748887AA0189FBEAEBA866DA12581BD984,D07A2F8595D07A7A,966
P-DIRECT-0112,physical,apk_direct,D:\magia\MyProducts\MagiaRe\Magia_CN_Project\dist\MagiaCN-r128-downloader-fix1.apk,res/drawable-xhdpi/abc_popup_background_mtrl_mult.9.png,,,D:\magia\MyProducts\MagiaRe\Magia_CN_Project\dist\MagiaCN-r128-downloader-fix1.apk!/res/drawable-xhdpi/abc_popup_background_mtrl_mult.9.png,res/drawable-xhdpi/abc_popup_background_mtrl_mult.9.png,all-images/res/drawable-xhdpi/abc_popup_background_mtrl_mult.9.png,PNG,128,64,LA,1,True,3C213FD71264543A21A6192BB06BB12F0BB45932ACEB610C7E374C47EE4E0E8F,BE030226B8B62AC00D7759D9F6A6F0E3A9394AD9C3B53F4FFFAE8C7A2E1A43C9,85D03F52D02FD52F,1526
P-DIRECT-0113,physical,apk_direct,D:\magia\MyProducts\MagiaRe\Magia_CN_Project\dist\MagiaCN-r128-downloader-fix1.apk,res/drawable-xhdpi/abc_scrubber_control_off_mtrl_alpha.png,,,D:\magia\MyProducts\MagiaRe\Magia_CN_Project\dist\MagiaCN-r128-downloader-fix1.apk!/res/drawable-xhdpi/abc_scrubber_control_off_mtrl_alpha.png,res/drawable-xhdpi/abc_scrubber_control_off_mtrl_alpha.png,all-images/res/drawable-xhdpi/abc_scrubber_control_off_mtrl_alpha.png,PNG,24,64,LA,1,True,6B60F3A085C4779222C2B3BE964A4D1A260620E75677462892816FCE75B7FF9A,80D9C08740F2BAC7A7280AA61742E64E53F5BF54D3FDBF3731E13279D6184FD6,F4AC0B8BFCFCC3C0,328
P-DIRECT-0114,physical,apk_direct,D:\magia\MyProducts\MagiaRe\Magia_CN_Project\dist\MagiaCN-r128-downloader-fix1.apk,res/drawable-xhdpi/abc_scrubber_control_to_pressed_mtrl_000.png,,,D:\magia\MyProducts\MagiaRe\Magia_CN_Project\dist\MagiaCN-r128-downloader-fix1.apk!/res/drawable-xhdpi/abc_scrubber_control_to_pressed_mtrl_000.png,res/drawable-xhdpi/abc_scrubber_control_to_pressed_mtrl_000.png,all-images/res/drawable-xhdpi/abc_scrubber_control_to_pressed_mtrl_000.png,PNG,24,24,LA,1,True,D665A33DF9232B1FA1D555012D9CB7BE5CF06A708C67145F5FDFB01E0B6DADB2,0CF2A0435AB6859DE5B23A66DCF87CA7DB55C8955C7398211D65EDA8FA37E1FA,EB92E9D4E1A8C59C,318
P-DIRECT-0115,physical,apk_direct,D:\magia\MyProducts\MagiaRe\Magia_CN_Project\dist\MagiaCN-r128-downloader-fix1.apk,res/drawable-xhdpi/abc_scrubber_control_to_pressed_mtrl_005.png,,,D:\magia\MyProducts\MagiaRe\Magia_CN_Project\dist\MagiaCN-r128-downloader-fix1.apk!/res/drawable-xhdpi/abc_scrubber_control_to_pressed_mtrl_005.png,res/drawable-xhdpi/abc_scrubber_control_to_pressed_mtrl_005.png,all-images/res/drawable-xhdpi/abc_scrubber_control_to_pressed_mtrl_005.png,PNG,36,36,LA,1,True,FA3926E54772A97592EFA164D3651920ABEC139747BDC9E493DEACA5CB1FCB82,E90B2F653D53D9A92B67402865567825C3209AE20D2E50DAC04F4B6783CB6D29,FF83A892F58280DF,464
P-DIRECT-0116,physical,apk_direct,D:\magia\MyProducts\MagiaRe\Magia_CN_Project\dist\MagiaCN-r128-downloader-fix1.apk,res/drawable-xhdpi/abc_scrubber_primary_mtrl_alpha.9.png,,,D:\magia\MyProducts\MagiaRe\Magia_CN_Project\dist\MagiaCN-r128-downloader-fix1.apk!/res/drawable-xhdpi/abc_scrubber_primary_mtrl_alpha.9.png,res/drawable-xhdpi/abc_scrubber_primary_mtrl_alpha.9.png,all-images/res/drawable-xhdpi/abc_scrubber_primary_mtrl_alpha.9.png,PNG,20,24,LA,1,True,C0F930A722A16DF986923BF419081D1090F9476A7287C8B655AB36FFC08064CB,834E40292FA9594FDCDDEE9DA858987754424F4573AE440CF01B721D2D43FF7F,D6D629D6D6D62829,208
P-DIRECT-0117,physical,apk_direct,D:\magia\MyProducts\MagiaRe\Magia_CN_Project\dist\MagiaCN-r128-downloader-fix1.apk,res/drawable-xhdpi/abc_scrubber_track_mtrl_alpha.9.png,,,D:\magia\MyProducts\MagiaRe\Magia_CN_Project\dist\MagiaCN-r128-downloader-fix1.apk!/res/drawable-xhdpi/abc_scrubber_track_mtrl_alpha.9.png,res/drawable-xhdpi/abc_scrubber_track_mtrl_alpha.9.png,all-images/res/drawable-xhdpi/abc_scrubber_track_mtrl_alpha.9.png,PNG,20,24,LA,1,True,6B2372B414ABC1CFCFD71C98F51901A84C46C5B712046AAE019B6110DE265175,E6900F7A657870BE7EE7264434FE36FEE4C79561509C0AB0429A9696A594B77E,D72929D6D6D63929,198
P-DIRECT-0118,physical,apk_direct,D:\magia\MyProducts\MagiaRe\Magia_CN_Project\dist\MagiaCN-r128-downloader-fix1.apk,res/drawable-xhdpi/abc_spinner_mtrl_am_alpha.9.png,,,D:\magia\MyProducts\MagiaRe\Magia_CN_Project\dist\MagiaCN-r128-downloader-fix1.apk!/res/drawable-xhdpi/abc_spinner_mtrl_am_alpha.9.png,res/drawable-xhdpi/abc_spinner_mtrl_am_alpha.9.png,all-images/res/drawable-xhdpi/abc_spinner_mtrl_am_alpha.9.png,PNG,36,48,LA,1,True,0249E043A290204D85B92E2256FE9146C07D775D768987843DE21CE5054D56D2,32BDB533D9BC95FFD1D52210790D5FDB62762004B155DC262B7C62BB4B4C8CF8,CDC3333CCCC3333C,421
P-DIRECT-0119,physical,apk_direct,D:\magia\MyProducts\MagiaRe\Magia_CN_Project\dist\MagiaCN-r128-downloader-fix1.apk,res/drawable-xhdpi/abc_switch_track_mtrl_alpha.9.png,,,D:\magia\MyProducts\MagiaRe\Magia_CN_Project\dist\MagiaCN-r128-downloader-fix1.apk!/res/drawable-xhdpi/abc_switch_track_mtrl_alpha.9.png,res/drawable-xhdpi/abc_switch_track_mtrl_alpha.9.png,all-images/res/drawable-xhdpi/abc_switch_track_mtrl_alpha.9.png,PNG,47,32,LA,1,True,468607601140955B21C6091897BFC65F609D386FA68D56C199201895E03B3FBC,7FB9FA8F24D37A97203E5E1923B0B4F56C4FF0DAB95094374EBB1819F535BF43,961B78F561E1654E,618
P-DIRECT-0120,physical,apk_direct,D:\magia\MyProducts\MagiaRe\Magia_CN_Project\dist\MagiaCN-r128-downloader-fix1.apk,res/drawable-xhdpi/abc_tab_indicator_mtrl_alpha.9.png,,,D:\magia\MyProducts\MagiaRe\Magia_CN_Project\dist\MagiaCN-r128-downloader-fix1.apk!/res/drawable-xhdpi/abc_tab_indicator_mtrl_alpha.9.png,res/drawable-xhdpi/abc_tab_indicator_mtrl_alpha.9.png,all-images/res/drawable-xhdpi/abc_tab_indicator_mtrl_alpha.9.png,PNG,24,24,LA,1,True,B8B26708D71B4C7A5CF5311ABCDFA741FEE39C9F5E1383D49CA0C677FCDB03CD,4B03259CC07F98A75AE71F2E68DBC6BBBA20EBFB8769246D45CC2AD3C25EB96D,D7D729D629D62929,194
P-DIRECT-0121,physical,apk_direct,D:\magia\MyProducts\MagiaRe\Magia_CN_Project\dist\MagiaCN-r128-downloader-fix1.apk,res/drawable-xhdpi/abc_textfield_activated_mtrl_alpha.9.png,,,D:\magia\MyProducts\MagiaRe\Magia_CN_Project\dist\MagiaCN-r128-downloader-fix1.apk!/res/drawable-xhdpi/abc_textfield_activated_mtrl_alpha.9.png,res/drawable-xhdpi/abc_textfield_activated_mtrl_alpha.9.png,all-images/res/drawable-xhdpi/abc_textfield_activated_mtrl_alpha.9.png,PNG,25,22,LA,1,True,23439B8899F4B63D68AE9385EAA49286A4B95B95F79B8B8D37DE3B0E4FDBC747,7A7F541F611DC0C575FEF64A11BC4EB04B897E7C2BBC3527C5F91DFFACD8EEBE,C6D629D629D6D629,189
P-DIRECT-0122,physical,apk_direct,D:\magia\MyProducts\MagiaRe\Magia_CN_Project\dist\MagiaCN-r128-downloader-fix1.apk,res/drawable-xhdpi/abc_textfield_default_mtrl_alpha.9.png,,,D:\magia\MyProducts\MagiaRe\Magia_CN_Project\dist\MagiaCN-r128-downloader-fix1.apk!/res/drawable-xhdpi/abc_textfield_default_mtrl_alpha.9.png,res/drawable-xhdpi/abc_textfield_default_mtrl_alpha.9.png,all-images/res/drawable-xhdpi/abc_textfield_default_mtrl_alpha.9.png,PNG,25,22,LA,1,True,0CAAEA0060B3772BA433C0E9E3A5452F26F3421BA5023C855157270BC675B309,7ECDCC8059C0FD0437275C34EBE827A05962CFED9910A7B5A4D888BCE363898C,D6D629D6D639D629,187
P-DIRECT-0123,physical,apk_direct,D:\magia\MyProducts\MagiaRe\Magia_CN_Project\dist\MagiaCN-r128-downloader-fix1.apk,res/drawable-xhdpi/abc_textfield_search_activated_mtrl_alpha.9.png,,,D:\magia\MyProducts\MagiaRe\Magia_CN_Project\dist\MagiaCN-r128-downloader-fix1.apk!/res/drawable-xhdpi/abc_textfield_search_activated_mtrl_alpha.9.png,res/drawable-xhdpi/abc_textfield_search_activated_mtrl_alpha.9.png,all-images/res/drawable-xhdpi/abc_textfield_search_activated_mtrl_alpha.9.png,PNG,24,6,LA,1,True,5AE9594240ADA5E53500E2524215B3E2B3C91E6DD95B05E0ACDD27D9D8C57E72,6FECC079B91BDC803A2756F7DC9140C4C017445BC54E55E94A3D70CB7F3D2BE4,D639D73929D62929,184
P-DIRECT-0124,physical,apk_direct,D:\magia\MyProducts\MagiaRe\Magia_CN_Project\dist\MagiaCN-r128-downloader-fix1.apk,res/drawable-xhdpi/abc_textfield_search_default_mtrl_alpha.9.png,,,D:\magia\MyProducts\MagiaRe\Magia_CN_Project\dist\MagiaCN-r128-downloader-fix1.apk!/res/drawable-xhdpi/abc_textfield_search_default_mtrl_alpha.9.png,res/drawable-xhdpi/abc_textfield_search_default_mtrl_alpha.9.png,all-images/res/drawable-xhdpi/abc_textfield_search_default_mtrl_alpha.9.png,PNG,24,6,LA,1,True,779A2606A931A399A2C9D3BD01F3C510C412F2916478AA687E430E6003B0A5F3,6B1B3FA14A74D0729D58BA4675D53AF30FEC0E1E21FC1A8D8216F787F8C876C9,D639D6D629D63929,182
P-DIRECT-0125,physical,apk_direct,D:\magia\MyProducts\MagiaRe\Magia_CN_Project\dist\MagiaCN-r128-downloader-fix1.apk,res/drawable-xhdpi/abc_text_select_handle_left_mtrl.png,,,D:\magia\MyProducts\MagiaRe\Magia_CN_Project\dist\MagiaCN-r128-downloader-fix1.apk!/res/drawable-xhdpi/abc_text_select_handle_left_mtrl.png,res/drawable-xhdpi/abc_text_select_handle_left_mtrl.png,all-images/res/drawable-xhdpi/abc_text_select_handle_left_mtrl.png,PNG,88,44,P,1,True,9D8DFE83230D84C2AF00B564C41DD6A61154105C16D0C37544069BC88A8A0C7F,FC0A6B403520FE2960EFF1E0C86F96FE2A2B94D6883100A269B823A9CE3FBE7C,E169C76DC664CE64,347
P-DIRECT-0126,physical,apk_direct,D:\magia\MyProducts\MagiaRe\Magia_CN_Project\dist\MagiaCN-r128-downloader-fix1.apk,res/drawable-xhdpi/abc_text_select_handle_middle_mtrl.png,,,D:\magia\MyProducts\MagiaRe\Magia_CN_Project\dist\MagiaCN-r128-downloader-fix1.apk!/res/drawable-xhdpi/abc_text_select_handle_middle_mtrl.png,res/drawable-xhdpi/abc_text_select_handle_middle_mtrl.png,all-images/res/drawable-xhdpi/abc_text_select_handle_middle_mtrl.png,PNG,40,48,RGBA,1,True,1E9E39129A5314992877606E4D7B787D8A5DD66384B887569A3D8761DDC0FE9A,96DF4620667C4568152606EC45114D6D07221ECA54EACD0B41050E7686B2CC89,FEA4A016875EDE68,822
P-DIRECT-0127,physical,apk_direct,D:\magia\MyProducts\MagiaRe\Magia_CN_Project\dist\MagiaCN-r128-downloader-fix1.apk,res/drawable-xhdpi/abc_text_select_handle_right_mtrl.png,,,D:\magia\MyProducts\MagiaRe\Magia_CN_Project\dist\MagiaCN-r128-downloader-fix1.apk!/res/drawable-xhdpi/abc_text_select_handle_right_mtrl.png,res/drawable-xhdpi/abc_text_select_handle_right_mtrl.png,all-images/res/drawable-xhdpi/abc_text_select_handle_right_mtrl.png,PNG,88,44,P,1,True,41A93BB6577172E9527C6882F4F46DA5707D21F4AA732D7D736738569A0A03F1,0FC49B73AEA54A821C72146346D71079187037D709FDD5258D0DEAA50FC79A32,B43C92389339DB79,344
P-DIRECT-0128,physical,apk_direct,D:\magia\MyProducts\MagiaRe\Magia_CN_Project\dist\MagiaCN-r128-downloader-fix1.apk,res/drawable-xhdpi/common_full_open_on_phone.png,,,D:\magia\MyProducts\MagiaRe\Magia_CN_Project\dist\MagiaCN-r128-downloader-fix1.apk!/res/drawable-xhdpi/common_full_open_on_phone.png,res/drawable-xhdpi/common_full_open_on_phone.png,all-images/res/drawable-xhdpi/common_full_open_on_phone.png,PNG,128,128,P,1,True,2DF4203AFDAB73E8E41DC7E14DAF13CB61E4B255D1F6E1E57DE9CFC6FACF88BE,7828430A7AF426DEEFBECE4B0FAF1BADE03C920E79CF1580B8CFD660BC8FD86C,C63019CF6CCF3175,516
P-DIRECT-0129,physical,apk_direct,D:\magia\MyProducts\MagiaRe\Magia_CN_Project\dist\MagiaCN-r128-downloader-fix1.apk,res/drawable-xhdpi/common_google_signin_btn_icon_dark_normal_background.9.png,,,D:\magia\MyProducts\MagiaRe\Magia_CN_Project\dist\MagiaCN-r128-downloader-fix1.apk!/res/drawable-xhdpi/common_google_signin_btn_icon_dark_normal_background.9.png,res/drawable-xhdpi/common_google_signin_btn_icon_dark_normal_background.9.png,all-images/res/drawable-xhdpi/common_google_signin_btn_icon_dark_normal_background.9.png,PNG,96,96,RGBA,1,True,9D62D3EABEFAF89E6018D3902CC8C4BB888A8891D9639DEDA8FB58BA60FE1822,5A1BD75EE8BE270CDB87C127ED29C66F9E73F1F892AD1358FCC21E10A250B42C,D5D52BD53BD42BD1,1032
P-DIRECT-0130,physical,apk_direct,D:\magia\MyProducts\MagiaRe\Magia_CN_Project\dist\MagiaCN-r128-downloader-fix1.apk,res/drawable-xhdpi/common_google_signin_btn_icon_light_normal_background.9.png,,,D:\magia\MyProducts\MagiaRe\Magia_CN_Project\dist\MagiaCN-r128-downloader-fix1.apk!/res/drawable-xhdpi/common_google_signin_btn_icon_light_normal_background.9.png,res/drawable-xhdpi/common_google_signin_btn_icon_light_normal_background.9.png,all-images/res/drawable-xhdpi/common_google_signin_btn_icon_light_normal_background.9.png,PNG,96,96,LA,1,True,F62BF21D152A276AE8D9A0D62997F12C60D64EC812FD973FF60E3295DEEE34B4,4778812F673263A6AB1EDB9B47B3CC4539FF0CA737159F08F1CD505E61CA8AAB,D5D52BD52AD52BD1,776
P-DIRECT-0131,physical,apk_direct,D:\magia\MyProducts\MagiaRe\Magia_CN_Project\dist\MagiaCN-r128-downloader-fix1.apk,res/drawable-xhdpi/common_google_signin_btn_text_dark_normal_background.9.png,,,D:\magia\MyProducts\MagiaRe\Magia_CN_Project\dist\MagiaCN-r128-downloader-fix1.apk!/res/drawable-xhdpi/common_google_signin_btn_text_dark_normal_background.9.png,res/drawable-xhdpi/common_google_signin_btn_text_dark_normal_background.9.png,all-images/res/drawable-xhdpi/common_google_signin_btn_text_dark_normal_background.9.png,PNG,222,96,RGBA,1,True,FCB4416A4F5F5B4D72854D91722289789B30BB562C6F0F57975818AB555CC809,CF4B6B8164D3F85E2CC9E38F13562DBC13B3F4874FC31376EE1FFDE02E8B6CB1,E2951F951F951D91,1086
P-DIRECT-0132,physical,apk_direct,D:\magia\MyProducts\MagiaRe\Magia_CN_Project\dist\MagiaCN-r128-downloader-fix1.apk,res/drawable-xhdpi/common_google_signin_btn_text_light_normal_background.9.png,,,D:\magia\MyProducts\MagiaRe\Magia_CN_Project\dist\MagiaCN-r128-downloader-fix1.apk!/res/drawable-xhdpi/common_google_signin_btn_text_light_normal_background.9.png,res/drawable-xhdpi/common_google_signin_btn_text_light_normal_background.9.png,all-images/res/drawable-xhdpi/common_google_signin_btn_text_light_normal_background.9.png,PNG,222,96,LA,1,True,092BF333080E2B3ECE63147EA15E6AC04915968C010E5C3F85F8CB650D61ECB7,AA2C0147E18AF4F948EB32B773E03E541CDE0CCA7642AF969F703D67EC37D1C5,D5807F807FD42AD5,808
P-DIRECT-0133,physical,apk_direct,D:\magia\MyProducts\MagiaRe\Magia_CN_Project\dist\MagiaCN-r128-downloader-fix1.apk,res/drawable-xhdpi/googleg_disabled_color_18.png,,,D:\magia\MyProducts\MagiaRe\Magia_CN_Project\dist\MagiaCN-r128-downloader-fix1.apk!/res/drawable-xhdpi/googleg_disabled_color_18.png,res/drawable-xhdpi/googleg_disabled_color_18.png,all-images/res/drawable-xhdpi/googleg_disabled_color_18.png,PNG,36,36,LA,1,True,D348AF7CF465CD873E88D2379EB69CBCE0E3353A6BDA5A1B3A900928F6DEA697,51440A528901F17916EA8088B33704D038B0DFF4B446D70F01996D2B5A9186B4,D05A46A59FD56C4B,714
P-DIRECT-0134,physical,apk_direct,D:\magia\MyProducts\MagiaRe\Magia_CN_Project\dist\MagiaCN-r128-downloader-fix1.apk,res/drawable-xhdpi/googleg_standard_color_18.png,,,D:\magia\MyProducts\MagiaRe\Magia_CN_Project\dist\MagiaCN-r128-downloader-fix1.apk!/res/drawable-xhdpi/googleg_standard_color_18.png,res/drawable-xhdpi/googleg_standard_color_18.png,all-images/res/drawable-xhdpi/googleg_standard_color_18.png,PNG,36,36,RGBA,1,True,C0BAA9C4C2DDBC9828C9EC9C340442401DE5D45B8C0CEF71130A8E1EC8B74A19,7286B01DD16AB8AD99A429572894CB3654BCD703E5564C81D5267AB44E0FD1C1,FC3D0360F0D29797,1212
P-DIRECT-0135,physical,apk_direct,D:\magia\MyProducts\MagiaRe\Magia_CN_Project\dist\MagiaCN-r128-downloader-fix1.apk,res/drawable-xhdpi/notification_bg_low_normal.9.png,,,D:\magia\MyProducts\MagiaRe\Magia_CN_Project\dist\MagiaCN-r128-downloader-fix1.apk!/res/drawable-xhdpi/notification_bg_low_normal.9.png,res/drawable-xhdpi/notification_bg_low_normal.9.png,all-images/res/drawable-xhdpi/notification_bg_low_normal.9.png,PNG,16,16,L,1,False,3E09AFA21C45372C035598C017C8FB405A6D678E6CB84DC857581CB3B40E482D,AFBC7CFB1010A50BE0C9894C395A17C0A58BF5A958FC2411A230C7B17CD39655,D4D4D4D5D4D5D4D4,221
P-DIRECT-0136,physical,apk_direct,D:\magia\MyProducts\MagiaRe\Magia_CN_Project\dist\MagiaCN-r128-downloader-fix1.apk,res/drawable-xhdpi/notification_bg_low_pressed.9.png,,,D:\magia\MyProducts\MagiaRe\Magia_CN_Project\dist\MagiaCN-r128-downloader-fix1.apk!/res/drawable-xhdpi/notification_bg_low_pressed.9.png,res/drawable-xhdpi/notification_bg_low_pressed.9.png,all-images/res/drawable-xhdpi/notification_bg_low_pressed.9.png,PNG,16,16,RGB,1,False,20343222F9F79DD565C3A2248494D452E70820AC1C437173C38BADD45F962AFD,FD0FA32769A66496D259B7AD382B6574F157E1F62C81D46912D315ED78D73162,D4D5D4D5D4D5D5D4,252
P-DIRECT-0137,physical,apk_direct,D:\magia\MyProducts\MagiaRe\Magia_CN_Project\dist\MagiaCN-r128-downloader-fix1.apk,res/drawable-xhdpi/notification_bg_normal.9.png,,,D:\magia\MyProducts\MagiaRe\Magia_CN_Project\dist\MagiaCN-r128-downloader-fix1.apk!/res/drawable-xhdpi/notification_bg_normal.9.png,res/drawable-xhdpi/notification_bg_normal.9.png,all-images/res/drawable-xhdpi/notification_bg_normal.9.png,PNG,16,16,L,1,False,559BF783D765C02338E97952BDC9C6689C7FF99090B8C9813369118DA8B080F0,CA53845EBDE7A21220B739772191A299043EA414001AE4A80B58D1872DF3D5BA,D4D5D5D5D5D5D4D5,221
P-DIRECT-0138,physical,apk_direct,D:\magia\MyProducts\MagiaRe\Magia_CN_Project\dist\MagiaCN-r128-downloader-fix1.apk,res/drawable-xhdpi/notification_bg_normal_pressed.9.png,,,D:\magia\MyProducts\MagiaRe\Magia_CN_Project\dist\MagiaCN-r128-downloader-fix1.apk!/res/drawable-xhdpi/notification_bg_normal_pressed.9.png,res/drawable-xhdpi/notification_bg_normal_pressed.9.png,all-images/res/drawable-xhdpi/notification_bg_normal_pressed.9.png,PNG,16,16,RGB,1,False,D27AF435101CA4CBEC0C840BD30687918CD39EB83AAB1487420855623A45998B,4FA4839248A343BD4444D3A7C09478CE213CD75D06662D5D75D44B2B691A5A6B,D4D5D4D4D5D5D4D5,247
P-DIRECT-0139,physical,apk_direct,D:\magia\MyProducts\MagiaRe\Magia_CN_Project\dist\MagiaCN-r128-downloader-fix1.apk,res/drawable-xhdpi/notify_panel_notification_icon_bg.png,,,D:\magia\MyProducts\MagiaRe\Magia_CN_Project\dist\MagiaCN-r128-downloader-fix1.apk!/res/drawable-xhdpi/notify_panel_notification_icon_bg.png,res/drawable-xhdpi/notify_panel_notification_icon_bg.png,all-images/res/drawable-xhdpi/notify_panel_notification_icon_bg.png,PNG,30,30,P,1,False,6598A6E07BD8876909EB886EBB75529BB91FA8677E0E5718AC38EB2962833DA3,53EFB6C2FABF16C79861635E56A949D37C0704EEFE4C86E84FFC30057F3B0AC5,D689F4899DA9037E,99
P-DIRECT-0140,physical,apk_direct,D:\magia\MyProducts\MagiaRe\Magia_CN_Project\dist\MagiaCN-r128-downloader-fix1.apk,res/drawable-xxhdpi/abc_ab_share_pack_mtrl_alpha.9.png,,,D:\magia\MyProducts\MagiaRe\Magia_CN_Project\dist\MagiaCN-r128-downloader-fix1.apk!/res/drawable-xxhdpi/abc_ab_share_pack_mtrl_alpha.9.png,res/drawable-xxhdpi/abc_ab_share_pack_mtrl_alpha.9.png,all-images/res/drawable-xxhdpi/abc_ab_share_pack_mtrl_alpha.9.png,PNG,48,48,LA,1,True,F81412C5131046A83F5D9DE1D10E2B4B31F6E2657C4C08743825CD40F605FDD3,C4F5B05395388818EAAB4E181CB49E345DD62CCF0695E399E200FFA0320C29A3,917F4C9133916E5E,286
P-DIRECT-0141,physical,apk_direct,D:\magia\MyProducts\MagiaRe\Magia_CN_Project\dist\MagiaCN-r128-downloader-fix1.apk,res/drawable-xxhdpi/abc_btn_check_to_on_mtrl_000.png,,,D:\magia\MyProducts\MagiaRe\Magia_CN_Project\dist\MagiaCN-r128-downloader-fix1.apk!/res/drawable-xxhdpi/abc_btn_check_to_on_mtrl_000.png,res/drawable-xxhdpi/abc_btn_check_to_on_mtrl_000.png,all-images/res/drawable-xxhdpi/abc_btn_check_to_on_mtrl_000.png,PNG,96,96,P,1,True,2080C4C57966F1E6ED4BDE9D60CBA1694974A76816F9ACDED3D997572093760A,C7B80A8F931AC324509AC646804701905690D9DAD0E63D952EBBB4A17C7A393E,FCCBD434CB320BCB,368
P-DIRECT-0142,physical,apk_direct,D:\magia\MyProducts\MagiaRe\Magia_CN_Project\dist\MagiaCN-r128-downloader-fix1.apk,res/drawable-xxhdpi/abc_btn_check_to_on_mtrl_015.png,,,D:\magia\MyProducts\MagiaRe\Magia_CN_Project\dist\MagiaCN-r128-downloader-fix1.apk!/res/drawable-xxhdpi/abc_btn_check_to_on_mtrl_015.png,res/drawable-xxhdpi/abc_btn_check_to_on_mtrl_015.png,all-images/res/drawable-xxhdpi/abc_btn_check_to_on_mtrl_015.png,PNG,96,96,P,1,True,7BEF5527FDE01279EA0EBEE5324FDD489B97E6B6D44812E35C8DBA9A336C8E5C,30144496709A360C9EF4168C2CC1BB43365FF387D934003B92E05D11D077F014,A93396CCCB333CCC,724
P-DIRECT-0143,physical,apk_direct,D:\magia\MyProducts\MagiaRe\Magia_CN_Project\dist\MagiaCN-r128-downloader-fix1.apk,res/drawable-xxhdpi/abc_btn_radio_to_on_mtrl_000.png,,,D:\magia\MyProducts\MagiaRe\Magia_CN_Project\dist\MagiaCN-r128-downloader-fix1.apk!/res/drawable-xxhdpi/abc_btn_radio_to_on_mtrl_000.png,res/drawable-xxhdpi/abc_btn_radio_to_on_mtrl_000.png,all-images/res/drawable-xxhdpi/abc_btn_radio_to_on_mtrl_000.png,PNG,96,96,P,1,True,39B8FECEA842C1704DD85D5DD6E4671A5809C35104735350B84461C6CF54A28D,38A9D7C6EBBAE234F501E9D80EC8E2479EE4AEA2F7078E4285254FDF6641212B,E996B469CB961C69,1248
P-DIRECT-0144,physical,apk_direct,D:\magia\MyProducts\MagiaRe\Magia_CN_Project\dist\MagiaCN-r128-downloader-fix1.apk,res/drawable-xxhdpi/abc_btn_radio_to_on_mtrl_015.png,,,D:\magia\MyProducts\MagiaRe\Magia_CN_Project\dist\MagiaCN-r128-downloader-fix1.apk!/res/drawable-xxhdpi/abc_btn_radio_to_on_mtrl_015.png,res/drawable-xxhdpi/abc_btn_radio_to_on_mtrl_015.png,all-images/res/drawable-xxhdpi/abc_btn_radio_to_on_mtrl_015.png,PNG,96,96,P,1,True,9111845CB02AECFE447D81B4B63D2C072A48EB29B76485A344A53545031ADA09,C58B98237FFB349AE6E555783B6DFC5D3BC6F48AAF632870EBB8028FEB754491,F6C3D4F403F4D849,1466
P-DIRECT-0145,physical,apk_direct,D:\magia\MyProducts\MagiaRe\Magia_CN_Project\dist\MagiaCN-r128-downloader-fix1.apk,res/drawable-xxhdpi/abc_btn_switch_to_on_mtrl_00001.9.png,,,D:\magia\MyProducts\MagiaRe\Magia_CN_Project\dist\MagiaCN-r128-downloader-fix1.apk!/res/drawable-xxhdpi/abc_btn_switch_to_on_mtrl_00001.9.png,res/drawable-xxhdpi/abc_btn_switch_to_on_mtrl_00001.9.png,all-images/res/drawable-xxhdpi/abc_btn_switch_to_on_mtrl_00001.9.png,PNG,81,81,LA,1,True,0F8DB605D63BF1D6D35FD647D592AC4E70C9A712FF5D1C2114C8D58A88B8228A,34331125130C4644ED79968CE9F931F7B0FC866EFB426478A860C8815D2A7036,D6D12F4B342DF634,2463
P-DIRECT-0146,physical,apk_direct,D:\magia\MyProducts\MagiaRe\Magia_CN_Project\dist\MagiaCN-r128-downloader-fix1.apk,res/drawable-xxhdpi/abc_btn_switch_to_on_mtrl_00012.9.png,,,D:\magia\MyProducts\MagiaRe\Magia_CN_Project\dist\MagiaCN-r128-downloader-fix1.apk!/res/drawable-xxhdpi/abc_btn_switch_to_on_mtrl_00012.9.png,res/drawable-xxhdpi/abc_btn_switch_to_on_mtrl_00012.9.png,all-images/res/drawable-xxhdpi/abc_btn_switch_to_on_mtrl_00012.9.png,PNG,81,81,LA,1,True,40AE459DB3548AC42FB949D69ECD5D3C452866DB0FCF4D1B1081DD676A9431EC,B97A25717651537EEF8C783A4D9D424EA10E87B3C4145563F3F891D461C5D4D1,D6C02FCB342DF23C,2804
P-DIRECT-0147,physical,apk_direct,D:\magia\MyProducts\MagiaRe\Magia_CN_Project\dist\MagiaCN-r128-downloader-fix1.apk,res/drawable-xxhdpi/abc_cab_background_top_mtrl_alpha.9.png,,,D:\magia\MyProducts\MagiaRe\Magia_CN_Project\dist\MagiaCN-r128-downloader-fix1.apk!/res/drawable-xxhdpi/abc_cab_background_top_mtrl_alpha.9.png,res/drawable-xxhdpi/abc_cab_background_top_mtrl_alpha.9.png,all-images/res/drawable-xxhdpi/abc_cab_background_top_mtrl_alpha.9.png,PNG,72,72,LA,1,True,D68D03967FB222F7E35772A2E0637F73B4DD0D6CBB9EE3F2B4432D2F90C257DB,616CCFBE7B8F60CF7B95FBC38888EB1DADAA946C12B8D398035A27A08FDEEF11,D7D629D629D629D6,237
P-DIRECT-0148,physical,apk_direct,D:\magia\MyProducts\MagiaRe\Magia_CN_Project\dist\MagiaCN-r128-downloader-fix1.apk,res/drawable-xxhdpi/abc_ic_commit_search_api_mtrl_alpha.png,,,D:\magia\MyProducts\MagiaRe\Magia_CN_Project\dist\MagiaCN-r128-downloader-fix1.apk!/res/drawable-xxhdpi/abc_ic_commit_search_api_mtrl_alpha.png,res/drawable-xxhdpi/abc_ic_commit_search_api_mtrl_alpha.png,all-images/res/drawable-xxhdpi/abc_ic_commit_search_api_mtrl_alpha.png,PNG,96,96,LA,1,True,A12E5E05D6F3187D1E68E83CF3F52C26B1F176FE31D37DDEB94C278B2F9FB576,7A81FD2F1D025DD084B5A94BC9DD1834792E231B098673A007999F91C89180BE,CECC3133CFCC9893,280
P-DIRECT-0149,physical,apk_direct,D:\magia\MyProducts\MagiaRe\Magia_CN_Project\dist\MagiaCN-r128-downloader-fix1.apk,res/drawable-xxhdpi/abc_list_divider_mtrl_alpha.9.png,,,D:\magia\MyProducts\MagiaRe\Magia_CN_Project\dist\MagiaCN-r128-downloader-fix1.apk!/res/drawable-xxhdpi/abc_list_divider_mtrl_alpha.9.png,res/drawable-xxhdpi/abc_list_divider_mtrl_alpha.9.png,all-images/res/drawable-xxhdpi/abc_list_divider_mtrl_alpha.9.png,PNG,2,2,L,1,False,49903073AB23ABFC11A55E1333EB2905C743E1B382006C27C15434FD76E0207C,26580E6464784946EDFBE2CD42459FE1A50EED0814BA7D872434FC72C55677DC,D72929D639D6D729,171
P-DIRECT-0150,physical,apk_direct,D:\magia\MyProducts\MagiaRe\Magia_CN_Project\dist\MagiaCN-r128-downloader-fix1.apk,res/drawable-xxhdpi/abc_list_focused_holo.9.png,,,D:\magia\MyProducts\MagiaRe\Magia_CN_Project\dist\MagiaCN-r128-downloader-fix1.apk!/res/drawable-xxhdpi/abc_list_focused_holo.9.png,res/drawable-xxhdpi/abc_list_focused_holo.9.png,all-images/res/drawable-xxhdpi/abc_list_focused_holo.9.png,PNG,18,18,RGBA,1,True,78CAF9F294C67D63345567BE5786298A7BA567D1DDBA39AD4AC2B201BA6A6DE3,71FC23BA93EA9F78657ACF54CE25FB783887929299C9972AA9F6B96645496927,F4B4CBF634F43209,257
P-DIRECT-0151,physical,apk_direct,D:\magia\MyProducts\MagiaRe\Magia_CN_Project\dist\MagiaCN-r128-downloader-fix1.apk,res/drawable-xxhdpi/abc_list_longpressed_holo.9.png,,,D:\magia\MyProducts\MagiaRe\Magia_CN_Project\dist\MagiaCN-r128-downloader-fix1.apk!/res/drawable-xxhdpi/abc_list_longpressed_holo.9.png,res/drawable-xxhdpi/abc_list_longpressed_holo.9.png,all-images/res/drawable-xxhdpi/abc_list_longpressed_holo.9.png,PNG,18,18,RGBA,1,True,44C29766B2D88B78A71393B3E3A771CA7EEF5F552630C6074F33D6291241D0B9,4896593E6260113AB3CB416AE4426C68F4CEF88B579FBF8DCF0EAC70EC6EF917,D6D629D621D6D629,221
P-DIRECT-0152,physical,apk_direct,D:\magia\MyProducts\MagiaRe\Magia_CN_Project\dist\MagiaCN-r128-downloader-fix1.apk,res/drawable-xxhdpi/abc_list_pressed_holo_dark.9.png,,,D:\magia\MyProducts\MagiaRe\Magia_CN_Project\dist\MagiaCN-r128-downloader-fix1.apk!/res/drawable-xxhdpi/abc_list_pressed_holo_dark.9.png,res/drawable-xxhdpi/abc_list_pressed_holo_dark.9.png,all-images/res/drawable-xxhdpi/abc_list_pressed_holo_dark.9.png,PNG,18,18,LA,1,True,06384864E1986426EFC5323D9EF0050180481765EA5B421570DA02C24FA18AEA,2C008BEF98CF92638DFCDC5441E39249D9327F7D827D050A720A76FEFD18F171,D6D629D684D6D629,212
P-DIRECT-0153,physical,apk_direct,D:\magia\MyProducts\MagiaRe\Magia_CN_Project\dist\MagiaCN-r128-downloader-fix1.apk,res/drawable-xxhdpi/abc_list_pressed_holo_light.9.png,,,D:\magia\MyProducts\MagiaRe\Magia_CN_Project\dist\MagiaCN-r128-downloader-fix1.apk!/res/drawable-xxhdpi/abc_list_pressed_holo_light.9.png,res/drawable-xxhdpi/abc_list_pressed_holo_light.9.png,all-images/res/drawable-xxhdpi/abc_list_pressed_holo_light.9.png,PNG,18,18,LA,1,True,2A5E8C4D6E75E4288185667CD631C293F6FCD4BAA786F7DF0A03EB19B86E51B9,D4A44B19003A2F122BB8CF878079C98E5DD075AC6883CFCAFD54DFF5CE7FF7B0,D6D62829D6D6D629,212
P-DIRECT-0154,physical,apk_direct,D:\magia\MyProducts\MagiaRe\Magia_CN_Project\dist\MagiaCN-r128-downloader-fix1.apk,res/drawable-xxhdpi/abc_list_selector_disabled_holo_dark.9.png,,,D:\magia\MyProducts\MagiaRe\Magia_CN_Project\dist\MagiaCN-r128-downloader-fix1.apk!/res/drawable-xxhdpi/abc_list_selector_disabled_holo_dark.9.png,res/drawable-xxhdpi/abc_list_selector_disabled_holo_dark.9.png,all-images/res/drawable-xxhdpi/abc_list_selector_disabled_holo_dark.9.png,PNG,42,126,LA,1,True,94AE2273A335672C1C67988E7AF595D42E80526EDB7F5654EE130DCE06FD40D7,5C84110729847955B53B7752215477715710C8236EDF0499BA866E1509BE4896,AA2A2AD72FD5AA2A,260
P-DIRECT-0155,physical,apk_direct,D:\magia\MyProducts\MagiaRe\Magia_CN_Project\dist\MagiaCN-r128-downloader-fix1.apk,res/drawable-xxhdpi/abc_list_selector_disabled_holo_light.9.png,,,D:\magia\MyProducts\MagiaRe\Magia_CN_Project\dist\MagiaCN-r128-downloader-fix1.apk!/res/drawable-xxhdpi/abc_list_selector_disabled_holo_light.9.png,res/drawable-xxhdpi/abc_list_selector_disabled_holo_light.9.png,all-images/res/drawable-xxhdpi/abc_list_selector_disabled_holo_light.9.png,PNG,42,126,LA,1,True,4F186547C3FE5796EF49DA96D60A4A9A4B347357EAFF3794F38E5F2AADE3E400,5DFAC3389BCDA0EA2A97DA6B0D235C760A157217C5F5F4E37DECC66FEDDE13F7,AA2A2AAA7FAAAB2A,258
P-DIRECT-0156,physical,apk_direct,D:\magia\MyProducts\MagiaRe\Magia_CN_Project\dist\MagiaCN-r128-downloader-fix1.apk,res/drawable-xxhdpi/abc_menu_hardkey_panel_mtrl_mult.9.png,,,D:\magia\MyProducts\MagiaRe\Magia_CN_Project\dist\MagiaCN-r128-downloader-fix1.apk!/res/drawable-xxhdpi/abc_menu_hardkey_panel_mtrl_mult.9.png,res/drawable-xxhdpi/abc_menu_hardkey_panel_mtrl_mult.9.png,all-images/res/drawable-xxhdpi/abc_menu_hardkey_panel_mtrl_mult.9.png,PNG,192,72,RGBA,1,True,CD7FFC12009EB4A4FEEC8C94278700780A5EDBF72C80F6504119B89661652E53,22752094FEE9E42B634D6D964018FFD70C09C00A396E29018168D0AD077FA6AB,D07A2F8595D07A7A,1781
P-DIRECT-0157,physical,apk_direct,D:\magia\MyProducts\MagiaRe\Magia_CN_Project\dist\MagiaCN-r128-downloader-fix1.apk,res/drawable-xxhdpi/abc_popup_background_mtrl_mult.9.png,,,D:\magia\MyProducts\MagiaRe\Magia_CN_Project\dist\MagiaCN-r128-downloader-fix1.apk!/res/drawable-xxhdpi/abc_popup_background_mtrl_mult.9.png,res/drawable-xxhdpi/abc_popup_background_mtrl_mult.9.png,all-images/res/drawable-xxhdpi/abc_popup_background_mtrl_mult.9.png,PNG,192,96,LA,1,True,E1A2B864D0114A8471662F8E30FFCBB2EB9FFD414D36239612DEF8C7792A450A,FE900E6ED4551A95A7ED04AABCC23D418257ADF105C0AF4710AFFDECC1C462D5,85957A52D07F852F,2305
P-DIRECT-0158,physical,apk_direct,D:\magia\MyProducts\MagiaRe\Magia_CN_Project\dist\MagiaCN-r128-downloader-fix1.apk,res/drawable-xxhdpi/abc_scrubber_control_off_mtrl_alpha.png,,,D:\magia\MyProducts\MagiaRe\Magia_CN_Project\dist\MagiaCN-r128-downloader-fix1.apk!/res/drawable-xxhdpi/abc_scrubber_control_off_mtrl_alpha.png,res/drawable-xxhdpi/abc_scrubber_control_off_mtrl_alpha.png,all-images/res/drawable-xxhdpi/abc_scrubber_control_off_mtrl_alpha.png,PNG,36,96,P,1,True,450BF8EA02097BC27AC7E21FA40FDC4E4AD521FAF2E6BD1765711CD2C02C59B5,C3075ED313FDFC6BD436FF8FAA181CB98B96725299D746D421EBB27CC8392879,F4FC0B8CBCFCD3D0,396
P-DIRECT-0159,physical,apk_direct,D:\magia\MyProducts\MagiaRe\Magia_CN_Project\dist\MagiaCN-r128-downloader-fix1.apk,res/drawable-xxhdpi/abc_scrubber_control_to_pressed_mtrl_000.png,,,D:\magia\MyProducts\MagiaRe\Magia_CN_Project\dist\MagiaCN-r128-downloader-fix1.apk!/res/drawable-xxhdpi/abc_scrubber_control_to_pressed_mtrl_000.png,res/drawable-xxhdpi/abc_scrubber_control_to_pressed_mtrl_000.png,all-images/res/drawable-xxhdpi/abc_scrubber_control_to_pressed_mtrl_000.png,PNG,36,36,LA,1,True,238245599CC9D078B52744BFA556F004FE64EDB38CD7A8D0A81E175462B8B2C5,D0E8C773BB2065CF71A7277793C8C0A7A384262CEF61C400F2BE3313409FAEDB,EA94E997A187D58A,462
P-DIRECT-0160,physical,apk_direct,D:\magia\MyProducts\MagiaRe\Magia_CN_Project\dist\MagiaCN-r128-downloader-fix1.apk,res/drawable-xxhdpi/abc_scrubber_control_to_pressed_mtrl_005.png,,,D:\magia\MyProducts\MagiaRe\Magia_CN_Project\dist\MagiaCN-r128-downloader-fix1.apk!/res/drawable-xxhdpi/abc_scrubber_control_to_pressed_mtrl_005.png,res/drawable-xxhdpi/abc_scrubber_control_to_pressed_mtrl_005.png,all-images/res/drawable-xxhdpi/abc_scrubber_control_to_pressed_mtrl_005.png,PNG,54,54,LA,1,True,4B68BE65E3F188C28616AFA799305273B4EE2DF6E54AE970BE71B53B0D6C12A0,E01113780D216CD75C18027A208C42A849ADA4DFC1174C3EE9715E6FAF858833,FFC3A8C1E58084DF,718
P-DIRECT-0161,physical,apk_direct,D:\magia\MyProducts\MagiaRe\Magia_CN_Project\dist\MagiaCN-r128-downloader-fix1.apk,res/drawable-xxhdpi/abc_scrubber_primary_mtrl_alpha.9.png,,,D:\magia\MyProducts\MagiaRe\Magia_CN_Project\dist\MagiaCN-r128-downloader-fix1.apk!/res/drawable-xxhdpi/abc_scrubber_primary_mtrl_alpha.9.png,res/drawable-xxhdpi/abc_scrubber_primary_mtrl_alpha.9.png,all-images/res/drawable-xxhdpi/abc_scrubber_primary_mtrl_alpha.9.png,PNG,30,36,LA,1,True,7656F2F19A84CEFC2BF9FAFC00760216775D333FC0B08EB85FF1E0006B46FC20,1CAAF7521F52E82F75A7982258A3C00A182453D88F67F60D003609432C434E46,D6D629D6D6D72939,210
P-DIRECT-0162,physical,apk_direct,D:\magia\MyProducts\MagiaRe\Magia_CN_Project\dist\MagiaCN-r128-downloader-fix1.apk,res/drawable-xxhdpi/abc_scrubber_track_mtrl_alpha.9.png,,,D:\magia\MyProducts\MagiaRe\Magia_CN_Project\dist\MagiaCN-r128-downloader-fix1.apk!/res/drawable-xxhdpi/abc_scrubber_track_mtrl_alpha.9.png,res/drawable-xxhdpi/abc_scrubber_track_mtrl_alpha.9.png,all-images/res/drawable-xxhdpi/abc_scrubber_track_mtrl_alpha.9.png,PNG,30,36,LA,1,True,C56AB9375B149BA1C5EE268F22B3CF6507BB47986F628391500FBA38147DAB28,4B290607C0D65904522D9DA421FC24ABAE2C5433A51BA4F47E2525D19549A86D,D72929D6D6D72929,207
P-DIRECT-0163,physical,apk_direct,D:\magia\MyProducts\MagiaRe\Magia_CN_Project\dist\MagiaCN-r128-downloader-fix1.apk,res/drawable-xxhdpi/abc_spinner_mtrl_am_alpha.9.png,,,D:\magia\MyProducts\MagiaRe\Magia_CN_Project\dist\MagiaCN-r128-downloader-fix1.apk!/res/drawable-xxhdpi/abc_spinner_mtrl_am_alpha.9.png,res/drawable-xxhdpi/abc_spinner_mtrl_am_alpha.9.png,all-images/res/drawable-xxhdpi/abc_spinner_mtrl_am_alpha.9.png,PNG,54,72,LA,1,True,BD893783C8D2BEBB167AC05A27CDAEA5DFD651FE8D64BCB30C14E7B925380C79,E8398A471D791D9A79E6607963FA103EC9331597F213D18BCF0B2C5170624FB9,CDC3333CCCC3333C,524
P-DIRECT-0164,physical,apk_direct,D:\magia\MyProducts\MagiaRe\Magia_CN_Project\dist\MagiaCN-r128-downloader-fix1.apk,res/drawable-xxhdpi/abc_switch_track_mtrl_alpha.9.png,,,D:\magia\MyProducts\MagiaRe\Magia_CN_Project\dist\MagiaCN-r128-downloader-fix1.apk!/res/drawable-xxhdpi/abc_switch_track_mtrl_alpha.9.png,res/drawable-xxhdpi/abc_switch_track_mtrl_alpha.9.png,all-images/res/drawable-xxhdpi/abc_switch_track_mtrl_alpha.9.png,PNG,71,48,LA,1,True,BB4B092AE69C429E9D4F7FF97C60BA10C2E443A2B0CA19A9F6C77854BF32E293,14DFB859DDD51C8F2FCD0C8831ECB49CA48CE6F109496DC1B00E966EAC9AD9D9,D24F3DD17491345B,851
P-DIRECT-0165,physical,apk_direct,D:\magia\MyProducts\MagiaRe\Magia_CN_Project\dist\MagiaCN-r128-downloader-fix1.apk,res/drawable-xxhdpi/abc_tab_indicator_mtrl_alpha.9.png,,,D:\magia\MyProducts\MagiaRe\Magia_CN_Project\dist\MagiaCN-r128-downloader-fix1.apk!/res/drawable-xxhdpi/abc_tab_indicator_mtrl_alpha.9.png,res/drawable-xxhdpi/abc_tab_indicator_mtrl_alpha.9.png,all-images/res/drawable-xxhdpi/abc_tab_indicator_mtrl_alpha.9.png,PNG,36,36,LA,1,True,3633EC99D66AAE4332F9A6B2DBD3480513433001A8EEC0E796D2BCB69D75B73F,A18852FEA385F0A8191A7724D32C7099FA79C308BDB9640EAD90F8F6945880A3,D7D639D629D63929,204
P-DIRECT-0166,physical,apk_direct,D:\magia\MyProducts\MagiaRe\Magia_CN_Project\dist\MagiaCN-r128-downloader-fix1.apk,res/drawable-xxhdpi/abc_textfield_activated_mtrl_alpha.9.png,,,D:\magia\MyProducts\MagiaRe\Magia_CN_Project\dist\MagiaCN-r128-downloader-fix1.apk!/res/drawable-xxhdpi/abc_textfield_activated_mtrl_alpha.9.png,res/drawable-xxhdpi/abc_textfield_activated_mtrl_alpha.9.png,all-images/res/drawable-xxhdpi/abc_textfield_activated_mtrl_alpha.9.png,PNG,38,33,LA,1,True,682C466D3E4F39E31F114ABC1632D85E734557BD39814E3BA7D7C61EAE2D069B,C4B6757756DEC28A20D36ED0F1572382802012A336E103C6BBCC93B0CDE12301,D6D629D629C6D629,199
P-DIRECT-0167,physical,apk_direct,D:\magia\MyProducts\MagiaRe\Magia_CN_Project\dist\MagiaCN-r128-downloader-fix1.apk,res/drawable-xxhdpi/abc_textfield_default_mtrl_alpha.9.png,,,D:\magia\MyProducts\MagiaRe\Magia_CN_Project\dist\MagiaCN-r128-downloader-fix1.apk!/res/drawable-xxhdpi/abc_textfield_default_mtrl_alpha.9.png,res/drawable-xxhdpi/abc_textfield_default_mtrl_alpha.9.png,all-images/res/drawable-xxhdpi/abc_textfield_default_mtrl_alpha.9.png,PNG,38,33,LA,1,True,A0D63EC76EC21D40FE96A4B6FB4F4AAC5B61A6B63A63472DAB055E0D9E9890B1,B88785EFC29A85D6AD562094FA5646E11355DE91C6190C1731991D1FA6C15D11,D6D639D6D629D639,200
P-DIRECT-0168,physical,apk_direct,D:\magia\MyProducts\MagiaRe\Magia_CN_Project\dist\MagiaCN-r128-downloader-fix1.apk,res/drawable-xxhdpi/abc_textfield_search_activated_mtrl_alpha.9.png,,,D:\magia\MyProducts\MagiaRe\Magia_CN_Project\dist\MagiaCN-r128-downloader-fix1.apk!/res/drawable-xxhdpi/abc_textfield_search_activated_mtrl_alpha.9.png,res/drawable-xxhdpi/abc_textfield_search_activated_mtrl_alpha.9.png,all-images/res/drawable-xxhdpi/abc_textfield_search_activated_mtrl_alpha.9.png,PNG,36,10,LA,1,True,C8D13E5687A34D5B85018FF7A9F0F22870A297B261FF140B3ED041CE7E7F4B81,C76F196B1B7AFAA5F137F646C626C4920751FFC3453B0533FC9E9ABF8F4A3BB9,D629D63929D63979,187
P-DIRECT-0169,physical,apk_direct,D:\magia\MyProducts\MagiaRe\Magia_CN_Project\dist\MagiaCN-r128-downloader-fix1.apk,res/drawable-xxhdpi/abc_textfield_search_default_mtrl_alpha.9.png,,,D:\magia\MyProducts\MagiaRe\Magia_CN_Project\dist\MagiaCN-r128-downloader-fix1.apk!/res/drawable-xxhdpi/abc_textfield_search_default_mtrl_alpha.9.png,res/drawable-xxhdpi/abc_textfield_search_default_mtrl_alpha.9.png,all-images/res/drawable-xxhdpi/abc_textfield_search_default_mtrl_alpha.9.png,PNG,36,10,LA,1,True,F232714CCBECCA97ADC63B0811D62629057C77DCBD0B062C82E26754CB744831,3E66AA06DADB470A5F2EB6536F21C7070DC615369BCDDE22EA39159F5B49CFB4,D639D6D729D62929,186
P-DIRECT-0170,physical,apk_direct,D:\magia\MyProducts\MagiaRe\Magia_CN_Project\dist\MagiaCN-r128-downloader-fix1.apk,res/drawable-xxhdpi/abc_text_select_handle_left_mtrl.png,,,D:\magia\MyProducts\MagiaRe\Magia_CN_Project\dist\MagiaCN-r128-downloader-fix1.apk!/res/drawable-xxhdpi/abc_text_select_handle_left_mtrl.png,res/drawable-xxhdpi/abc_text_select_handle_left_mtrl.png,all-images/res/drawable-xxhdpi/abc_text_select_handle_left_mtrl.png,PNG,132,66,P,1,True,7D98E7A2F6C4DA770814A97CB46FB3C8219C84FC6822034B09A84509FFD730A4,C8C45A0A48DFF308CCC196CAF2D8A8D4E42B8EC3D54FE2E340737B88AF71DA8A,E169C76DC664CE64,444
P-DIRECT-0171,physical,apk_direct,D:\magia\MyProducts\MagiaRe\Magia_CN_Project\dist\MagiaCN-r128-downloader-fix1.apk,res/drawable-xxhdpi/abc_text_select_handle_middle_mtrl.png,,,D:\magia\MyProducts\MagiaRe\Magia_CN_Project\dist\MagiaCN-r128-downloader-fix1.apk!/res/drawable-xxhdpi/abc_text_select_handle_middle_mtrl.png,res/drawable-xxhdpi/abc_text_select_handle_middle_mtrl.png,all-images/res/drawable-xxhdpi/abc_text_select_handle_middle_mtrl.png,PNG,60,72,P,1,True,04941F76E9871FFA9865C3A27FEE20647FDDB766F97F739B989FEEE6680BB4FB,03177667060D8617D4E492453DF0B98F4031361BE2928E1466BFB447B9AB907F,BAB4F146835E8B5C,1134
P-DIRECT-0172,physical,apk_direct,D:\magia\MyProducts\MagiaRe\Magia_CN_Project\dist\MagiaCN-r128-downloader-fix1.apk,res/drawable-xxhdpi/abc_text_select_handle_right_mtrl.png,,,D:\magia\MyProducts\MagiaRe\Magia_CN_Project\dist\MagiaCN-r128-downloader-fix1.apk!/res/drawable-xxhdpi/abc_text_select_handle_right_mtrl.png,res/drawable-xxhdpi/abc_text_select_handle_right_mtrl.png,all-images/res/drawable-xxhdpi/abc_text_select_handle_right_mtrl.png,PNG,132,66,P,1,True,FB51861615A0831E32E8DF733E0C42C27467D0DB70BE181A72A1EC1CD0575D1B,7470601F9E0811DC7128D31674611157DC78F2A90F0E31B59670BE20C7C17460,B43C92389339DB79,448
P-DIRECT-0173,physical,apk_direct,D:\magia\MyProducts\MagiaRe\Magia_CN_Project\dist\MagiaCN-r128-downloader-fix1.apk,res/drawable-xxhdpi/common_google_signin_btn_icon_dark_normal_background.9.png,,,D:\magia\MyProducts\MagiaRe\Magia_CN_Project\dist\MagiaCN-r128-downloader-fix1.apk!/res/drawable-xxhdpi/common_google_signin_btn_icon_dark_normal_background.9.png,res/drawable-xxhdpi/common_google_signin_btn_icon_dark_normal_background.9.png,all-images/res/drawable-xxhdpi/common_google_signin_btn_icon_dark_normal_background.9.png,PNG,144,144,RGBA,1,True,BE03693C47D3C4D4466F14A695EACCD210B61E91D808C0C4A46D6F021B598278,43844A35739449CCE5C18D2538254D31C0A7E2E7617CB65ED840BA13DEFB019A,D4D53BD52BD42BD1,1510
P-DIRECT-0174,physical,apk_direct,D:\magia\MyProducts\MagiaRe\Magia_CN_Project\dist\MagiaCN-r128-downloader-fix1.apk,res/drawable-xxhdpi/common_google_signin_btn_icon_light_normal_background.9.png,,,D:\magia\MyProducts\MagiaRe\Magia_CN_Project\dist\MagiaCN-r128-downloader-fix1.apk!/res/drawable-xxhdpi/common_google_signin_btn_icon_light_normal_background.9.png,res/drawable-xxhdpi/common_google_signin_btn_icon_light_normal_background.9.png,all-images/res/drawable-xxhdpi/common_google_signin_btn_icon_light_normal_background.9.png,PNG,144,144,LA,1,True,71F14A18275F8678FD9F0C1C0AFFC400A975A0B815B82ECA7345B6AAECF978EE,C208DA7347FFE4DACC10C552A10F37DE91339FCC254511F6D46943248915F14C,D5D52BD52BD52AD0,1138
P-DIRECT-0175,physical,apk_direct,D:\magia\MyProducts\MagiaRe\Magia_CN_Project\dist\MagiaCN-r128-downloader-fix1.apk,res/drawable-xxhdpi/common_google_signin_btn_text_dark_normal_background.9.png,,,D:\magia\MyProducts\MagiaRe\Magia_CN_Project\dist\MagiaCN-r128-downloader-fix1.apk!/res/drawable-xxhdpi/common_google_signin_btn_text_dark_normal_background.9.png,res/drawable-xxhdpi/common_google_signin_btn_text_dark_normal_background.9.png,all-images/res/drawable-xxhdpi/common_google_signin_btn_text_dark_normal_background.9.png,PNG,333,144,RGBA,1,True,42A1B93BA380EEBA9D499582DF981A535F872AF234AD6600675FFF37459306E5,FEEA90A8D949DDFDAE5E8BCD6BCA877D5CAB3BF3C07F9E766E409E1EE12CDB6A,E2951F951F951D91,1638
P-DIRECT-0176,physical,apk_direct,D:\magia\MyProducts\MagiaRe\Magia_CN_Project\dist\MagiaCN-r128-downloader-fix1.apk,res/drawable-xxhdpi/common_google_signin_btn_text_light_normal_background.9.png,,,D:\magia\MyProducts\MagiaRe\Magia_CN_Project\dist\MagiaCN-r128-downloader-fix1.apk!/res/drawable-xxhdpi/common_google_signin_btn_text_light_normal_background.9.png,res/drawable-xxhdpi/common_google_signin_btn_text_light_normal_background.9.png,all-images/res/drawable-xxhdpi/common_google_signin_btn_text_light_normal_background.9.png,PNG,333,144,LA,1,True,5624A284ADF8A5E8E7C2560524EB05D7EE97D09A9C2DBE3A76A840766015AE30,74037A00237F8A3F2B7D907D47DB25222162FB0037E985D846811A649A3BC001,95C43FC43FC43BC4,1255
P-DIRECT-0177,physical,apk_direct,D:\magia\MyProducts\MagiaRe\Magia_CN_Project\dist\MagiaCN-r128-downloader-fix1.apk,res/drawable-xxhdpi/googleg_disabled_color_18.png,,,D:\magia\MyProducts\MagiaRe\Magia_CN_Project\dist\MagiaCN-r128-downloader-fix1.apk!/res/drawable-xxhdpi/googleg_disabled_color_18.png,res/drawable-xxhdpi/googleg_disabled_color_18.png,all-images/res/drawable-xxhdpi/googleg_disabled_color_18.png,PNG,54,54,LA,1,True,5CB82EE4939BFCF86313A6D677BFA94023ECB59FB19CEE23A06E5EE109177409,370602B69CD7B526199FCCBFE2A4387911F2D7D82FAC0DC15DFC3E52B9C81013,D05A46A59FD56C4B,984
P-DIRECT-0178,physical,apk_direct,D:\magia\MyProducts\MagiaRe\Magia_CN_Project\dist\MagiaCN-r128-downloader-fix1.apk,res/drawable-xxhdpi/googleg_standard_color_18.png,,,D:\magia\MyProducts\MagiaRe\Magia_CN_Project\dist\MagiaCN-r128-downloader-fix1.apk!/res/drawable-xxhdpi/googleg_standard_color_18.png,res/drawable-xxhdpi/googleg_standard_color_18.png,all-images/res/drawable-xxhdpi/googleg_standard_color_18.png,PNG,54,54,P,1,True,6CD74162958082DBC31653C038BDF2DB8BBB25F714DAA3724E63DC829A6FED6C,E3CEEEBA0D28B5F12D10254DD23395BAA130CFE96B6FD65A71E8DB0CC85B0A62,FC3D0360F0C29F97,1630
P-DIRECT-0179,physical,apk_direct,D:\magia\MyProducts\MagiaRe\Magia_CN_Project\dist\MagiaCN-r128-downloader-fix1.apk,res/drawable-xxxhdpi/abc_btn_check_to_on_mtrl_000.png,,,D:\magia\MyProducts\MagiaRe\Magia_CN_Project\dist\MagiaCN-r128-downloader-fix1.apk!/res/drawable-xxxhdpi/abc_btn_check_to_on_mtrl_000.png,res/drawable-xxxhdpi/abc_btn_check_to_on_mtrl_000.png,all-images/res/drawable-xxxhdpi/abc_btn_check_to_on_mtrl_000.png,PNG,128,128,P,1,True,53D276969108797576735B250CD539AE1C0392C0AB069D3FF5D91659B367F26F,F8F8FF30C62C5E2F8E884DA40A4C5AAD6EE15510C22E4EAC1F1CB72B24777A86,FCC9F432CB320BC9,294
P-DIRECT-0180,physical,apk_direct,D:\magia\MyProducts\MagiaRe\Magia_CN_Project\dist\MagiaCN-r128-downloader-fix1.apk,res/drawable-xxxhdpi/abc_btn_check_to_on_mtrl_015.png,,,D:\magia\MyProducts\MagiaRe\Magia_CN_Project\dist\MagiaCN-r128-downloader-fix1.apk!/res/drawable-xxxhdpi/abc_btn_check_to_on_mtrl_015.png,res/drawable-xxxhdpi/abc_btn_check_to_on_mtrl_015.png,all-images/res/drawable-xxxhdpi/abc_btn_check_to_on_mtrl_015.png,PNG,128,128,P,1,True,EBE37B4CCB669A41B548014AC3BFA6558D1A8C36D8937581263D1E6988AF7885,34BBC75A142F2E84D1FD8CFBA3C0B279DCDDB2595CD6CC0EC4DB2A6E421CEFDB,A93396CCCB333CCC,550
P-DIRECT-0181,physical,apk_direct,D:\magia\MyProducts\MagiaRe\Magia_CN_Project\dist\MagiaCN-r128-downloader-fix1.apk,res/drawable-xxxhdpi/abc_btn_radio_to_on_mtrl_000.png,,,D:\magia\MyProducts\MagiaRe\Magia_CN_Project\dist\MagiaCN-r128-downloader-fix1.apk!/res/drawable-xxxhdpi/abc_btn_radio_to_on_mtrl_000.png,res/drawable-xxxhdpi/abc_btn_radio_to_on_mtrl_000.png,all-images/res/drawable-xxxhdpi/abc_btn_radio_to_on_mtrl_000.png,PNG,128,128,P,1,True,9F75519ABE4162059476F468FD48ECCE482B669E57B94D8749BE783D63808754,4C264D20068B83F3694D75007367DF057DCFFFF6D3250EC35E1E5C622AED2697,FC83F4B68BE45C09,1013
P-DIRECT-0182,physical,apk_direct,D:\magia\MyProducts\MagiaRe\Magia_CN_Project\dist\MagiaCN-r128-downloader-fix1.apk,res/drawable-xxxhdpi/abc_btn_radio_to_on_mtrl_015.png,,,D:\magia\MyProducts\MagiaRe\Magia_CN_Project\dist\MagiaCN-r128-downloader-fix1.apk!/res/drawable-xxxhdpi/abc_btn_radio_to_on_mtrl_015.png,res/drawable-xxxhdpi/abc_btn_radio_to_on_mtrl_015.png,all-images/res/drawable-xxxhdpi/abc_btn_radio_to_on_mtrl_015.png,PNG,128,128,P,1,True,39A6096185FB8C1E2F4640E3F34E41B9FB5060C79181213566E9C504A0599314,27716131514D819AEFB166FDC58C081018D759BF5A337EC87FEC8F2D07817A70,F683D4F603F4C949,1224
P-DIRECT-0183,physical,apk_direct,D:\magia\MyProducts\MagiaRe\Magia_CN_Project\dist\MagiaCN-r128-downloader-fix1.apk,res/drawable-xxxhdpi/abc_btn_switch_to_on_mtrl_00001.9.png,,,D:\magia\MyProducts\MagiaRe\Magia_CN_Project\dist\MagiaCN-r128-downloader-fix1.apk!/res/drawable-xxxhdpi/abc_btn_switch_to_on_mtrl_00001.9.png,res/drawable-xxxhdpi/abc_btn_switch_to_on_mtrl_00001.9.png,all-images/res/drawable-xxxhdpi/abc_btn_switch_to_on_mtrl_00001.9.png,PNG,108,108,LA,1,True,C367B73A33A933429E1D57D33FCFBF243F0274E7CDBA221A0B983EE15B5BACA9,C20481FB1F7BBA4F9C2A9251F28E7B391EA25572F92CB5F2A863D3A592A0EDA2,C7C16F1E343CB634,2505
P-DIRECT-0184,physical,apk_direct,D:\magia\MyProducts\MagiaRe\Magia_CN_Project\dist\MagiaCN-r128-downloader-fix1.apk,res/drawable-xxxhdpi/abc_btn_switch_to_on_mtrl_00012.9.png,,,D:\magia\MyProducts\MagiaRe\Magia_CN_Project\dist\MagiaCN-r128-downloader-fix1.apk!/res/drawable-xxxhdpi/abc_btn_switch_to_on_mtrl_00012.9.png,res/drawable-xxxhdpi/abc_btn_switch_to_on_mtrl_00012.9.png,all-images/res/drawable-xxxhdpi/abc_btn_switch_to_on_mtrl_00012.9.png,PNG,108,108,LA,1,True,B4AF73E52266BE570C2C163D987E64348066DB311B41E7A382000529C0136C6B,096ABFE3DDBB9E33492C2A64F33841D7316B69F340AE28FF74C55ECBE4936DDE,C3C16B9E343CB63C,2816
P-DIRECT-0185,physical,apk_direct,D:\magia\MyProducts\MagiaRe\Magia_CN_Project\dist\MagiaCN-r128-downloader-fix1.apk,res/drawable-xxxhdpi/abc_scrubber_control_to_pressed_mtrl_000.png,,,D:\magia\MyProducts\MagiaRe\Magia_CN_Project\dist\MagiaCN-r128-downloader-fix1.apk!/res/drawable-xxxhdpi/abc_scrubber_control_to_pressed_mtrl_000.png,res/drawable-xxxhdpi/abc_scrubber_control_to_pressed_mtrl_000.png,all-images/res/drawable-xxxhdpi/abc_scrubber_control_to_pressed_mtrl_000.png,PNG,48,48,LA,1,True,945877F41B82CD839C126DCF0EF005EB028876FCEE5704434DDF6CB9C15C5BCC,503183BE04C863ACA77E9AC651E446ED775B0292B8D57B35282463A71DBC94E4,EB94E9D5A1C1D58A,499
P-DIRECT-0186,physical,apk_direct,D:\magia\MyProducts\MagiaRe\Magia_CN_Project\dist\MagiaCN-r128-downloader-fix1.apk,res/drawable-xxxhdpi/abc_scrubber_control_to_pressed_mtrl_005.png,,,D:\magia\MyProducts\MagiaRe\Magia_CN_Project\dist\MagiaCN-r128-downloader-fix1.apk!/res/drawable-xxxhdpi/abc_scrubber_control_to_pressed_mtrl_005.png,res/drawable-xxxhdpi/abc_scrubber_control_to_pressed_mtrl_005.png,all-images/res/drawable-xxxhdpi/abc_scrubber_control_to_pressed_mtrl_005.png,PNG,72,72,LA,1,True,3DB773E478EAF384CD3D4572AEFF4FBE4B10E0C87475028776784BEC3E00DDBF,6306E2099D56EDEC0C19FD9BF215750B6BF8F0290F536C831ED5BEE3207B2DAC,FF82A8D7E58280D7,785
P-DIRECT-0187,physical,apk_direct,D:\magia\MyProducts\MagiaRe\Magia_CN_Project\dist\MagiaCN-r128-downloader-fix1.apk,res/drawable-xxxhdpi/abc_spinner_mtrl_am_alpha.9.png,,,D:\magia\MyProducts\MagiaRe\Magia_CN_Project\dist\MagiaCN-r128-downloader-fix1.apk!/res/drawable-xxxhdpi/abc_spinner_mtrl_am_alpha.9.png,res/drawable-xxxhdpi/abc_spinner_mtrl_am_alpha.9.png,all-images/res/drawable-xxxhdpi/abc_spinner_mtrl_am_alpha.9.png,PNG,72,96,LA,1,True,2552CD1BCDD9882D6C258833FB70BC081A31A2A093EF9C256F92431370A6E5DE,75669715345D5370EBFB07C6201AD8C202E13452501E68E2428A7E31BFBE04B3,CDC3333CCCC3333C,430
P-DIRECT-0188,physical,apk_direct,D:\magia\MyProducts\MagiaRe\Magia_CN_Project\dist\MagiaCN-r128-downloader-fix1.apk,res/drawable-xxxhdpi/abc_switch_track_mtrl_alpha.9.png,,,D:\magia\MyProducts\MagiaRe\Magia_CN_Project\dist\MagiaCN-r128-downloader-fix1.apk!/res/drawable-xxxhdpi/abc_switch_track_mtrl_alpha.9.png,res/drawable-xxxhdpi/abc_switch_track_mtrl_alpha.9.png,all-images/res/drawable-xxxhdpi/abc_switch_track_mtrl_alpha.9.png,PNG,94,64,LA,1,True,100CC6AE3870DD769A252E44608A81956522E867674F854619BA7C68D314CAD7,436771CE6F1EB5627297065B3B53ACC0B7677A645DC775C024E4F89C83B7D9DA,D21F3DD360D1351E,813
P-DIRECT-0189,physical,apk_direct,D:\magia\MyProducts\MagiaRe\Magia_CN_Project\dist\MagiaCN-r128-downloader-fix1.apk,res/drawable-xxxhdpi/abc_tab_indicator_mtrl_alpha.9.png,,,D:\magia\MyProducts\MagiaRe\Magia_CN_Project\dist\MagiaCN-r128-downloader-fix1.apk!/res/drawable-xxxhdpi/abc_tab_indicator_mtrl_alpha.9.png,res/drawable-xxxhdpi/abc_tab_indicator_mtrl_alpha.9.png,all-images/res/drawable-xxxhdpi/abc_tab_indicator_mtrl_alpha.9.png,PNG,48,48,LA,1,True,E7E36C3CBCEDC97BC28AFF91ED72C4310B16C331713A1698A692C66D46F63227,C8CDE5EFB2E1E69A0E3E35AB300FB1149363A856187A9E7D6A13CCBD795176C7,D6D729D629D72929,202
P-DIRECT-0190,physical,apk_direct,D:\magia\MyProducts\MagiaRe\Magia_CN_Project\dist\MagiaCN-r128-downloader-fix1.apk,res/drawable-xxxhdpi/abc_text_select_handle_left_mtrl.png,,,D:\magia\MyProducts\MagiaRe\Magia_CN_Project\dist\MagiaCN-r128-downloader-fix1.apk!/res/drawable-xxxhdpi/abc_text_select_handle_left_mtrl.png,res/drawable-xxxhdpi/abc_text_select_handle_left_mtrl.png,all-images/res/drawable-xxxhdpi/abc_text_select_handle_left_mtrl.png,PNG,176,88,P,1,True,107881A296B4DE244B948C66CD84DE7B4A641293031713F893EE56DB9299EFCA,72F42DE676C1748C46347F4B0B1D905D07B4C96CD3C30D42382A72F2F67191C2,E169C76DC664CE64,550
P-DIRECT-0191,physical,apk_direct,D:\magia\MyProducts\MagiaRe\Magia_CN_Project\dist\MagiaCN-r128-downloader-fix1.apk,res/drawable-xxxhdpi/abc_text_select_handle_right_mtrl.png,,,D:\magia\MyProducts\MagiaRe\Magia_CN_Project\dist\MagiaCN-r128-downloader-fix1.apk!/res/drawable-xxxhdpi/abc_text_select_handle_right_mtrl.png,res/drawable-xxxhdpi/abc_text_select_handle_right_mtrl.png,all-images/res/drawable-xxxhdpi/abc_text_select_handle_right_mtrl.png,PNG,176,88,P,1,True,AE5CDEFAA3814C9D513D4C16D4D1E75156F64524B7D8BD7E480393440BE6369A,D56FE00DB3DA16C51767C1538E0371746BE4EFE77F05508869D5310CED4C6394,B43C92389339DB79,553
P-DIRECT-0192,physical,apk_direct,D:\magia\MyProducts\MagiaRe\Magia_CN_Project\dist\MagiaCN-r128-downloader-fix1.apk,res/mipmap-hdpi/ic_launcher.png,,,D:\magia\MyProducts\MagiaRe\Magia_CN_Project\dist\MagiaCN-r128-downloader-fix1.apk!/res/mipmap-hdpi/ic_launcher.png,res/mipmap-hdpi/ic_launcher.png,all-images/res/mipmap-hdpi/ic_launcher.png,PNG,72,72,RGB,1,False,0682CBF2077374FDF5CEDD3F6E2633D843ADD4F9F675B0E04C331E43F6006602,92588081F61889975E349527CC6F5A2415CB96F1989F591772E616E7E4196721,8DE9CA1CF8EB4362,13168
P-DIRECT-0193,physical,apk_direct,D:\magia\MyProducts\MagiaRe\Magia_CN_Project\dist\MagiaCN-r128-downloader-fix1.apk,res/mipmap-hdpi/ic_launcher_background.png,,,D:\magia\MyProducts\MagiaRe\Magia_CN_Project\dist\MagiaCN-r128-downloader-fix1.apk!/res/mipmap-hdpi/ic_launcher_background.png,res/mipmap-hdpi/ic_launcher_background.png,all-images/res/mipmap-hdpi/ic_launcher_background.png,PNG,162,162,RGB,1,False,1A531DC944B8DDC0B2A33E6E9E64268C4585F01B9C9E4F153A6B8F89B0CB747D,6523BC2E4315D04663757E8B539D1C5E2A1555DC2F0E6C7B4E75CC21220524CF,DF418398B6D5163B,59099
P-DIRECT-0194,physical,apk_direct,D:\magia\MyProducts\MagiaRe\Magia_CN_Project\dist\MagiaCN-r128-downloader-fix1.apk,res/mipmap-hdpi/ic_launcher_foreground.png,,,D:\magia\MyProducts\MagiaRe\Magia_CN_Project\dist\MagiaCN-r128-downloader-fix1.apk!/res/mipmap-hdpi/ic_launcher_foreground.png,res/mipmap-hdpi/ic_launcher_foreground.png,all-images/res/mipmap-hdpi/ic_launcher_foreground.png,PNG,162,162,P,1,True,B3B66690173947152049CA24178D4557FED43F76B1475217779EDDBCEF9361EC,F13CF331D5959BDA4776006DC4490C972CCEB117A6EB045CE29EACB6079011A9,D72929D639D6D729,133
P-DIRECT-0195,physical,apk_direct,D:\magia\MyProducts\MagiaRe\Magia_CN_Project\dist\MagiaCN-r128-downloader-fix1.apk,res/mipmap-hdpi/ic_stat_notify.png,,,D:\magia\MyProducts\MagiaRe\Magia_CN_Project\dist\MagiaCN-r128-downloader-fix1.apk!/res/mipmap-hdpi/ic_stat_notify.png,res/mipmap-hdpi/ic_stat_notify.png,all-images/res/mipmap-hdpi/ic_stat_notify.png,PNG,24,24,LA,1,True,167AFCC06EE0FB79D36EEEC6CDD0BCC857E7D3F0AAB9786E1CDBA09EBB1D0FE1,B5625AC3B196902CCC3169E9B5FDAC02EED39B84AFA3FEDDFAE90F16B3FEC08C,964F6AB965F69812,729
P-DIRECT-0196,physical,apk_direct,D:\magia\MyProducts\MagiaRe\Magia_CN_Project\dist\MagiaCN-r128-downloader-fix1.apk,res/mipmap-mdpi/ic_launcher.png,,,D:\magia\MyProducts\MagiaRe\Magia_CN_Project\dist\MagiaCN-r128-downloader-fix1.apk!/res/mipmap-mdpi/ic_launcher.png,res/mipmap-mdpi/ic_launcher.png,all-images/res/mipmap-mdpi/ic_launcher.png,PNG,48,48,RGB,1,False,B1554A3FB59AA260A46F8459E09A5C82214F2808E5EBC5C6A73028B673CA4CCF,002912893EE0637D440426239EC81C1D1762B1D4BE50E888F0EF4838BA3082B6,8DE9CA1CF8EB4362,6218
P-DIRECT-0197,physical,apk_direct,D:\magia\MyProducts\MagiaRe\Magia_CN_Project\dist\MagiaCN-r128-downloader-fix1.apk,res/mipmap-mdpi/ic_launcher_background.png,,,D:\magia\MyProducts\MagiaRe\Magia_CN_Project\dist\MagiaCN-r128-downloader-fix1.apk!/res/mipmap-mdpi/ic_launcher_background.png,res/mipmap-mdpi/ic_launcher_background.png,all-images/res/mipmap-mdpi/ic_launcher_background.png,PNG,108,108,RGB,1,False,E4C43285691278CDED6F6C0789C5DE9215577AF3EF19C84C6AB032655D3C1A36,3F760322C6A5AA1BB31ADED287374FB867CE354781AFB887F77E931E0B7E0313,DF418398B6D5163B,28036
P-DIRECT-0198,physical,apk_direct,D:\magia\MyProducts\MagiaRe\Magia_CN_Project\dist\MagiaCN-r128-downloader-fix1.apk,res/mipmap-mdpi/ic_launcher_foreground.png,,,D:\magia\MyProducts\MagiaRe\Magia_CN_Project\dist\MagiaCN-r128-downloader-fix1.apk!/res/mipmap-mdpi/ic_launcher_foreground.png,res/mipmap-mdpi/ic_launcher_foreground.png,all-images/res/mipmap-mdpi/ic_launcher_foreground.png,PNG,108,108,P,1,True,94E491D28E5CFD119CFF143484F8D88ABBC51CD383A93D819283025C1C2FC5B8,63460E0CEE3483CD6D230AA04F13223AA35F163FD8E9769F97A0F44A2351F35F,D72929D639D6D729,119
P-DIRECT-0199,physical,apk_direct,D:\magia\MyProducts\MagiaRe\Magia_CN_Project\dist\MagiaCN-r128-downloader-fix1.apk,res/mipmap-mdpi/ic_stat_notify.png,,,D:\magia\MyProducts\MagiaRe\Magia_CN_Project\dist\MagiaCN-r128-downloader-fix1.apk!/res/mipmap-mdpi/ic_stat_notify.png,res/mipmap-mdpi/ic_stat_notify.png,all-images/res/mipmap-mdpi/ic_stat_notify.png,PNG,18,18,LA,1,True,637A114DA6DB1FB17D9DA8F91FD0F50206EC5F2054B8537A4DEEEE71EB7076E8,7A8BD7E6E0EF4F0F307FB13FBCFB142EB9581EA5E19BA8E3CB3E33CF447DF37A,9ECF6A396556889A,503
P-DIRECT-0200,physical,apk_direct,D:\magia\MyProducts\MagiaRe\Magia_CN_Project\dist\MagiaCN-r128-downloader-fix1.apk,res/mipmap-xhdpi/ic_launcher.png,,,D:\magia\MyProducts\MagiaRe\Magia_CN_Project\dist\MagiaCN-r128-downloader-fix1.apk!/res/mipmap-xhdpi/ic_launcher.png,res/mipmap-xhdpi/ic_launcher.png,all-images/res/mipmap-xhdpi/ic_launcher.png,PNG,96,96,RGB,1,False,E89E82CF25F49D998152F25E6A10FBAE93D805A03204D8447DACCC91B4F35BD8,A2D2A0430C1980C47B7D96DEC6FDF28F7646A111F9E23D096FEB744E187DD22F,8DE9CA1CF8EB4362,22442
P-DIRECT-0201,physical,apk_direct,D:\magia\MyProducts\MagiaRe\Magia_CN_Project\dist\MagiaCN-r128-downloader-fix1.apk,res/mipmap-xhdpi/ic_launcher_background.png,,,D:\magia\MyProducts\MagiaRe\Magia_CN_Project\dist\MagiaCN-r128-downloader-fix1.apk!/res/mipmap-xhdpi/ic_launcher_background.png,res/mipmap-xhdpi/ic_launcher_background.png,all-images/res/mipmap-xhdpi/ic_launcher_background.png,PNG,216,216,RGB,1,False,4384D24BBFDF9F1AB5C30461800A822FC1F10FCEE8594B57881B0F6B9DFD2A9A,8DF1D7438509DD53451C747367A254F9AC5D84FC5B5B3D236DE1B72BE3019145,DF418398B6D5163B,99072
P-DIRECT-0202,physical,apk_direct,D:\magia\MyProducts\MagiaRe\Magia_CN_Project\dist\MagiaCN-r128-downloader-fix1.apk,res/mipmap-xhdpi/ic_launcher_foreground.png,,,D:\magia\MyProducts\MagiaRe\Magia_CN_Project\dist\MagiaCN-r128-downloader-fix1.apk!/res/mipmap-xhdpi/ic_launcher_foreground.png,res/mipmap-xhdpi/ic_launcher_foreground.png,all-images/res/mipmap-xhdpi/ic_launcher_foreground.png,PNG,216,216,P,1,True,21A67A0710CFB7BFA362991AAFA71B9E706BBDBAB73384C309DF8F1BAC34AB51,6274942C9C389D5011DD1B9BC7DF7C025B29E95E99806E845DF0D170FE8272B3,D72929D639D6D729,153
P-DIRECT-0203,physical,apk_direct,D:\magia\MyProducts\MagiaRe\Magia_CN_Project\dist\MagiaCN-r128-downloader-fix1.apk,res/mipmap-xhdpi/ic_stat_notify.png,,,D:\magia\MyProducts\MagiaRe\Magia_CN_Project\dist\MagiaCN-r128-downloader-fix1.apk!/res/mipmap-xhdpi/ic_stat_notify.png,res/mipmap-xhdpi/ic_stat_notify.png,all-images/res/mipmap-xhdpi/ic_stat_notify.png,PNG,36,36,LA,1,True,EAE2C60A28A040756CBB1FA0BE5C393A0FAF03E27D5AFC95A05994D1E2AE55CE,4DC528F03889200B927EBC2798E3E54F494A3B9B7FF6F2205FCC5858688060D2,964E6AB96DD6B812,1135
P-DIRECT-0204,physical,apk_direct,D:\magia\MyProducts\MagiaRe\Magia_CN_Project\dist\MagiaCN-r128-downloader-fix1.apk,res/mipmap-xxhdpi/ic_launcher.png,,,D:\magia\MyProducts\MagiaRe\Magia_CN_Project\dist\MagiaCN-r128-downloader-fix1.apk!/res/mipmap-xxhdpi/ic_launcher.png,res/mipmap-xxhdpi/ic_launcher.png,all-images/res/mipmap-xxhdpi/ic_launcher.png,PNG,144,144,RGB,1,False,156D5EE13C947C704A9E91368148DD5ADAEAA4794FCBC4670068414913264F52,09D870ACF21D98255A0FD3463973EC2BC0FDD8D959031A2A137D03FE471C9D11,8DE9CA1CF8EB4362,46742
P-DIRECT-0205,physical,apk_direct,D:\magia\MyProducts\MagiaRe\Magia_CN_Project\dist\MagiaCN-r128-downloader-fix1.apk,res/mipmap-xxhdpi/ic_launcher_background.png,,,D:\magia\MyProducts\MagiaRe\Magia_CN_Project\dist\MagiaCN-r128-downloader-fix1.apk!/res/mipmap-xxhdpi/ic_launcher_background.png,res/mipmap-xxhdpi/ic_launcher_background.png,all-images/res/mipmap-xxhdpi/ic_launcher_background.png,PNG,324,324,RGB,1,False,975C8DF8BEE0073400A43E0ABDC17D21006D784E0FD4A772B0213DF8ABEE5C11,FB7997A966912F52009B7259AF2831F9B24655A889871B8DCA5311B2021A1749,DF418398B6D5163B,201356
P-DIRECT-0206,physical,apk_direct,D:\magia\MyProducts\MagiaRe\Magia_CN_Project\dist\MagiaCN-r128-downloader-fix1.apk,res/mipmap-xxhdpi/ic_launcher_foreground.png,,,D:\magia\MyProducts\MagiaRe\Magia_CN_Project\dist\MagiaCN-r128-downloader-fix1.apk!/res/mipmap-xxhdpi/ic_launcher_foreground.png,res/mipmap-xxhdpi/ic_launcher_foreground.png,all-images/res/mipmap-xxhdpi/ic_launcher_foreground.png,PNG,324,324,P,1,True,449D0BABB982F76FBF5BC303D664B5D650ECFFCE6F0FBBD9D232413B10C1F7D7,6302C6922E05DFAB09518F428B0303222A21C5B08BCB1E8E966DA1AA5FE221EC,D72929D639D6D729,210
P-DIRECT-0207,physical,apk_direct,D:\magia\MyProducts\MagiaRe\Magia_CN_Project\dist\MagiaCN-r128-downloader-fix1.apk,res/mipmap-xxhdpi/ic_stat_notify.png,,,D:\magia\MyProducts\MagiaRe\Magia_CN_Project\dist\MagiaCN-r128-downloader-fix1.apk!/res/mipmap-xxhdpi/ic_stat_notify.png,res/mipmap-xxhdpi/ic_stat_notify.png,all-images/res/mipmap-xxhdpi/ic_stat_notify.png,PNG,48,48,LA,1,True,9ADEF6614AE57A401AEDD3C0A2C8FFC591FA8799828E7A5634550B24ACBABD00,5EFED46C694AD5B5BB33AFCCF489097A52A1230257485B92B8606BAC4AFFB0D1,944F6AB96DD6B812,1487
P-DIRECT-0208,physical,apk_direct,D:\magia\MyProducts\MagiaRe\Magia_CN_Project\dist\MagiaCN-r128-downloader-fix1.apk,res/mipmap-xxxhdpi/ic_launcher.png,,,D:\magia\MyProducts\MagiaRe\Magia_CN_Project\dist\MagiaCN-r128-downloader-fix1.apk!/res/mipmap-xxxhdpi/ic_launcher.png,res/mipmap-xxxhdpi/ic_launcher.png,all-images/res/mipmap-xxxhdpi/ic_launcher.png,PNG,192,192,RGB,1,False,4506E7D03759513227504D87DEF36459D7DDFEF393CF6D94AC5547C1B746CDB9,59216D4D819AB1C08DADAC15FDF3FE3B11A0324BA23F4566A7A830B66DE990CC,8DE9CA1CF8EB4362,78101
P-DIRECT-0209,physical,apk_direct,D:\magia\MyProducts\MagiaRe\Magia_CN_Project\dist\MagiaCN-r128-downloader-fix1.apk,res/mipmap-xxxhdpi/ic_launcher_background.png,,,D:\magia\MyProducts\MagiaRe\Magia_CN_Project\dist\MagiaCN-r128-downloader-fix1.apk!/res/mipmap-xxxhdpi/ic_launcher_background.png,res/mipmap-xxxhdpi/ic_launcher_background.png,all-images/res/mipmap-xxxhdpi/ic_launcher_background.png,PNG,432,432,RGB,1,False,1707067181A5AE5365EFD74D85534C52A340B55873A539E7C395AC6221E4003A,508FB13C9D90DB9D1C6BC7F20096DBCEBF0CDEE07169B59562EFF61C036D0C22,DF418398B6D5163B,325999
P-DIRECT-0210,physical,apk_direct,D:\magia\MyProducts\MagiaRe\Magia_CN_Project\dist\MagiaCN-r128-downloader-fix1.apk,res/mipmap-xxxhdpi/ic_launcher_foreground.png,,,D:\magia\MyProducts\MagiaRe\Magia_CN_Project\dist\MagiaCN-r128-downloader-fix1.apk!/res/mipmap-xxxhdpi/ic_launcher_foreground.png,res/mipmap-xxxhdpi/ic_launcher_foreground.png,all-images/res/mipmap-xxxhdpi/ic_launcher_foreground.png,PNG,432,432,P,1,True,FFBA6E4B930C012C8441A26943ECC04FD809592BED289C02B2E675CE31689AA4,66471D589ADA194942DE964268CE588E69B9512E06FBDE1E72275F1C9D64890C,D72929D639D6D729,288
P-DIRECT-0211,physical,apk_direct,D:\magia\MyProducts\MagiaRe\Magia_CN_Project\dist\MagiaCN-r128-downloader-fix1.apk,res/mipmap-xxxhdpi/ic_stat_notify.png,,,D:\magia\MyProducts\MagiaRe\Magia_CN_Project\dist\MagiaCN-r128-downloader-fix1.apk!/res/mipmap-xxxhdpi/ic_stat_notify.png,res/mipmap-xxxhdpi/ic_stat_notify.png,all-images/res/mipmap-xxxhdpi/ic_stat_notify.png,PNG,96,96,LA,1,True,32FBCF721B914D608BB323EC77A25A2F1BFB8CF1226DAB5A33283A2F74155FBF,8D417A3F424184FA8341F5A21F1F80119F204A5FB4BEEC5E7D4D46AF71CB3743,944F6AB96DF6B802,2505
P-DIRECT-0212,physical,apk_direct,D:\magia\MyProducts\MagiaRe\Magia_CN_Project\dist\MagiaCN-r128-downloader-fix1.apk,assets/fonts/witchText-export.png,,,D:\magia\MyProducts\MagiaRe\Magia_CN_Project\dist\MagiaCN-r128-downloader-fix1.apk!/assets/fonts/witchText-export.png,assets/fonts/witchText-export.png,all-images/assets/fonts/witchText-export.png,PNG,2048,1024,RGBA,1,True,43CD69D857986CE393FEA96E2EBEDD2FE8282DF2A7EFF4C1D036FB9ACCDD5D7F,40DD055C2D1130B27D7C1D05E2E083FAE4705ED3431B50545FD1ED7592146DD5,A419C73CE707CD78,2065782
P-DIRECT-0213,physical,apk_direct,D:\magia\MyProducts\MagiaRe\Magia_CN_Project\dist\MagiaCN-r128-downloader-fix1.apk,assets/package/download/data_download0.png,,,D:\magia\MyProducts\MagiaRe\Magia_CN_Project\dist\MagiaCN-r128-downloader-fix1.apk!/assets/package/download/data_download0.png,assets/package/download/data_download0.png,all-images/assets/package/download/data_download0.png,PNG,1024,512,RGBA,1,True,3866F0BC28E5DE1A5807EBBEB4BA2A0E005807F7F51CEA6727DB4C06BDAAAFA2,C36E0592E4E3AD39B2CD4A128A6EB0FEF384AC5FA65E5397609D434C87F67911,E70D11194FE3C9C7,41728
P-DIRECT-0214,physical,apk_direct,D:\magia\MyProducts\MagiaRe\Magia_CN_Project\dist\MagiaCN-r128-downloader-fix1.apk,assets/package/download/loading_data.png,,,D:\magia\MyProducts\MagiaRe\Magia_CN_Project\dist\MagiaCN-r128-downloader-fix1.apk!/assets/package/download/loading_data.png,assets/package/download/loading_data.png,all-images/assets/package/download/loading_data.png,PNG,194,234,P,1,True,4269C4460F08FC53CDAAE107667C4EB39834671F62E212ABF7A299E1131D51FF,F475465D52556521C8BA7595992DA1529BCDA91A5B5D5C7D0EEA2DF45960D8F4,D0D0D02FD0D26F6F,3812
P-DIRECT-0215,physical,apk_direct,D:\magia\MyProducts\MagiaRe\Magia_CN_Project\dist\MagiaCN-r128-downloader-fix1.apk,assets/package/download/loading_resource0.png,,,D:\magia\MyProducts\MagiaRe\Magia_CN_Project\dist\MagiaCN-r128-downloader-fix1.apk!/assets/package/download/loading_resource0.png,assets/package/download/loading_resource0.png,all-images/assets/package/download/loading_resource0.png,PNG,2048,1024,P,1,True,2E715E3B3152BE34CBB5F1E9DC3499F54693925D79E189EE5B9118EF4EBD08D9,FA897BFFD5BF7A1BC6B7984D58760768F275F592D7800DAFB001E6863A5FA944,BF6E3B94843B6294,301167
P-DIRECT-0216,physical,apk_direct,D:\magia\MyProducts\MagiaRe\Magia_CN_Project\dist\MagiaCN-r128-downloader-fix1.apk,assets/package/evolution/web_ef_reality_up0.png,,,D:\magia\MyProducts\MagiaRe\Magia_CN_Project\dist\MagiaCN-r128-downloader-fix1.apk!/assets/package/evolution/web_ef_reality_up0.png,assets/package/evolution/web_ef_reality_up0.png,all-images/assets/package/evolution/web_ef_reality_up0.png,PNG,2048,2048,RGBA,1,True,858BC2BE321D1AB82FD7F7A9A4C709057C439D695979B1B98CAD40B9E9CC1E7E,5552CCD1E896A5E951D66AF066D2FDE49627EC060FE2A2BE7E5685910A23739B,C7C2DA1A1307A5FD,770081
P-DIRECT-0217,physical,apk_direct,D:\magia\MyProducts\MagiaRe\Magia_CN_Project\dist\MagiaCN-r128-downloader-fix1.apk,assets/package/loading/loading_char.png,,,D:\magia\MyProducts\MagiaRe\Magia_CN_Project\dist\MagiaCN-r128-downloader-fix1.apk!/assets/package/loading/loading_char.png,assets/package/loading/loading_char.png,all-images/assets/package/loading/loading_char.png,PNG,256,256,P,1,True,2F3834D6160FAE98329B34785D260C332F2251F717813CF8A112BEDEA9A3738F,C8C34C28097002E2226EE842A23358AAFB322E7289E4969E58F6A7976F2DE3F8,D1235BC5B4E34A5D,5757
P-DIRECT-0218,physical,apk_direct,D:\magia\MyProducts\MagiaRe\Magia_CN_Project\dist\MagiaCN-r128-downloader-fix1.apk,assets/package/loading/loading_icon.png,,,D:\magia\MyProducts\MagiaRe\Magia_CN_Project\dist\MagiaCN-r128-downloader-fix1.apk!/assets/package/loading/loading_icon.png,assets/package/loading/loading_icon.png,all-images/assets/package/loading/loading_icon.png,PNG,542,283,P,1,True,F8E22590F9F2607491E78A91A1B9AEA57F0266C33A8377C8752DABBB10B40F6A,E0732FA5354AE537B14B000220F02EF229FFB47183EC0E90476709462D7C6695,CF49C2A6792D3F22,18450
P-DIRECT-0219,physical,apk_direct,D:\magia\MyProducts\MagiaRe\Magia_CN_Project\dist\MagiaCN-r128-downloader-fix1.apk,assets/package/loading/tips.png,,,D:\magia\MyProducts\MagiaRe\Magia_CN_Project\dist\MagiaCN-r128-downloader-fix1.apk!/assets/package/loading/tips.png,assets/package/loading/tips.png,all-images/assets/package/loading/tips.png,PNG,2048,1024,P,1,True,DB20653F83322EC52D786319B22C19CE1D48DAA7B27306395DED2BBB5159E613,66F5A78299B3A3C3492CE7A793B1950349161BEE6051FD928C47EBA644B3EE32,B929EC1392D639EC,76525
P-DIRECT-0220,physical,apk_direct,D:\magia\MyProducts\MagiaRe\Magia_CN_Project\dist\MagiaCN-r128-downloader-fix1.apk,assets/package/memoria/web_ef_memoria0.png,,,D:\magia\MyProducts\MagiaRe\Magia_CN_Project\dist\MagiaCN-r128-downloader-fix1.apk!/assets/package/memoria/web_ef_memoria0.png,assets/package/memoria/web_ef_memoria0.png,all-images/assets/package/memoria/web_ef_memoria0.png,PNG,2048,2048,RGBA,1,True,B07E964B7E34D952340B5DA52BA0A87CBFFDA52550301407FAEF607B378D2435,492688B640C800DC68C480210F0A4AEE9ACDA098C1F5019982662E81F859D2CB,CDE41BE4261BEE19,1037579
P-DIRECT-0221,physical,apk_direct,D:\magia\MyProducts\MagiaRe\Magia_CN_Project\dist\MagiaCN-r128-downloader-fix1.apk,assets/package/movie/ui_touchscreen0.png,,,D:\magia\MyProducts\MagiaRe\Magia_CN_Project\dist\MagiaCN-r128-downloader-fix1.apk!/assets/package/movie/ui_touchscreen0.png,assets/package/movie/ui_touchscreen0.png,all-images/assets/package/movie/ui_touchscreen0.png,PNG,1024,128,P,1,True,CC7E195525683E83BA7401660CD705CEF7DB17EADAA074FD1C3CB535EBFC8ECA,2C2D261A555F5D8D167AB6CD9FE0883924E31F9902398BCC2B988109B426D697,E1F13BC61E1E1E0E,13636
P-DIRECT-0222,physical,apk_direct,D:\magia\MyProducts\MagiaRe\Magia_CN_Project\dist\MagiaCN-r128-downloader-fix1.apk,assets/package/quest/arena/battle_clear_arena0.png,,,D:\magia\MyProducts\MagiaRe\Magia_CN_Project\dist\MagiaCN-r128-downloader-fix1.apk!/assets/package/quest/arena/battle_clear_arena0.png,assets/package/quest/arena/battle_clear_arena0.png,all-images/assets/package/quest/arena/battle_clear_arena0.png,PNG,2048,1024,P,1,True,E9617B3A967794C682BCDF4EF7881AB3302154D178029BEF819954B96589BC26,1D0EA7B2F85EE4E0DAF7F04226F6835CA07CDA350003B53BE160E5337EA6CED2,96ED6D926969324B,103468
P-DIRECT-0223,physical,apk_direct,D:\magia\MyProducts\MagiaRe\Magia_CN_Project\dist\MagiaCN-r128-downloader-fix1.apk,assets/package/quest/avatar/unitui_jem0.png,,,D:\magia\MyProducts\MagiaRe\Magia_CN_Project\dist\MagiaCN-r128-downloader-fix1.apk!/assets/package/quest/avatar/unitui_jem0.png,assets/package/quest/avatar/unitui_jem0.png,all-images/assets/package/quest/avatar/unitui_jem0.png,PNG,64,64,RGBA,1,True,64E138E94868F9AAE64F1A34113024E265F5F18B61977A8DAECAF7F4F9C8268D,DB502DC067FB1ECD8195476279091E63770D43294DB5EE4AFDA3CA030369C686,99196E6E2ED1D1D8,4043
P-DIRECT-0224,physical,apk_direct,D:\magia\MyProducts\MagiaRe\Magia_CN_Project\dist\MagiaCN-r128-downloader-fix1.apk,assets/package/quest/avatar/unit_marker0.png,,,D:\magia\MyProducts\MagiaRe\Magia_CN_Project\dist\MagiaCN-r128-downloader-fix1.apk!/assets/package/quest/avatar/unit_marker0.png,assets/package/quest/avatar/unit_marker0.png,all-images/assets/package/quest/avatar/unit_marker0.png,PNG,512,512,P,1,True,5AE25EEB12795481DAF1C4AA3BA04BE3D28A0734027E8BD22D13694637C582FC,32A9707AB1C9AA6ACFB6C531F1DC882EBFA92FCA84E6DB52C81158F0F0159289,F09693F02F6E6E0A,23872
P-DIRECT-0225,physical,apk_direct,D:\magia\MyProducts\MagiaRe\Magia_CN_Project\dist\MagiaCN-r128-downloader-fix1.apk,assets/package/quest/battle_clear_char/battle_clear_char0.png,,,D:\magia\MyProducts\MagiaRe\Magia_CN_Project\dist\MagiaCN-r128-downloader-fix1.apk!/assets/package/quest/battle_clear_char/battle_clear_char0.png,assets/package/quest/battle_clear_char/battle_clear_char0.png,all-images/assets/package/quest/battle_clear_char/battle_clear_char0.png,PNG,512,256,P,1,True,4F95EFC7955252B83933343F1EB45F3820E4AA78FF9B130A488654451B047AD2,E3E2BD8D1125B3BABBA60CE639550BC7D3DB0A18320A65EDC060C9100988E9BC,85032B8787D4D57F,3705
P-DIRECT-0226,physical,apk_direct,D:\magia\MyProducts\MagiaRe\Magia_CN_Project\dist\MagiaCN-r128-downloader-fix1.apk,assets/package/quest/battle_start_clear/battle_start_clear0.png,,,D:\magia\MyProducts\MagiaRe\Magia_CN_Project\dist\MagiaCN-r128-downloader-fix1.apk!/assets/package/quest/battle_start_clear/battle_start_clear0.png,assets/package/quest/battle_start_clear/battle_start_clear0.png,all-images/assets/package/quest/battle_start_clear/battle_start_clear0.png,PNG,2048,2048,P,1,True,2B0070F7DEDDCEC8FCD815D13B42536FBE94D40DE4CE2681AF47C405E889644E,878F7EFF141AFF802D7BA901B2BEAE028D611CDE316AF1A3C721EF6255253510,C718C7F818E738C7,152553
P-DIRECT-0227,physical,apk_direct,D:\magia\MyProducts\MagiaRe\Magia_CN_Project\dist\MagiaCN-r128-downloader-fix1.apk,assets/package/quest/connect_arrow/connect_arrow0.png,,,D:\magia\MyProducts\MagiaRe\Magia_CN_Project\dist\MagiaCN-r128-downloader-fix1.apk!/assets/package/quest/connect_arrow/connect_arrow0.png,assets/package/quest/connect_arrow/connect_arrow0.png,all-images/assets/package/quest/connect_arrow/connect_arrow0.png,PNG,128,128,RGBA,1,True,4E8899BA173FDCE49C4227FE9749AF6E664DBF1FA8AE376B258C59AE0D11CAE8,BABACD3238AA6FD7A7F0AB0BD75D978E43F3C1661ADE3A5E59F857AC01863ACD,CECE323331C9C9CE,4658
P-DIRECT-0228,physical,apk_direct,D:\magia\MyProducts\MagiaRe\Magia_CN_Project\dist\MagiaCN-r128-downloader-fix1.apk,assets/package/quest/ef_battle00/ef_battle000.png,,,D:\magia\MyProducts\MagiaRe\Magia_CN_Project\dist\MagiaCN-r128-downloader-fix1.apk!/assets/package/quest/ef_battle00/ef_battle000.png,assets/package/quest/ef_battle00/ef_battle000.png,all-images/assets/package/quest/ef_battle00/ef_battle000.png,PNG,2048,2048,RGBA,1,True,8257ABBB5D5493259AE943D6925FB267727EB8164E1CBAF5482BC7F74D7E5284,75721E03BBE98ADF60CCB451A3D8CFC49D202D74BF1D9972C222AEB6F78E18AF,E2E0E4626AB5F2EA,704759
P-DIRECT-0229,physical,apk_direct,D:\magia\MyProducts\MagiaRe\Magia_CN_Project\dist\MagiaCN-r128-downloader-fix1.apk,assets/package/quest/ef_battle01/ef_battle010.png,,,D:\magia\MyProducts\MagiaRe\Magia_CN_Project\dist\MagiaCN-r128-downloader-fix1.apk!/assets/package/quest/ef_battle01/ef_battle010.png,assets/package/quest/ef_battle01/ef_battle010.png,all-images/assets/package/quest/ef_battle01/ef_battle010.png,PNG,256,256,P,1,True,AB60714220BFD528ACBA68324C5916E6D157805AA0C0FEE20BEEB22483A10668,688E222AE34C46F4B5B36A8B8F39073AB46FD0F391EDED77E61DF3720D072C59,CDCD3232CFCF184C,13684
P-DIRECT-0230,physical,apk_direct,D:\magia\MyProducts\MagiaRe\Magia_CN_Project\dist\MagiaCN-r128-downloader-fix1.apk,assets/package/quest/ef_boss00/ef_boss000.png,,,D:\magia\MyProducts\MagiaRe\Magia_CN_Project\dist\MagiaCN-r128-downloader-fix1.apk!/assets/package/quest/ef_boss00/ef_boss000.png,assets/package/quest/ef_boss00/ef_boss000.png,all-images/assets/package/quest/ef_boss00/ef_boss000.png,PNG,2048,2048,P,1,True,0E7C5B80CE506DAD53EE67CAA56F59EF74FF44FB3896B3E8C454C79FF2BD9655,D3AA84A5CCD8C9446287390D1DB03FCDA53F759CC0CFC7B27050A6AAFD134E0D,AE0E9632E92CC7D9,460631
P-DIRECT-0231,physical,apk_direct,D:\magia\MyProducts\MagiaRe\Magia_CN_Project\dist\MagiaCN-r128-downloader-fix1.apk,assets/package/quest/ef_boss01/ef_boss010.png,,,D:\magia\MyProducts\MagiaRe\Magia_CN_Project\dist\MagiaCN-r128-downloader-fix1.apk!/assets/package/quest/ef_boss01/ef_boss010.png,assets/package/quest/ef_boss01/ef_boss010.png,all-images/assets/package/quest/ef_boss01/ef_boss010.png,PNG,1024,1024,P,1,True,4582A77DCD337B7EE4A8F912CB81DB763BCAA860C3AE047EF13FCC294F266525,B2932971AE4D912B34A4F8E74E1156BC3ED8B638FBB1D23468DAD0F580C33E13,AFD6C069D826362F,158109
P-DIRECT-0232,physical,apk_direct,D:\magia\MyProducts\MagiaRe\Magia_CN_Project\dist\MagiaCN-r128-downloader-fix1.apk,assets/package/quest/ef_cm_yaji0.png,,,D:\magia\MyProducts\MagiaRe\Magia_CN_Project\dist\MagiaCN-r128-downloader-fix1.apk!/assets/package/quest/ef_cm_yaji0.png,assets/package/quest/ef_cm_yaji0.png,all-images/assets/package/quest/ef_cm_yaji0.png,PNG,512,256,P,1,True,95E2C28B43A7C7D86FBFCB1678C4E5F2AE9A79606956EFD8BECA5FAF0B81D3D8,E6A4A8A8C9ACD18EC43F2915686134E896DEDF5D7EEE9EBC51D1F813D1A4E680,CCCCFF333CCC8033,11842
P-DIRECT-0233,physical,apk_direct,D:\magia\MyProducts\MagiaRe\Magia_CN_Project\dist\MagiaCN-r128-downloader-fix1.apk,assets/package/quest/ef_mini_m_cutin/ef_mini_m_cutin0.png,,,D:\magia\MyProducts\MagiaRe\Magia_CN_Project\dist\MagiaCN-r128-downloader-fix1.apk!/assets/package/quest/ef_mini_m_cutin/ef_mini_m_cutin0.png,assets/package/quest/ef_mini_m_cutin/ef_mini_m_cutin0.png,all-images/assets/package/quest/ef_mini_m_cutin/ef_mini_m_cutin0.png,PNG,1024,1024,P,1,True,57ADBF82CA11CB4B48AE11221A9C84F7C8255E8CC453EF7F8545A798F75E371B,C7ED8DF378C2DFB07BBA56A3C32583CD393CA1745FFC1CD858779D2907FB097B,D72929D639D6D729,243
P-DIRECT-0234,physical,apk_direct,D:\magia\MyProducts\MagiaRe\Magia_CN_Project\dist\MagiaCN-r128-downloader-fix1.apk,assets/package/quest/ef_qb_charge/ef_qb_charge0.png,,,D:\magia\MyProducts\MagiaRe\Magia_CN_Project\dist\MagiaCN-r128-downloader-fix1.apk!/assets/package/quest/ef_qb_charge/ef_qb_charge0.png,assets/package/quest/ef_qb_charge/ef_qb_charge0.png,all-images/assets/package/quest/ef_qb_charge/ef_qb_charge0.png,PNG,512,512,P,1,True,0C5E4541EAA128FE5F7965DEA3ACBC9CD5878577AA5FEC0966ECF24F278783FF,EFAA41A3403BCCC75B72ED50F61ED9715DFDB71463E4DC69FF3B11B9D1E41AD9,D191B12E0E6F2E3D,46641
P-DIRECT-0235,physical,apk_direct,D:\magia\MyProducts\MagiaRe\Magia_CN_Project\dist\MagiaCN-r128-downloader-fix1.apk,assets/package/quest/ef_qb_connect/ef_qb_connect0.png,,,D:\magia\MyProducts\MagiaRe\Magia_CN_Project\dist\MagiaCN-r128-downloader-fix1.apk!/assets/package/quest/ef_qb_connect/ef_qb_connect0.png,assets/package/quest/ef_qb_connect/ef_qb_connect0.png,all-images/assets/package/quest/ef_qb_connect/ef_qb_connect0.png,PNG,512,512,P,1,True,F14264245CC978817F2A5C24EE2E4144B0A6BE65176BC24F995B52D8F76B8DC5,AAFD6DE0788B8799DD769E7E3E3F34624FA32AF7CA740A3D0B1E3B65FF257621,E39CF171349BC664,37434
P-DIRECT-0236,physical,apk_direct,D:\magia\MyProducts\MagiaRe\Magia_CN_Project\dist\MagiaCN-r128-downloader-fix1.apk,assets/package/quest/ef_qb_cutin/ef_qb_cutin0.png,,,D:\magia\MyProducts\MagiaRe\Magia_CN_Project\dist\MagiaCN-r128-downloader-fix1.apk!/assets/package/quest/ef_qb_cutin/ef_qb_cutin0.png,assets/package/quest/ef_qb_cutin/ef_qb_cutin0.png,all-images/assets/package/quest/ef_qb_cutin/ef_qb_cutin0.png,PNG,512,256,P,1,True,AADBD3A44C1B4C311DA16B55F2EC9C132C33832FF45FF280BABD4765BE42EBA4,CB4886443D5EE221100654E8636A32AA0C842CD879AE3596BA8755887C63E5EE,8200C0C8CF7F3F7F,3959
P-DIRECT-0237,physical,apk_direct,D:\magia\MyProducts\MagiaRe\Magia_CN_Project\dist\MagiaCN-r128-downloader-fix1.apk,assets/package/quest/ef_qb_mpup/ef_qb_mpup0.png,,,D:\magia\MyProducts\MagiaRe\Magia_CN_Project\dist\MagiaCN-r128-downloader-fix1.apk!/assets/package/quest/ef_qb_mpup/ef_qb_mpup0.png,assets/package/quest/ef_qb_mpup/ef_qb_mpup0.png,all-images/assets/package/quest/ef_qb_mpup/ef_qb_mpup0.png,PNG,512,512,P,1,True,BAD6AF1116074E28C8CAC40D39449E0A0CC9B7124A1ED7C2642D56A94E74A595,7070EC15FEEE5133A308CDBDC137C69C4131DF27E27E7293ABAFF59732909E9F,B7B7C8C848C3C73C,35776
P-DIRECT-0238,physical,apk_direct,D:\magia\MyProducts\MagiaRe\Magia_CN_Project\dist\MagiaCN-r128-downloader-fix1.apk,assets/package/quest/ef_skill_01/ef_skill_010.png,,,D:\magia\MyProducts\MagiaRe\Magia_CN_Project\dist\MagiaCN-r128-downloader-fix1.apk!/assets/package/quest/ef_skill_01/ef_skill_010.png,assets/package/quest/ef_skill_01/ef_skill_010.png,all-images/assets/package/quest/ef_skill_01/ef_skill_010.png,PNG,1024,1024,RGBA,1,True,2CD6E65DC6AD96B780A3C2F034ED84CFDEA0CC81E28730A65308048874C74AC6,B169577CA9C8032C691FAE30F9B1001DE82DB7920EB10FA55950D82214547A20,E0E0C82FBF0FCF60,202476
P-DIRECT-0239,physical,apk_direct,D:\magia\MyProducts\MagiaRe\Magia_CN_Project\dist\MagiaCN-r128-downloader-fix1.apk,assets/package/quest/game_over/game_over0.png,,,D:\magia\MyProducts\MagiaRe\Magia_CN_Project\dist\MagiaCN-r128-downloader-fix1.apk!/assets/package/quest/game_over/game_over0.png,assets/package/quest/game_over/game_over0.png,all-images/assets/package/quest/game_over/game_over0.png,PNG,2048,2048,P,1,True,95D846ADC7E8EF94DAF85C04399C9AB9FDA50C7753BBA9FAA4553654A366276A,65994BC3F72CF2AAB0B58645B27B2EA2FE7DBA5C2F0975F6FF99FAE86E5DB5E5,EE4EC6181D950EEE,1240518
P-DIRECT-0240,physical,apk_direct,D:\magia\MyProducts\MagiaRe\Magia_CN_Project\dist\MagiaCN-r128-downloader-fix1.apk,assets/package/quest/game_over/game_over1.png,,,D:\magia\MyProducts\MagiaRe\Magia_CN_Project\dist\MagiaCN-r128-downloader-fix1.apk!/assets/package/quest/game_over/game_over1.png,assets/package/quest/game_over/game_over1.png,all-images/assets/package/quest/game_over/game_over1.png,PNG,2048,1024,P,1,True,9E179EEC218DEE56F6A7F39EF29D02CBE4A4EADE40E99AFF8FC160F78DEF1F9B,F62F48CF38D114B7E141217D409076A310539689FF11BFF5EEAD47F7D3C041A2,B5B56B5612EEB418,315208
P-DIRECT-0241,physical,apk_direct,D:\magia\MyProducts\MagiaRe\Magia_CN_Project\dist\MagiaCN-r128-downloader-fix1.apk,assets/package/quest/iconStatus.png,,,D:\magia\MyProducts\MagiaRe\Magia_CN_Project\dist\MagiaCN-r128-downloader-fix1.apk!/assets/package/quest/iconStatus.png,assets/package/quest/iconStatus.png,all-images/assets/package/quest/iconStatus.png,PNG,1024,512,RGBA,1,True,6F742805F5F78AB427E18F0541BED4FEBCB4E4934C01390E5298C13C5345C9BA,C80377F7FDD52036C4A76F286644A94F3864447E96B7632320071B8C00598625,D6F020CC3FC829DF,582923
P-DIRECT-0242,physical,apk_direct,D:\magia\MyProducts\MagiaRe\Magia_CN_Project\dist\MagiaCN-r128-downloader-fix1.apk,assets/package/quest/qb_auto_settings/qb_auto_settings0.png,,,D:\magia\MyProducts\MagiaRe\Magia_CN_Project\dist\MagiaCN-r128-downloader-fix1.apk!/assets/package/quest/qb_auto_settings/qb_auto_settings0.png,assets/package/quest/qb_auto_settings/qb_auto_settings0.png,all-images/assets/package/quest/qb_auto_settings/qb_auto_settings0.png,PNG,1024,256,RGBA,1,True,F0D84E6BA3AFFA3BCC3E1053F4FAFDD6487C5EF830CEBD625BC78C7A8C6DA4E2,6B1AD843AEB1DF2BDA0B67C389BF3BCC783B3C32B3656549EFF2A382B802A326,DAD82767601F9F90,11040
P-DIRECT-0243,physical,apk_direct,D:\magia\MyProducts\MagiaRe\Magia_CN_Project\dist\MagiaCN-r128-downloader-fix1.apk,assets/package/quest/qb_continue/qb_continue.png,,,D:\magia\MyProducts\MagiaRe\Magia_CN_Project\dist\MagiaCN-r128-downloader-fix1.apk!/assets/package/quest/qb_continue/qb_continue.png,assets/package/quest/qb_continue/qb_continue.png,all-images/assets/package/quest/qb_continue/qb_continue.png,PNG,1024,512,RGBA,1,True,5C425F76417B3936B2D12B9D25F59F1710E97BCE4F6618DCE695FD7C8AC43C79,855A6E89718D1BD0335D22AD9254CF0AA5C0080536BC2DFA4B75C168CB65BC08,F5F59512524ACB8B,52320
P-DIRECT-0244,physical,apk_direct,D:\magia\MyProducts\MagiaRe\Magia_CN_Project\dist\MagiaCN-r128-downloader-fix1.apk,assets/package/quest/qb_ef_sp_combo/qb_ef_sp_combo0.png,,,D:\magia\MyProducts\MagiaRe\Magia_CN_Project\dist\MagiaCN-r128-downloader-fix1.apk!/assets/package/quest/qb_ef_sp_combo/qb_ef_sp_combo0.png,assets/package/quest/qb_ef_sp_combo/qb_ef_sp_combo0.png,all-images/assets/package/quest/qb_ef_sp_combo/qb_ef_sp_combo0.png,PNG,1024,1024,RGBA,1,True,85A944D29BC4E78123A8D3E308E91CA701C5EBF34A37831A7F4373FEAA947682,591AAF223C1CD949006E1248A5140BB27D55A75B83CF7318724CC5435AA5D370,85E5C6C2C7D3B91A,225314
P-DIRECT-0245,physical,apk_direct,D:\magia\MyProducts\MagiaRe\Magia_CN_Project\dist\MagiaCN-r128-downloader-fix1.apk,assets/package/quest/qb_ef_sp_combo/qb_ef_sp_combo1.png,,,D:\magia\MyProducts\MagiaRe\Magia_CN_Project\dist\MagiaCN-r128-downloader-fix1.apk!/assets/package/quest/qb_ef_sp_combo/qb_ef_sp_combo1.png,assets/package/quest/qb_ef_sp_combo/qb_ef_sp_combo1.png,all-images/assets/package/quest/qb_ef_sp_combo/qb_ef_sp_combo1.png,PNG,1024,1024,P,1,True,D326CCE94D107CDCB1932081DFE07B67605ED872413BE4DE0F97B3F135345A4D,BBFE83B499666BBE7BE64964FE1ECCD39C93E7D9839504EA2EA4769E02A4860B,A36A9C391E2D6D2D,181570
P-DIRECT-0246,physical,apk_direct,D:\magia\MyProducts\MagiaRe\Magia_CN_Project\dist\MagiaCN-r128-downloader-fix1.apk,assets/package/quest/qb_ef_sp_combo/qb_ef_sp_combo2.png,,,D:\magia\MyProducts\MagiaRe\Magia_CN_Project\dist\MagiaCN-r128-downloader-fix1.apk!/assets/package/quest/qb_ef_sp_combo/qb_ef_sp_combo2.png,assets/package/quest/qb_ef_sp_combo/qb_ef_sp_combo2.png,all-images/assets/package/quest/qb_ef_sp_combo/qb_ef_sp_combo2.png,PNG,512,512,P,1,True,97A2819D5C4B7392AF7BB069BEC79C6AFC3E7FA0F63B18192B412F28D6F07E9B,324706D899D10AD6E67BB4B6330AB352E1F9FAED296DFE33D86155208DC16989,8F68346DD23DCA35,60388
P-DIRECT-0247,physical,apk_direct,D:\magia\MyProducts\MagiaRe\Magia_CN_Project\dist\MagiaCN-r128-downloader-fix1.apk,assets/package/quest/qb_help/qb_help.png,,,D:\magia\MyProducts\MagiaRe\Magia_CN_Project\dist\MagiaCN-r128-downloader-fix1.apk!/assets/package/quest/qb_help/qb_help.png,assets/package/quest/qb_help/qb_help.png,all-images/assets/package/quest/qb_help/qb_help.png,PNG,2048,1024,P,1,True,BE54C2936E608C0E4B7987875325EA8BD177F644219707808535C03DA0ABFA0B,221FCFFD1F8B4E03E1AC65AFE4C531381260C1C77480C9022B187F7ED1EE1E7A,F1859F71606EC596,173462
P-DIRECT-0248,physical,apk_direct,D:\magia\MyProducts\MagiaRe\Magia_CN_Project\dist\MagiaCN-r128-downloader-fix1.apk,assets/package/quest/qb_menu_top/qb_menu_top0.png,,,D:\magia\MyProducts\MagiaRe\Magia_CN_Project\dist\MagiaCN-r128-downloader-fix1.apk!/assets/package/quest/qb_menu_top/qb_menu_top0.png,assets/package/quest/qb_menu_top/qb_menu_top0.png,all-images/assets/package/quest/qb_menu_top/qb_menu_top0.png,PNG,1024,1024,RGBA,1,True,28E7FBC842ACECCA50AB17B146CAEDB7434583867FDAC490A50FD7A09AC127FD,DDBCC0C305AA9A4C7AD1DFDE202223B202DE1576165ACEBC819E0BCA3CCB4C94,F5919DCE0E686A0F,104926
P-DIRECT-0249,physical,apk_direct,D:\magia\MyProducts\MagiaRe\Magia_CN_Project\dist\MagiaCN-r128-downloader-fix1.apk,assets/package/quest/qb_menu_top/qb_menu_top_00.png,,,D:\magia\MyProducts\MagiaRe\Magia_CN_Project\dist\MagiaCN-r128-downloader-fix1.apk!/assets/package/quest/qb_menu_top/qb_menu_top_00.png,assets/package/quest/qb_menu_top/qb_menu_top_00.png,all-images/assets/package/quest/qb_menu_top/qb_menu_top_00.png,PNG,650,361,P,1,True,FBEF894AF5726310B2EB33B32DF130957BD61DC88EC0F9CE6430C6E41239A7CE,F30D48A5E3290648F15306A5084E0C03C3D1A5BAD6380057E24B7576FF6691A5,D5D515555557403F,2689
P-DIRECT-0250,physical,apk_direct,D:\magia\MyProducts\MagiaRe\Magia_CN_Project\dist\MagiaCN-r128-downloader-fix1.apk,assets/package/quest/qb_number/qb_number0.png,,,D:\magia\MyProducts\MagiaRe\Magia_CN_Project\dist\MagiaCN-r128-downloader-fix1.apk!/assets/package/quest/qb_number/qb_number0.png,assets/package/quest/qb_number/qb_number0.png,all-images/assets/package/quest/qb_number/qb_number0.png,PNG,1024,1024,RGBA,1,True,84D8E34E95282DC4571D4231879DA67A1B368BC86E983C19E65845C5E5F0C955,9365B449865F98D57B79E67762978F16F2740CDE9F4B01572D9E65C895CB77CB,D99B1B0F646464FC,425205
P-DIRECT-0251,physical,apk_direct,D:\magia\MyProducts\MagiaRe\Magia_CN_Project\dist\MagiaCN-r128-downloader-fix1.apk,assets/package/quest/qb_result/qb_result0.png,,,D:\magia\MyProducts\MagiaRe\Magia_CN_Project\dist\MagiaCN-r128-downloader-fix1.apk!/assets/package/quest/qb_result/qb_result0.png,assets/package/quest/qb_result/qb_result0.png,all-images/assets/package/quest/qb_result/qb_result0.png,PNG,16,16,LA,1,True,722F653BDF955E406402D5C5AB5DB74290E2F9F60EB7F61148A626FC3F8CBF36,5A85B0DCF887CA88D56DF8E3FFE49C616F8E7B327D13761D2F38417B1C6B000A,B636C9C936C9C936,78
P-DIRECT-0252,physical,apk_direct,D:\magia\MyProducts\MagiaRe\Magia_CN_Project\dist\MagiaCN-r128-downloader-fix1.apk,assets/package/quest/quest_image0.png,,,D:\magia\MyProducts\MagiaRe\Magia_CN_Project\dist\MagiaCN-r128-downloader-fix1.apk!/assets/package/quest/quest_image0.png,assets/package/quest/quest_image0.png,all-images/assets/package/quest/quest_image0.png,PNG,2048,1024,RGBA,1,True,80E2C6D2FBB66094266B0225D2ACB0CF17AEC6384CCEC77FC7646B6FF806F91D,EE17BB1632978DB19572D105421852171BB8A29F032BF68D8BF9319351EFDBFD,DF1373CC1DB89891,419980
P-DIRECT-0253,physical,apk_direct,D:\magia\MyProducts\MagiaRe\Magia_CN_Project\dist\MagiaCN-r128-downloader-fix1.apk,assets/package/quest/tool/sv_button00.png,,,D:\magia\MyProducts\MagiaRe\Magia_CN_Project\dist\MagiaCN-r128-downloader-fix1.apk!/assets/package/quest/tool/sv_button00.png,assets/package/quest/tool/sv_button00.png,all-images/assets/package/quest/tool/sv_button00.png,PNG,76,33,RGBA,1,True,367B4D8C06CE03EDFA21CD8E856E03EEF0C9AFB38A892E9291FAC29BAF701362,D73FD6F95AF1E64705BD37FDE080E9FBA6882A53CF272AEDD8473B3DCEF76892,C5C11ACA6F6A4B2F,2476
P-DIRECT-0254,physical,apk_direct,D:\magia\MyProducts\MagiaRe\Magia_CN_Project\dist\MagiaCN-r128-downloader-fix1.apk,assets/package/quest/tool/sv_button01.png,,,D:\magia\MyProducts\MagiaRe\Magia_CN_Project\dist\MagiaCN-r128-downloader-fix1.apk!/assets/package/quest/tool/sv_button01.png,assets/package/quest/tool/sv_button01.png,all-images/assets/package/quest/tool/sv_button01.png,PNG,76,33,RGBA,1,True,4C5FF93FFD74AE9C01EA8D9EEDEC8853F916669D1B0989DD3C73A9AE7C88FE6A,987B6BDFADBDC8C22896E3814CBDEAF4504E60EE538A7748F2D5F0E98D7CA716,C4C4594B766B6C6E,2238
P-DIRECT-0255,physical,apk_direct,D:\magia\MyProducts\MagiaRe\Magia_CN_Project\dist\MagiaCN-r128-downloader-fix1.apk,assets/package/quest/tool/sv_button02.png,,,D:\magia\MyProducts\MagiaRe\Magia_CN_Project\dist\MagiaCN-r128-downloader-fix1.apk!/assets/package/quest/tool/sv_button02.png,assets/package/quest/tool/sv_button02.png,all-images/assets/package/quest/tool/sv_button02.png,PNG,76,33,RGBA,1,True,42F6B300EDA850A19DADEF0E23261F7C304E5B670C47B6D7111897B1A7945045,86F22712C0C075125F35B22D29DDD358C4BD0405F72DA6912D705415F9BCBF8D,D5C05D4A666A793B,2243
P-DIRECT-0256,physical,apk_direct,D:\magia\MyProducts\MagiaRe\Magia_CN_Project\dist\MagiaCN-r128-downloader-fix1.apk,assets/package/quest/tool/sv_button03.png,,,D:\magia\MyProducts\MagiaRe\Magia_CN_Project\dist\MagiaCN-r128-downloader-fix1.apk!/assets/package/quest/tool/sv_button03.png,assets/package/quest/tool/sv_button03.png,all-images/assets/package/quest/tool/sv_button03.png,PNG,76,33,RGBA,1,True,26CEB17254CF0FA2AB897D9BC1007A44FF814318ECBF69E84D10467B93E5123B,CF9DBA32B4848F3F23E8110E847E74FC0D42653E9FDAAD23C6969C567053D426,94C04FCA6B6B7A3A,2478
P-DIRECT-0257,physical,apk_direct,D:\magia\MyProducts\MagiaRe\Magia_CN_Project\dist\MagiaCN-r128-downloader-fix1.apk,assets/package/quest/tool/sv_button04.png,,,D:\magia\MyProducts\MagiaRe\Magia_CN_Project\dist\MagiaCN-r128-downloader-fix1.apk!/assets/package/quest/tool/sv_button04.png,assets/package/quest/tool/sv_button04.png,all-images/assets/package/quest/tool/sv_button04.png,PNG,50,50,P,1,True,B7427F85BCE66ADD8870B8DAC4F1A6FBD1B0FB018963EBD4FA18AFE2E8D7C5BC,5F7392995FE878A91CEC1B7D01F5255AE22E6B8CEBE6D0039F70AA9B71753F9C,EF0AEB1AE81EA03E,170
P-DIRECT-0258,physical,apk_direct,D:\magia\MyProducts\MagiaRe\Magia_CN_Project\dist\MagiaCN-r128-downloader-fix1.apk,assets/package/quest/tool/sv_plate00.png,,,D:\magia\MyProducts\MagiaRe\Magia_CN_Project\dist\MagiaCN-r128-downloader-fix1.apk!/assets/package/quest/tool/sv_plate00.png,assets/package/quest/tool/sv_plate00.png,all-images/assets/package/quest/tool/sv_plate00.png,PNG,358,48,P,1,True,0A926079A154A720E621D4857CDB6BC147D08E3E6DF45F12FE4C606B701C6248,94F12B43D6F4E48E175BC6E9743CA9EB34F8449E1710B4BBDFC0B2A07ADB518B,D57F00D555D55585,743
P-DIRECT-0259,physical,apk_direct,D:\magia\MyProducts\MagiaRe\Magia_CN_Project\dist\MagiaCN-r128-downloader-fix1.apk,assets/package/quest/tool/sv_plate01.png,,,D:\magia\MyProducts\MagiaRe\Magia_CN_Project\dist\MagiaCN-r128-downloader-fix1.apk!/assets/package/quest/tool/sv_plate01.png,assets/package/quest/tool/sv_plate01.png,all-images/assets/package/quest/tool/sv_plate01.png,PNG,358,49,P,1,True,45C6D78A0D199F16C97D7EFA6DA90C61195343BCADE94A92923A20A988E29DEB,76269429189400360063254E36F3861020DA84A4B39E9AB479D8F77B4AB1B08C,D47B3BD511D551D5,736
P-DIRECT-0260,physical,apk_direct,D:\magia\MyProducts\MagiaRe\Magia_CN_Project\dist\MagiaCN-r128-downloader-fix1.apk,assets/package/quest/treasure_box/treasure_box0.png,,,D:\magia\MyProducts\MagiaRe\Magia_CN_Project\dist\MagiaCN-r128-downloader-fix1.apk!/assets/package/quest/treasure_box/treasure_box0.png,assets/package/quest/treasure_box/treasure_box0.png,all-images/assets/package/quest/treasure_box/treasure_box0.png,PNG,256,256,RGBA,1,True,50C1DC7292CEB4C75750D50CACEDAE04BBB1B1DED1E1821C98690B68E00CA7B5,1E1C43AE793CDBFE73FCF2B9336AE605820669F4C2DFF7DB3202600BBC76D32F,D1D16D65D01E1F66,31669
P-DIRECT-0261,physical,apk_direct,D:\magia\MyProducts\MagiaRe\Magia_CN_Project\dist\MagiaCN-r128-downloader-fix1.apk,assets/package/quest/ui_button_disk/ui_button_disk0.png,,,D:\magia\MyProducts\MagiaRe\Magia_CN_Project\dist\MagiaCN-r128-downloader-fix1.apk!/assets/package/quest/ui_button_disk/ui_button_disk0.png,assets/package/quest/ui_button_disk/ui_button_disk0.png,all-images/assets/package/quest/ui_button_disk/ui_button_disk0.png,PNG,512,256,RGBA,1,True,79D771280C44FF367AA2D3E35BA6FE03B1CA9C8C343FAF5CC231AAC50CA14357,D9764E6A5E0F40FB98C6BA6485EE5D67E8FA0301F09DB9A92916C04062BC4A2D,D4D43B2B2B6C332B,47549
P-DIRECT-0262,physical,apk_direct,D:\magia\MyProducts\MagiaRe\Magia_CN_Project\dist\MagiaCN-r128-downloader-fix1.apk,assets/package/quest/ui_button_magia/ui_button_magia0.png,,,D:\magia\MyProducts\MagiaRe\Magia_CN_Project\dist\MagiaCN-r128-downloader-fix1.apk!/assets/package/quest/ui_button_magia/ui_button_magia0.png,assets/package/quest/ui_button_magia/ui_button_magia0.png,all-images/assets/package/quest/ui_button_magia/ui_button_magia0.png,PNG,512,256,P,1,True,1007123B1C0AEDBEEB24784D2410EC5C5DEC15FB3327EDFF0E142FA4F7BECC5F,B3B929D6A642E0CD791D89B117D068C8E2B50D203F6FB456EB3BBEE79EDF6938,DAD224252D2D79ED,21820
P-DIRECT-0263,physical,apk_direct,D:\magia\MyProducts\MagiaRe\Magia_CN_Project\dist\MagiaCN-r128-downloader-fix1.apk,assets/package/quest/ui_connect_bg.png,,,D:\magia\MyProducts\MagiaRe\Magia_CN_Project\dist\MagiaCN-r128-downloader-fix1.apk!/assets/package/quest/ui_connect_bg.png,assets/package/quest/ui_connect_bg.png,all-images/assets/package/quest/ui_connect_bg.png,PNG,364,162,P,1,True,779CF81115D7DB0A2AD1004020A201FAB1FA856C799F8838F9216A29EF0E67F8,716D0FF47E5BE0629A7332645305EF6E38940EA33BE1E427007443CA68211504,B53735C941C9417F,2910
P-DIRECT-0264,physical,apk_direct,D:\magia\MyProducts\MagiaRe\Magia_CN_Project\dist\MagiaCN-r128-downloader-fix1.apk,assets/package/quest/ui_replaybattle/ui_replaybattle0.png,,,D:\magia\MyProducts\MagiaRe\Magia_CN_Project\dist\MagiaCN-r128-downloader-fix1.apk!/assets/package/quest/ui_replaybattle/ui_replaybattle0.png,assets/package/quest/ui_replaybattle/ui_replaybattle0.png,all-images/assets/package/quest/ui_replaybattle/ui_replaybattle0.png,PNG,2048,128,P,1,True,58F399283476691EA0C5416945697861B9ACC88227AA5DB069025301B6D34468,9CADA1E8F4EC0C56D5B1877DD2D7EEAA065C85F2CFA25367D977F2C0BBEE5775,EDE5929A2C0D931F,16543
P-DIRECT-0265,physical,apk_direct,D:\magia\MyProducts\MagiaRe\Magia_CN_Project\dist\MagiaCN-r128-downloader-fix1.apk,assets/package/quest/ui_skill_ct/ui_skill_ct0.png,,,D:\magia\MyProducts\MagiaRe\Magia_CN_Project\dist\MagiaCN-r128-downloader-fix1.apk!/assets/package/quest/ui_skill_ct/ui_skill_ct0.png,assets/package/quest/ui_skill_ct/ui_skill_ct0.png,all-images/assets/package/quest/ui_skill_ct/ui_skill_ct0.png,PNG,256,128,RGBA,1,True,F72243F448FFA6722D1A98C178028099F6C6459C1623F080C505161DE70D82A9,4750E2EA2279CAE8A6F8CAA055496DCB809E5418F902233820B530EADDED228F,E0E01C18333F3B7F,7589
P-DIRECT-0266,physical,apk_direct,D:\magia\MyProducts\MagiaRe\Magia_CN_Project\dist\MagiaCN-r128-downloader-fix1.apk,assets/package/quest/z_mark0.png,,,D:\magia\MyProducts\MagiaRe\Magia_CN_Project\dist\MagiaCN-r128-downloader-fix1.apk!/assets/package/quest/z_mark0.png,assets/package/quest/z_mark0.png,all-images/assets/package/quest/z_mark0.png,PNG,256,256,RGBA,1,True,01769BBEBDE071C5FD1B0F9A22E71E246628D0F6D54A7EE3876B13A08C63179A,C09A84DED06B98158EF71DD48F6239C5AAD44D641F591EACF9F45A8C50F92862,9292DF6C6C6CE01F,24663
P-DIRECT-0267,physical,apk_direct,D:\magia\MyProducts\MagiaRe\Magia_CN_Project\dist\MagiaCN-r128-downloader-fix1.apk,assets/package/spacer/spacer_bottom.jpg,,,D:\magia\MyProducts\MagiaRe\Magia_CN_Project\dist\MagiaCN-r128-downloader-fix1.apk!/assets/package/spacer/spacer_bottom.jpg,assets/package/spacer/spacer_bottom.jpg,all-images/assets/package/spacer/spacer_bottom.jpg,JPEG,1024,35,RGB,1,False,34ECCFD691C540DD6A6032182568B4A40442E4B5FC27CF2326A7672A31A22E5C,FE82FBDFBAC9DFFED914E0194668DD54023ECF37AA24FC09703F3336D6E82A21,D629D6293929D6D6,2956
P-DIRECT-0268,physical,apk_direct,D:\magia\MyProducts\MagiaRe\Magia_CN_Project\dist\MagiaCN-r128-downloader-fix1.apk,assets/package/spacer/spacer_left.jpg,,,D:\magia\MyProducts\MagiaRe\Magia_CN_Project\dist\MagiaCN-r128-downloader-fix1.apk!/assets/package/spacer/spacer_left.jpg,assets/package/spacer/spacer_left.jpg,all-images/assets/package/spacer/spacer_left.jpg,JPEG,149,611,RGB,1,False,F7DD28A309210AB4E536A8A062411EE7CB75EA0579D07A5E5D75055C814065DA,4D7BE75AED03840C69ED500C27D680E6FE39453D0C8A8E6F159015FFE7BD656A,C545FB7AEC4D4454,41119
P-DIRECT-0269,physical,apk_direct,D:\magia\MyProducts\MagiaRe\Magia_CN_Project\dist\MagiaCN-r128-downloader-fix1.apk,assets/package/spacer/spacer_right.jpg,,,D:\magia\MyProducts\MagiaRe\Magia_CN_Project\dist\MagiaCN-r128-downloader-fix1.apk!/assets/package/spacer/spacer_right.jpg,assets/package/spacer/spacer_right.jpg,all-images/assets/package/spacer/spacer_right.jpg,JPEG,149,611,RGB,1,False,547B9A0F609B416B029770EAF67C4F150B5A1C0BC930717BD5997A50BCE0E558,36179D0ECD24B1F141962B523B74F6BEC5713C79061011709ED555E46992CEFF,C545FB7AEC4D4454,41228
P-DIRECT-0270,physical,apk_direct,D:\magia\MyProducts\MagiaRe\Magia_CN_Project\dist\MagiaCN-r128-downloader-fix1.apk,assets/package/startup/logo01.png,,,D:\magia\MyProducts\MagiaRe\Magia_CN_Project\dist\MagiaCN-r128-downloader-fix1.apk!/assets/package/startup/logo01.png,assets/package/startup/logo01.png,all-images/assets/package/startup/logo01.png,PNG,1024,768,RGB,1,False,C4BEAD50AB43231129633340B47DBA065E8905C913FB1F1853F77CDDCB10DC46,E128AFA6ABCB52C498DA7207037A0BD13F0CA54973607E5F80AAB6B19BFA3B9C,B1C3CE3C31C3CE3C,11594
P-DIRECT-0271,physical,apk_direct,D:\magia\MyProducts\MagiaRe\Magia_CN_Project\dist\MagiaCN-r128-downloader-fix1.apk,assets/package/startup/logo02.png,,,D:\magia\MyProducts\MagiaRe\Magia_CN_Project\dist\MagiaCN-r128-downloader-fix1.apk!/assets/package/startup/logo02.png,assets/package/startup/logo02.png,all-images/assets/package/startup/logo02.png,PNG,1024,768,P,1,False,C5A48B6B30A96927644CE760DD1F44F4BF9DF35577985C25645517547FB263B7,27180F09C3AB0A9694F4E03A1AA581EAFD337E14C947BB8C0E3EE89E369B7493,E969969669699E92,3976
P-DIRECT-0272,physical,apk_direct,D:\magia\MyProducts\MagiaRe\Magia_CN_Project\dist\MagiaCN-r128-downloader-fix1.apk,assets/package/story/blackFrame.png,,,D:\magia\MyProducts\MagiaRe\Magia_CN_Project\dist\MagiaCN-r128-downloader-fix1.apk!/assets/package/story/blackFrame.png,assets/package/story/blackFrame.png,all-images/assets/package/story/blackFrame.png,PNG,1024,576,P,1,True,F30101EC64E0B096BC9E021C6E5D31692DBD1C7237B293416294F5C0F41E55CB,80F9DF36CD44689D245F52A65D79E4D7A4094CA4ABAB1149A1590D789A19F862,85524FBA4F332A37,34231
P-DIRECT-0273,physical,apk_direct,D:\magia\MyProducts\MagiaRe\Magia_CN_Project\dist\MagiaCN-r128-downloader-fix1.apk,assets/package/story/ef_adv_tap/ef_adv_tap0.png,,,D:\magia\MyProducts\MagiaRe\Magia_CN_Project\dist\MagiaCN-r128-downloader-fix1.apk!/assets/package/story/ef_adv_tap/ef_adv_tap0.png,assets/package/story/ef_adv_tap/ef_adv_tap0.png,all-images/assets/package/story/ef_adv_tap/ef_adv_tap0.png,PNG,256,128,RGBA,1,True,89B8CD5EDC6ACBA7A6FC3C815E0CE1B574DFD113BAED06B29D222C018B4209B4,73CCF185A66710F06770969262E36F7CD69E9023EC22CCA1C779B522BF29A0D9,E0661F99D9992766,6452
P-DIRECT-0274,physical,apk_direct,D:\magia\MyProducts\MagiaRe\Magia_CN_Project\dist\MagiaCN-r128-downloader-fix1.apk,assets/package/story/narration.png,,,D:\magia\MyProducts\MagiaRe\Magia_CN_Project\dist\MagiaCN-r128-downloader-fix1.apk!/assets/package/story/narration.png,assets/package/story/narration.png,all-images/assets/package/story/narration.png,PNG,1024,768,P,1,True,299CCA509C198D9ECCCAA42BD32F6536BC0FDD3B866192C9DF3C63113AA55EC3,18BDAB5CE370BE8A95B417F0B79E71939B1DF2C54130F9DBF97D0B877486DF1C,C0CD2F373C793439,104338
P-DIRECT-0275,physical,apk_direct,D:\magia\MyProducts\MagiaRe\Magia_CN_Project\dist\MagiaCN-r128-downloader-fix1.apk,assets/package/story/sepiaFrame.png,,,D:\magia\MyProducts\MagiaRe\Magia_CN_Project\dist\MagiaCN-r128-downloader-fix1.apk!/assets/package/story/sepiaFrame.png,assets/package/story/sepiaFrame.png,all-images/assets/package/story/sepiaFrame.png,PNG,1024,576,P,1,True,E9341719EC0354D6581A744E4C3BABD6732E9C5D62896027D61767071D28DE57,1A53DDBAFB3C8683FD980013EF12A4E94144347F625F256209CB1551CDDDA833,85124F7A1FBA2E39,147876
P-DIRECT-0276,physical,apk_direct,D:\magia\MyProducts\MagiaRe\Magia_CN_Project\dist\MagiaCN-r128-downloader-fix1.apk,assets/package/story/story_ui_sprites00.png,,,D:\magia\MyProducts\MagiaRe\Magia_CN_Project\dist\MagiaCN-r128-downloader-fix1.apk!/assets/package/story/story_ui_sprites00.png,assets/package/story/story_ui_sprites00.png,all-images/assets/package/story/story_ui_sprites00.png,PNG,2048,2048,RGBA,1,True,0C6D0AE9C3E6823157718E5B32745B974DA0BF1FFA6699C7116651AECA50606B,0D8B20E7EB8DCD1B4F54AFDD48DF86ED64AB5BE77D256533FCD163C75FF1944D,F0D61CE127E0DC9E,151493
P-DIRECT-0277,physical,apk_direct,D:\magia\MyProducts\MagiaRe\Magia_CN_Project\dist\MagiaCN-r128-downloader-fix1.apk,assets/package/tap/ef_tap0.png,,,D:\magia\MyProducts\MagiaRe\Magia_CN_Project\dist\MagiaCN-r128-downloader-fix1.apk!/assets/package/tap/ef_tap0.png,assets/package/tap/ef_tap0.png,all-images/assets/package/tap/ef_tap0.png,PNG,512,256,P,1,True,EDE24A611B16534E27A349951A6808E2863E1227DBF650E40AA9FDA7DA9925A8,EE0D0ED10F7AEDCB57540EE69CFBB166A3A67511E58854959F63EEBDF4B9B4DF,93938E6C6C6C3F0D,7709
P-DIRECT-0278,physical,apk_direct,D:\magia\MyProducts\MagiaRe\Magia_CN_Project\dist\MagiaCN-r128-downloader-fix1.apk,assets/package/top/toppage_bg_020.png,,,D:\magia\MyProducts\MagiaRe\Magia_CN_Project\dist\MagiaCN-r128-downloader-fix1.apk!/assets/package/top/toppage_bg_020.png,assets/package/top/toppage_bg_020.png,all-images/assets/package/top/toppage_bg_020.png,PNG,1920,2048,RGBA,1,True,F2A0DE4B5E54F48171BA1EEE14EC8076239B96D5351B2526FC0C803407D9DEAE,F53141E33053568BD692A690AF12D25FED51F254AA8B880C33200B0723F7112E,B626C2FDC26836CE,770032
P-DIRECT-0279,physical,apk_direct,D:\magia\MyProducts\MagiaRe\Magia_CN_Project\dist\MagiaCN-r128-downloader-fix1.apk,assets/package/top/toppage_bg_021.png,,,D:\magia\MyProducts\MagiaRe\Magia_CN_Project\dist\MagiaCN-r128-downloader-fix1.apk!/assets/package/top/toppage_bg_021.png,assets/package/top/toppage_bg_021.png,all-images/assets/package/top/toppage_bg_021.png,PNG,1024,1024,P,1,True,66AE3BA8E3AF4D03E7B068E7EB8FFA81E264EEFFAE63550D28D615C701A312B2,22F703900634751933318FBD9051392794DED54E76F45F186B3B45C021F1EE89,C8CB27243F33C9CD,92152
P-DIRECT-0280,physical,apk_direct,D:\magia\MyProducts\MagiaRe\Magia_CN_Project\dist\MagiaCN-r128-downloader-fix1.apk,assets/package/web/formation/magicsq_preview.png,,,D:\magia\MyProducts\MagiaRe\Magia_CN_Project\dist\MagiaCN-r128-downloader-fix1.apk!/assets/package/web/formation/magicsq_preview.png,assets/package/web/formation/magicsq_preview.png,all-images/assets/package/web/formation/magicsq_preview.png,PNG,1024,256,P,1,True,A0C4E495321634FF9A4B01F95BAE3DBAD542D04DC5EC5A29AF01A37D39E821BE,86DD169F37BCAEEC7FA70CDC759088FB20025D42212836A53484D38CA49C1099,D0F63B9A121B6C3B,31292
P-DIRECT-0281,physical,apk_direct,D:\magia\MyProducts\MagiaRe\Magia_CN_Project\dist\MagiaCN-r128-downloader-fix1.apk,assets/package/web/web_0019/web_00190.png,,,D:\magia\MyProducts\MagiaRe\Magia_CN_Project\dist\MagiaCN-r128-downloader-fix1.apk!/assets/package/web/web_0019/web_00190.png,assets/package/web/web_0019/web_00190.png,all-images/assets/package/web/web_0019/web_00190.png,PNG,512,512,P,1,True,097B437F48E13402CA3ED4604FBE3916D8558F3707FBAB058026695E70576691,2116DFC04AD0FBD302B47BF186A8B300C1A6CA1ADD91A11CD82DFA7C98C3D879,C83337DC07C73DC4,19467
P-DIRECT-0282,physical,apk_direct,D:\magia\MyProducts\MagiaRe\Magia_CN_Project\dist\MagiaCN-r128-downloader-fix1.apk,assets/package/web/web_ef_magia_lvup/web_ef_magia_lvup0.png,,,D:\magia\MyProducts\MagiaRe\Magia_CN_Project\dist\MagiaCN-r128-downloader-fix1.apk!/assets/package/web/web_ef_magia_lvup/web_ef_magia_lvup0.png,assets/package/web/web_ef_magia_lvup/web_ef_magia_lvup0.png,all-images/assets/package/web/web_ef_magia_lvup/web_ef_magia_lvup0.png,PNG,512,512,P,1,True,810169B173B3EA57A26FED362895E7CEBBC9723F93F688C23B436F265394355F,82DED661A390DADA450273E0F79CF0D9D2B80AF119893518BEDBD81D9BC48C0D,C2C29B1F1B139F9C,39224
P-DIRECT-0283,physical,apk_direct,D:\magia\MyProducts\MagiaRe\Magia_CN_Project\dist\MagiaCN-r128-downloader-fix1.apk,assets/package/web/web_ef_memoria_bg/web_ef_memoria_bg0.png,,,D:\magia\MyProducts\MagiaRe\Magia_CN_Project\dist\MagiaCN-r128-downloader-fix1.apk!/assets/package/web/web_ef_memoria_bg/web_ef_memoria_bg0.png,assets/package/web/web_ef_memoria_bg/web_ef_memoria_bg0.png,all-images/assets/package/web/web_ef_memoria_bg/web_ef_memoria_bg0.png,PNG,2048,1024,P,1,True,F9FC43623CFB51B8611AE8BFD5873173AD51205056CF5147E287FB99FCE3588D,3D335E6D0D1A7D82D22CEA30687065B5E2F4FBE62A0CBDBDD68EC3C429CA7F88,C6C868E439EE394F,244230
P-DIRECT-0284,physical,apk_direct,D:\magia\MyProducts\MagiaRe\Magia_CN_Project\dist\MagiaCN-r128-downloader-fix1.apk,assets/package/web/web_ef_strengthening/web_ef_strengthening0.png,,,D:\magia\MyProducts\MagiaRe\Magia_CN_Project\dist\MagiaCN-r128-downloader-fix1.apk!/assets/package/web/web_ef_strengthening/web_ef_strengthening0.png,assets/package/web/web_ef_strengthening/web_ef_strengthening0.png,all-images/assets/package/web/web_ef_strengthening/web_ef_strengthening0.png,PNG,512,512,RGBA,1,True,34C2F9A65185D437A28E1E213AAEB193FB07A29D5B79D771E67EA1F73D91A211,2B8435673640227FF6BE999CC7DC449C8CE2850F8B8199ED63EA8127EBFCA588,D2C22D3D3F136C6C,109126
P-DIRECT-0285,physical,apk_direct,D:\magia\MyProducts\MagiaRe\Magia_CN_Project\dist\MagiaCN-r128-downloader-fix1.apk,assets/package/web/web_ef_unit_marker/web_ef_unit_marker0.png,,,D:\magia\MyProducts\MagiaRe\Magia_CN_Project\dist\MagiaCN-r128-downloader-fix1.apk!/assets/package/web/web_ef_unit_marker/web_ef_unit_marker0.png,assets/package/web/web_ef_unit_marker/web_ef_unit_marker0.png,all-images/assets/package/web/web_ef_unit_marker/web_ef_unit_marker0.png,PNG,1024,1024,P,1,True,AD2EAD471FA734D55080AC81BE6D198370B4E4DCB363AE13EAF489F3DF4EB49F,A20634E619B5293E2FB7C5B505F35ACDA3B45E14711CCE73C4CDB1929BDEDDE2,CCCC8ECC1F333333,101429
P-DIRECT-0286,physical,apk_direct,D:\magia\MyProducts\MagiaRe\Magia_CN_Project\dist\MagiaCN-r128-downloader-fix1.apk,assets/package/window/common_btn0.png,,,D:\magia\MyProducts\MagiaRe\Magia_CN_Project\dist\MagiaCN-r128-downloader-fix1.apk!/assets/package/window/common_btn0.png,assets/package/window/common_btn0.png,all-images/assets/package/window/common_btn0.png,PNG,512,512,RGBA,1,True,537095F0B6A15B247A6CF2DD134792086DE3F1AE72245A03709458D50C8132BE,37D6523A630A416960A5CD744E8E420CCE883E940E58E1A634B33D80D904B76F,D19D65D0D6AD9896,55089
P-DIRECT-0287,physical,apk_direct,D:\magia\MyProducts\MagiaRe\Magia_CN_Project\dist\MagiaCN-r128-downloader-fix1.apk,assets/package/window/popup_bg00.png,,,D:\magia\MyProducts\MagiaRe\Magia_CN_Project\dist\MagiaCN-r128-downloader-fix1.apk!/assets/package/window/popup_bg00.png,assets/package/window/popup_bg00.png,all-images/assets/package/window/popup_bg00.png,PNG,1024,1024,P,1,True,24FE18B48AC38D27F8748B3146B5AC87149E7E67474D23C92E5766000DA3A837,0E1097DBB1E0D6916E606A3A50675EAD3576ED53800B2E0613E780DD40D8EDBB,D2D293396D6D0F13,7611
P-DIRECT-0288,physical,apk_direct,D:\magia\MyProducts\MagiaRe\Magia_CN_Project\dist\MagiaCN-r128-downloader-fix1.apk,assets/resource/image_native/art/icon_skill_0000.png,,,D:\magia\MyProducts\MagiaRe\Magia_CN_Project\dist\MagiaCN-r128-downloader-fix1.apk!/assets/resource/image_native/art/icon_skill_0000.png,assets/resource/image_native/art/icon_skill_0000.png,all-images/assets/resource/image_native/art/icon_skill_0000.png,PNG,98,99,P,1,True,F4999B68271C80422CE7A3528B865AFF838A7F2645222AE7CC58D8DBB5979239,FDEF062CC8EAE63C01E3CB15F168DD30241FB7F36866351CE2DD5B0C6F2CEA8F,E951C53B9E6C3C64,2072
P-DIRECT-0289,physical,apk_direct,D:\magia\MyProducts\MagiaRe\Magia_CN_Project\dist\MagiaCN-r128-downloader-fix1.apk,assets/resource/image_native/art/icon_skill_xxxx.png,,,D:\magia\MyProducts\MagiaRe\Magia_CN_Project\dist\MagiaCN-r128-downloader-fix1.apk!/assets/resource/image_native/art/icon_skill_xxxx.png,assets/resource/image_native/art/icon_skill_xxxx.png,all-images/assets/resource/image_native/art/icon_skill_xxxx.png,PNG,98,99,P,1,True,C9BB0E8B4AEC79FC2190111E5C2531046F7C7AF2310500C18F1DAA5B4816BF81,36FB1A603EABE1A36B254171DE97C93DB0700F8441912B3901BAD19D739D61D8,EFECB093C13896C6,959
P-DIRECT-0290,physical,apk_direct,D:\magia\MyProducts\MagiaRe\Magia_CN_Project\dist\MagiaCN-r128-downloader-fix1.apk,assets/resource/image_native/bg/quest/bg_quest_xxxxx.png,,,D:\magia\MyProducts\MagiaRe\Magia_CN_Project\dist\MagiaCN-r128-downloader-fix1.apk!/assets/resource/image_native/bg/quest/bg_quest_xxxxx.png,assets/resource/image_native/bg/quest/bg_quest_xxxxx.png,all-images/assets/resource/image_native/bg/quest/bg_quest_xxxxx.png,PNG,2048,2048,P,1,True,9AC61E26A523452E7454717E83262D8E181A71041552F5059D07E0A3F0D85444,751B946CD2D496EDD1269927F62184D17540C7E566482469A95534A83DBD5B69,CC4587645DD722BB,449975
P-DIRECT-0291,physical,apk_direct,D:\magia\MyProducts\MagiaRe\Magia_CN_Project\dist\MagiaCN-r128-downloader-fix1.apk,assets/resource/image_native/bg/story/bg_adv_xxxxx.jpg,,,D:\magia\MyProducts\MagiaRe\Magia_CN_Project\dist\MagiaCN-r128-downloader-fix1.apk!/assets/resource/image_native/bg/story/bg_adv_xxxxx.jpg,assets/resource/image_native/bg/story/bg_adv_xxxxx.jpg,all-images/assets/resource/image_native/bg/story/bg_adv_xxxxx.jpg,JPEG,1024,768,RGB,1,False,6B046FBCA2CEB144BA57DB4EBD452CE4EDAD612952EC78B2F17C01682C45A41F,5ECDD77AF88DDB756DE29284A482E06CB1BA4E7853882F1411878A6E6111D9C1,B4E27F2437982D8B,171608
P-DIRECT-0292,physical,apk_direct,D:\magia\MyProducts\MagiaRe\Magia_CN_Project\dist\MagiaCN-r128-downloader-fix1.apk,assets/resource/image_native/bg/web/web_black.jpg,,,D:\magia\MyProducts\MagiaRe\Magia_CN_Project\dist\MagiaCN-r128-downloader-fix1.apk!/assets/resource/image_native/bg/web/web_black.jpg,assets/resource/image_native/bg/web/web_black.jpg,all-images/assets/resource/image_native/bg/web/web_black.jpg,JPEG,1024,768,RGB,1,False,BA41F8D7D3D18A8DE1BF68EE7A6E554D228523C1112E26297765E3AA6112524C,75A5A026F5E7C91B26BB9EDA60DB6CCDD47F5F20FE91C10EC82C6C591045D28A,FFFFFFFFFFFFFFFF,4949
P-DIRECT-0293,physical,apk_direct,D:\magia\MyProducts\MagiaRe\Magia_CN_Project\dist\MagiaCN-r128-downloader-fix1.apk,assets/resource/image_native/bg/web/web_common0.png,,,D:\magia\MyProducts\MagiaRe\Magia_CN_Project\dist\MagiaCN-r128-downloader-fix1.apk!/assets/resource/image_native/bg/web/web_common0.png,assets/resource/image_native/bg/web/web_common0.png,all-images/assets/resource/image_native/bg/web/web_common0.png,PNG,1024,1024,P,1,True,ADF0328BE465F699D58D18B063C43F5CB4F4AD96298794C19BD1CDDB5AD1DE05,F4368F1B06FCC02334623D1D10698D201719E56C81618477A4102832CFF26AE6,BFBF15C35252D212,193873
P-DIRECT-0294,physical,apk_direct,D:\magia\MyProducts\MagiaRe\Magia_CN_Project\dist\MagiaCN-r128-downloader-fix1.apk,assets/resource/image_native/bg/web/web_map_xx.jpg,,,D:\magia\MyProducts\MagiaRe\Magia_CN_Project\dist\MagiaCN-r128-downloader-fix1.apk!/assets/resource/image_native/bg/web/web_map_xx.jpg,assets/resource/image_native/bg/web/web_map_xx.jpg,all-images/assets/resource/image_native/bg/web/web_map_xx.jpg,JPEG,1024,768,RGB,1,False,0323DA33609001B86A56438409356E7FE3C46486698331D78F0F0D8EBF6D7912,DF5E86FC8B2245E2BA6C6D61574012DA9C706929CABDF75CC3F9E7E48056DADE,9CB56E61127CE396,16246
P-DIRECT-0295,physical,apk_direct,D:\magia\MyProducts\MagiaRe\Magia_CN_Project\dist\MagiaCN-r128-downloader-fix1.apk,assets/resource/image_native/bg/web/web_side_xx.jpg,,,D:\magia\MyProducts\MagiaRe\Magia_CN_Project\dist\MagiaCN-r128-downloader-fix1.apk!/assets/resource/image_native/bg/web/web_side_xx.jpg,assets/resource/image_native/bg/web/web_side_xx.jpg,all-images/assets/resource/image_native/bg/web/web_side_xx.jpg,JPEG,1024,768,RGB,1,False,0323DA33609001B86A56438409356E7FE3C46486698331D78F0F0D8EBF6D7912,DF5E86FC8B2245E2BA6C6D61574012DA9C706929CABDF75CC3F9E7E48056DADE,9CB56E61127CE396,16246
P-DIRECT-0296,physical,apk_direct,D:\magia\MyProducts\MagiaRe\Magia_CN_Project\dist\MagiaCN-r128-downloader-fix1.apk,assets/resource/image_native/bg/web/web_xxxx.jpg,,,D:\magia\MyProducts\MagiaRe\Magia_CN_Project\dist\MagiaCN-r128-downloader-fix1.apk!/assets/resource/image_native/bg/web/web_xxxx.jpg,assets/resource/image_native/bg/web/web_xxxx.jpg,all-images/assets/resource/image_native/bg/web/web_xxxx.jpg,JPEG,1024,768,RGB,1,False,5C7AF8468562DCEFDFAB05A103A027E4FF31574E5A71562C34ABF8F98BA17327,C81B710D1ADFE9B935D450851525F31282A9EFBB249700D37C5E4BBDF2AED9DF,9CB56E61127CE396,16246
P-DIRECT-0297,physical,apk_direct,D:\magia\MyProducts\MagiaRe\Magia_CN_Project\dist\MagiaCN-r128-downloader-fix1.apk,assets/resource/image_native/card/frame/att_dark.png,,,D:\magia\MyProducts\MagiaRe\Magia_CN_Project\dist\MagiaCN-r128-downloader-fix1.apk!/assets/resource/image_native/card/frame/att_dark.png,assets/resource/image_native/card/frame/att_dark.png,all-images/assets/resource/image_native/card/frame/att_dark.png,PNG,112,112,P,1,True,9DFDC3DA3317F00B3CE6F5E8369FAA011BC3464B998E93928E31189F9EA5FEDA,79C20B26694EEF044F3D8EA4B50E515020C0C85F8F448D250DB8A69B3D5B7E75,F0F01F1F1F0FE0E0,1759
P-DIRECT-0298,physical,apk_direct,D:\magia\MyProducts\MagiaRe\Magia_CN_Project\dist\MagiaCN-r128-downloader-fix1.apk,assets/resource/image_native/card/frame/att_fire.png,,,D:\magia\MyProducts\MagiaRe\Magia_CN_Project\dist\MagiaCN-r128-downloader-fix1.apk!/assets/resource/image_native/card/frame/att_fire.png,assets/resource/image_native/card/frame/att_fire.png,all-images/assets/resource/image_native/card/frame/att_fire.png,PNG,112,112,P,1,True,B81D954B7287985432C9762BC68A36F0FDBAA8B4ED207522C3346C7EF00C4998,7017F56D39C92EE498673040F8D15BA10562EA398056C50BCE8999A319C1F29F,E0E0E01F1F1F1FF0,1755
P-DIRECT-0299,physical,apk_direct,D:\magia\MyProducts\MagiaRe\Magia_CN_Project\dist\MagiaCN-r128-downloader-fix1.apk,assets/resource/image_native/card/frame/att_light.png,,,D:\magia\MyProducts\MagiaRe\Magia_CN_Project\dist\MagiaCN-r128-downloader-fix1.apk!/assets/resource/image_native/card/frame/att_light.png,assets/resource/image_native/card/frame/att_light.png,all-images/assets/resource/image_native/card/frame/att_light.png,PNG,112,112,P,1,True,E7533311DAA4FE6E14F31747D8CF07C580A126535DEF8915AEF7DB6E639DC7E8,76E75105FDAA08A46138608D18C0B28CEC9711CF82C38FF0FDABC61BE7273B98,E0E0F11F1F1F1E38,1761
P-DIRECT-0300,physical,apk_direct,D:\magia\MyProducts\MagiaRe\Magia_CN_Project\dist\MagiaCN-r128-downloader-fix1.apk,assets/resource/image_native/card/frame/att_timber.png,,,D:\magia\MyProducts\MagiaRe\Magia_CN_Project\dist\MagiaCN-r128-downloader-fix1.apk!/assets/resource/image_native/card/frame/att_timber.png,assets/resource/image_native/card/frame/att_timber.png,all-images/assets/resource/image_native/card/frame/att_timber.png,PNG,112,112,P,1,True,73111BCA26AE6FDC78A386252E2E425BB37A362A8EA412CC82D2FF22071236EC,013C20D29017E48D703C1BDFE217249F46EFF9C8D48925F74129F4744F26D17B,E0E0F01F1F1F1F1C,1683
P-DIRECT-0301,physical,apk_direct,D:\magia\MyProducts\MagiaRe\Magia_CN_Project\dist\MagiaCN-r128-downloader-fix1.apk,assets/resource/image_native/card/frame/att_water.png,,,D:\magia\MyProducts\MagiaRe\Magia_CN_Project\dist\MagiaCN-r128-downloader-fix1.apk!/assets/resource/image_native/card/frame/att_water.png,assets/resource/image_native/card/frame/att_water.png,all-images/assets/resource/image_native/card/frame/att_water.png,PNG,112,112,P,1,True,2BA576A81676451866F0E90623F81B82B5C83D8CE08DF5535242E9DE635A9B65,9B6B77CB85FD1F70F09D9C9F370849711C4555ED5AEA39D642761B4F071E6633,E0E0E01F1F1F1FF0,1748
P-DIRECT-0302,physical,apk_direct,D:\magia\MyProducts\MagiaRe\Magia_CN_Project\dist\MagiaCN-r128-downloader-fix1.apk,assets/resource/image_native/card/frame/bg_dark.png,,,D:\magia\MyProducts\MagiaRe\Magia_CN_Project\dist\MagiaCN-r128-downloader-fix1.apk!/assets/resource/image_native/card/frame/bg_dark.png,assets/resource/image_native/card/frame/bg_dark.png,all-images/assets/resource/image_native/card/frame/bg_dark.png,PNG,112,112,P,1,True,8C1EF65866EDD32936E06F1482B5EB1ADC56EFF87BF76D2DC8CECA3F793FE125,CDF1A2D3A33E96940C5FEE34A0807F8ED52ADB8BF67142F70B1120B714060AFB,AB7EF4A1D4D68382,1193
P-DIRECT-0303,physical,apk_direct,D:\magia\MyProducts\MagiaRe\Magia_CN_Project\dist\MagiaCN-r128-downloader-fix1.apk,assets/resource/image_native/card/frame/bg_fire.png,,,D:\magia\MyProducts\MagiaRe\Magia_CN_Project\dist\MagiaCN-r128-downloader-fix1.apk!/assets/resource/image_native/card/frame/bg_fire.png,assets/resource/image_native/card/frame/bg_fire.png,all-images/assets/resource/image_native/card/frame/bg_fire.png,PNG,112,112,P,1,True,51039C2D0EFC2DD874B7CA669C1D5AB415DD5DA651796002B140F9ACE393D954,B3D2A86A89BD5F6CF8163708D46A6399299457D4372470040E642FB1FFD15352,FF6AA0818597879E,1221
P-DIRECT-0304,physical,apk_direct,D:\magia\MyProducts\MagiaRe\Magia_CN_Project\dist\MagiaCN-r128-downloader-fix1.apk,assets/resource/image_native/card/frame/bg_light.png,,,D:\magia\MyProducts\MagiaRe\Magia_CN_Project\dist\MagiaCN-r128-downloader-fix1.apk!/assets/resource/image_native/card/frame/bg_light.png,assets/resource/image_native/card/frame/bg_light.png,all-images/assets/resource/image_native/card/frame/bg_light.png,PNG,112,112,P,1,True,DAC5C1FCB2280EF1196F17B0243140D225E324B448E5A6F6440E4B55D9C9D7A5,011A9FD55E5D6681EF64BF3B05E6BAF9546D8784302FA3B725EB46CCB270DC80,AA3FF5F4D0D0C2C2,1180
P-DIRECT-0305,physical,apk_direct,D:\magia\MyProducts\MagiaRe\Magia_CN_Project\dist\MagiaCN-r128-downloader-fix1.apk,assets/resource/image_native/card/frame/bg_timber.png,,,D:\magia\MyProducts\MagiaRe\Magia_CN_Project\dist\MagiaCN-r128-downloader-fix1.apk!/assets/resource/image_native/card/frame/bg_timber.png,assets/resource/image_native/card/frame/bg_timber.png,all-images/assets/resource/image_native/card/frame/bg_timber.png,PNG,112,112,P,1,True,26997F602C241DD222CCE66F3152E212D10A866A1865D8BE27D8C8DCFE9981AD,66BC7858CA2DB4BD26B5D42DD20F0C2DF62C06242D2136307550F0F97A9B3C22,EE3BE49186D28ECA,1089
P-DIRECT-0306,physical,apk_direct,D:\magia\MyProducts\MagiaRe\Magia_CN_Project\dist\MagiaCN-r128-downloader-fix1.apk,assets/resource/image_native/card/frame/bg_water.png,,,D:\magia\MyProducts\MagiaRe\Magia_CN_Project\dist\MagiaCN-r128-downloader-fix1.apk!/assets/resource/image_native/card/frame/bg_water.png,assets/resource/image_native/card/frame/bg_water.png,all-images/assets/resource/image_native/card/frame/bg_water.png,PNG,112,112,P,1,True,EEBA1FF1073DFF5372351F9E5BBC6F45F59625BC6504D11D3B331F22239FAA2B,8F96EE4E27E00365FAFAEE628878DEB8B836E0FEB986D39C3F3D302E92A8A24A,AE3BE491C6938E9A,1105
P-DIRECT-0307,physical,apk_direct,D:\magia\MyProducts\MagiaRe\Magia_CN_Project\dist\MagiaCN-r128-downloader-fix1.apk,assets/resource/image_native/card/frame/frame_dark_rank_x.png,,,D:\magia\MyProducts\MagiaRe\Magia_CN_Project\dist\MagiaCN-r128-downloader-fix1.apk!/assets/resource/image_native/card/frame/frame_dark_rank_x.png,assets/resource/image_native/card/frame/frame_dark_rank_x.png,all-images/assets/resource/image_native/card/frame/frame_dark_rank_x.png,PNG,652,990,P,1,True,3C38142E233054D48AB44AC91497BD433C6E1B263987F4F269572EADEAE1BE02,5758B0930B08D1C04E96F86DDC5B608FB55955F8D41EF0AD83688A4AE204A67D,D557573F072B222A,24777
P-DIRECT-0308,physical,apk_direct,D:\magia\MyProducts\MagiaRe\Magia_CN_Project\dist\MagiaCN-r128-downloader-fix1.apk,assets/resource/image_native/card/frame/frame_fire_rank_x.png,,,D:\magia\MyProducts\MagiaRe\Magia_CN_Project\dist\MagiaCN-r128-downloader-fix1.apk!/assets/resource/image_native/card/frame/frame_fire_rank_x.png,assets/resource/image_native/card/frame/frame_fire_rank_x.png,all-images/assets/resource/image_native/card/frame/frame_fire_rank_x.png,PNG,652,990,P,1,True,3C38142E233054D48AB44AC91497BD433C6E1B263987F4F269572EADEAE1BE02,5758B0930B08D1C04E96F86DDC5B608FB55955F8D41EF0AD83688A4AE204A67D,D557573F072B222A,24777
P-DIRECT-0309,physical,apk_direct,D:\magia\MyProducts\MagiaRe\Magia_CN_Project\dist\MagiaCN-r128-downloader-fix1.apk,assets/resource/image_native/card/frame/frame_light_rank_x.png,,,D:\magia\MyProducts\MagiaRe\Magia_CN_Project\dist\MagiaCN-r128-downloader-fix1.apk!/assets/resource/image_native/card/frame/frame_light_rank_x.png,assets/resource/image_native/card/frame/frame_light_rank_x.png,all-images/assets/resource/image_native/card/frame/frame_light_rank_x.png,PNG,652,990,P,1,True,3C38142E233054D48AB44AC91497BD433C6E1B263987F4F269572EADEAE1BE02,5758B0930B08D1C04E96F86DDC5B608FB55955F8D41EF0AD83688A4AE204A67D,D557573F072B222A,24777
P-DIRECT-0310,physical,apk_direct,D:\magia\MyProducts\MagiaRe\Magia_CN_Project\dist\MagiaCN-r128-downloader-fix1.apk,assets/resource/image_native/card/frame/frame_rank_x.png,,,D:\magia\MyProducts\MagiaRe\Magia_CN_Project\dist\MagiaCN-r128-downloader-fix1.apk!/assets/resource/image_native/card/frame/frame_rank_x.png,assets/resource/image_native/card/frame/frame_rank_x.png,all-images/assets/resource/image_native/card/frame/frame_rank_x.png,PNG,112,112,P,1,True,F3E34890A8426DD70C29115545932EF411303E89CBAE9523731E507ECB23CBD1,0BC0ABE85382034476CF94613238BE32165FBE014D507F0E157D7426561A39F2,9E0E3A95E1D7611E,2414
P-DIRECT-0311,physical,apk_direct,D:\magia\MyProducts\MagiaRe\Magia_CN_Project\dist\MagiaCN-r128-downloader-fix1.apk,assets/resource/image_native/card/frame/frame_timber_rank_x.png,,,D:\magia\MyProducts\MagiaRe\Magia_CN_Project\dist\MagiaCN-r128-downloader-fix1.apk!/assets/resource/image_native/card/frame/frame_timber_rank_x.png,assets/resource/image_native/card/frame/frame_timber_rank_x.png,all-images/assets/resource/image_native/card/frame/frame_timber_rank_x.png,PNG,652,990,P,1,True,3C38142E233054D48AB44AC91497BD433C6E1B263987F4F269572EADEAE1BE02,5758B0930B08D1C04E96F86DDC5B608FB55955F8D41EF0AD83688A4AE204A67D,D557573F072B222A,24777
P-DIRECT-0312,physical,apk_direct,D:\magia\MyProducts\MagiaRe\Magia_CN_Project\dist\MagiaCN-r128-downloader-fix1.apk,assets/resource/image_native/card/frame/frame_void_rank_x.png,,,D:\magia\MyProducts\MagiaRe\Magia_CN_Project\dist\MagiaCN-r128-downloader-fix1.apk!/assets/resource/image_native/card/frame/frame_void_rank_x.png,assets/resource/image_native/card/frame/frame_void_rank_x.png,all-images/assets/resource/image_native/card/frame/frame_void_rank_x.png,PNG,652,990,P,1,True,3C38142E233054D48AB44AC91497BD433C6E1B263987F4F269572EADEAE1BE02,5758B0930B08D1C04E96F86DDC5B608FB55955F8D41EF0AD83688A4AE204A67D,D557573F072B222A,24777
P-DIRECT-0313,physical,apk_direct,D:\magia\MyProducts\MagiaRe\Magia_CN_Project\dist\MagiaCN-r128-downloader-fix1.apk,assets/resource/image_native/card/frame/frame_water_rank_x.png,,,D:\magia\MyProducts\MagiaRe\Magia_CN_Project\dist\MagiaCN-r128-downloader-fix1.apk!/assets/resource/image_native/card/frame/frame_water_rank_x.png,assets/resource/image_native/card/frame/frame_water_rank_x.png,all-images/assets/resource/image_native/card/frame/frame_water_rank_x.png,PNG,652,990,P,1,True,3C38142E233054D48AB44AC91497BD433C6E1B263987F4F269572EADEAE1BE02,5758B0930B08D1C04E96F86DDC5B608FB55955F8D41EF0AD83688A4AE204A67D,D557573F072B222A,24777
P-DIRECT-0314,physical,apk_direct,D:\magia\MyProducts\MagiaRe\Magia_CN_Project\dist\MagiaCN-r128-downloader-fix1.apk,assets/resource/image_native/card/frame/star_rank_x.png,,,D:\magia\MyProducts\MagiaRe\Magia_CN_Project\dist\MagiaCN-r128-downloader-fix1.apk!/assets/resource/image_native/card/frame/star_rank_x.png,assets/resource/image_native/card/frame/star_rank_x.png,all-images/assets/resource/image_native/card/frame/star_rank_x.png,PNG,112,112,1,1,True,0E371667C643480AA12511A870071E8E178468286BB81338D822460A4F99DDEC,59649B122AC7F886D7F0F4F921AB73D7F10E230162C10DE5609A7A7E0556792F,D72929D639D6D729,92
P-DIRECT-0315,physical,apk_direct,D:\magia\MyProducts\MagiaRe\Magia_CN_Project\dist\MagiaCN-r128-downloader-fix1.apk,assets/resource/image_native/card/image/card_10011_l.png,,,D:\magia\MyProducts\MagiaRe\Magia_CN_Project\dist\MagiaCN-r128-downloader-fix1.apk!/assets/resource/image_native/card/image/card_10011_l.png,assets/resource/image_native/card/image/card_10011_l.png,all-images/assets/resource/image_native/card/image/card_10011_l.png,PNG,1024,768,P,1,True,4D44516571A6104F5DE26BA0693F2A5544CEAF5D94880138483B5139BC664E50,457168D8A1673DAFB31172BB542ED93E6F42915E083B85E0A1E8ACE011D4FB7F,CE39C73266936473,82711
P-DIRECT-0316,physical,apk_direct,D:\magia\MyProducts\MagiaRe\Magia_CN_Project\dist\MagiaCN-r128-downloader-fix1.apk,assets/resource/image_native/card/image/card_10011_m.png,,,D:\magia\MyProducts\MagiaRe\Magia_CN_Project\dist\MagiaCN-r128-downloader-fix1.apk!/assets/resource/image_native/card/image/card_10011_m.png,assets/resource/image_native/card/image/card_10011_m.png,all-images/assets/resource/image_native/card/image/card_10011_m.png,PNG,512,512,P,1,True,4FD55A74FF81AD19881AA0757D72234FD04A41C7583B9AA8A71C11CE22A98074,C02D73DF74121BC3DED607BFF7C2EC879FC0C753B4C0A30302D7A47154548007,DA9F700F74257718,52232
P-DIRECT-0317,physical,apk_direct,D:\magia\MyProducts\MagiaRe\Magia_CN_Project\dist\MagiaCN-r128-downloader-fix1.apk,assets/resource/image_native/card/image/card_xxxxx_c.png,,,D:\magia\MyProducts\MagiaRe\Magia_CN_Project\dist\MagiaCN-r128-downloader-fix1.apk!/assets/resource/image_native/card/image/card_xxxxx_c.png,assets/resource/image_native/card/image/card_xxxxx_c.png,all-images/assets/resource/image_native/card/image/card_xxxxx_c.png,PNG,652,990,P,1,False,FD2C7373C2769F1E14BA886F38733564373CBE201E4A5ADA42379950CA720630,3D4FCC04134D293E438D5D21D5ED03D7EB354A0685F7B18E325362CA96D1D1BE,A5E41E1ED44B5D39,56464
P-DIRECT-0318,physical,apk_direct,D:\magia\MyProducts\MagiaRe\Magia_CN_Project\dist\MagiaCN-r128-downloader-fix1.apk,assets/resource/image_native/card/image/card_xxxxx_d.png,,,D:\magia\MyProducts\MagiaRe\Magia_CN_Project\dist\MagiaCN-r128-downloader-fix1.apk!/assets/resource/image_native/card/image/card_xxxxx_d.png,assets/resource/image_native/card/image/card_xxxxx_d.png,all-images/assets/resource/image_native/card/image/card_xxxxx_d.png,PNG,130,140,P,1,True,BAFF7EC3729390CF4E8FC506415F2FD9D9EE2305AB9CE9F579C9068B509F1A2C,5E94D6EB36069FEF7F6CDA4BAFA3AE3275B021DF762139E461520F0C6642ED60,E99496CB9E29CB38,1199
P-DIRECT-0319,physical,apk_direct,D:\magia\MyProducts\MagiaRe\Magia_CN_Project\dist\MagiaCN-r128-downloader-fix1.apk,assets/resource/image_native/card/image/card_xxxxx_f.png,,,D:\magia\MyProducts\MagiaRe\Magia_CN_Project\dist\MagiaCN-r128-downloader-fix1.apk!/assets/resource/image_native/card/image/card_xxxxx_f.png,assets/resource/image_native/card/image/card_xxxxx_f.png,all-images/assets/resource/image_native/card/image/card_xxxxx_f.png,PNG,200,200,P,1,True,2335FA6B082F52E426E91CF61E6EAB7CAC7250567701AD8B87F012570A5095C1,E880A9659DD1C7D5AC2344F8DB57352730B5C18487856B4A5425D6AB1556226C,EBA5E097C3664687,2145
P-DIRECT-0320,physical,apk_direct,D:\magia\MyProducts\MagiaRe\Magia_CN_Project\dist\MagiaCN-r128-downloader-fix1.apk,assets/resource/image_native/card/image/card_xxxxx_l.png,,,D:\magia\MyProducts\MagiaRe\Magia_CN_Project\dist\MagiaCN-r128-downloader-fix1.apk!/assets/resource/image_native/card/image/card_xxxxx_l.png,assets/resource/image_native/card/image/card_xxxxx_l.png,all-images/assets/resource/image_native/card/image/card_xxxxx_l.png,PNG,1024,768,P,1,True,C1824157AE137352A59C4EDCF1FA11000E56E86418BCF920F577B183B5730EB5,BA947A46D5E7102464E5B5431E43EFE268EED1D2C1609FF55FA51D70310F1A30,B3CE9938C99CCC39,6128
P-DIRECT-0321,physical,apk_direct,D:\magia\MyProducts\MagiaRe\Magia_CN_Project\dist\MagiaCN-r128-downloader-fix1.apk,assets/resource/image_native/card/image/card_xxxxx_m.png,,,D:\magia\MyProducts\MagiaRe\Magia_CN_Project\dist\MagiaCN-r128-downloader-fix1.apk!/assets/resource/image_native/card/image/card_xxxxx_m.png,assets/resource/image_native/card/image/card_xxxxx_m.png,all-images/assets/resource/image_native/card/image/card_xxxxx_m.png,PNG,512,512,P,1,True,AF25A7C48069FA73AFC9B196C69A07D650BD9C21A61D16912FA497609ED4ADA2,7054F8454168E713CE1CB9636C3C5E8B202A8C10CDF34A9B2E16573E0A473781,B5C21FD28B9CC99C,3618
P-DIRECT-0322,physical,apk_direct,D:\magia\MyProducts\MagiaRe\Magia_CN_Project\dist\MagiaCN-r128-downloader-fix1.apk,assets/resource/image_native/card/image/card_xxxxx_s.png,,,D:\magia\MyProducts\MagiaRe\Magia_CN_Project\dist\MagiaCN-r128-downloader-fix1.apk!/assets/resource/image_native/card/image/card_xxxxx_s.png,assets/resource/image_native/card/image/card_xxxxx_s.png,all-images/assets/resource/image_native/card/image/card_xxxxx_s.png,PNG,129,180,P,1,True,B707B3B8C1177C7F7F04051E7F004BBA7A7D97275DA04A7FAFB41B3C588E0321,9607BDDED0E6EBA728D44B99716A24836D8A4B22A3B4E6026BF3200D0CFCB505,ABB5F4F083C2C23E,2297
P-DIRECT-0323,physical,apk_direct,D:\magia\MyProducts\MagiaRe\Magia_CN_Project\dist\MagiaCN-r128-downloader-fix1.apk,assets/resource/image_native/card/image/card_xxxxx_v.png,,,D:\magia\MyProducts\MagiaRe\Magia_CN_Project\dist\MagiaCN-r128-downloader-fix1.apk!/assets/resource/image_native/card/image/card_xxxxx_v.png,assets/resource/image_native/card/image/card_xxxxx_v.png,all-images/assets/resource/image_native/card/image/card_xxxxx_v.png,PNG,142,518,P,1,False,5C3C65E516BDFFBED60689D73A40ECA81552A0A0B254B96128B35CBBA88382B5,6BC039DA8867D313A4DF0E1B08F11709457357897AC4290FEC91AA2531961DB1,FFFFAE8080E0E0C5,3765
P-DIRECT-0324,physical,apk_direct,D:\magia\MyProducts\MagiaRe\Magia_CN_Project\dist\MagiaCN-r128-downloader-fix1.apk,assets/resource/image_native/chara/chara_xxxx_b.png,,,D:\magia\MyProducts\MagiaRe\Magia_CN_Project\dist\MagiaCN-r128-downloader-fix1.apk!/assets/resource/image_native/chara/chara_xxxx_b.png,assets/resource/image_native/chara/chara_xxxx_b.png,all-images/assets/resource/image_native/chara/chara_xxxx_b.png,PNG,512,512,P,1,True,12CBD95599A84A3DD433FCE659B94B6DD319DFB885877E21FA0CC0810897AF7C,8AA749505360D238894D5C0AB092A316DE39850173C38A3C7D14A7F40306FC44,EB3E90E09EC2957A,7571
P-DIRECT-0325,physical,apk_direct,D:\magia\MyProducts\MagiaRe\Magia_CN_Project\dist\MagiaCN-r128-downloader-fix1.apk,assets/resource/image_native/chara/chara_xxxx_e.png,,,D:\magia\MyProducts\MagiaRe\Magia_CN_Project\dist\MagiaCN-r128-downloader-fix1.apk!/assets/resource/image_native/chara/chara_xxxx_e.png,assets/resource/image_native/chara/chara_xxxx_e.png,all-images/assets/resource/image_native/chara/chara_xxxx_e.png,PNG,517,168,P,1,True,A1F3077E9AFCEDF5B4383DB91827114FC38C1E3FC1A494EEBD8F34E60DD3EC17,1521A19163D4A85502ED10A7AA3B5063E81B5B63E6D3C6900F4AA72B82C718B0,FF45C83C9B29C271,61029
P-DIRECT-0326,physical,apk_direct,D:\magia\MyProducts\MagiaRe\Magia_CN_Project\dist\MagiaCN-r128-downloader-fix1.apk,assets/resource/image_native/chara/chara_xxxx_h.png,,,D:\magia\MyProducts\MagiaRe\Magia_CN_Project\dist\MagiaCN-r128-downloader-fix1.apk!/assets/resource/image_native/chara/chara_xxxx_h.png,assets/resource/image_native/chara/chara_xxxx_h.png,all-images/assets/resource/image_native/chara/chara_xxxx_h.png,PNG,100,100,P,1,True,4DDA0AA7A113F6C2F4D28D117DE904301116DAB19E1475903DAD9799B33C28D2,FDC7007211A7801530303F2654EC9793BE08134F5A5B36B3BAC2E5F17BE22635,EA6C979388E05E9E,1589
P-DIRECT-0327,physical,apk_direct,D:\magia\MyProducts\MagiaRe\Magia_CN_Project\dist\MagiaCN-r128-downloader-fix1.apk,assets/resource/image_native/chara/chara_xxxx_n.png,,,D:\magia\MyProducts\MagiaRe\Magia_CN_Project\dist\MagiaCN-r128-downloader-fix1.apk!/assets/resource/image_native/chara/chara_xxxx_n.png,assets/resource/image_native/chara/chara_xxxx_n.png,all-images/assets/resource/image_native/chara/chara_xxxx_n.png,PNG,517,168,P,1,True,6B9E8CD6FFF603BFD1A8B212B6C9F000C555702D277180B2E77B848B7A6AAAC8,BD34E1C5A81824AAE9B065C6C0C93F6B346F14A6A9FF33D95B2B3008226895F3,BBEE8511D411E673,6666
P-DIRECT-0328,physical,apk_direct,D:\magia\MyProducts\MagiaRe\Magia_CN_Project\dist\MagiaCN-r128-downloader-fix1.apk,assets/resource/image_native/effect/quest_v2/effect_xx_xx0.png,,,D:\magia\MyProducts\MagiaRe\Magia_CN_Project\dist\MagiaCN-r128-downloader-fix1.apk!/assets/resource/image_native/effect/quest_v2/effect_xx_xx0.png,assets/resource/image_native/effect/quest_v2/effect_xx_xx0.png,all-images/assets/resource/image_native/effect/quest_v2/effect_xx_xx0.png,PNG,16,16,1,1,True,073ACF86DB5DB7F2699BD7869476502356EB7A185E5688012FF826F1FA2CD971,197106E84A988D68DEF22CA68425A0E93548C72904C2068E9C40DDBE71D50897,D72929D639D6D729,82
P-DIRECT-0329,physical,apk_direct,D:\magia\MyProducts\MagiaRe\Magia_CN_Project\dist\MagiaCN-r128-downloader-fix1.apk,assets/resource/image_native/gift/item_gift_a_xxx.png,,,D:\magia\MyProducts\MagiaRe\Magia_CN_Project\dist\MagiaCN-r128-downloader-fix1.apk!/assets/resource/image_native/gift/item_gift_a_xxx.png,assets/resource/image_native/gift/item_gift_a_xxx.png,all-images/assets/resource/image_native/gift/item_gift_a_xxx.png,PNG,100,100,P,1,True,0554F541676FFD1EF04027A0023F6144B250EB4C02F74198D5752318DD245617,786516C867D155213B8F33AFF9F10DA1D96301EB7B1CF0E963F223FEC81F0FDA,CB99353797CCCC30,3508
P-DIRECT-0330,physical,apk_direct,D:\magia\MyProducts\MagiaRe\Magia_CN_Project\dist\MagiaCN-r128-downloader-fix1.apk,assets/resource/image_native/gift/item_gift_xxx.png,,,D:\magia\MyProducts\MagiaRe\Magia_CN_Project\dist\MagiaCN-r128-downloader-fix1.apk!/assets/resource/image_native/gift/item_gift_xxx.png,assets/resource/image_native/gift/item_gift_xxx.png,all-images/assets/resource/image_native/gift/item_gift_xxx.png,PNG,100,100,P,1,True,8924A0BD1BD406726931D374908506ECB49E4D6F2CA4F7D836CB1EF6202D68E3,E9EF887A2AC7C7E460B249CF25ED6A20777657C5C7147A28922FFE4900B5D8CE,B4D1936F499C439E,5826
P-DIRECT-0331,physical,apk_direct,D:\magia\MyProducts\MagiaRe\Magia_CN_Project\dist\MagiaCN-r128-downloader-fix1.apk,assets/resource/image_native/live2d/xxxxxx.png,,,D:\magia\MyProducts\MagiaRe\Magia_CN_Project\dist\MagiaCN-r128-downloader-fix1.apk!/assets/resource/image_native/live2d/xxxxxx.png,assets/resource/image_native/live2d/xxxxxx.png,all-images/assets/resource/image_native/live2d/xxxxxx.png,PNG,768,1024,P,1,True,A9BF85F1DA44968D38BE169C9CCC7564D0DD47AAED13C9F644BBBBF1681EB3EC,64B3D7B289DD9F6466A8388C43EB128FEB82930EB8CAB3E71E16FF893F2BC380,E7C9C33C9C961A9A,20676
P-DIRECT-0332,physical,apk_direct,D:\magia\MyProducts\MagiaRe\Magia_CN_Project\dist\MagiaCN-r128-downloader-fix1.apk,assets/resource/image_native/memoria/memoria_xxxxxx_c.png,,,D:\magia\MyProducts\MagiaRe\Magia_CN_Project\dist\MagiaCN-r128-downloader-fix1.apk!/assets/resource/image_native/memoria/memoria_xxxxxx_c.png,assets/resource/image_native/memoria/memoria_xxxxxx_c.png,all-images/assets/resource/image_native/memoria/memoria_xxxxxx_c.png,PNG,652,990,P,1,True,7DCA8757FD64709459687B79877436FAF53C8D855BF3605D2E8960C6535BB863,8E19992DD63E7D92F807A08D5487B03FFAF6CFF28E4B6B4153387DD654553905,DAC0F2305CDD3A75,29753
P-DIRECT-0333,physical,apk_direct,D:\magia\MyProducts\MagiaRe\Magia_CN_Project\dist\MagiaCN-r128-downloader-fix1.apk,assets/resource/image_native/memoria/memoria_xxxxxx_s.png,,,D:\magia\MyProducts\MagiaRe\Magia_CN_Project\dist\MagiaCN-r128-downloader-fix1.apk!/assets/resource/image_native/memoria/memoria_xxxxxx_s.png,assets/resource/image_native/memoria/memoria_xxxxxx_s.png,all-images/assets/resource/image_native/memoria/memoria_xxxxxx_s.png,PNG,132,132,P,1,True,A47AB0E41AA79B5BC96F13C4CE833AE848F75F3E3C87A87CBA5A91A71B7FF11F,5B46B968E3F09197736B9E8109C36EBF9F5D532FC5242B864D64282C5A700E40,CBF0F0938A4D8F4E,6257
P-DIRECT-0334,physical,apk_direct,D:\magia\MyProducts\MagiaRe\Magia_CN_Project\dist\MagiaCN-r128-downloader-fix1.apk,assets/resource/image_native/mini/anime_v2/mini_xxxxxx_d_l0.png,,,D:\magia\MyProducts\MagiaRe\Magia_CN_Project\dist\MagiaCN-r128-downloader-fix1.apk!/assets/resource/image_native/mini/anime_v2/mini_xxxxxx_d_l0.png,assets/resource/image_native/mini/anime_v2/mini_xxxxxx_d_l0.png,all-images/assets/resource/image_native/mini/anime_v2/mini_xxxxxx_d_l0.png,PNG,256,64,P,1,True,3DD7562445678D04B1D241D0C4D6D516A9ACE82C7D1616986A96067F2FC172CD,2974BEC1CC98BD189DA63EFF524E62CEA2ECD2E68616899DDF59D896BE5711F3,DFCF2727C2F03098,993
P-DIRECT-0335,physical,apk_direct,D:\magia\MyProducts\MagiaRe\Magia_CN_Project\dist\MagiaCN-r128-downloader-fix1.apk,assets/resource/image_native/mini/anime_v2/mini_xxxxxx_d_r0.png,,,D:\magia\MyProducts\MagiaRe\Magia_CN_Project\dist\MagiaCN-r128-downloader-fix1.apk!/assets/resource/image_native/mini/anime_v2/mini_xxxxxx_d_r0.png,assets/resource/image_native/mini/anime_v2/mini_xxxxxx_d_r0.png,all-images/assets/resource/image_native/mini/anime_v2/mini_xxxxxx_d_r0.png,PNG,256,64,P,1,True,3DD7562445678D04B1D241D0C4D6D516A9ACE82C7D1616986A96067F2FC172CD,2974BEC1CC98BD189DA63EFF524E62CEA2ECD2E68616899DDF59D896BE5711F3,DFCF2727C2F03098,993
P-DIRECT-0336,physical,apk_direct,D:\magia\MyProducts\MagiaRe\Magia_CN_Project\dist\MagiaCN-r128-downloader-fix1.apk,assets/resource/image_native/mini/anime_v2/mini_xxxxxx_l0.png,,,D:\magia\MyProducts\MagiaRe\Magia_CN_Project\dist\MagiaCN-r128-downloader-fix1.apk!/assets/resource/image_native/mini/anime_v2/mini_xxxxxx_l0.png,assets/resource/image_native/mini/anime_v2/mini_xxxxxx_l0.png,all-images/assets/resource/image_native/mini/anime_v2/mini_xxxxxx_l0.png,PNG,512,128,P,1,True,51178823E3C86E0DCD91910B2B2468092861E00AB023DE3FD5BCA78957B82C3A,488CCD45537203E1C2AAA72AC7FA1105AC532C92ED57C21B28F50DFBA992248E,B733C8DCDCC6C2E0,6367
P-DIRECT-0337,physical,apk_direct,D:\magia\MyProducts\MagiaRe\Magia_CN_Project\dist\MagiaCN-r128-downloader-fix1.apk,assets/resource/image_native/mini/anime_v2/mini_xxxxxx_l_b0.png,,,D:\magia\MyProducts\MagiaRe\Magia_CN_Project\dist\MagiaCN-r128-downloader-fix1.apk!/assets/resource/image_native/mini/anime_v2/mini_xxxxxx_l_b0.png,assets/resource/image_native/mini/anime_v2/mini_xxxxxx_l_b0.png,all-images/assets/resource/image_native/mini/anime_v2/mini_xxxxxx_l_b0.png,PNG,512,128,P,1,True,51178823E3C86E0DCD91910B2B2468092861E00AB023DE3FD5BCA78957B82C3A,488CCD45537203E1C2AAA72AC7FA1105AC532C92ED57C21B28F50DFBA992248E,B733C8DCDCC6C2E0,6367
P-DIRECT-0338,physical,apk_direct,D:\magia\MyProducts\MagiaRe\Magia_CN_Project\dist\MagiaCN-r128-downloader-fix1.apk,assets/resource/image_native/mini/anime_v2/mini_xxxxxx_m_l0.png,,,D:\magia\MyProducts\MagiaRe\Magia_CN_Project\dist\MagiaCN-r128-downloader-fix1.apk!/assets/resource/image_native/mini/anime_v2/mini_xxxxxx_m_l0.png,assets/resource/image_native/mini/anime_v2/mini_xxxxxx_m_l0.png,all-images/assets/resource/image_native/mini/anime_v2/mini_xxxxxx_m_l0.png,PNG,256,64,P,1,True,3DD7562445678D04B1D241D0C4D6D516A9ACE82C7D1616986A96067F2FC172CD,2974BEC1CC98BD189DA63EFF524E62CEA2ECD2E68616899DDF59D896BE5711F3,DFCF2727C2F03098,993
P-DIRECT-0339,physical,apk_direct,D:\magia\MyProducts\MagiaRe\Magia_CN_Project\dist\MagiaCN-r128-downloader-fix1.apk,assets/resource/image_native/mini/anime_v2/mini_xxxxxx_m_r0.png,,,D:\magia\MyProducts\MagiaRe\Magia_CN_Project\dist\MagiaCN-r128-downloader-fix1.apk!/assets/resource/image_native/mini/anime_v2/mini_xxxxxx_m_r0.png,assets/resource/image_native/mini/anime_v2/mini_xxxxxx_m_r0.png,all-images/assets/resource/image_native/mini/anime_v2/mini_xxxxxx_m_r0.png,PNG,256,64,P,1,True,3DD7562445678D04B1D241D0C4D6D516A9ACE82C7D1616986A96067F2FC172CD,2974BEC1CC98BD189DA63EFF524E62CEA2ECD2E68616899DDF59D896BE5711F3,DFCF2727C2F03098,993
P-DIRECT-0340,physical,apk_direct,D:\magia\MyProducts\MagiaRe\Magia_CN_Project\dist\MagiaCN-r128-downloader-fix1.apk,assets/resource/image_native/mini/anime_v2/mini_xxxxxx_r0.png,,,D:\magia\MyProducts\MagiaRe\Magia_CN_Project\dist\MagiaCN-r128-downloader-fix1.apk!/assets/resource/image_native/mini/anime_v2/mini_xxxxxx_r0.png,assets/resource/image_native/mini/anime_v2/mini_xxxxxx_r0.png,all-images/assets/resource/image_native/mini/anime_v2/mini_xxxxxx_r0.png,PNG,512,128,P,1,True,51178823E3C86E0DCD91910B2B2468092861E00AB023DE3FD5BCA78957B82C3A,488CCD45537203E1C2AAA72AC7FA1105AC532C92ED57C21B28F50DFBA992248E,B733C8DCDCC6C2E0,6367
P-DIRECT-0341,physical,apk_direct,D:\magia\MyProducts\MagiaRe\Magia_CN_Project\dist\MagiaCN-r128-downloader-fix1.apk,assets/resource/image_native/mini/image/mini_xxxxxx_d.png,,,D:\magia\MyProducts\MagiaRe\Magia_CN_Project\dist\MagiaCN-r128-downloader-fix1.apk!/assets/resource/image_native/mini/image/mini_xxxxxx_d.png,assets/resource/image_native/mini/image/mini_xxxxxx_d.png,all-images/assets/resource/image_native/mini/image/mini_xxxxxx_d.png,PNG,130,144,P,1,True,3E7985FD9ECADC4C6110E4224EE5169EF85D2EB19F6670849DB1D20DF452C547,DC9A45C718FF283875E52DA2D46450769068F3FE766AD8AD0ADE5D14C841064A,E14996E69ED99938,1458
P-DIRECT-0342,physical,apk_direct,D:\magia\MyProducts\MagiaRe\Magia_CN_Project\dist\MagiaCN-r128-downloader-fix1.apk,assets/resource/image_native/mini/image/mini_xxxxxx_dd.png,,,D:\magia\MyProducts\MagiaRe\Magia_CN_Project\dist\MagiaCN-r128-downloader-fix1.apk!/assets/resource/image_native/mini/image/mini_xxxxxx_dd.png,assets/resource/image_native/mini/image/mini_xxxxxx_dd.png,all-images/assets/resource/image_native/mini/image/mini_xxxxxx_dd.png,PNG,130,200,P,1,True,710316A6D771DA2822541DB8332B80E828A6049BA4EEA514B7B4800DC7981FF0,B7478F39E86373DF2BE4620BF7D7FB7CCA5812E53B2BD6A7B08D9AEA413CADC6,E56586631D9CF296,3545
P-DIRECT-0343,physical,apk_direct,D:\magia\MyProducts\MagiaRe\Magia_CN_Project\dist\MagiaCN-r128-downloader-fix1.apk,assets/resource/image_native/mini/image/mini_xxxxxx_s.png,,,D:\magia\MyProducts\MagiaRe\Magia_CN_Project\dist\MagiaCN-r128-downloader-fix1.apk!/assets/resource/image_native/mini/image/mini_xxxxxx_s.png,assets/resource/image_native/mini/image/mini_xxxxxx_s.png,all-images/assets/resource/image_native/mini/image/mini_xxxxxx_s.png,PNG,512,512,P,1,True,04326EF5EA15B7B77DB287EB3872817E6128396EFE3E1FD6FCD4DD2F8A889562,8B2C9719E9AC81CD224F6D7F26BA10A2CB786BAE94DB3CE3661EE1795CF40E12,B3CCCC339966CC33,4425
P-DIRECT-0344,physical,apk_direct,D:\magia\MyProducts\MagiaRe\Magia_CN_Project\dist\MagiaCN-r128-downloader-fix1.apk,assets/resource/image_native/scene/quest/field_art.png,,,D:\magia\MyProducts\MagiaRe\Magia_CN_Project\dist\MagiaCN-r128-downloader-fix1.apk!/assets/resource/image_native/scene/quest/field_art.png,assets/resource/image_native/scene/quest/field_art.png,all-images/assets/resource/image_native/scene/quest/field_art.png,PNG,1024,512,RGBA,1,True,692B16AB9E8EC240065B9123E64107653C0E5733C6661AC2F8C8CEF2EBE83331,EF24AB7374683E48C4738127972DA5DAD4EE71F878145993F1037014DC1A3498,AF2FC02FC02FD02F,82841
P-DIRECT-0345,physical,apk_direct,D:\magia\MyProducts\MagiaRe\Magia_CN_Project\dist\MagiaCN-r128-downloader-fix1.apk,assets/resource/image_native/scene/quest/ui_button_field0.png,,,D:\magia\MyProducts\MagiaRe\Magia_CN_Project\dist\MagiaCN-r128-downloader-fix1.apk!/assets/resource/image_native/scene/quest/ui_button_field0.png,assets/resource/image_native/scene/quest/ui_button_field0.png,all-images/assets/resource/image_native/scene/quest/ui_button_field0.png,PNG,128,128,RGBA,1,True,EDB3CA21C68DB7087C08AC67AABD2E226B8AC860996A3FEA6C7C24C570C21D25,F339D53CFBB29828D7CD9EA7B80C01D5AD0BFDE9B7B802A58EFC85D30C6E977A,C2A13D3DC4F4E363,15705
P-DIRECT-0346,physical,apk_direct,D:\magia\MyProducts\MagiaRe\Magia_CN_Project\dist\MagiaCN-r128-downloader-fix1.apk,assets/resource/image_native/scene/story/story_chapter_xxxxxx.png,,,D:\magia\MyProducts\MagiaRe\Magia_CN_Project\dist\MagiaCN-r128-downloader-fix1.apk!/assets/resource/image_native/scene/story/story_chapter_xxxxxx.png,assets/resource/image_native/scene/story/story_chapter_xxxxxx.png,all-images/assets/resource/image_native/scene/story/story_chapter_xxxxxx.png,PNG,240,60,P,1,True,F04B00B864625B3D9C35A394961356E3525BFB79CE1DDA94DBD16A0ED3D2E407,0A910C121030565DCB96523BBC9D173A6F60326239DFB5A3732F3CADA01E7846,BB60279740FC873E,5739
P-DIRECT-0347,physical,apk_direct,D:\magia\MyProducts\MagiaRe\Magia_CN_Project\dist\MagiaCN-r128-downloader-fix1.apk,assets/resource/image_native/scene/story/story_title_xxxxxx.png,,,D:\magia\MyProducts\MagiaRe\Magia_CN_Project\dist\MagiaCN-r128-downloader-fix1.apk!/assets/resource/image_native/scene/story/story_title_xxxxxx.png,assets/resource/image_native/scene/story/story_title_xxxxxx.png,all-images/assets/resource/image_native/scene/story/story_title_xxxxxx.png,PNG,729,48,P,1,True,08E8FE865D39C81198F175260BC75FA3A026BDA2DEE9B27D6367544EADCD280C,FB6D03A08F2C14D01F30A7787B3986AC455DD9FBF160FA2DFAE275DDDBC01820,8679319E6D66D919,7882
P-EMBEDDED-0001,physical,plist_embedded,D:\magia\MyProducts\MagiaRe\Magia_CN_Project\dist\MagiaCN-r128-downloader-fix1.apk,assets/package/evolution/web_ef_reality_up_ef_01.plist,assets/package/evolution/web_ef_reality_up_ef_01.plist,web_ef_reality_up_ef_01.png,D:\magia\MyProducts\MagiaRe\Magia_CN_Project\dist\MagiaCN-r128-downloader-fix1.apk!/assets/package/evolution/web_ef_reality_up_ef_01.plist#textureImageData:web_ef_reality_up_ef_01.png,assets/package/evolution/web_ef_reality_up_ef_01.plist#textureImageData:web_ef_reality_up_ef_01.png,embedded-images/assets/package/evolution/web_ef_reality_up_ef_01/web_ef_reality_up_ef_01.tiff,TIFF,64,87,RGBA,1,True,AD89163DA9020A710E5BC702231D193C43FB8E1196CFB8DCD58C9AA1C56B1314,F9954CE643589BC21349D9F581BD7D6E17C4A35165F453F7821AB4A3B1010559,9DBD614B76455C62,25614
P-EMBEDDED-0002,physical,plist_embedded,D:\magia\MyProducts\MagiaRe\Magia_CN_Project\dist\MagiaCN-r128-downloader-fix1.apk,assets/package/evolution/web_ef_reality_up_ef_02.plist,assets/package/evolution/web_ef_reality_up_ef_02.plist,web_ef_reality_up_ef_02.png,D:\magia\MyProducts\MagiaRe\Magia_CN_Project\dist\MagiaCN-r128-downloader-fix1.apk!/assets/package/evolution/web_ef_reality_up_ef_02.plist#textureImageData:web_ef_reality_up_ef_02.png,assets/package/evolution/web_ef_reality_up_ef_02.plist#textureImageData:web_ef_reality_up_ef_02.png,embedded-images/assets/package/evolution/web_ef_reality_up_ef_02/web_ef_reality_up_ef_02.tiff,TIFF,214,214,RGBA,1,True,743624CEBC1425AFF26E687C69147CFD3FCEE6FC7A677E5AB203C1C63372551E,B94FBE2A390CFE18BCB71D58763D2E0D0C11335D781247C7FB2DA61909DF1562,CC93336C67696669,186542
P-EMBEDDED-0003,physical,plist_embedded,D:\magia\MyProducts\MagiaRe\Magia_CN_Project\dist\MagiaCN-r128-downloader-fix1.apk,assets/package/evolution/web_ef_reality_up_ef_03.plist,assets/package/evolution/web_ef_reality_up_ef_03.plist,web_ef_reality_up_ef_03.png,D:\magia\MyProducts\MagiaRe\Magia_CN_Project\dist\MagiaCN-r128-downloader-fix1.apk!/assets/package/evolution/web_ef_reality_up_ef_03.plist#textureImageData:web_ef_reality_up_ef_03.png,assets/package/evolution/web_ef_reality_up_ef_03.plist#textureImageData:web_ef_reality_up_ef_03.png,embedded-images/assets/package/evolution/web_ef_reality_up_ef_03/web_ef_reality_up_ef_03.tiff,TIFF,5,13,RGBA,1,True,D93F77F3388FF780976FA3EABE4BCBF2C6743A94374A7AA0278D2AA545B35382,EAE5E710C482C6E7BCF9BD4A714DDCA6B32EF20E87D8871B41314D73A4650A04,CF3867A6788435D6,3602
P-EMBEDDED-0004,physical,plist_embedded,D:\magia\MyProducts\MagiaRe\Magia_CN_Project\dist\MagiaCN-r128-downloader-fix1.apk,assets/package/evolution/web_ef_reality_up_glitter_00.plist,assets/package/evolution/web_ef_reality_up_glitter_00.plist,web_ef_reality_up_glitter_00.png,D:\magia\MyProducts\MagiaRe\Magia_CN_Project\dist\MagiaCN-r128-downloader-fix1.apk!/assets/package/evolution/web_ef_reality_up_glitter_00.plist#textureImageData:web_ef_reality_up_glitter_00.png,assets/package/evolution/web_ef_reality_up_glitter_00.plist#textureImageData:web_ef_reality_up_glitter_00.png,embedded-images/assets/package/evolution/web_ef_reality_up_glitter_00/web_ef_reality_up_glitter_00.png,PNG,64,64,RGBA,1,True,92CB438E38439ECA94A93D00BA5BDC3EABEF72721530095776658A7040A63A53,A491B3E9F9AA5EA3EDEDFC271C77B57012716FF2B875A68E9409ABDDA535258E,CC3733C3DCD9270C,2200
P-EMBEDDED-0005,physical,plist_embedded,D:\magia\MyProducts\MagiaRe\Magia_CN_Project\dist\MagiaCN-r128-downloader-fix1.apk,assets/package/evolution/web_ef_reality_up_glitter_01.plist,assets/package/evolution/web_ef_reality_up_glitter_01.plist,web_ef_reality_up_glitter_01.png,D:\magia\MyProducts\MagiaRe\Magia_CN_Project\dist\MagiaCN-r128-downloader-fix1.apk!/assets/package/evolution/web_ef_reality_up_glitter_01.plist#textureImageData:web_ef_reality_up_glitter_01.png,assets/package/evolution/web_ef_reality_up_glitter_01.plist#textureImageData:web_ef_reality_up_glitter_01.png,embedded-images/assets/package/evolution/web_ef_reality_up_glitter_01/web_ef_reality_up_glitter_01.png,PNG,64,64,RGBA,1,True,92CB438E38439ECA94A93D00BA5BDC3EABEF72721530095776658A7040A63A53,A491B3E9F9AA5EA3EDEDFC271C77B57012716FF2B875A68E9409ABDDA535258E,CC3733C3DCD9270C,2200
P-EMBEDDED-0006,physical,plist_embedded,D:\magia\MyProducts\MagiaRe\Magia_CN_Project\dist\MagiaCN-r128-downloader-fix1.apk,assets/package/memoria/title_effect.plist,assets/package/memoria/title_effect.plist,title_effect.png,D:\magia\MyProducts\MagiaRe\Magia_CN_Project\dist\MagiaCN-r128-downloader-fix1.apk!/assets/package/memoria/title_effect.plist#textureImageData:title_effect.png,assets/package/memoria/title_effect.plist#textureImageData:title_effect.png,embedded-images/assets/package/memoria/title_effect/title_effect.tiff,TIFF,48,48,RGBA,1,True,2C59A533E9D3DF63DC2E9B17125B139D7C3B36529E0D1F7E853DFB196E684391,9C02145A45239A30E874033CE3A7C6EDC9C3D35BF72763EBF8A4FA7EA6366194,92985C6767C9CC76,12558
P-EMBEDDED-0007,physical,plist_embedded,D:\magia\MyProducts\MagiaRe\Magia_CN_Project\dist\MagiaCN-r128-downloader-fix1.apk,assets/package/memoria/web_ef_memoria_memoria_glitter_00.plist,assets/package/memoria/web_ef_memoria_memoria_glitter_00.plist,web_ef_memoria_memoria_glitter_00.png,D:\magia\MyProducts\MagiaRe\Magia_CN_Project\dist\MagiaCN-r128-downloader-fix1.apk!/assets/package/memoria/web_ef_memoria_memoria_glitter_00.plist#textureImageData:web_ef_memoria_memoria_glitter_00.png,assets/package/memoria/web_ef_memoria_memoria_glitter_00.plist#textureImageData:web_ef_memoria_memoria_glitter_00.png,embedded-images/assets/package/memoria/web_ef_memoria_memoria_glitter_00/web_ef_memoria_memoria_glitter_00.png,PNG,128,128,RGBA,1,True,07FA97A1E225844DFEA667AAF7B328F7D8A5C874B313129617A10710D9AEA6A3,070B1F55FA48DDCEA0883B9C9F8F96492F3754A767CD2F4BFA082DEF8DA9CFA3,CCC834C8D7370B77,5380
P-EMBEDDED-0008,physical,plist_embedded,D:\magia\MyProducts\MagiaRe\Magia_CN_Project\dist\MagiaCN-r128-downloader-fix1.apk,assets/package/memoria/web_ef_memoria_memoria_glitter_01.plist,assets/package/memoria/web_ef_memoria_memoria_glitter_01.plist,web_ef_memoria_memoria_glitter_01.png,D:\magia\MyProducts\MagiaRe\Magia_CN_Project\dist\MagiaCN-r128-downloader-fix1.apk!/assets/package/memoria/web_ef_memoria_memoria_glitter_01.plist#textureImageData:web_ef_memoria_memoria_glitter_01.png,assets/package/memoria/web_ef_memoria_memoria_glitter_01.plist#textureImageData:web_ef_memoria_memoria_glitter_01.png,embedded-images/assets/package/memoria/web_ef_memoria_memoria_glitter_01/web_ef_memoria_memoria_glitter_01.png,PNG,100,100,RGBA,1,True,5BAB1725241D979E8E315BA960D068141BC725B52C86AD9EA428C79CD21C33B7,9CD3FD59BDB6A29CCAC0DAAE877FBF73CACDF4132C04AA1726A364061A4DA955,993366CE9A3969C3,4550
P-EMBEDDED-0009,physical,plist_embedded,D:\magia\MyProducts\MagiaRe\Magia_CN_Project\dist\MagiaCN-r128-downloader-fix1.apk,assets/package/memoria/web_ef_memoria_memoria_glitter_02.plist,assets/package/memoria/web_ef_memoria_memoria_glitter_02.plist,web_ef_memoria_memoria_glitter_02.png,D:\magia\MyProducts\MagiaRe\Magia_CN_Project\dist\MagiaCN-r128-downloader-fix1.apk!/assets/package/memoria/web_ef_memoria_memoria_glitter_02.plist#textureImageData:web_ef_memoria_memoria_glitter_02.png,assets/package/memoria/web_ef_memoria_memoria_glitter_02.plist#textureImageData:web_ef_memoria_memoria_glitter_02.png,embedded-images/assets/package/memoria/web_ef_memoria_memoria_glitter_02/web_ef_memoria_memoria_glitter_02.png,PNG,128,128,RGBA,1,True,07FA97A1E225844DFEA667AAF7B328F7D8A5C874B313129617A10710D9AEA6A3,070B1F55FA48DDCEA0883B9C9F8F96492F3754A767CD2F4BFA082DEF8DA9CFA3,CCC834C8D7370B77,5380
P-EMBEDDED-0010,physical,plist_embedded,D:\magia\MyProducts\MagiaRe\Magia_CN_Project\dist\MagiaCN-r128-downloader-fix1.apk,assets/package/quest/avatar/ef_jem.plist,assets/package/quest/avatar/ef_jem.plist,ef_jem.png,D:\magia\MyProducts\MagiaRe\Magia_CN_Project\dist\MagiaCN-r128-downloader-fix1.apk!/assets/package/quest/avatar/ef_jem.plist#textureImageData:ef_jem.png,assets/package/quest/avatar/ef_jem.plist#textureImageData:ef_jem.png,embedded-images/assets/package/quest/avatar/ef_jem/ef_jem.tiff,TIFF,48,48,RGBA,1,True,AD5AC9D31613DB164D2698887FED70790F3EE83724D7C8F0C0A048263B2189DF,4E99071E5DEB1523EE572391A0417A940553EF3137FC91760BC025639BB43637,BC3AC3F08DD73498,12558
P-EMBEDDED-0011,physical,plist_embedded,D:\magia\MyProducts\MagiaRe\Magia_CN_Project\dist\MagiaCN-r128-downloader-fix1.apk,assets/package/quest/ef_battle00/coma_particle_02.plist,assets/package/quest/ef_battle00/coma_particle_02.plist,coma_particle_02.png,D:\magia\MyProducts\MagiaRe\Magia_CN_Project\dist\MagiaCN-r128-downloader-fix1.apk!/assets/package/quest/ef_battle00/coma_particle_02.plist#textureImageData:coma_particle_02.png,assets/package/quest/ef_battle00/coma_particle_02.plist#textureImageData:coma_particle_02.png,embedded-images/assets/package/quest/ef_battle00/coma_particle_02/coma_particle_02.png,PNG,32,32,RGBA,1,True,DC6D968CE3BB0DFA70BB0A05DA6833056698343F934A240357615BEAEA78CC0A,2C614EFD0D94D34F7F7DF62C5001E37E36072B4E3AF574BE400FE339D1D94F5F,C5CD2D277869165E,1082
P-EMBEDDED-0012,physical,plist_embedded,D:\magia\MyProducts\MagiaRe\Magia_CN_Project\dist\MagiaCN-r128-downloader-fix1.apk,assets/package/quest/ef_battle00/coma_particle_06.plist,assets/package/quest/ef_battle00/coma_particle_06.plist,coma_particle_06.png,D:\magia\MyProducts\MagiaRe\Magia_CN_Project\dist\MagiaCN-r128-downloader-fix1.apk!/assets/package/quest/ef_battle00/coma_particle_06.plist#textureImageData:coma_particle_06.png,assets/package/quest/ef_battle00/coma_particle_06.plist#textureImageData:coma_particle_06.png,embedded-images/assets/package/quest/ef_battle00/coma_particle_06/coma_particle_06.png,PNG,32,32,RGBA,1,True,57120E0531AC8E76A7C40DB1D2006B61E5D87AC5CC0C8385EC5F6F412A7385E7,728C6C4221803B6DEAA993795DD47286713CF0BE4C8C0790693812903E153514,C8C83F3FF42D3234,722
P-EMBEDDED-0013,physical,plist_embedded,D:\magia\MyProducts\MagiaRe\Magia_CN_Project\dist\MagiaCN-r128-downloader-fix1.apk,assets/package/quest/ef_battle00/ef_battle00_pa00.plist,assets/package/quest/ef_battle00/ef_battle00_pa00.plist,ef_battle00_pa00.png,D:\magia\MyProducts\MagiaRe\Magia_CN_Project\dist\MagiaCN-r128-downloader-fix1.apk!/assets/package/quest/ef_battle00/ef_battle00_pa00.plist#textureImageData:ef_battle00_pa00.png,assets/package/quest/ef_battle00/ef_battle00_pa00.plist#textureImageData:ef_battle00_pa00.png,embedded-images/assets/package/quest/ef_battle00/ef_battle00_pa00/ef_battle00_pa00.tiff,TIFF,100,100,RGBA,1,True,7D889A70B62474A2BAFD67505BEE102C1B9F4AD41815B7A3166FDEA799E4B551,BB3D083825AB14913FE01F9749D4F2FC835F0FAFA714C766F9A2AA680566CDE1,9963669C9E697986,43342
P-EMBEDDED-0014,physical,plist_embedded,D:\magia\MyProducts\MagiaRe\Magia_CN_Project\dist\MagiaCN-r128-downloader-fix1.apk,assets/package/quest/ef_battle01/coma_particle_04.plist,assets/package/quest/ef_battle01/coma_particle_04.plist,coma_particle_04.png,D:\magia\MyProducts\MagiaRe\Magia_CN_Project\dist\MagiaCN-r128-downloader-fix1.apk!/assets/package/quest/ef_battle01/coma_particle_04.plist#textureImageData:coma_particle_04.png,assets/package/quest/ef_battle01/coma_particle_04.plist#textureImageData:coma_particle_04.png,embedded-images/assets/package/quest/ef_battle01/coma_particle_04/coma_particle_04.png,PNG,60,60,RGBA,1,True,130E489A89A1906BBBF568D410FDB066D15A227A7AA06BCF5EABF19E2F72BC2D,54D8AD92F3BF63925E5657EE958275AEC8962E4BB3767442DAB6348FE211F570,9966666666CC66D9,1684
P-EMBEDDED-0015,physical,plist_embedded,D:\magia\MyProducts\MagiaRe\Magia_CN_Project\dist\MagiaCN-r128-downloader-fix1.apk,assets/package/quest/ef_battle01/coma_particle_05.plist,assets/package/quest/ef_battle01/coma_particle_05.plist,coma_particle_05.png,D:\magia\MyProducts\MagiaRe\Magia_CN_Project\dist\MagiaCN-r128-downloader-fix1.apk!/assets/package/quest/ef_battle01/coma_particle_05.plist#textureImageData:coma_particle_05.png,assets/package/quest/ef_battle01/coma_particle_05.plist#textureImageData:coma_particle_05.png,embedded-images/assets/package/quest/ef_battle01/coma_particle_05/coma_particle_05.png,PNG,32,32,RGBA,1,True,57120E0531AC8E76A7C40DB1D2006B61E5D87AC5CC0C8385EC5F6F412A7385E7,728C6C4221803B6DEAA993795DD47286713CF0BE4C8C0790693812903E153514,C8C83F3FF42D3234,722
P-EMBEDDED-0016,physical,plist_embedded,D:\magia\MyProducts\MagiaRe\Magia_CN_Project\dist\MagiaCN-r128-downloader-fix1.apk,assets/package/quest/ef_battle01/coma_particle_06.plist,assets/package/quest/ef_battle01/coma_particle_06.plist,coma_particle_06.png,D:\magia\MyProducts\MagiaRe\Magia_CN_Project\dist\MagiaCN-r128-downloader-fix1.apk!/assets/package/quest/ef_battle01/coma_particle_06.plist#textureImageData:coma_particle_06.png,assets/package/quest/ef_battle01/coma_particle_06.plist#textureImageData:coma_particle_06.png,embedded-images/assets/package/quest/ef_battle01/coma_particle_06/coma_particle_06.png,PNG,32,32,RGBA,1,True,57120E0531AC8E76A7C40DB1D2006B61E5D87AC5CC0C8385EC5F6F412A7385E7,728C6C4221803B6DEAA993795DD47286713CF0BE4C8C0790693812903E153514,C8C83F3FF42D3234,722
P-EMBEDDED-0017,physical,plist_embedded,D:\magia\MyProducts\MagiaRe\Magia_CN_Project\dist\MagiaCN-r128-downloader-fix1.apk,assets/package/quest/ef_battle01/coma_particle_07.plist,assets/package/quest/ef_battle01/coma_particle_07.plist,coma_particle_07.png,D:\magia\MyProducts\MagiaRe\Magia_CN_Project\dist\MagiaCN-r128-downloader-fix1.apk!/assets/package/quest/ef_battle01/coma_particle_07.plist#textureImageData:coma_particle_07.png,assets/package/quest/ef_battle01/coma_particle_07.plist#textureImageData:coma_particle_07.png,embedded-images/assets/package/quest/ef_battle01/coma_particle_07/coma_particle_07.png,PNG,60,60,RGBA,1,True,130E489A89A1906BBBF568D410FDB066D15A227A7AA06BCF5EABF19E2F72BC2D,54D8AD92F3BF63925E5657EE958275AEC8962E4BB3767442DAB6348FE211F570,9966666666CC66D9,1684
P-EMBEDDED-0018,physical,plist_embedded,D:\magia\MyProducts\MagiaRe\Magia_CN_Project\dist\MagiaCN-r128-downloader-fix1.apk,assets/package/quest/ef_boss00/ef_boss.plist,assets/package/quest/ef_boss00/ef_boss.plist,ef_boss.png,D:\magia\MyProducts\MagiaRe\Magia_CN_Project\dist\MagiaCN-r128-downloader-fix1.apk!/assets/package/quest/ef_boss00/ef_boss.plist#textureImageData:ef_boss.png,assets/package/quest/ef_boss00/ef_boss.plist#textureImageData:ef_boss.png,embedded-images/assets/package/quest/ef_boss00/ef_boss/ef_boss.png,PNG,32,32,RGBA,1,True,57120E0531AC8E76A7C40DB1D2006B61E5D87AC5CC0C8385EC5F6F412A7385E7,728C6C4221803B6DEAA993795DD47286713CF0BE4C8C0790693812903E153514,C8C83F3FF42D3234,722
P-EMBEDDED-0019,physical,plist_embedded,D:\magia\MyProducts\MagiaRe\Magia_CN_Project\dist\MagiaCN-r128-downloader-fix1.apk,assets/package/quest/ef_mini_m_cutin/ef_action_in00.plist,assets/package/quest/ef_mini_m_cutin/ef_action_in00.plist,ef_action_in00.png,D:\magia\MyProducts\MagiaRe\Magia_CN_Project\dist\MagiaCN-r128-downloader-fix1.apk!/assets/package/quest/ef_mini_m_cutin/ef_action_in00.plist#textureImageData:ef_action_in00.png,assets/package/quest/ef_mini_m_cutin/ef_action_in00.plist#textureImageData:ef_action_in00.png,embedded-images/assets/package/quest/ef_mini_m_cutin/ef_action_in00/ef_action_in00.tiff,TIFF,150,150,RGBA,1,True,65F46DC5F6041FDF389A28FA9B5E67C000957CD7AED2A5B21D38E45504BC0126,B0A526EF31A2B9A72FD731CD143CEE876F19F537E59E51DEF24E7021018D7B27,957B7AF1609521D6,93342
P-EMBEDDED-0020,physical,plist_embedded,D:\magia\MyProducts\MagiaRe\Magia_CN_Project\dist\MagiaCN-r128-downloader-fix1.apk,assets/package/quest/ef_mini_m_cutin/ef_action_in01.plist,assets/package/quest/ef_mini_m_cutin/ef_action_in01.plist,ef_action_in01.png,D:\magia\MyProducts\MagiaRe\Magia_CN_Project\dist\MagiaCN-r128-downloader-fix1.apk!/assets/package/quest/ef_mini_m_cutin/ef_action_in01.plist#textureImageData:ef_action_in01.png,assets/package/quest/ef_mini_m_cutin/ef_action_in01.plist#textureImageData:ef_action_in01.png,embedded-images/assets/package/quest/ef_mini_m_cutin/ef_action_in01/ef_action_in01.tiff,TIFF,150,150,RGBA,1,True,65F46DC5F6041FDF389A28FA9B5E67C000957CD7AED2A5B21D38E45504BC0126,B0A526EF31A2B9A72FD731CD143CEE876F19F537E59E51DEF24E7021018D7B27,957B7AF1609521D6,93342
P-EMBEDDED-0021,physical,plist_embedded,D:\magia\MyProducts\MagiaRe\Magia_CN_Project\dist\MagiaCN-r128-downloader-fix1.apk,assets/package/quest/ef_mini_m_cutin/ef_action_in02.plist,assets/package/quest/ef_mini_m_cutin/ef_action_in02.plist,ef_action_in02.png,D:\magia\MyProducts\MagiaRe\Magia_CN_Project\dist\MagiaCN-r128-downloader-fix1.apk!/assets/package/quest/ef_mini_m_cutin/ef_action_in02.plist#textureImageData:ef_action_in02.png,assets/package/quest/ef_mini_m_cutin/ef_action_in02.plist#textureImageData:ef_action_in02.png,embedded-images/assets/package/quest/ef_mini_m_cutin/ef_action_in02/ef_action_in02.tiff,TIFF,150,150,RGBA,1,True,65F46DC5F6041FDF389A28FA9B5E67C000957CD7AED2A5B21D38E45504BC0126,B0A526EF31A2B9A72FD731CD143CEE876F19F537E59E51DEF24E7021018D7B27,957B7AF1609521D6,93342
P-EMBEDDED-0022,physical,plist_embedded,D:\magia\MyProducts\MagiaRe\Magia_CN_Project\dist\MagiaCN-r128-downloader-fix1.apk,assets/package/quest/ef_mini_m_cutin/ef_action_in03.plist,assets/package/quest/ef_mini_m_cutin/ef_action_in03.plist,ef_action_in03.png,D:\magia\MyProducts\MagiaRe\Magia_CN_Project\dist\MagiaCN-r128-downloader-fix1.apk!/assets/package/quest/ef_mini_m_cutin/ef_action_in03.plist#textureImageData:ef_action_in03.png,assets/package/quest/ef_mini_m_cutin/ef_action_in03.plist#textureImageData:ef_action_in03.png,embedded-images/assets/package/quest/ef_mini_m_cutin/ef_action_in03/ef_action_in03.tiff,TIFF,150,150,RGBA,1,True,65F46DC5F6041FDF389A28FA9B5E67C000957CD7AED2A5B21D38E45504BC0126,B0A526EF31A2B9A72FD731CD143CEE876F19F537E59E51DEF24E7021018D7B27,957B7AF1609521D6,93342
P-EMBEDDED-0023,physical,plist_embedded,D:\magia\MyProducts\MagiaRe\Magia_CN_Project\dist\MagiaCN-r128-downloader-fix1.apk,assets/package/quest/ef_mini_m_cutin/ef_action_in04.plist,assets/package/quest/ef_mini_m_cutin/ef_action_in04.plist,ef_action_in04.png,D:\magia\MyProducts\MagiaRe\Magia_CN_Project\dist\MagiaCN-r128-downloader-fix1.apk!/assets/package/quest/ef_mini_m_cutin/ef_action_in04.plist#textureImageData:ef_action_in04.png,assets/package/quest/ef_mini_m_cutin/ef_action_in04.plist#textureImageData:ef_action_in04.png,embedded-images/assets/package/quest/ef_mini_m_cutin/ef_action_in04/ef_action_in04.tiff,TIFF,150,150,RGBA,1,True,65F46DC5F6041FDF389A28FA9B5E67C000957CD7AED2A5B21D38E45504BC0126,B0A526EF31A2B9A72FD731CD143CEE876F19F537E59E51DEF24E7021018D7B27,957B7AF1609521D6,93342
P-EMBEDDED-0024,physical,plist_embedded,D:\magia\MyProducts\MagiaRe\Magia_CN_Project\dist\MagiaCN-r128-downloader-fix1.apk,assets/package/quest/ef_mini_m_cutin/ef_cut_in_02.plist,assets/package/quest/ef_mini_m_cutin/ef_cut_in_02.plist,ef_cut_in_02.png,D:\magia\MyProducts\MagiaRe\Magia_CN_Project\dist\MagiaCN-r128-downloader-fix1.apk!/assets/package/quest/ef_mini_m_cutin/ef_cut_in_02.plist#textureImageData:ef_cut_in_02.png,assets/package/quest/ef_mini_m_cutin/ef_cut_in_02.plist#textureImageData:ef_cut_in_02.png,embedded-images/assets/package/quest/ef_mini_m_cutin/ef_cut_in_02/ef_cut_in_02.tiff,TIFF,300,300,RGBA,1,True,296683A83118F0711D7D2210460098752CDA254D976C10237849EEF8BCE75BA6,B987FFC1EF33454655FFBC6ABBA5B14E20987339C903D1C29866FB1D3CFA9D73,D42F2BD4D42B2BD4,363366
P-EMBEDDED-0025,physical,plist_embedded,D:\magia\MyProducts\MagiaRe\Magia_CN_Project\dist\MagiaCN-r128-downloader-fix1.apk,assets/package/quest/ef_qb_charge/ef_qb_charge_01.plist,assets/package/quest/ef_qb_charge/ef_qb_charge_01.plist,ef_qb_charge_01.png,D:\magia\MyProducts\MagiaRe\Magia_CN_Project\dist\MagiaCN-r128-downloader-fix1.apk!/assets/package/quest/ef_qb_charge/ef_qb_charge_01.plist#textureImageData:ef_qb_charge_01.png,assets/package/quest/ef_qb_charge/ef_qb_charge_01.plist#textureImageData:ef_qb_charge_01.png,embedded-images/assets/package/quest/ef_qb_charge/ef_qb_charge_01/ef_qb_charge_01.png,PNG,60,60,RGBA,1,True,130E489A89A1906BBBF568D410FDB066D15A227A7AA06BCF5EABF19E2F72BC2D,54D8AD92F3BF63925E5657EE958275AEC8962E4BB3767442DAB6348FE211F570,9966666666CC66D9,1684
P-EMBEDDED-0026,physical,plist_embedded,D:\magia\MyProducts\MagiaRe\Magia_CN_Project\dist\MagiaCN-r128-downloader-fix1.apk,assets/package/quest/ef_qb_charge/ef_qb_charge_02.plist,assets/package/quest/ef_qb_charge/ef_qb_charge_02.plist,ef_qb_charge_02.png,D:\magia\MyProducts\MagiaRe\Magia_CN_Project\dist\MagiaCN-r128-downloader-fix1.apk!/assets/package/quest/ef_qb_charge/ef_qb_charge_02.plist#textureImageData:ef_qb_charge_02.png,assets/package/quest/ef_qb_charge/ef_qb_charge_02.plist#textureImageData:ef_qb_charge_02.png,embedded-images/assets/package/quest/ef_qb_charge/ef_qb_charge_02/ef_qb_charge_02.tiff,TIFF,100,100,RGBA,1,True,7D889A70B62474A2BAFD67505BEE102C1B9F4AD41815B7A3166FDEA799E4B551,BB3D083825AB14913FE01F9749D4F2FC835F0FAFA714C766F9A2AA680566CDE1,9963669C9E697986,43342
P-EMBEDDED-0027,physical,plist_embedded,D:\magia\MyProducts\MagiaRe\Magia_CN_Project\dist\MagiaCN-r128-downloader-fix1.apk,assets/package/quest/ef_qb_charge/ef_qb_charge_03.plist,assets/package/quest/ef_qb_charge/ef_qb_charge_03.plist,ef_qb_charge_03.png,D:\magia\MyProducts\MagiaRe\Magia_CN_Project\dist\MagiaCN-r128-downloader-fix1.apk!/assets/package/quest/ef_qb_charge/ef_qb_charge_03.plist#textureImageData:ef_qb_charge_03.png,assets/package/quest/ef_qb_charge/ef_qb_charge_03.plist#textureImageData:ef_qb_charge_03.png,embedded-images/assets/package/quest/ef_qb_charge/ef_qb_charge_03/ef_qb_charge_03.png,PNG,32,32,RGBA,1,True,57120E0531AC8E76A7C40DB1D2006B61E5D87AC5CC0C8385EC5F6F412A7385E7,728C6C4221803B6DEAA993795DD47286713CF0BE4C8C0790693812903E153514,C8C83F3FF42D3234,722
P-EMBEDDED-0028,physical,plist_embedded,D:\magia\MyProducts\MagiaRe\Magia_CN_Project\dist\MagiaCN-r128-downloader-fix1.apk,assets/package/quest/ef_qb_connect/ef_qb_connect_01.plist,assets/package/quest/ef_qb_connect/ef_qb_connect_01.plist,ef_qb_connect_01.png,D:\magia\MyProducts\MagiaRe\Magia_CN_Project\dist\MagiaCN-r128-downloader-fix1.apk!/assets/package/quest/ef_qb_connect/ef_qb_connect_01.plist#textureImageData:ef_qb_connect_01.png,assets/package/quest/ef_qb_connect/ef_qb_connect_01.plist#textureImageData:ef_qb_connect_01.png,embedded-images/assets/package/quest/ef_qb_connect/ef_qb_connect_01/ef_qb_connect_01.png,PNG,60,60,RGBA,1,True,130E489A89A1906BBBF568D410FDB066D15A227A7AA06BCF5EABF19E2F72BC2D,54D8AD92F3BF63925E5657EE958275AEC8962E4BB3767442DAB6348FE211F570,9966666666CC66D9,1684
P-EMBEDDED-0029,physical,plist_embedded,D:\magia\MyProducts\MagiaRe\Magia_CN_Project\dist\MagiaCN-r128-downloader-fix1.apk,assets/package/quest/ef_qb_connect/ef_qb_connect_02.plist,assets/package/quest/ef_qb_connect/ef_qb_connect_02.plist,ef_qb_connect_02.png,D:\magia\MyProducts\MagiaRe\Magia_CN_Project\dist\MagiaCN-r128-downloader-fix1.apk!/assets/package/quest/ef_qb_connect/ef_qb_connect_02.plist#textureImageData:ef_qb_connect_02.png,assets/package/quest/ef_qb_connect/ef_qb_connect_02.plist#textureImageData:ef_qb_connect_02.png,embedded-images/assets/package/quest/ef_qb_connect/ef_qb_connect_02/ef_qb_connect_02.tiff,TIFF,100,100,RGBA,1,True,7D889A70B62474A2BAFD67505BEE102C1B9F4AD41815B7A3166FDEA799E4B551,BB3D083825AB14913FE01F9749D4F2FC835F0FAFA714C766F9A2AA680566CDE1,9963669C9E697986,43342
P-EMBEDDED-0030,physical,plist_embedded,D:\magia\MyProducts\MagiaRe\Magia_CN_Project\dist\MagiaCN-r128-downloader-fix1.apk,assets/package/quest/ef_qb_connect/ef_qb_connect_03.plist,assets/package/quest/ef_qb_connect/ef_qb_connect_03.plist,ef_qb_connect_03.png,D:\magia\MyProducts\MagiaRe\Magia_CN_Project\dist\MagiaCN-r128-downloader-fix1.apk!/assets/package/quest/ef_qb_connect/ef_qb_connect_03.plist#textureImageData:ef_qb_connect_03.png,assets/package/quest/ef_qb_connect/ef_qb_connect_03.plist#textureImageData:ef_qb_connect_03.png,embedded-images/assets/package/quest/ef_qb_connect/ef_qb_connect_03/ef_qb_connect_03.png,PNG,32,32,RGBA,1,True,57120E0531AC8E76A7C40DB1D2006B61E5D87AC5CC0C8385EC5F6F412A7385E7,728C6C4221803B6DEAA993795DD47286713CF0BE4C8C0790693812903E153514,C8C83F3FF42D3234,722
P-EMBEDDED-0031,physical,plist_embedded,D:\magia\MyProducts\MagiaRe\Magia_CN_Project\dist\MagiaCN-r128-downloader-fix1.apk,assets/package/quest/ef_qb_cutin/ef_cut_in_01.plist,assets/package/quest/ef_qb_cutin/ef_cut_in_01.plist,ef_cut_in_01.png,D:\magia\MyProducts\MagiaRe\Magia_CN_Project\dist\MagiaCN-r128-downloader-fix1.apk!/assets/package/quest/ef_qb_cutin/ef_cut_in_01.plist#textureImageData:ef_cut_in_01.png,assets/package/quest/ef_qb_cutin/ef_cut_in_01.plist#textureImageData:ef_cut_in_01.png,embedded-images/assets/package/quest/ef_qb_cutin/ef_cut_in_01/ef_cut_in_01.tiff,TIFF,150,150,RGBA,1,True,65F46DC5F6041FDF389A28FA9B5E67C000957CD7AED2A5B21D38E45504BC0126,B0A526EF31A2B9A72FD731CD143CEE876F19F537E59E51DEF24E7021018D7B27,957B7AF1609521D6,93342
P-EMBEDDED-0032,physical,plist_embedded,D:\magia\MyProducts\MagiaRe\Magia_CN_Project\dist\MagiaCN-r128-downloader-fix1.apk,assets/package/quest/ef_qb_cutin/ef_cut_in_02.plist,assets/package/quest/ef_qb_cutin/ef_cut_in_02.plist,ef_cut_in_02.png,D:\magia\MyProducts\MagiaRe\Magia_CN_Project\dist\MagiaCN-r128-downloader-fix1.apk!/assets/package/quest/ef_qb_cutin/ef_cut_in_02.plist#textureImageData:ef_cut_in_02.png,assets/package/quest/ef_qb_cutin/ef_cut_in_02.plist#textureImageData:ef_cut_in_02.png,embedded-images/assets/package/quest/ef_qb_cutin/ef_cut_in_02/ef_cut_in_02.tiff,TIFF,300,300,RGBA,1,True,296683A83118F0711D7D2210460098752CDA254D976C10237849EEF8BCE75BA6,B987FFC1EF33454655FFBC6ABBA5B14E20987339C903D1C29866FB1D3CFA9D73,D42F2BD4D42B2BD4,363366
P-EMBEDDED-0033,physical,plist_embedded,D:\magia\MyProducts\MagiaRe\Magia_CN_Project\dist\MagiaCN-r128-downloader-fix1.apk,assets/package/quest/ef_qb_mpup/ef_qb_mpup_01.plist,assets/package/quest/ef_qb_mpup/ef_qb_mpup_01.plist,ef_qb_mpup_01.png,D:\magia\MyProducts\MagiaRe\Magia_CN_Project\dist\MagiaCN-r128-downloader-fix1.apk!/assets/package/quest/ef_qb_mpup/ef_qb_mpup_01.plist#textureImageData:ef_qb_mpup_01.png,assets/package/quest/ef_qb_mpup/ef_qb_mpup_01.plist#textureImageData:ef_qb_mpup_01.png,embedded-images/assets/package/quest/ef_qb_mpup/ef_qb_mpup_01/ef_qb_mpup_01.png,PNG,60,60,RGBA,1,True,130E489A89A1906BBBF568D410FDB066D15A227A7AA06BCF5EABF19E2F72BC2D,54D8AD92F3BF63925E5657EE958275AEC8962E4BB3767442DAB6348FE211F570,9966666666CC66D9,1684
P-EMBEDDED-0034,physical,plist_embedded,D:\magia\MyProducts\MagiaRe\Magia_CN_Project\dist\MagiaCN-r128-downloader-fix1.apk,assets/package/quest/ef_qb_mpup/ef_qb_mpup_02.plist,assets/package/quest/ef_qb_mpup/ef_qb_mpup_02.plist,ef_qb_mpup_02.png,D:\magia\MyProducts\MagiaRe\Magia_CN_Project\dist\MagiaCN-r128-downloader-fix1.apk!/assets/package/quest/ef_qb_mpup/ef_qb_mpup_02.plist#textureImageData:ef_qb_mpup_02.png,assets/package/quest/ef_qb_mpup/ef_qb_mpup_02.plist#textureImageData:ef_qb_mpup_02.png,embedded-images/assets/package/quest/ef_qb_mpup/ef_qb_mpup_02/ef_qb_mpup_02.tiff,TIFF,100,100,RGBA,1,True,7D889A70B62474A2BAFD67505BEE102C1B9F4AD41815B7A3166FDEA799E4B551,BB3D083825AB14913FE01F9749D4F2FC835F0FAFA714C766F9A2AA680566CDE1,9963669C9E697986,43342
P-EMBEDDED-0035,physical,plist_embedded,D:\magia\MyProducts\MagiaRe\Magia_CN_Project\dist\MagiaCN-r128-downloader-fix1.apk,assets/package/quest/ef_qb_mpup/ef_qb_mpup_03.plist,assets/package/quest/ef_qb_mpup/ef_qb_mpup_03.plist,ef_qb_mpup_03.png,D:\magia\MyProducts\MagiaRe\Magia_CN_Project\dist\MagiaCN-r128-downloader-fix1.apk!/assets/package/quest/ef_qb_mpup/ef_qb_mpup_03.plist#textureImageData:ef_qb_mpup_03.png,assets/package/quest/ef_qb_mpup/ef_qb_mpup_03.plist#textureImageData:ef_qb_mpup_03.png,embedded-images/assets/package/quest/ef_qb_mpup/ef_qb_mpup_03/ef_qb_mpup_03.png,PNG,32,32,RGBA,1,True,57120E0531AC8E76A7C40DB1D2006B61E5D87AC5CC0C8385EC5F6F412A7385E7,728C6C4221803B6DEAA993795DD47286713CF0BE4C8C0790693812903E153514,C8C83F3FF42D3234,722
P-EMBEDDED-0036,physical,plist_embedded,D:\magia\MyProducts\MagiaRe\Magia_CN_Project\dist\MagiaCN-r128-downloader-fix1.apk,assets/package/quest/ef_skill_01/ef_skill_01_ef_02.plist,assets/package/quest/ef_skill_01/ef_skill_01_ef_02.plist,ef_skill_01_ef_02.png,D:\magia\MyProducts\MagiaRe\Magia_CN_Project\dist\MagiaCN-r128-downloader-fix1.apk!/assets/package/quest/ef_skill_01/ef_skill_01_ef_02.plist#textureImageData:ef_skill_01_ef_02.png,assets/package/quest/ef_skill_01/ef_skill_01_ef_02.plist#textureImageData:ef_skill_01_ef_02.png,embedded-images/assets/package/quest/ef_skill_01/ef_skill_01_ef_02/ef_skill_01_ef_02.png,PNG,32,32,RGBA,1,True,57120E0531AC8E76A7C40DB1D2006B61E5D87AC5CC0C8385EC5F6F412A7385E7,728C6C4221803B6DEAA993795DD47286713CF0BE4C8C0790693812903E153514,C8C83F3FF42D3234,722
P-EMBEDDED-0037,physical,plist_embedded,D:\magia\MyProducts\MagiaRe\Magia_CN_Project\dist\MagiaCN-r128-downloader-fix1.apk,assets/package/quest/ef_skill_01/ef_skill_01_ef_03.plist,assets/package/quest/ef_skill_01/ef_skill_01_ef_03.plist,ef_skill_01_ef_03.png,D:\magia\MyProducts\MagiaRe\Magia_CN_Project\dist\MagiaCN-r128-downloader-fix1.apk!/assets/package/quest/ef_skill_01/ef_skill_01_ef_03.plist#textureImageData:ef_skill_01_ef_03.png,assets/package/quest/ef_skill_01/ef_skill_01_ef_03.plist#textureImageData:ef_skill_01_ef_03.png,embedded-images/assets/package/quest/ef_skill_01/ef_skill_01_ef_03/ef_skill_01_ef_03.png,PNG,32,32,RGBA,1,True,57120E0531AC8E76A7C40DB1D2006B61E5D87AC5CC0C8385EC5F6F412A7385E7,728C6C4221803B6DEAA993795DD47286713CF0BE4C8C0790693812903E153514,C8C83F3FF42D3234,722
P-EMBEDDED-0038,physical,plist_embedded,D:\magia\MyProducts\MagiaRe\Magia_CN_Project\dist\MagiaCN-r128-downloader-fix1.apk,assets/package/quest/qb_ef_sp_combo/qb_ef_sp_01.plist,assets/package/quest/qb_ef_sp_combo/qb_ef_sp_01.plist,qb_ef_sp_01.png,D:\magia\MyProducts\MagiaRe\Magia_CN_Project\dist\MagiaCN-r128-downloader-fix1.apk!/assets/package/quest/qb_ef_sp_combo/qb_ef_sp_01.plist#textureImageData:qb_ef_sp_01.png,assets/package/quest/qb_ef_sp_combo/qb_ef_sp_01.plist#textureImageData:qb_ef_sp_01.png,embedded-images/assets/package/quest/qb_ef_sp_combo/qb_ef_sp_01/qb_ef_sp_01.png,PNG,60,60,RGBA,1,True,130E489A89A1906BBBF568D410FDB066D15A227A7AA06BCF5EABF19E2F72BC2D,54D8AD92F3BF63925E5657EE958275AEC8962E4BB3767442DAB6348FE211F570,9966666666CC66D9,1684
P-EMBEDDED-0039,physical,plist_embedded,D:\magia\MyProducts\MagiaRe\Magia_CN_Project\dist\MagiaCN-r128-downloader-fix1.apk,assets/package/quest/qb_ef_sp_combo/qb_ef_sp_02.plist,assets/package/quest/qb_ef_sp_combo/qb_ef_sp_02.plist,qb_ef_sp_02.png,D:\magia\MyProducts\MagiaRe\Magia_CN_Project\dist\MagiaCN-r128-downloader-fix1.apk!/assets/package/quest/qb_ef_sp_combo/qb_ef_sp_02.plist#textureImageData:qb_ef_sp_02.png,assets/package/quest/qb_ef_sp_combo/qb_ef_sp_02.plist#textureImageData:qb_ef_sp_02.png,embedded-images/assets/package/quest/qb_ef_sp_combo/qb_ef_sp_02/qb_ef_sp_02.tiff,TIFF,100,100,RGBA,1,True,7D889A70B62474A2BAFD67505BEE102C1B9F4AD41815B7A3166FDEA799E4B551,BB3D083825AB14913FE01F9749D4F2FC835F0FAFA714C766F9A2AA680566CDE1,9963669C9E697986,43342
P-EMBEDDED-0040,physical,plist_embedded,D:\magia\MyProducts\MagiaRe\Magia_CN_Project\dist\MagiaCN-r128-downloader-fix1.apk,assets/package/quest/qb_ef_sp_combo/qb_ef_sp_03.plist,assets/package/quest/qb_ef_sp_combo/qb_ef_sp_03.plist,qb_ef_sp_03.png,D:\magia\MyProducts\MagiaRe\Magia_CN_Project\dist\MagiaCN-r128-downloader-fix1.apk!/assets/package/quest/qb_ef_sp_combo/qb_ef_sp_03.plist#textureImageData:qb_ef_sp_03.png,assets/package/quest/qb_ef_sp_combo/qb_ef_sp_03.plist#textureImageData:qb_ef_sp_03.png,embedded-images/assets/package/quest/qb_ef_sp_combo/qb_ef_sp_03/qb_ef_sp_03.png,PNG,32,32,RGBA,1,True,57120E0531AC8E76A7C40DB1D2006B61E5D87AC5CC0C8385EC5F6F412A7385E7,728C6C4221803B6DEAA993795DD47286713CF0BE4C8C0790693812903E153514,C8C83F3FF42D3234,722
P-EMBEDDED-0041,physical,plist_embedded,D:\magia\MyProducts\MagiaRe\Magia_CN_Project\dist\MagiaCN-r128-downloader-fix1.apk,assets/package/quest/qb_number/qb_number_ef_01.plist,assets/package/quest/qb_number/qb_number_ef_01.plist,qb_number_ef_01.png,D:\magia\MyProducts\MagiaRe\Magia_CN_Project\dist\MagiaCN-r128-downloader-fix1.apk!/assets/package/quest/qb_number/qb_number_ef_01.plist#textureImageData:qb_number_ef_01.png,assets/package/quest/qb_number/qb_number_ef_01.plist#textureImageData:qb_number_ef_01.png,embedded-images/assets/package/quest/qb_number/qb_number_ef_01/qb_number_ef_01.png,PNG,32,32,RGBA,1,True,57120E0531AC8E76A7C40DB1D2006B61E5D87AC5CC0C8385EC5F6F412A7385E7,728C6C4221803B6DEAA993795DD47286713CF0BE4C8C0790693812903E153514,C8C83F3FF42D3234,722
P-EMBEDDED-0042,physical,plist_embedded,D:\magia\MyProducts\MagiaRe\Magia_CN_Project\dist\MagiaCN-r128-downloader-fix1.apk,assets/package/quest/qb_number/qb_number_ef_02.plist,assets/package/quest/qb_number/qb_number_ef_02.plist,qb_number_ef_02.png,D:\magia\MyProducts\MagiaRe\Magia_CN_Project\dist\MagiaCN-r128-downloader-fix1.apk!/assets/package/quest/qb_number/qb_number_ef_02.plist#textureImageData:qb_number_ef_02.png,assets/package/quest/qb_number/qb_number_ef_02.plist#textureImageData:qb_number_ef_02.png,embedded-images/assets/package/quest/qb_number/qb_number_ef_02/qb_number_ef_02.tiff,TIFF,100,100,RGBA,1,True,7D889A70B62474A2BAFD67505BEE102C1B9F4AD41815B7A3166FDEA799E4B551,BB3D083825AB14913FE01F9749D4F2FC835F0FAFA714C766F9A2AA680566CDE1,9963669C9E697986,43342
P-EMBEDDED-0043,physical,plist_embedded,D:\magia\MyProducts\MagiaRe\Magia_CN_Project\dist\MagiaCN-r128-downloader-fix1.apk,assets/package/quest/qb_number/qb_number_ef_03.plist,assets/package/quest/qb_number/qb_number_ef_03.plist,qb_number_ef_03.png,D:\magia\MyProducts\MagiaRe\Magia_CN_Project\dist\MagiaCN-r128-downloader-fix1.apk!/assets/package/quest/qb_number/qb_number_ef_03.plist#textureImageData:qb_number_ef_03.png,assets/package/quest/qb_number/qb_number_ef_03.plist#textureImageData:qb_number_ef_03.png,embedded-images/assets/package/quest/qb_number/qb_number_ef_03/qb_number_ef_03.png,PNG,60,60,RGBA,1,True,130E489A89A1906BBBF568D410FDB066D15A227A7AA06BCF5EABF19E2F72BC2D,54D8AD92F3BF63925E5657EE958275AEC8962E4BB3767442DAB6348FE211F570,9966666666CC66D9,1684
P-EMBEDDED-0044,physical,plist_embedded,D:\magia\MyProducts\MagiaRe\Magia_CN_Project\dist\MagiaCN-r128-downloader-fix1.apk,assets/package/quest/qb_result/ef_quest_clear_glitter.plist,assets/package/quest/qb_result/ef_quest_clear_glitter.plist,ef_quest_clear_glitter.png,D:\magia\MyProducts\MagiaRe\Magia_CN_Project\dist\MagiaCN-r128-downloader-fix1.apk!/assets/package/quest/qb_result/ef_quest_clear_glitter.plist#textureImageData:ef_quest_clear_glitter.png,assets/package/quest/qb_result/ef_quest_clear_glitter.plist#textureImageData:ef_quest_clear_glitter.png,embedded-images/assets/package/quest/qb_result/ef_quest_clear_glitter/ef_quest_clear_glitter.png,PNG,32,32,RGBA,1,True,DC6D968CE3BB0DFA70BB0A05DA6833056698343F934A240357615BEAEA78CC0A,2C614EFD0D94D34F7F7DF62C5001E37E36072B4E3AF574BE400FE339D1D94F5F,C5CD2D277869165E,1082
P-EMBEDDED-0045,physical,plist_embedded,D:\magia\MyProducts\MagiaRe\Magia_CN_Project\dist\MagiaCN-r128-downloader-fix1.apk,assets/package/quest/qb_result/ef_quest_clear_grain_b.plist,assets/package/quest/qb_result/ef_quest_clear_grain_b.plist,ef_quest_clear_grain_b.png,D:\magia\MyProducts\MagiaRe\Magia_CN_Project\dist\MagiaCN-r128-downloader-fix1.apk!/assets/package/quest/qb_result/ef_quest_clear_grain_b.plist#textureImageData:ef_quest_clear_grain_b.png,assets/package/quest/qb_result/ef_quest_clear_grain_b.plist#textureImageData:ef_quest_clear_grain_b.png,embedded-images/assets/package/quest/qb_result/ef_quest_clear_grain_b/ef_quest_clear_grain_b.png,PNG,64,64,RGBA,1,True,4E0174BEF6EC612C1219F1134FC2DDB4C0C1D9C02DF694853297E5AD87781699,92F079A1DD2FB9A30A1EA5E9AC57BAE850C4FF2150656AD2FA44A975922C02D3,C03F3FD135C43CC3,2605
P-EMBEDDED-0046,physical,plist_embedded,D:\magia\MyProducts\MagiaRe\Magia_CN_Project\dist\MagiaCN-r128-downloader-fix1.apk,assets/package/quest/qb_result/ef_quest_clear_grain_s.plist,assets/package/quest/qb_result/ef_quest_clear_grain_s.plist,ef_quest_clear_grain_s.png,D:\magia\MyProducts\MagiaRe\Magia_CN_Project\dist\MagiaCN-r128-downloader-fix1.apk!/assets/package/quest/qb_result/ef_quest_clear_grain_s.plist#textureImageData:ef_quest_clear_grain_s.png,assets/package/quest/qb_result/ef_quest_clear_grain_s.plist#textureImageData:ef_quest_clear_grain_s.png,embedded-images/assets/package/quest/qb_result/ef_quest_clear_grain_s/ef_quest_clear_grain_s.png,PNG,64,64,RGBA,1,True,4E0174BEF6EC612C1219F1134FC2DDB4C0C1D9C02DF694853297E5AD87781699,92F079A1DD2FB9A30A1EA5E9AC57BAE850C4FF2150656AD2FA44A975922C02D3,C03F3FD135C43CC3,2605
P-EMBEDDED-0047,physical,plist_embedded,D:\magia\MyProducts\MagiaRe\Magia_CN_Project\dist\MagiaCN-r128-downloader-fix1.apk,assets/package/quest/treasure_box/qt_particle_01.plist,assets/package/quest/treasure_box/qt_particle_01.plist,qt_particle_01.png,D:\magia\MyProducts\MagiaRe\Magia_CN_Project\dist\MagiaCN-r128-downloader-fix1.apk!/assets/package/quest/treasure_box/qt_particle_01.plist#textureImageData:qt_particle_01.png,assets/package/quest/treasure_box/qt_particle_01.plist#textureImageData:qt_particle_01.png,embedded-images/assets/package/quest/treasure_box/qt_particle_01/qt_particle_01.png,PNG,32,32,RGBA,1,True,DC6D968CE3BB0DFA70BB0A05DA6833056698343F934A240357615BEAEA78CC0A,2C614EFD0D94D34F7F7DF62C5001E37E36072B4E3AF574BE400FE339D1D94F5F,C5CD2D277869165E,1082
P-EMBEDDED-0048,physical,plist_embedded,D:\magia\MyProducts\MagiaRe\Magia_CN_Project\dist\MagiaCN-r128-downloader-fix1.apk,assets/package/top/to_bg_ef_01.plist,assets/package/top/to_bg_ef_01.plist,to_bg_ef_01.png,D:\magia\MyProducts\MagiaRe\Magia_CN_Project\dist\MagiaCN-r128-downloader-fix1.apk!/assets/package/top/to_bg_ef_01.plist#textureImageData:to_bg_ef_01.png,assets/package/top/to_bg_ef_01.plist#textureImageData:to_bg_ef_01.png,embedded-images/assets/package/top/to_bg_ef_01/to_bg_ef_01.png,PNG,32,32,RGBA,1,True,DC6D968CE3BB0DFA70BB0A05DA6833056698343F934A240357615BEAEA78CC0A,2C614EFD0D94D34F7F7DF62C5001E37E36072B4E3AF574BE400FE339D1D94F5F,C5CD2D277869165E,1082
P-EMBEDDED-0049,physical,plist_embedded,D:\magia\MyProducts\MagiaRe\Magia_CN_Project\dist\MagiaCN-r128-downloader-fix1.apk,assets/package/top/to_bg_ef_02.plist,assets/package/top/to_bg_ef_02.plist,to_bg_ef_02.png,D:\magia\MyProducts\MagiaRe\Magia_CN_Project\dist\MagiaCN-r128-downloader-fix1.apk!/assets/package/top/to_bg_ef_02.plist#textureImageData:to_bg_ef_02.png,assets/package/top/to_bg_ef_02.plist#textureImageData:to_bg_ef_02.png,embedded-images/assets/package/top/to_bg_ef_02/to_bg_ef_02.tiff,TIFF,214,214,RGBA,1,True,743624CEBC1425AFF26E687C69147CFD3FCEE6FC7A677E5AB203C1C63372551E,B94FBE2A390CFE18BCB71D58763D2E0D0C11335D781247C7FB2DA61909DF1562,CC93336C67696669,186542
P-EMBEDDED-0050,physical,plist_embedded,D:\magia\MyProducts\MagiaRe\Magia_CN_Project\dist\MagiaCN-r128-downloader-fix1.apk,assets/package/top/to_bg_ef_03.plist,assets/package/top/to_bg_ef_03.plist,to_bg_ef_03.png,D:\magia\MyProducts\MagiaRe\Magia_CN_Project\dist\MagiaCN-r128-downloader-fix1.apk!/assets/package/top/to_bg_ef_03.plist#textureImageData:to_bg_ef_03.png,assets/package/top/to_bg_ef_03.plist#textureImageData:to_bg_ef_03.png,embedded-images/assets/package/top/to_bg_ef_03/to_bg_ef_03.tiff,TIFF,200,200,RGBA,1,True,85E0E2C62E7B13B4B28A0F3ED6664CE62FD8A76EB8866CAEFE98DF38D06A90F7,699FF1B91A663365956CE69E12F00C332FF0F7B8160F78B7BF9F132D32B6644D,969E316D4963CE9C,163358
P-EMBEDDED-0051,physical,plist_embedded,D:\magia\MyProducts\MagiaRe\Magia_CN_Project\dist\MagiaCN-r128-downloader-fix1.apk,assets/package/top/to_bg_ef_04.plist,assets/package/top/to_bg_ef_04.plist,to_bg_ef_04.png,D:\magia\MyProducts\MagiaRe\Magia_CN_Project\dist\MagiaCN-r128-downloader-fix1.apk!/assets/package/top/to_bg_ef_04.plist#textureImageData:to_bg_ef_04.png,assets/package/top/to_bg_ef_04.plist#textureImageData:to_bg_ef_04.png,embedded-images/assets/package/top/to_bg_ef_04/to_bg_ef_04.png,PNG,32,32,RGBA,1,True,57120E0531AC8E76A7C40DB1D2006B61E5D87AC5CC0C8385EC5F6F412A7385E7,728C6C4221803B6DEAA993795DD47286713CF0BE4C8C0790693812903E153514,C8C83F3FF42D3234,722
P-EMBEDDED-0052,physical,plist_embedded,D:\magia\MyProducts\MagiaRe\Magia_CN_Project\dist\MagiaCN-r128-downloader-fix1.apk,assets/package/top/to_bg_ef_05.plist,assets/package/top/to_bg_ef_05.plist,to_bg_ef_05.png,D:\magia\MyProducts\MagiaRe\Magia_CN_Project\dist\MagiaCN-r128-downloader-fix1.apk!/assets/package/top/to_bg_ef_05.plist#textureImageData:to_bg_ef_05.png,assets/package/top/to_bg_ef_05.plist#textureImageData:to_bg_ef_05.png,embedded-images/assets/package/top/to_bg_ef_05/to_bg_ef_05.tiff,TIFF,64,87,RGBA,1,True,AD89163DA9020A710E5BC702231D193C43FB8E1196CFB8DCD58C9AA1C56B1314,F9954CE643589BC21349D9F581BD7D6E17C4A35165F453F7821AB4A3B1010559,9DBD614B76455C62,25614
P-EMBEDDED-0053,physical,plist_embedded,D:\magia\MyProducts\MagiaRe\Magia_CN_Project\dist\MagiaCN-r128-downloader-fix1.apk,assets/package/top/to_bg_ef_06.plist,assets/package/top/to_bg_ef_06.plist,to_bg_ef_06.png,D:\magia\MyProducts\MagiaRe\Magia_CN_Project\dist\MagiaCN-r128-downloader-fix1.apk!/assets/package/top/to_bg_ef_06.plist#textureImageData:to_bg_ef_06.png,assets/package/top/to_bg_ef_06.plist#textureImageData:to_bg_ef_06.png,embedded-images/assets/package/top/to_bg_ef_06/to_bg_ef_06.tiff,TIFF,214,214,RGBA,1,True,743624CEBC1425AFF26E687C69147CFD3FCEE6FC7A677E5AB203C1C63372551E,B94FBE2A390CFE18BCB71D58763D2E0D0C11335D781247C7FB2DA61909DF1562,CC93336C67696669,186542
P-EMBEDDED-0054,physical,plist_embedded,D:\magia\MyProducts\MagiaRe\Magia_CN_Project\dist\MagiaCN-r128-downloader-fix1.apk,assets/package/top/to_bg_ef_07.plist,assets/package/top/to_bg_ef_07.plist,to_bg_ef_07.png,D:\magia\MyProducts\MagiaRe\Magia_CN_Project\dist\MagiaCN-r128-downloader-fix1.apk!/assets/package/top/to_bg_ef_07.plist#textureImageData:to_bg_ef_07.png,assets/package/top/to_bg_ef_07.plist#textureImageData:to_bg_ef_07.png,embedded-images/assets/package/top/to_bg_ef_07/to_bg_ef_07.tiff,TIFF,200,200,RGBA,1,True,85E0E2C62E7B13B4B28A0F3ED6664CE62FD8A76EB8866CAEFE98DF38D06A90F7,699FF1B91A663365956CE69E12F00C332FF0F7B8160F78B7BF9F132D32B6644D,969E316D4963CE9C,163358
P-EMBEDDED-0055,physical,plist_embedded,D:\magia\MyProducts\MagiaRe\Magia_CN_Project\dist\MagiaCN-r128-downloader-fix1.apk,assets/package/top/to_bg_ef_08.plist,assets/package/top/to_bg_ef_08.plist,to_bg_ef_08.png,D:\magia\MyProducts\MagiaRe\Magia_CN_Project\dist\MagiaCN-r128-downloader-fix1.apk!/assets/package/top/to_bg_ef_08.plist#textureImageData:to_bg_ef_08.png,assets/package/top/to_bg_ef_08.plist#textureImageData:to_bg_ef_08.png,embedded-images/assets/package/top/to_bg_ef_08/to_bg_ef_08.tiff,TIFF,214,214,RGBA,1,True,743624CEBC1425AFF26E687C69147CFD3FCEE6FC7A677E5AB203C1C63372551E,B94FBE2A390CFE18BCB71D58763D2E0D0C11335D781247C7FB2DA61909DF1562,CC93336C67696669,186542
P-EMBEDDED-0056,physical,plist_embedded,D:\magia\MyProducts\MagiaRe\Magia_CN_Project\dist\MagiaCN-r128-downloader-fix1.apk,assets/package/web/web_0019/web_0019_ef_glitter.plist,assets/package/web/web_0019/web_0019_ef_glitter.plist,web_0019_ef_glitter.png,D:\magia\MyProducts\MagiaRe\Magia_CN_Project\dist\MagiaCN-r128-downloader-fix1.apk!/assets/package/web/web_0019/web_0019_ef_glitter.plist#textureImageData:web_0019_ef_glitter.png,assets/package/web/web_0019/web_0019_ef_glitter.plist#textureImageData:web_0019_ef_glitter.png,embedded-images/assets/package/web/web_0019/web_0019_ef_glitter/web_0019_ef_glitter.png,PNG,128,128,RGBA,1,True,8141AE77E3BC85E4B58DD5636A4B4A6F7046ED1CB8CFFFEA2D95BC8905007BC2,E5A757FBE331D2BFCABBD4CA2A4F3E667A9DB8AEF5CA951C656562587098DD0B,CF3130CEC93CC771,4742
P-EMBEDDED-0057,physical,plist_embedded,D:\magia\MyProducts\MagiaRe\Magia_CN_Project\dist\MagiaCN-r128-downloader-fix1.apk,assets/package/web/web_0019/web_0019_ef_grain.plist,assets/package/web/web_0019/web_0019_ef_grain.plist,web_0019_ef_grain.png,D:\magia\MyProducts\MagiaRe\Magia_CN_Project\dist\MagiaCN-r128-downloader-fix1.apk!/assets/package/web/web_0019/web_0019_ef_grain.plist#textureImageData:web_0019_ef_grain.png,assets/package/web/web_0019/web_0019_ef_grain.plist#textureImageData:web_0019_ef_grain.png,embedded-images/assets/package/web/web_0019/web_0019_ef_grain/web_0019_ef_grain.png,PNG,64,64,RGBA,1,True,4E0174BEF6EC612C1219F1134FC2DDB4C0C1D9C02DF694853297E5AD87781699,92F079A1DD2FB9A30A1EA5E9AC57BAE850C4FF2150656AD2FA44A975922C02D3,C03F3FD135C43CC3,2605
P-EMBEDDED-0058,physical,plist_embedded,D:\magia\MyProducts\MagiaRe\Magia_CN_Project\dist\MagiaCN-r128-downloader-fix1.apk,assets/package/web/web_ef_magia_lvup/ef_magia_lvup_aura_00.plist,assets/package/web/web_ef_magia_lvup/ef_magia_lvup_aura_00.plist,ef_magia_lvup_aura_00.png,D:\magia\MyProducts\MagiaRe\Magia_CN_Project\dist\MagiaCN-r128-downloader-fix1.apk!/assets/package/web/web_ef_magia_lvup/ef_magia_lvup_aura_00.plist#textureImageData:ef_magia_lvup_aura_00.png,assets/package/web/web_ef_magia_lvup/ef_magia_lvup_aura_00.plist#textureImageData:ef_magia_lvup_aura_00.png,embedded-images/assets/package/web/web_ef_magia_lvup/ef_magia_lvup_aura_00/ef_magia_lvup_aura_00.png,PNG,245,486,RGBA,1,True,F5DB636C77EC05CC9475F3501E82766B0D8B227BFE57E76843ADECC50DBFF053,BADF8BB92A1DDD05CAB6B628AB1D3AE4B7E9F714E814DEFA13C4E97BB14481C6,9E3761B5D06996D8,140014
P-EMBEDDED-0059,physical,plist_embedded,D:\magia\MyProducts\MagiaRe\Magia_CN_Project\dist\MagiaCN-r128-downloader-fix1.apk,assets/package/web/web_ef_magia_lvup/ef_magia_lvup_glitter_00.plist,assets/package/web/web_ef_magia_lvup/ef_magia_lvup_glitter_00.plist,ef_magia_lvup_glitter_00.png,D:\magia\MyProducts\MagiaRe\Magia_CN_Project\dist\MagiaCN-r128-downloader-fix1.apk!/assets/package/web/web_ef_magia_lvup/ef_magia_lvup_glitter_00.plist#textureImageData:ef_magia_lvup_glitter_00.png,assets/package/web/web_ef_magia_lvup/ef_magia_lvup_glitter_00.plist#textureImageData:ef_magia_lvup_glitter_00.png,embedded-images/assets/package/web/web_ef_magia_lvup/ef_magia_lvup_glitter_00/ef_magia_lvup_glitter_00.png,PNG,128,128,RGBA,1,True,F866370124CC219AE1B3C711EAC42788E011D5527BFB2DDF3479A72468388772,6576F5F2D60AD26CF83AA6B9B1BA28873EEE0840330BD0C752E61C0B006D2B57,CCCC343CD3E31E1D,5439
P-EMBEDDED-0060,physical,plist_embedded,D:\magia\MyProducts\MagiaRe\Magia_CN_Project\dist\MagiaCN-r128-downloader-fix1.apk,assets/package/web/web_ef_magia_lvup/ef_magia_lvup_glitter_01.plist,assets/package/web/web_ef_magia_lvup/ef_magia_lvup_glitter_01.plist,ef_magia_lvup_glitter_01.png,D:\magia\MyProducts\MagiaRe\Magia_CN_Project\dist\MagiaCN-r128-downloader-fix1.apk!/assets/package/web/web_ef_magia_lvup/ef_magia_lvup_glitter_01.plist#textureImageData:ef_magia_lvup_glitter_01.png,assets/package/web/web_ef_magia_lvup/ef_magia_lvup_glitter_01.plist#textureImageData:ef_magia_lvup_glitter_01.png,embedded-images/assets/package/web/web_ef_magia_lvup/ef_magia_lvup_glitter_01/ef_magia_lvup_glitter_01.png,PNG,100,100,RGBA,1,True,E0AFD3859732CAFE7B1A24B25110028031358C7ED41D19CFE18913CF9E8B33B3,B2209F895CFAD20BFDB4A625C35384FA566C56B860F6A035B111473D4278F1FB,9933668E9E2C7993,4738
P-EMBEDDED-0061,physical,plist_embedded,D:\magia\MyProducts\MagiaRe\Magia_CN_Project\dist\MagiaCN-r128-downloader-fix1.apk,assets/package/web/web_ef_magia_lvup/ef_magia_lvup_glitter_02.plist,assets/package/web/web_ef_magia_lvup/ef_magia_lvup_glitter_02.plist,ef_magia_lvup_glitter_02.png,D:\magia\MyProducts\MagiaRe\Magia_CN_Project\dist\MagiaCN-r128-downloader-fix1.apk!/assets/package/web/web_ef_magia_lvup/ef_magia_lvup_glitter_02.plist#textureImageData:ef_magia_lvup_glitter_02.png,assets/package/web/web_ef_magia_lvup/ef_magia_lvup_glitter_02.plist#textureImageData:ef_magia_lvup_glitter_02.png,embedded-images/assets/package/web/web_ef_magia_lvup/ef_magia_lvup_glitter_02/ef_magia_lvup_glitter_02.png,PNG,128,128,RGBA,1,True,BC80AC4BF6A9C334FE1A889D6520A7E55AEEC4DBBAC14DF746EDF2B481393392,BB4162CFA360DDFBE1588C20BFB9B6A5250ACC0A59169EDD2B2FD84DB1C3DB88,CCCC337CD6C3293A,2941
P-EMBEDDED-0062,physical,plist_embedded,D:\magia\MyProducts\MagiaRe\Magia_CN_Project\dist\MagiaCN-r128-downloader-fix1.apk,assets/package/web/web_ef_magia_lvup/ef_magia_lvup_grain_00.plist,assets/package/web/web_ef_magia_lvup/ef_magia_lvup_grain_00.plist,ef_magia_lvup_grain_00.png,D:\magia\MyProducts\MagiaRe\Magia_CN_Project\dist\MagiaCN-r128-downloader-fix1.apk!/assets/package/web/web_ef_magia_lvup/ef_magia_lvup_grain_00.plist#textureImageData:ef_magia_lvup_grain_00.png,assets/package/web/web_ef_magia_lvup/ef_magia_lvup_grain_00.plist#textureImageData:ef_magia_lvup_grain_00.png,embedded-images/assets/package/web/web_ef_magia_lvup/ef_magia_lvup_grain_00/ef_magia_lvup_grain_00.png,PNG,64,64,RGBA,1,True,1E598AE5E99286F88BCD736512C6EE047C587A0D1C2CC6BDDA617BEB57FD6823,3062CC9E87C9D5A68A88BF95E3D278B173D40B029B735B11D570CCF00C775482,936C79D1649BC633,2231
P-EMBEDDED-0063,physical,plist_embedded,D:\magia\MyProducts\MagiaRe\Magia_CN_Project\dist\MagiaCN-r128-downloader-fix1.apk,assets/package/web/web_ef_magia_lvup/ef_magia_lvup_light_00.plist,assets/package/web/web_ef_magia_lvup/ef_magia_lvup_light_00.plist,ef_magia_lvup_light_00.png,D:\magia\MyProducts\MagiaRe\Magia_CN_Project\dist\MagiaCN-r128-downloader-fix1.apk!/assets/package/web/web_ef_magia_lvup/ef_magia_lvup_light_00.plist#textureImageData:ef_magia_lvup_light_00.png,assets/package/web/web_ef_magia_lvup/ef_magia_lvup_light_00.plist#textureImageData:ef_magia_lvup_light_00.png,embedded-images/assets/package/web/web_ef_magia_lvup/ef_magia_lvup_light_00/ef_magia_lvup_light_00.png,PNG,256,256,RGBA,1,True,D37E9C7C18A059A0623352BF423F0E233F2F0C40174CA95D660AB5BE7C1165BC,69FF6B7AE881B57ED0BE2129E21568C541E802519D02728711DD1197CCF7BFA0,997466CD8D3371E4,21644
P-EMBEDDED-0064,physical,plist_embedded,D:\magia\MyProducts\MagiaRe\Magia_CN_Project\dist\MagiaCN-r128-downloader-fix1.apk,assets/package/web/web_ef_magia_lvup/ef_magia_lvup_line_00.plist,assets/package/web/web_ef_magia_lvup/ef_magia_lvup_line_00.plist,ef_magia_lvup_line_00.png,D:\magia\MyProducts\MagiaRe\Magia_CN_Project\dist\MagiaCN-r128-downloader-fix1.apk!/assets/package/web/web_ef_magia_lvup/ef_magia_lvup_line_00.plist#textureImageData:ef_magia_lvup_line_00.png,assets/package/web/web_ef_magia_lvup/ef_magia_lvup_line_00.plist#textureImageData:ef_magia_lvup_line_00.png,embedded-images/assets/package/web/web_ef_magia_lvup/ef_magia_lvup_line_00/ef_magia_lvup_line_00.png,PNG,128,128,RGBA,1,True,5A52C1EED59F99C6812D6BE5D00B46FED6561332921237FCA030212010EC4384,F2C7B955AD02D17B5BDF17273DCCC7704799D5B4FF0ADFC6FDC98A14826FDC6D,9966667666666666,2156
P-EMBEDDED-0065,physical,plist_embedded,D:\magia\MyProducts\MagiaRe\Magia_CN_Project\dist\MagiaCN-r128-downloader-fix1.apk,assets/package/web/web_ef_magia_lvup/ef_magia_lvup_sphere_00.plist,assets/package/web/web_ef_magia_lvup/ef_magia_lvup_sphere_00.plist,ef_magia_lvup_sphere_00.png,D:\magia\MyProducts\MagiaRe\Magia_CN_Project\dist\MagiaCN-r128-downloader-fix1.apk!/assets/package/web/web_ef_magia_lvup/ef_magia_lvup_sphere_00.plist#textureImageData:ef_magia_lvup_sphere_00.png,assets/package/web/web_ef_magia_lvup/ef_magia_lvup_sphere_00.plist#textureImageData:ef_magia_lvup_sphere_00.png,embedded-images/assets/package/web/web_ef_magia_lvup/ef_magia_lvup_sphere_00/ef_magia_lvup_sphere_00.png,PNG,256,256,RGBA,1,True,B9D239FB26CD9098B88AFCAF56DC3F459E12427D8D772E3E42A30B76B2A409DD,789312DCD70D1EBD05F14ECA90D3EA9CB0406581EEE625BFEC9F77C204A107B7,C2932D7934DCD28F,18464
P-EMBEDDED-0066,physical,plist_embedded,D:\magia\MyProducts\MagiaRe\Magia_CN_Project\dist\MagiaCN-r128-downloader-fix1.apk,assets/package/web/web_ef_memoria_bg/ef_memoria_card_glitter_00.plist,assets/package/web/web_ef_memoria_bg/ef_memoria_card_glitter_00.plist,ef_memoria_card_glitter_00.png,D:\magia\MyProducts\MagiaRe\Magia_CN_Project\dist\MagiaCN-r128-downloader-fix1.apk!/assets/package/web/web_ef_memoria_bg/ef_memoria_card_glitter_00.plist#textureImageData:ef_memoria_card_glitter_00.png,assets/package/web/web_ef_memoria_bg/ef_memoria_card_glitter_00.plist#textureImageData:ef_memoria_card_glitter_00.png,embedded-images/assets/package/web/web_ef_memoria_bg/ef_memoria_card_glitter_00/ef_memoria_card_glitter_00.png,PNG,32,32,RGBA,1,True,DC6D968CE3BB0DFA70BB0A05DA6833056698343F934A240357615BEAEA78CC0A,2C614EFD0D94D34F7F7DF62C5001E37E36072B4E3AF574BE400FE339D1D94F5F,C5CD2D277869165E,1082
P-EMBEDDED-0067,physical,plist_embedded,D:\magia\MyProducts\MagiaRe\Magia_CN_Project\dist\MagiaCN-r128-downloader-fix1.apk,assets/package/web/web_ef_strengthening/ef_strength_aura_00.plist,assets/package/web/web_ef_strengthening/ef_strength_aura_00.plist,ef_strength_aura_00.png,D:\magia\MyProducts\MagiaRe\Magia_CN_Project\dist\MagiaCN-r128-downloader-fix1.apk!/assets/package/web/web_ef_strengthening/ef_strength_aura_00.plist#textureImageData:ef_strength_aura_00.png,assets/package/web/web_ef_strengthening/ef_strength_aura_00.plist#textureImageData:ef_strength_aura_00.png,embedded-images/assets/package/web/web_ef_strengthening/ef_strength_aura_00/ef_strength_aura_00.png,PNG,245,245,RGBA,1,True,1837486EBCDEEF1E034AB411AB044C58797124EA9C6C32AFAD303F152D8EB19F,712B210B65B2AA1BDA248B1692504AA40F5E45BA0190DCA8448E1E6D2536B58F,9E3761B5D06996D8,95253
P-EMBEDDED-0068,physical,plist_embedded,D:\magia\MyProducts\MagiaRe\Magia_CN_Project\dist\MagiaCN-r128-downloader-fix1.apk,assets/package/web/web_ef_strengthening/ef_strength_glitter_00.plist,assets/package/web/web_ef_strengthening/ef_strength_glitter_00.plist,ef_strength_glitter_00.png,D:\magia\MyProducts\MagiaRe\Magia_CN_Project\dist\MagiaCN-r128-downloader-fix1.apk!/assets/package/web/web_ef_strengthening/ef_strength_glitter_00.plist#textureImageData:ef_strength_glitter_00.png,assets/package/web/web_ef_strengthening/ef_strength_glitter_00.plist#textureImageData:ef_strength_glitter_00.png,embedded-images/assets/package/web/web_ef_strengthening/ef_strength_glitter_00/ef_strength_glitter_00.tiff,TIFF,128,128,RGBA,1,True,A25C7E05221FE8F0CD6B69FAC034CB8243B797DC549F6C7208E1C1731181D758,50D42DC2DFB55A82E8CC0369755FDA551B22421BC5312C5219DC555879EF5389,CCCC343CD3F31E1C,68878
P-EMBEDDED-0069,physical,plist_embedded,D:\magia\MyProducts\MagiaRe\Magia_CN_Project\dist\MagiaCN-r128-downloader-fix1.apk,assets/package/web/web_ef_strengthening/ef_strength_glitter_01.plist,assets/package/web/web_ef_strengthening/ef_strength_glitter_01.plist,ef_strength_glitter_01.png,D:\magia\MyProducts\MagiaRe\Magia_CN_Project\dist\MagiaCN-r128-downloader-fix1.apk!/assets/package/web/web_ef_strengthening/ef_strength_glitter_01.plist#textureImageData:ef_strength_glitter_01.png,assets/package/web/web_ef_strengthening/ef_strength_glitter_01.plist#textureImageData:ef_strength_glitter_01.png,embedded-images/assets/package/web/web_ef_strengthening/ef_strength_glitter_01/ef_strength_glitter_01.tiff,TIFF,128,128,RGBA,1,True,C2DBE41ECD600A531716197E4390630F23F0836DE82842C7ACA8BA96DE60A880,E828C15B1A1A5464FBDA2D3EB7F9F6CA1F0CDC9A6E509DC813D48328FFB762C9,CCCC333CD3D32C6C,68878
P-EMBEDDED-0070,physical,plist_embedded,D:\magia\MyProducts\MagiaRe\Magia_CN_Project\dist\MagiaCN-r128-downloader-fix1.apk,assets/package/web/web_ef_strengthening/ef_strength_grain_00.plist,assets/package/web/web_ef_strengthening/ef_strength_grain_00.plist,ef_strength_grain_00.png,D:\magia\MyProducts\MagiaRe\Magia_CN_Project\dist\MagiaCN-r128-downloader-fix1.apk!/assets/package/web/web_ef_strengthening/ef_strength_grain_00.plist#textureImageData:ef_strength_grain_00.png,assets/package/web/web_ef_strengthening/ef_strength_grain_00.plist#textureImageData:ef_strength_grain_00.png,embedded-images/assets/package/web/web_ef_strengthening/ef_strength_grain_00/ef_strength_grain_00.tiff,TIFF,64,64,RGBA,1,True,D788F084A49D7FEBF1C5FF601D0107AB53C12316719C1F7E8646799701B8E18D,84D84367302D2563A1365CF0A8904A1D0B2E3ACBAC0F0930DE824503B0F34199,CB8A3C2CF322CF9A,19726
P-EMBEDDED-0071,physical,plist_embedded,D:\magia\MyProducts\MagiaRe\Magia_CN_Project\dist\MagiaCN-r128-downloader-fix1.apk,assets/package/web/web_ef_strengthening/ef_strength_grain_01.plist,assets/package/web/web_ef_strengthening/ef_strength_grain_01.plist,ef_strength_grain_01.png,D:\magia\MyProducts\MagiaRe\Magia_CN_Project\dist\MagiaCN-r128-downloader-fix1.apk!/assets/package/web/web_ef_strengthening/ef_strength_grain_01.plist#textureImageData:ef_strength_grain_01.png,assets/package/web/web_ef_strengthening/ef_strength_grain_01.plist#textureImageData:ef_strength_grain_01.png,embedded-images/assets/package/web/web_ef_strengthening/ef_strength_grain_01/ef_strength_grain_01.png,PNG,64,64,RGBA,1,True,F342E1F54C14BA56F96DC3F6B5839AFADFC2511A66CD80C5FDB963AE112681E2,84D84367302D2563A1365CF0A8904A1D0B2E3ACBAC0F0930DE824503B0F34199,CB8A3C2CF322CF9A,3138
P-EMBEDDED-0072,physical,plist_embedded,D:\magia\MyProducts\MagiaRe\Magia_CN_Project\dist\MagiaCN-r128-downloader-fix1.apk,assets/package/web/web_ef_strengthening/ef_strength_line.plist,assets/package/web/web_ef_strengthening/ef_strength_line.plist,ef_strength_line.png,D:\magia\MyProducts\MagiaRe\Magia_CN_Project\dist\MagiaCN-r128-downloader-fix1.apk!/assets/package/web/web_ef_strengthening/ef_strength_line.plist#textureImageData:ef_strength_line.png,assets/package/web/web_ef_strengthening/ef_strength_line.plist#textureImageData:ef_strength_line.png,embedded-images/assets/package/web/web_ef_strengthening/ef_strength_line/ef_strength_line.tiff,TIFF,128,128,RGBA,1,True,443BE2661D8DCBA62033EC203C1BF2CF0091C0B995AA801494FDEEF4494A611F,865743251CA3C1C2025E5EE109F922540AEF8DFDE8C911ABC501CD591FBFC9BB,99666666666666E6,68878
P-EMBEDDED-0073,physical,plist_embedded,D:\magia\MyProducts\MagiaRe\Magia_CN_Project\dist\MagiaCN-r128-downloader-fix1.apk,assets/package/web/web_ef_strengthening/ef_strength_star.plist,assets/package/web/web_ef_strengthening/ef_strength_star.plist,ef_strength_star.png,D:\magia\MyProducts\MagiaRe\Magia_CN_Project\dist\MagiaCN-r128-downloader-fix1.apk!/assets/package/web/web_ef_strengthening/ef_strength_star.plist#textureImageData:ef_strength_star.png,assets/package/web/web_ef_strengthening/ef_strength_star.plist#textureImageData:ef_strength_star.png,embedded-images/assets/package/web/web_ef_strengthening/ef_strength_star/ef_strength_star.png,PNG,128,128,RGBA,1,True,E11EAAC4DAB4EA4C5D5F1922900D20BC180DCFE38E1B1F17770ADF23EAE7B089,72ABADA2E6FA7FE7A16CB5512313F91A6AA0801C368032C93B84545094646CAA,CF3C34C3F3D24C2C,6404
P-EMBEDDED-0074,physical,plist_embedded,D:\magia\MyProducts\MagiaRe\Magia_CN_Project\dist\MagiaCN-r128-downloader-fix1.apk,assets/resource/image_native/bg/web/web_common_petal_00.plist,assets/resource/image_native/bg/web/web_common_petal_00.plist,web_common_petal_00.png,D:\magia\MyProducts\MagiaRe\Magia_CN_Project\dist\MagiaCN-r128-downloader-fix1.apk!/assets/resource/image_native/bg/web/web_common_petal_00.plist#textureImageData:web_common_petal_00.png,assets/resource/image_native/bg/web/web_common_petal_00.plist#textureImageData:web_common_petal_00.png,embedded-images/assets/resource/image_native/bg/web/web_common_petal_00/web_common_petal_00.png,PNG,256,256,RGBA,1,True,F168687FCFFC40F39B79C5AB1AC13AB8584DDFEC91C82ACBCF59EEB4C54D36C2,129CC9DF50326E5687177969D2C03C9003358365D330D3F873208634E9A34ACB,DB933C3C6664CE86,14105
P-EMBEDDED-0075,physical,plist_embedded,D:\magia\MyProducts\MagiaRe\Magia_CN_Project\dist\MagiaCN-r128-downloader-fix1.apk,assets/resource/image_native/bg/web/web_common_petal_01.plist,assets/resource/image_native/bg/web/web_common_petal_01.plist,web_common_petal_01.png,D:\magia\MyProducts\MagiaRe\Magia_CN_Project\dist\MagiaCN-r128-downloader-fix1.apk!/assets/resource/image_native/bg/web/web_common_petal_01.plist#textureImageData:web_common_petal_01.png,assets/resource/image_native/bg/web/web_common_petal_01.plist#textureImageData:web_common_petal_01.png,embedded-images/assets/resource/image_native/bg/web/web_common_petal_01/web_common_petal_01.png,PNG,256,256,RGBA,1,True,E914EFE4584EE478D7B5F5688E0E6D94EB5CFB57A64E1B88823A162D3585671F,26335EB2F65094C1BA1F197A17A403F308410381FE59E547B877B941632DD431,9992336C66C9CCDB,12728
P-EMBEDDED-0076,physical,plist_embedded,D:\magia\MyProducts\MagiaRe\Magia_CN_Project\dist\MagiaCN-r128-downloader-fix1.apk,assets/resource/image_native/bg/web/web_common_petal_02.plist,assets/resource/image_native/bg/web/web_common_petal_02.plist,web_common_petal_02.png,D:\magia\MyProducts\MagiaRe\Magia_CN_Project\dist\MagiaCN-r128-downloader-fix1.apk!/assets/resource/image_native/bg/web/web_common_petal_02.plist#textureImageData:web_common_petal_02.png,assets/resource/image_native/bg/web/web_common_petal_02.plist#textureImageData:web_common_petal_02.png,embedded-images/assets/resource/image_native/bg/web/web_common_petal_02/web_common_petal_02.png,PNG,256,256,RGBA,1,True,319B5B0B673969A4D01FD2C519CBEBD42E6E2AC9DBAA87924732A525501CA678,CA8B8D7FDE9F90C66C1F1903D649993AE65CC2AA52EB0D1A8D0B2BD09A366B41,9BCD6432CEC399CC,14035
P-EMBEDDED-0077,physical,plist_embedded,D:\magia\MyProducts\MagiaRe\Magia_CN_Project\dist\MagiaCN-r128-downloader-fix1.apk,assets/resource/image_native/effect/quest_v2/effect_xx_xx_part0.plist,assets/resource/image_native/effect/quest_v2/effect_xx_xx_part0.plist,effect_xx_xx_part0.png,D:\magia\MyProducts\MagiaRe\Magia_CN_Project\dist\MagiaCN-r128-downloader-fix1.apk!/assets/resource/image_native/effect/quest_v2/effect_xx_xx_part0.plist#textureImageData:effect_xx_xx_part0.png,assets/resource/image_native/effect/quest_v2/effect_xx_xx_part0.plist#textureImageData:effect_xx_xx_part0.png,embedded-images/assets/resource/image_native/effect/quest_v2/effect_xx_xx_part0/effect_xx_xx_part0.tiff,TIFF,8,8,RGBA,1,True,C14982AED2F5862EEF141FD6D0FA80B24574AD890575F97F5315925A137E47D2,162964D97568256B3C7628A9823CC53D33D0BABB5F4197082E1C3844BAAB5F6B,D72929D639D6D729,3598
