record_id,layer,source_container_absolute,source_plist,atlas_texture_path,frame_name,source_locator_absolute,source_locator_repo_relative,export_path,atlas_x,atlas_y,atlas_packed_width,atlas_packed_height,trimmed_width,trimmed_height,logical_width,logical_height,offset_x,offset_y,rotated,format,width,height,mode,frames,has_alpha,encoded_sha256,pixel_sha256,phash64,encoded_bytes
L-FRAME-00001,logical_frame,D:\magia\MyProducts\MagiaRe\Magia_CN_Project\dist\MagiaCN-r128-downloader-fix1.apk,assets/package/download/data_download0.plist,assets/package/download/data_download0.png,dl_btn_download.png,D:\magia\MyProducts\MagiaRe\Magia_CN_Project\dist\MagiaCN-r128-downloader-fix1.apk!/assets/package/download/data_download0.plist#frame:dl_btn_download.png,assets/package/download/data_download0.plist#frame:dl_btn_download.png,atlas-frames/assets/package/download/data_download0/dl_btn_download.png,670,100,326,64,326,64,326,64,0.0,0.0,False,PNG,326,64,RGBA,1,True,C83C4E241A8BA0284532C2F7C01AAA84202C228802B2DC61B278B83323E7AAFE,90A2F267E16EC0DBAC326750444BD0A2DEECC6C33FDDFDFF2D97AAB7012C85B9,DBD5845DCE269159,15845
L-FRAME-00002,logical_frame,D:\magia\MyProducts\MagiaRe\Magia_CN_Project\dist\MagiaCN-r128-downloader-fix1.apk,assets/package/download/data_download0.plist,assets/package/download/data_download0.png,dl_btn_download_push.png,D:\magia\MyProducts\MagiaRe\Magia_CN_Project\dist\MagiaCN-r128-downloader-fix1.apk!/assets/package/download/data_download0.plist#frame:dl_btn_download_push.png,assets/package/download/data_download0.plist#frame:dl_btn_download_push.png,atlas-frames/assets/package/download/data_download0/dl_btn_download_push.png,342,304,326,64,326,64,326,64,0.0,0.0,False,PNG,326,64,RGBA,1,True,02FE8BA3C6A4F65AB7F1888A0FCE45784F79CF7BEE9A0F4D40AE0805CB4A84FE,4F47B424B5FFF17012AF75EDB67B8A5A1A182EF084B3DBBA071D5CC085434967,DB91C44EE6769139,15780
L-FRAME-00003,logical_frame,D:\magia\MyProducts\MagiaRe\Magia_CN_Project\dist\MagiaCN-r128-downloader-fix1.apk,assets/package/download/data_download0.plist,assets/package/download/data_download0.png,dl_checkbox_off.png,D:\magia\MyProducts\MagiaRe\Magia_CN_Project\dist\MagiaCN-r128-downloader-fix1.apk!/assets/package/download/data_download0.plist#frame:dl_checkbox_off.png,assets/package/download/data_download0.plist#frame:dl_checkbox_off.png,atlas-frames/assets/package/download/data_download0/dl_checkbox_off.png,834,2,40,40,40,40,40,40,0.0,0.0,False,PNG,40,40,RGBA,1,True,545B58BCC45BE4AB56DA00B74A711946E01D93521FA44173C35A593ACE00F986,CA639A270BB083EFC4DCD813621CA822BD761B0CAEE9AA1BC5AA5EB9E8D4F32E,85172F173F557A50,481
L-FRAME-00004,logical_frame,D:\magia\MyProducts\MagiaRe\Magia_CN_Project\dist\MagiaCN-r128-downloader-fix1.apk,assets/package/download/data_download0.plist,assets/package/download/data_download0.png,dl_checkbox_on.png,D:\magia\MyProducts\MagiaRe\Magia_CN_Project\dist\MagiaCN-r128-downloader-fix1.apk!/assets/package/download/data_download0.plist#frame:dl_checkbox_on.png,assets/package/download/data_download0.plist#frame:dl_checkbox_on.png,atlas-frames/assets/package/download/data_download0/dl_checkbox_on.png,834,44,40,40,40,40,40,40,0.0,0.0,False,PNG,40,40,RGBA,1,True,48570748A76247E26F21902DAFADCD52DBA87A4A3B5CA4CD3B2181EAAF7C0728,7DA323CA80FD4E02AF70AFEB34048349B31D3F87E13BDCA7749A58693E67BBF4,C0CDD3362CCB7378,944
L-FRAME-00005,logical_frame,D:\magia\MyProducts\MagiaRe\Magia_CN_Project\dist\MagiaCN-r128-downloader-fix1.apk,assets/package/download/data_download0.plist,assets/package/download/data_download0.png,dl_download_movie.png,D:\magia\MyProducts\MagiaRe\Magia_CN_Project\dist\MagiaCN-r128-downloader-fix1.apk!/assets/package/download/data_download0.plist#frame:dl_download_movie.png,assets/package/download/data_download0.plist#frame:dl_download_movie.png,atlas-frames/assets/package/download/data_download0/dl_download_movie.png,2,100,430,202,430,202,430,202,0.0,0.0,False,PNG,430,202,RGBA,1,True,80B122E0576392E2A6F9A5FFE0D6A9903A10670CD266ADF6E0F7586A8A5B8A09,66CA407137CBC29B6D055305A36677A63496F3BF0BFA9C3D1004F0E227E67A1E,BE12254F4B6D4A6D,12246
L-FRAME-00006,logical_frame,D:\magia\MyProducts\MagiaRe\Magia_CN_Project\dist\MagiaCN-r128-downloader-fix1.apk,assets/package/download/data_download0.plist,assets/package/download/data_download0.png,dl_download_voice.png,D:\magia\MyProducts\MagiaRe\Magia_CN_Project\dist\MagiaCN-r128-downloader-fix1.apk!/assets/package/download/data_download0.plist#frame:dl_download_voice.png,assets/package/download/data_download0.plist#frame:dl_download_voice.png,atlas-frames/assets/package/download/data_download0/dl_download_voice.png,2,304,338,202,338,202,338,202,0.0,0.0,False,PNG,338,202,RGBA,1,True,B5771FE901467FAE746AD1F26E2FEEF81A1065D850B9468A2EB75E267436858F,3917489E9454B2009DDDA75107C9F5E131E4C00B24A514150BB2203A3A63A76B,EC2D075A5A537A5A,8170
L-FRAME-00007,logical_frame,D:\magia\MyProducts\MagiaRe\Magia_CN_Project\dist\MagiaCN-r128-downloader-fix1.apk,assets/package/download/data_download0.plist,assets/package/download/data_download0.png,dl_loading_bar01.png,D:\magia\MyProducts\MagiaRe\Magia_CN_Project\dist\MagiaCN-r128-downloader-fix1.apk!/assets/package/download/data_download0.plist#frame:dl_loading_bar01.png,assets/package/download/data_download0.plist#frame:dl_loading_bar01.png,atlas-frames/assets/package/download/data_download0/dl_loading_bar01.png,2,2,830,80,830,80,830,80,0.0,0.0,False,PNG,830,80,RGBA,1,True,545D0A5B67306C53EC2A97AFD582E27F2AA67880A4042221E0F23DA61840F78E,8806ED333F8402F2722C274AFA7CE6FBFF0EBB44BBFD7E21E2F83FF540B3908D,DEC3CD383AD4D42A,1709
L-FRAME-00008,logical_frame,D:\magia\MyProducts\MagiaRe\Magia_CN_Project\dist\MagiaCN-r128-downloader-fix1.apk,assets/package/download/data_download0.plist,assets/package/download/data_download0.png,dl_loading_bar02.png,D:\magia\MyProducts\MagiaRe\Magia_CN_Project\dist\MagiaCN-r128-downloader-fix1.apk!/assets/package/download/data_download0.plist#frame:dl_loading_bar02.png,assets/package/download/data_download0.plist#frame:dl_loading_bar02.png,atlas-frames/assets/package/download/data_download0/dl_loading_bar02.png,2,84,766,14,766,14,766,14,0.0,0.0,False,PNG,766,14,RGBA,1,True,E2CF3ECF92BC1E4FBE9D24A349087A98EA55A8CEF081E151D7D0EA6AF244573B,01FC2DAA33A2543891DBBD81BCE8C70E3AE7666B6A65DE3B7C197DC2667FBE88,9DF3481C62E35D1D,4643
L-FRAME-00009,logical_frame,D:\magia\MyProducts\MagiaRe\Magia_CN_Project\dist\MagiaCN-r128-downloader-fix1.apk,assets/package/download/loading_data.plist,assets/package/download/loading_data.png,loading_data_01.png,D:\magia\MyProducts\MagiaRe\Magia_CN_Project\dist\MagiaCN-r128-downloader-fix1.apk!/assets/package/download/loading_data.plist#frame:loading_data_01.png,assets/package/download/loading_data.plist#frame:loading_data_01.png,atlas-frames/assets/package/download/loading_data/loading_data_01.png,1,1,192,24,192,24,192,24,0.0,0.0,False,PNG,192,24,RGBA,1,True,038108ED5FF620B7E61505C890BBB7719813E772BA1E1B96414B065159154A1A,C534A1F5462F2F3D12E1624D6A2EAB101C73466E3C2179FDF9D198CFB00100FB,D06E2F909873F22F,2217
L-FRAME-00010,logical_frame,D:\magia\MyProducts\MagiaRe\Magia_CN_Project\dist\MagiaCN-r128-downloader-fix1.apk,assets/package/download/loading_data.plist,assets/package/download/loading_data.png,loading_data_02.png,D:\magia\MyProducts\MagiaRe\Magia_CN_Project\dist\MagiaCN-r128-downloader-fix1.apk!/assets/package/download/loading_data.plist#frame:loading_data_02.png,assets/package/download/loading_data.plist#frame:loading_data_02.png,atlas-frames/assets/package/download/loading_data/loading_data_02.png,1,27,192,24,192,24,192,24,0.0,0.0,False,PNG,192,24,RGBA,1,True,9B71DE463703C6C27C865EA275FE71469D91A9380D722008C9EE1FE4A3551C49,EF40AD92AD7E2E49D9384CBDDD31CE3C4969EADFF166BFC458343F0761BFC746,D06E2F909873F22F,2284
L-FRAME-00011,logical_frame,D:\magia\MyProducts\MagiaRe\Magia_CN_Project\dist\MagiaCN-r128-downloader-fix1.apk,assets/package/download/loading_data.plist,assets/package/download/loading_data.png,loading_data_03.png,D:\magia\MyProducts\MagiaRe\Magia_CN_Project\dist\MagiaCN-r128-downloader-fix1.apk!/assets/package/download/loading_data.plist#frame:loading_data_03.png,assets/package/download/loading_data.plist#frame:loading_data_03.png,atlas-frames/assets/package/download/loading_data/loading_data_03.png,1,53,192,24,192,24,192,24,0.0,0.0,False,PNG,192,24,RGBA,1,True,99C34D7C4E8F078F8DE31719852F12235AD097531ECDCB3E5BCC511321416F3F,B0C02EAE5206CA22C2A611D15DDDB45DFDC7793F5625EC7D265DB8E7DC1C18D9,D06E2F909873F22F,2299
L-FRAME-00012,logical_frame,D:\magia\MyProducts\MagiaRe\Magia_CN_Project\dist\MagiaCN-r128-downloader-fix1.apk,assets/package/download/loading_data.plist,assets/package/download/loading_data.png,loading_data_04.png,D:\magia\MyProducts\MagiaRe\Magia_CN_Project\dist\MagiaCN-r128-downloader-fix1.apk!/assets/package/download/loading_data.plist#frame:loading_data_04.png,assets/package/download/loading_data.plist#frame:loading_data_04.png,atlas-frames/assets/package/download/loading_data/loading_data_04.png,1,79,192,24,192,24,192,24,0.0,0.0,False,PNG,192,24,RGBA,1,True,2BD5C0A637A9EC0666B7653165E0F75FE798826EE5CB58F8BA2793B929667A9C,029775DD8319CAD6B200D7B8A179B64329EA215EC249D344BA1A15E0F472B97F,D06E2F909873F22F,2265
L-FRAME-00013,logical_frame,D:\magia\MyProducts\MagiaRe\Magia_CN_Project\dist\MagiaCN-r128-downloader-fix1.apk,assets/package/download/loading_data.plist,assets/package/download/loading_data.png,loading_data_05.png,D:\magia\MyProducts\MagiaRe\Magia_CN_Project\dist\MagiaCN-r128-downloader-fix1.apk!/assets/package/download/loading_data.plist#frame:loading_data_05.png,assets/package/download/loading_data.plist#frame:loading_data_05.png,atlas-frames/assets/package/download/loading_data/loading_data_05.png,1,105,192,24,192,24,192,24,0.0,0.0,False,PNG,192,24,RGBA,1,True,46A410ED1B7A5296CE00061B8EEDD692369DBB2B16A835D26591037C3F10BDA2,B8364F393072C0D9B1D2DEC0962145551A3B62487C649A5736CCC68F62399CAC,D26A2F908873FA2F,2236
L-FRAME-00014,logical_frame,D:\magia\MyProducts\MagiaRe\Magia_CN_Project\dist\MagiaCN-r128-downloader-fix1.apk,assets/package/download/loading_data.plist,assets/package/download/loading_data.png,loading_data_06.png,D:\magia\MyProducts\MagiaRe\Magia_CN_Project\dist\MagiaCN-r128-downloader-fix1.apk!/assets/package/download/loading_data.plist#frame:loading_data_06.png,assets/package/download/loading_data.plist#frame:loading_data_06.png,atlas-frames/assets/package/download/loading_data/loading_data_06.png,1,131,192,24,192,24,192,24,0.0,0.0,False,PNG,192,24,RGBA,1,True,B410571A3E922DDFCA1C82BC28C1197983E39918BA63E0CEF36F93E63100E935,7CF2394C296F9289C3CED095D98E39FCAA2249F6D75079E6C1F1FE827E5C0D81,FEAAAA02EAAABA2A,383
L-FRAME-00015,logical_frame,D:\magia\MyProducts\MagiaRe\Magia_CN_Project\dist\MagiaCN-r128-downloader-fix1.apk,assets/package/download/loading_data.plist,assets/package/download/loading_data.png,loading_data_07.png,D:\magia\MyProducts\MagiaRe\Magia_CN_Project\dist\MagiaCN-r128-downloader-fix1.apk!/assets/package/download/loading_data.plist#frame:loading_data_07.png,assets/package/download/loading_data.plist#frame:loading_data_07.png,atlas-frames/assets/package/download/loading_data/loading_data_07.png,1,157,192,24,192,24,192,24,0.0,0.0,False,PNG,192,24,RGBA,1,True,46A410ED1B7A5296CE00061B8EEDD692369DBB2B16A835D26591037C3F10BDA2,B8364F393072C0D9B1D2DEC0962145551A3B62487C649A5736CCC68F62399CAC,D26A2F908873FA2F,2236
L-FRAME-00016,logical_frame,D:\magia\MyProducts\MagiaRe\Magia_CN_Project\dist\MagiaCN-r128-downloader-fix1.apk,assets/package/download/loading_data.plist,assets/package/download/loading_data.png,loading_data_08.png,D:\magia\MyProducts\MagiaRe\Magia_CN_Project\dist\MagiaCN-r128-downloader-fix1.apk!/assets/package/download/loading_data.plist#frame:loading_data_08.png,assets/package/download/loading_data.plist#frame:loading_data_08.png,atlas-frames/assets/package/download/loading_data/loading_data_08.png,1,183,192,24,192,24,192,24,0.0,0.0,False,PNG,192,24,RGBA,1,True,2BD5C0A637A9EC0666B7653165E0F75FE798826EE5CB58F8BA2793B929667A9C,029775DD8319CAD6B200D7B8A179B64329EA215EC249D344BA1A15E0F472B97F,D06E2F909873F22F,2265
L-FRAME-00017,logical_frame,D:\magia\MyProducts\MagiaRe\Magia_CN_Project\dist\MagiaCN-r128-downloader-fix1.apk,assets/package/download/loading_data.plist,assets/package/download/loading_data.png,loading_data_09.png,D:\magia\MyProducts\MagiaRe\Magia_CN_Project\dist\MagiaCN-r128-downloader-fix1.apk!/assets/package/download/loading_data.plist#frame:loading_data_09.png,assets/package/download/loading_data.plist#frame:loading_data_09.png,atlas-frames/assets/package/download/loading_data/loading_data_09.png,1,209,192,24,192,24,192,24,0.0,0.0,False,PNG,192,24,RGBA,1,True,99C34D7C4E8F078F8DE31719852F12235AD097531ECDCB3E5BCC511321416F3F,B0C02EAE5206CA22C2A611D15DDDB45DFDC7793F5625EC7D265DB8E7DC1C18D9,D06E2F909873F22F,2299
L-FRAME-00018,logical_frame,D:\magia\MyProducts\MagiaRe\Magia_CN_Project\dist\MagiaCN-r128-downloader-fix1.apk,assets/package/download/loading_data.plist,assets/package/download/loading_data.png,loading_data_10.png,D:\magia\MyProducts\MagiaRe\Magia_CN_Project\dist\MagiaCN-r128-downloader-fix1.apk!/assets/package/download/loading_data.plist#frame:loading_data_10.png,assets/package/download/loading_data.plist#frame:loading_data_10.png,atlas-frames/assets/package/download/loading_data/loading_data_10.png,1,1,192,24,192,24,192,24,0.0,0.0,False,PNG,192,24,RGBA,1,True,038108ED5FF620B7E61505C890BBB7719813E772BA1E1B96414B065159154A1A,C534A1F5462F2F3D12E1624D6A2EAB101C73466E3C2179FDF9D198CFB00100FB,D06E2F909873F22F,2217
L-FRAME-00019,logical_frame,D:\magia\MyProducts\MagiaRe\Magia_CN_Project\dist\MagiaCN-r128-downloader-fix1.apk,assets/package/download/loading_resource0.plist,assets/package/download/loading_resource0.png,dummy.png,D:\magia\MyProducts\MagiaRe\Magia_CN_Project\dist\MagiaCN-r128-downloader-fix1.apk!/assets/package/download/loading_resource0.plist#frame:dummy.png,assets/package/download/loading_resource0.plist#frame:dummy.png,atlas-frames/assets/package/download/loading_resource0/dummy.png,0,0,10,10,10,10,10,10,0.0,0.0,False,PNG,10,10,RGBA,1,True,0C384837A297A57DFC850792315DAEB53B575FBF0572775700BB9403AC6CBBCF,FE788557BD2A8F6E31AAE47331309E4A1AE7B090BC6CC88B5C3F567B270AB92F,D72929D639D6D729,71
L-FRAME-00020,logical_frame,D:\magia\MyProducts\MagiaRe\Magia_CN_Project\dist\MagiaCN-r128-downloader-fix1.apk,assets/package/download/loading_resource0.plist,assets/package/download/loading_resource0.png,arrow_R.png,D:\magia\MyProducts\MagiaRe\Magia_CN_Project\dist\MagiaCN-r128-downloader-fix1.apk!/assets/package/download/loading_resource0.plist#frame:arrow_R.png,assets/package/download/loading_resource0.plist#frame:arrow_R.png,atlas-frames/assets/package/download/loading_resource0/arrow_R.png,0,12,80,95,80,95,80,95,0.0,0.0,False,PNG,80,95,RGBA,1,True,FA3F33AFC238AD622DFBE3D16498E3D1FD4F160CA47B949693FB7BB17CC72E15,33AC97F66A1B739BB72224CA8D55B4055CBCEBE2488BF5BB369BC14C934019AA,8C916E4FB3E41957,2876
L-FRAME-00021,logical_frame,D:\magia\MyProducts\MagiaRe\Magia_CN_Project\dist\MagiaCN-r128-downloader-fix1.apk,assets/package/download/loading_resource0.plist,assets/package/download/loading_resource0.png,bg_middle02.png,D:\magia\MyProducts\MagiaRe\Magia_CN_Project\dist\MagiaCN-r128-downloader-fix1.apk!/assets/package/download/loading_resource0.plist#frame:bg_middle02.png,assets/package/download/loading_resource0.plist#frame:bg_middle02.png,atlas-frames/assets/package/download/loading_resource0/bg_middle02.png,82,0,672,108,672,108,672,108,0.0,0.0,False,PNG,672,108,RGBA,1,True,30A5A25D76D864F4DFF27A99F910D0D1287AE0DF0B27A798919260AD1FCB78BF,826AC0A9AD505C88241A9AA48A0E50F2B7BC347C20F81F761960DA2E6ABB19EC,FC3CC3C3C2C3C33C,8754
L-FRAME-00022,logical_frame,D:\magia\MyProducts\MagiaRe\Magia_CN_Project\dist\MagiaCN-r128-downloader-fix1.apk,assets/package/download/loading_resource0.plist,assets/package/download/loading_resource0.png,bg_middle03.png,D:\magia\MyProducts\MagiaRe\Magia_CN_Project\dist\MagiaCN-r128-downloader-fix1.apk!/assets/package/download/loading_resource0.plist#frame:bg_middle03.png,assets/package/download/loading_resource0.plist#frame:bg_middle03.png,atlas-frames/assets/package/download/loading_resource0/bg_middle03.png,0,110,733,456,733,456,733,456,0.0,0.0,False,PNG,733,456,RGBA,1,True,7BC62A8A007A61CEBD50053B3E6065690762C728A16418B0BC01FD25B2A0150E,87E854C27157801B9AD939B354D66636AE6C8D4232E987848ACF617959E39DDF,E8689F689F689768,16713
L-FRAME-00023,logical_frame,D:\magia\MyProducts\MagiaRe\Magia_CN_Project\dist\MagiaCN-r128-downloader-fix1.apk,assets/package/download/loading_resource0.plist,assets/package/download/loading_resource0.png,arrow_L.png,D:\magia\MyProducts\MagiaRe\Magia_CN_Project\dist\MagiaCN-r128-downloader-fix1.apk!/assets/package/download/loading_resource0.plist#frame:arrow_L.png,assets/package/download/loading_resource0.plist#frame:arrow_L.png,atlas-frames/assets/package/download/loading_resource0/arrow_L.png,0,568,80,95,80,95,80,95,0.0,0.0,False,PNG,80,95,RGBA,1,True,009B8C5E91B78F849F2BC792F388E3F54B488D12BDE44EBA710182AC49C6EB65,937BBF583D00859E3907983185FC8A2A4B7B936BCDBECD8BBB98EAFE72D43336,D98D3B1AE6B14C47,2900
L-FRAME-00024,logical_frame,D:\magia\MyProducts\MagiaRe\Magia_CN_Project\dist\MagiaCN-r128-downloader-fix1.apk,assets/package/download/loading_resource0.plist,assets/package/download/loading_resource0.png,card_dummy_l.png,D:\magia\MyProducts\MagiaRe\Magia_CN_Project\dist\MagiaCN-r128-downloader-fix1.apk!/assets/package/download/loading_resource0.plist#frame:card_dummy_l.png,assets/package/download/loading_resource0.plist#frame:card_dummy_l.png,atlas-frames/assets/package/download/loading_resource0/card_dummy_l.png,12,0,10,10,10,10,10,10,0.0,0.0,False,PNG,10,10,RGBA,1,True,0C384837A297A57DFC850792315DAEB53B575FBF0572775700BB9403AC6CBBCF,FE788557BD2A8F6E31AAE47331309E4A1AE7B090BC6CC88B5C3F567B270AB92F,D72929D639D6D729,71
L-FRAME-00025,logical_frame,D:\magia\MyProducts\MagiaRe\Magia_CN_Project\dist\MagiaCN-r128-downloader-fix1.apk,assets/package/download/loading_resource0.plist,assets/package/download/loading_resource0.png,light.png,D:\magia\MyProducts\MagiaRe\Magia_CN_Project\dist\MagiaCN-r128-downloader-fix1.apk!/assets/package/download/loading_resource0.plist#frame:light.png,assets/package/download/loading_resource0.plist#frame:light.png,atlas-frames/assets/package/download/loading_resource0/light.png,82,568,1024,26,1024,26,1024,26,0.0,0.0,False,PNG,1024,26,RGBA,1,True,95FF928C19F3A0AB474692FE1645950546BB5282BFA1445740E8E66D2D306981,2553FCC3A60EA945C4D83E2CFC93951BFCD9AD57820E450EF9AFB6B56692C405,956B6B94946B6A95,2630
L-FRAME-00026,logical_frame,D:\magia\MyProducts\MagiaRe\Magia_CN_Project\dist\MagiaCN-r128-downloader-fix1.apk,assets/package/download/loading_resource0.plist,assets/package/download/loading_resource0.png,bg_up.png,D:\magia\MyProducts\MagiaRe\Magia_CN_Project\dist\MagiaCN-r128-downloader-fix1.apk!/assets/package/download/loading_resource0.plist#frame:bg_up.png,assets/package/download/loading_resource0.plist#frame:bg_up.png,atlas-frames/assets/package/download/loading_resource0/bg_up.png,0,665,1024,203,1024,203,1024,203,0.0,0.0,False,PNG,1024,203,RGBA,1,True,7E7E90172957D7A73CF18BEFBE6F6B710C4049731AB79A5E28F60D1CF03AE122,597748D9D0EDABD8A653F6D435510BF749075EDC73C5D03350E3444722424116,FE278B6A80179778,132113
L-FRAME-00027,logical_frame,D:\magia\MyProducts\MagiaRe\Magia_CN_Project\dist\MagiaCN-r128-downloader-fix1.apk,assets/package/download/loading_resource0.plist,assets/package/download/loading_resource0.png,bg_down.png,D:\magia\MyProducts\MagiaRe\Magia_CN_Project\dist\MagiaCN-r128-downloader-fix1.apk!/assets/package/download/loading_resource0.plist#frame:bg_down.png,assets/package/download/loading_resource0.plist#frame:bg_down.png,atlas-frames/assets/package/download/loading_resource0/bg_down.png,756,0,1024,457,1024,457,1024,457,0.0,0.0,False,PNG,1024,457,RGBA,1,True,48FE62A8C4B6E2DAD700387B3FA1D5032359B3A3A1DBCD2754F9D8FD06E4DC27,B43C0EF9DCCDD73BC19D3D0BA48EDCB078893764391FF104486A22F855DEAE42,FCE0DBD0E8EF8482,497169
L-FRAME-00028,logical_frame,D:\magia\MyProducts\MagiaRe\Magia_CN_Project\dist\MagiaCN-r128-downloader-fix1.apk,assets/package/download/loading_resource0.plist,assets/package/download/loading_resource0.png,card_dummy_m.png,D:\magia\MyProducts\MagiaRe\Magia_CN_Project\dist\MagiaCN-r128-downloader-fix1.apk!/assets/package/download/loading_resource0.plist#frame:card_dummy_m.png,assets/package/download/loading_resource0.plist#frame:card_dummy_m.png,atlas-frames/assets/package/download/loading_resource0/card_dummy_m.png,24,0,10,10,10,10,10,10,0.0,0.0,False,PNG,10,10,RGBA,1,True,0C384837A297A57DFC850792315DAEB53B575FBF0572775700BB9403AC6CBBCF,FE788557BD2A8F6E31AAE47331309E4A1AE7B090BC6CC88B5C3F567B270AB92F,D72929D639D6D729,71
L-FRAME-00029,logical_frame,D:\magia\MyProducts\MagiaRe\Magia_CN_Project\dist\MagiaCN-r128-downloader-fix1.apk,assets/package/download/loading_resource0.plist,assets/package/download/loading_resource0.png,bg_middle.png,D:\magia\MyProducts\MagiaRe\Magia_CN_Project\dist\MagiaCN-r128-downloader-fix1.apk!/assets/package/download/loading_resource0.plist#frame:bg_middle.png,assets/package/download/loading_resource0.plist#frame:bg_middle.png,atlas-frames/assets/package/download/loading_resource0/bg_middle.png,0,870,1024,114,1024,114,1024,114,0.0,0.0,False,PNG,1024,114,RGBA,1,True,9CE10587CEDBBEE55ECC4EE26702DB551E0D0A2278E8BE6E74E25A459D082E99,3E70B8ABCA7211C5E74F3E18FC5E4C0FC3D6AF40BCBFE688F5DB92892C2CED8A,FEFD870380F78780,71507
L-FRAME-00030,logical_frame,D:\magia\MyProducts\MagiaRe\Magia_CN_Project\dist\MagiaCN-r128-downloader-fix1.apk,assets/package/download/loading_resource0.plist,assets/package/download/loading_resource0.png,bk.png,D:\magia\MyProducts\MagiaRe\Magia_CN_Project\dist\MagiaCN-r128-downloader-fix1.apk!/assets/package/download/loading_resource0.plist#frame:bk.png,assets/package/download/loading_resource0.plist#frame:bk.png,atlas-frames/assets/package/download/loading_resource0/bk.png,36,0,10,10,10,10,10,10,0.0,0.0,False,PNG,10,10,RGBA,1,True,C8CDA98C59D45E842439393F98AF2C12F5BDCF153D0053EC6756CE7ED819524E,A94D19B18905D9B8A0E1AC001F476554B11A7167B16F51E88CDCBA7DF46BF55F,D63929D629D6D629,84
L-FRAME-00031,logical_frame,D:\magia\MyProducts\MagiaRe\Magia_CN_Project\dist\MagiaCN-r128-downloader-fix1.apk,assets/package/evolution/web_ef_reality_up0.plist,assets/package/evolution/web_ef_reality_up0.png,Star00.png,D:\magia\MyProducts\MagiaRe\Magia_CN_Project\dist\MagiaCN-r128-downloader-fix1.apk!/assets/package/evolution/web_ef_reality_up0.plist#frame:Star00.png,assets/package/evolution/web_ef_reality_up0.plist#frame:Star00.png,atlas-frames/assets/package/evolution/web_ef_reality_up0/Star00.png,683,966,92,89,92,89,92,89,0.0,0.0,False,PNG,92,89,RGBA,1,True,61F22CBDAF514B0D146B38A8FCDF6E3687EC1802DBE0FF1106D74B7828E1E8D9,5F6C0C5D4A0FB17C0B5343C118936739F521B809118179820243EC699D49097E,CF993166C698936D,2758
L-FRAME-00032,logical_frame,D:\magia\MyProducts\MagiaRe\Magia_CN_Project\dist\MagiaCN-r128-downloader-fix1.apk,assets/package/evolution/web_ef_reality_up0.plist,assets/package/evolution/web_ef_reality_up0.png,Star01.png,D:\magia\MyProducts\MagiaRe\Magia_CN_Project\dist\MagiaCN-r128-downloader-fix1.apk!/assets/package/evolution/web_ef_reality_up0.plist#frame:Star01.png,assets/package/evolution/web_ef_reality_up0.plist#frame:Star01.png,atlas-frames/assets/package/evolution/web_ef_reality_up0/Star01.png,583,1025,92,89,92,89,92,89,0.0,0.0,False,PNG,92,89,RGBA,1,True,14F21EB1CD7E1091D48F3FBCA629DB4188BC94ADE4A1155B9C3AB4E08E5D742E,E43525715CF33D7BDBFBE52727C8D8A8BBC0BB198CB3973256DC3B301F86C80C,956C78E36697A748,3184
L-FRAME-00033,logical_frame,D:\magia\MyProducts\MagiaRe\Magia_CN_Project\dist\MagiaCN-r128-downloader-fix1.apk,assets/package/evolution/web_ef_reality_up0.plist,assets/package/evolution/web_ef_reality_up0.png,TouchScreenBase00.png,D:\magia\MyProducts\MagiaRe\Magia_CN_Project\dist\MagiaCN-r128-downloader-fix1.apk!/assets/package/evolution/web_ef_reality_up0.plist#frame:TouchScreenBase00.png,assets/package/evolution/web_ef_reality_up0.plist#frame:TouchScreenBase00.png,atlas-frames/assets/package/evolution/web_ef_reality_up0/TouchScreenBase00.png,2,772,515,70,515,70,515,70,0.0,0.0,False,PNG,515,70,RGBA,1,True,CCBFFC332E83405B01EF3C44FA60A8130B2DD7448172BFA68C9598A32D2E4419,8E28BD9FA3F39E4198168B3CB91D24209395253341C1819183EB27592B4B47C2,C0D52F3B332E263D,10913
L-FRAME-00034,logical_frame,D:\magia\MyProducts\MagiaRe\Magia_CN_Project\dist\MagiaCN-r128-downloader-fix1.apk,assets/package/evolution/web_ef_reality_up0.plist,assets/package/evolution/web_ef_reality_up0.png,TouchScreenBase01.png,D:\magia\MyProducts\MagiaRe\Magia_CN_Project\dist\MagiaCN-r128-downloader-fix1.apk!/assets/package/evolution/web_ef_reality_up0.plist#frame:TouchScreenBase01.png,assets/package/evolution/web_ef_reality_up0.plist#frame:TouchScreenBase01.png,atlas-frames/assets/package/evolution/web_ef_reality_up0/TouchScreenBase01.png,2,844,340,50,340,50,340,50,0.0,0.0,False,PNG,340,50,RGBA,1,True,C09C2E5CAC93F6EEFC65D2DC6011D2B7F5527A951DD949E9A61C53425EDEEA0E,29BA381F90A4192055A804F670DC607BC9D8CB6293CA18CF8F28D95DB3CD4D0F,91D06E3F87D690F1,8995
L-FRAME-00035,logical_frame,D:\magia\MyProducts\MagiaRe\Magia_CN_Project\dist\MagiaCN-r128-downloader-fix1.apk,assets/package/evolution/web_ef_reality_up0.plist,assets/package/evolution/web_ef_reality_up0.png,bg0000.png,D:\magia\MyProducts\MagiaRe\Magia_CN_Project\dist\MagiaCN-r128-downloader-fix1.apk!/assets/package/evolution/web_ef_reality_up0.plist#frame:bg0000.png,assets/package/evolution/web_ef_reality_up0.plist#frame:bg0000.png,atlas-frames/assets/package/evolution/web_ef_reality_up0/bg0000.png,2,2,1024,768,1024,768,1024,768,0.0,0.0,False,PNG,1024,768,RGBA,1,True,73F00861081CDE1D5CA51AF2D2BDAA14A045D47F6C5DEA2F244EB8F712A34ADA,86169243F2A7795CB30CE53F2920B27BA6CBD0A9F6421F30C9CEB7DD4D241A8D,D6B10FD02D5AD4AB,444584
L-FRAME-00036,logical_frame,D:\magia\MyProducts\MagiaRe\Magia_CN_Project\dist\MagiaCN-r128-downloader-fix1.apk,assets/package/evolution/web_ef_reality_up0.plist,assets/package/evolution/web_ef_reality_up0.png,bg0001.png,D:\magia\MyProducts\MagiaRe\Magia_CN_Project\dist\MagiaCN-r128-downloader-fix1.apk!/assets/package/evolution/web_ef_reality_up0.plist#frame:bg0001.png,assets/package/evolution/web_ef_reality_up0.plist#frame:bg0001.png,atlas-frames/assets/package/evolution/web_ef_reality_up0/bg0001.png,1028,2,512,384,512,384,512,384,0.0,0.0,False,PNG,512,384,RGBA,1,True,1A9CA36A147726648027ECA7FF4EC38A6860C26BCF627DD34B774E6E451BFA73,BBE060A8ED6B62C4CC32970702901975BE785361ADD166C14FB34676939BFD04,D7A10FD12C5AD4AB,97149
L-FRAME-00037,logical_frame,D:\magia\MyProducts\MagiaRe\Magia_CN_Project\dist\MagiaCN-r128-downloader-fix1.apk,assets/package/evolution/web_ef_reality_up0.plist,assets/package/evolution/web_ef_reality_up0.png,bg0002.png,D:\magia\MyProducts\MagiaRe\Magia_CN_Project\dist\MagiaCN-r128-downloader-fix1.apk!/assets/package/evolution/web_ef_reality_up0.plist#frame:bg0002.png,assets/package/evolution/web_ef_reality_up0.plist#frame:bg0002.png,atlas-frames/assets/package/evolution/web_ef_reality_up0/bg0002.png,519,772,256,192,256,192,256,192,0.0,0.0,False,PNG,256,192,RGBA,1,True,1D5EF76E0F2944575B514BA08BD9A1FCAE3B1387360C93DFC6FE0C18F31DB7BB,16025498D62131D036EC78E2E63118D8CD8074E1422431F01D84C6E5709349C5,D4D53BD52BFF3B11,708
L-FRAME-00038,logical_frame,D:\magia\MyProducts\MagiaRe\Magia_CN_Project\dist\MagiaCN-r128-downloader-fix1.apk,assets/package/evolution/web_ef_reality_up0.plist,assets/package/evolution/web_ef_reality_up0.png,card_10011_c.png,D:\magia\MyProducts\MagiaRe\Magia_CN_Project\dist\MagiaCN-r128-downloader-fix1.apk!/assets/package/evolution/web_ef_reality_up0.plist#frame:card_10011_c.png,assets/package/evolution/web_ef_reality_up0.plist#frame:card_10011_c.png,atlas-frames/assets/package/evolution/web_ef_reality_up0/card_10011_c.png,1142,740,10,10,10,10,10,10,0.0,0.0,False,PNG,10,10,RGBA,1,True,0C384837A297A57DFC850792315DAEB53B575FBF0572775700BB9403AC6CBBCF,FE788557BD2A8F6E31AAE47331309E4A1AE7B090BC6CC88B5C3F567B270AB92F,D72929D639D6D729,71
L-FRAME-00039,logical_frame,D:\magia\MyProducts\MagiaRe\Magia_CN_Project\dist\MagiaCN-r128-downloader-fix1.apk,assets/package/evolution/web_ef_reality_up0.plist,assets/package/evolution/web_ef_reality_up0.png,cardeffect00.png,D:\magia\MyProducts\MagiaRe\Magia_CN_Project\dist\MagiaCN-r128-downloader-fix1.apk!/assets/package/evolution/web_ef_reality_up0.plist#frame:cardeffect00.png,assets/package/evolution/web_ef_reality_up0.plist#frame:cardeffect00.png,atlas-frames/assets/package/evolution/web_ef_reality_up0/cardeffect00.png,1028,755,164,249,164,249,164,249,0.0,0.0,False,PNG,164,249,RGBA,1,True,B82D6F857DDD0480950FAA91CEB0C2133FABBEA74A81FAA4517C2DB1FD6260E0,8DC71489573F4C08FE7BFF326F3FC4726B38AC752D52EF03E31E75F0B6D715BD,C8326CBD24E5F51E,45087
L-FRAME-00040,logical_frame,D:\magia\MyProducts\MagiaRe\Magia_CN_Project\dist\MagiaCN-r128-downloader-fix1.apk,assets/package/evolution/web_ef_reality_up0.plist,assets/package/evolution/web_ef_reality_up0.png,cardeffect01.png,D:\magia\MyProducts\MagiaRe\Magia_CN_Project\dist\MagiaCN-r128-downloader-fix1.apk!/assets/package/evolution/web_ef_reality_up0.plist#frame:cardeffect01.png,assets/package/evolution/web_ef_reality_up0.plist#frame:cardeffect01.png,atlas-frames/assets/package/evolution/web_ef_reality_up0/cardeffect01.png,1526,755,164,249,164,249,164,249,0.0,0.0,False,PNG,164,249,RGBA,1,True,8C2859D1892DDB969FB869821BBD8A33B3226614D95938A0D227641A8EA027AF,BB4F300F0E6E1CD36CF0CEFED5291589349925E8E6D65C9E49CD9D5D7B734997,CC52C13D64737FA4,44437
L-FRAME-00041,logical_frame,D:\magia\MyProducts\MagiaRe\Magia_CN_Project\dist\MagiaCN-r128-downloader-fix1.apk,assets/package/evolution/web_ef_reality_up0.plist,assets/package/evolution/web_ef_reality_up0.png,cardeffect02.png,D:\magia\MyProducts\MagiaRe\Magia_CN_Project\dist\MagiaCN-r128-downloader-fix1.apk!/assets/package/evolution/web_ef_reality_up0.plist#frame:cardeffect02.png,assets/package/evolution/web_ef_reality_up0.plist#frame:cardeffect02.png,atlas-frames/assets/package/evolution/web_ef_reality_up0/cardeffect02.png,1194,755,164,249,164,249,164,249,0.0,0.0,False,PNG,164,249,RGBA,1,True,78B6153923771AF106606B7679013880D85B13F6D74B887055BD32CA5C03B75E,8C39B03DFD676401B070B87563BAFAD1149CB4A81E905DB36FCFB2587526227C,CCD2F3151C337DA1,44019
L-FRAME-00042,logical_frame,D:\magia\MyProducts\MagiaRe\Magia_CN_Project\dist\MagiaCN-r128-downloader-fix1.apk,assets/package/evolution/web_ef_reality_up0.plist,assets/package/evolution/web_ef_reality_up0.png,cardeffect03.png,D:\magia\MyProducts\MagiaRe\Magia_CN_Project\dist\MagiaCN-r128-downloader-fix1.apk!/assets/package/evolution/web_ef_reality_up0.plist#frame:cardeffect03.png,assets/package/evolution/web_ef_reality_up0.plist#frame:cardeffect03.png,atlas-frames/assets/package/evolution/web_ef_reality_up0/cardeffect03.png,1800,253,164,249,164,249,164,249,0.0,0.0,False,PNG,164,249,RGBA,1,True,FD3802C32C7CD094AD87B817C45FB1D5D60C5D00BDC3BCF473979F2E7880FBF1,200F904375BEBC7A3637D564DFAE1447A1DE36D5C2F34782A9E0EFA94253D339,FCDC92959C6C3E22,46087
L-FRAME-00043,logical_frame,D:\magia\MyProducts\MagiaRe\Magia_CN_Project\dist\MagiaCN-r128-downloader-fix1.apk,assets/package/evolution/web_ef_reality_up0.plist,assets/package/evolution/web_ef_reality_up0.png,cardeffect04.png,D:\magia\MyProducts\MagiaRe\Magia_CN_Project\dist\MagiaCN-r128-downloader-fix1.apk!/assets/package/evolution/web_ef_reality_up0.plist#frame:cardeffect04.png,assets/package/evolution/web_ef_reality_up0.plist#frame:cardeffect04.png,atlas-frames/assets/package/evolution/web_ef_reality_up0/cardeffect04.png,1874,504,164,249,164,249,164,249,0.0,0.0,False,PNG,164,249,RGBA,1,True,C795FBBDDCA7FFF11D61AA374F838E449B7DA184C0A24117C802C9DEA422198A,F3BFB03F0EB866DD4AA1929662BEB9A99639DC45E8F3C4916BCAD92A989A2936,A5ED69A1D89C9C63,48451
L-FRAME-00044,logical_frame,D:\magia\MyProducts\MagiaRe\Magia_CN_Project\dist\MagiaCN-r128-downloader-fix1.apk,assets/package/evolution/web_ef_reality_up0.plist,assets/package/evolution/web_ef_reality_up0.png,cardeffect05.png,D:\magia\MyProducts\MagiaRe\Magia_CN_Project\dist\MagiaCN-r128-downloader-fix1.apk!/assets/package/evolution/web_ef_reality_up0.plist#frame:cardeffect05.png,assets/package/evolution/web_ef_reality_up0.plist#frame:cardeffect05.png,atlas-frames/assets/package/evolution/web_ef_reality_up0/cardeffect05.png,1542,260,164,249,164,249,164,249,0.0,0.0,False,PNG,164,249,RGBA,1,True,FDE540063035DB6FCEE86A0908450EF8956198C52E9B7E1F81E6CF3C88FD2531,22663149EFAEAB8AD1A26E02C05519C23AE245BB56789678C630E0AADA961038,A5F64DC39CDC3710,47552
L-FRAME-00045,logical_frame,D:\magia\MyProducts\MagiaRe\Magia_CN_Project\dist\MagiaCN-r128-downloader-fix1.apk,assets/package/evolution/web_ef_reality_up0.plist,assets/package/evolution/web_ef_reality_up0.png,cardeffect06.png,D:\magia\MyProducts\MagiaRe\Magia_CN_Project\dist\MagiaCN-r128-downloader-fix1.apk!/assets/package/evolution/web_ef_reality_up0.plist#frame:cardeffect06.png,assets/package/evolution/web_ef_reality_up0.plist#frame:cardeffect06.png,atlas-frames/assets/package/evolution/web_ef_reality_up0/cardeffect06.png,1800,2,164,249,164,249,164,249,0.0,0.0,False,PNG,164,249,RGBA,1,True,FB8FD4BBA79E2B777398F3BE6887E8BAF5165FD9D12ED727286D1F4E4512168E,FE5E6B0401A806E04A17065726D35B61C14A02F60C23773741F49E7199CDE9C3,B5E459C3ACDC3730,46072
L-FRAME-00046,logical_frame,D:\magia\MyProducts\MagiaRe\Magia_CN_Project\dist\MagiaCN-r128-downloader-fix1.apk,assets/package/evolution/web_ef_reality_up0.plist,assets/package/evolution/web_ef_reality_up0.png,cardeffect07.png,D:\magia\MyProducts\MagiaRe\Magia_CN_Project\dist\MagiaCN-r128-downloader-fix1.apk!/assets/package/evolution/web_ef_reality_up0.plist#frame:cardeffect07.png,assets/package/evolution/web_ef_reality_up0.plist#frame:cardeffect07.png,atlas-frames/assets/package/evolution/web_ef_reality_up0/cardeffect07.png,1360,755,164,249,164,249,164,249,0.0,0.0,False,PNG,164,249,RGBA,1,True,7E11FF9F133C31BECC2211D60D25BAF3D07AC36855EA0719D91C83F92D3B3665,25A149E21C3B3B2CD98F9E0A127A46AB0640C844420C85B85615EA5630D2546A,E5FC4DC398DC3710,48374
L-FRAME-00047,logical_frame,D:\magia\MyProducts\MagiaRe\Magia_CN_Project\dist\MagiaCN-r128-downloader-fix1.apk,assets/package/evolution/web_ef_reality_up0.plist,assets/package/evolution/web_ef_reality_up0.png,cardeffect08.png,D:\magia\MyProducts\MagiaRe\Magia_CN_Project\dist\MagiaCN-r128-downloader-fix1.apk!/assets/package/evolution/web_ef_reality_up0.plist#frame:cardeffect08.png,assets/package/evolution/web_ef_reality_up0.plist#frame:cardeffect08.png,atlas-frames/assets/package/evolution/web_ef_reality_up0/cardeffect08.png,1874,755,164,249,164,249,164,249,0.0,0.0,False,PNG,164,249,RGBA,1,True,1EBB6F526D0461DEF290B2057EA74A4CA0F20C0C6AC94AC2CFFE130D8BEAAE87,2CEB7EDFF75E3BF4CA9307878DB5E1CFC5E4B0FF6F054E2F7D4817166D533DBB,EDEDD291D84C9C23,48057
L-FRAME-00048,logical_frame,D:\magia\MyProducts\MagiaRe\Magia_CN_Project\dist\MagiaCN-r128-downloader-fix1.apk,assets/package/evolution/web_ef_reality_up0.plist,assets/package/evolution/web_ef_reality_up0.png,cardeffect09.png,D:\magia\MyProducts\MagiaRe\Magia_CN_Project\dist\MagiaCN-r128-downloader-fix1.apk!/assets/package/evolution/web_ef_reality_up0.plist#frame:cardeffect09.png,assets/package/evolution/web_ef_reality_up0.plist#frame:cardeffect09.png,atlas-frames/assets/package/evolution/web_ef_reality_up0/cardeffect09.png,1692,755,164,249,164,249,164,249,0.0,0.0,False,PNG,164,249,RGBA,1,True,888EC52E77D45A765A6C7303D91C1C8DC195616AB8EA069DBFBA0FFAAB8EB3A3,454CDD3C80A576BF5BC272A3718A205EA69CDFA17E0F823FDEAD5BF9E72A5BC8,EEDAB31518397C23,43182
L-FRAME-00049,logical_frame,D:\magia\MyProducts\MagiaRe\Magia_CN_Project\dist\MagiaCN-r128-downloader-fix1.apk,assets/package/evolution/web_ef_reality_up0.plist,assets/package/evolution/web_ef_reality_up0.png,cardeffect10.png,D:\magia\MyProducts\MagiaRe\Magia_CN_Project\dist\MagiaCN-r128-downloader-fix1.apk!/assets/package/evolution/web_ef_reality_up0.plist#frame:cardeffect10.png,assets/package/evolution/web_ef_reality_up0.plist#frame:cardeffect10.png,atlas-frames/assets/package/evolution/web_ef_reality_up0/cardeffect10.png,1708,504,164,249,164,249,164,249,0.0,0.0,False,PNG,164,249,RGBA,1,True,C2ECA99512B36023566B91A276A88D99970E09B750FCD063FEB64144AEB60EBE,E74054EFDA0E5FED452E67B002D49E0230C0BD713B683D961AA446C37184F44A,C4572BD52BD43B55,804
L-FRAME-00050,logical_frame,D:\magia\MyProducts\MagiaRe\Magia_CN_Project\dist\MagiaCN-r128-downloader-fix1.apk,assets/package/evolution/web_ef_reality_up0.plist,assets/package/evolution/web_ef_reality_up0.png,cardeffect11.png,D:\magia\MyProducts\MagiaRe\Magia_CN_Project\dist\MagiaCN-r128-downloader-fix1.apk!/assets/package/evolution/web_ef_reality_up0.plist#frame:cardeffect11.png,assets/package/evolution/web_ef_reality_up0.plist#frame:cardeffect11.png,atlas-frames/assets/package/evolution/web_ef_reality_up0/cardeffect11.png,1193,388,163,248,163,248,163,248,0.0,0.0,False,PNG,163,248,RGBA,1,True,88EE6B1D1955EAD150DA0F9F2F0CC0775906CE1401B2634B7082819339B81C51,D784CE87DBDEE0D7E1F6E427843EE2A9E03EBDC18E088786566AB46B690320E9,FFE8C0888F9DB8B0,1516
L-FRAME-00051,logical_frame,D:\magia\MyProducts\MagiaRe\Magia_CN_Project\dist\MagiaCN-r128-downloader-fix1.apk,assets/package/evolution/web_ef_reality_up0.plist,assets/package/evolution/web_ef_reality_up0.png,cardeffect12.png,D:\magia\MyProducts\MagiaRe\Magia_CN_Project\dist\MagiaCN-r128-downloader-fix1.apk!/assets/package/evolution/web_ef_reality_up0.plist#frame:cardeffect12.png,assets/package/evolution/web_ef_reality_up0.plist#frame:cardeffect12.png,atlas-frames/assets/package/evolution/web_ef_reality_up0/cardeffect12.png,1028,388,163,248,163,248,163,248,0.0,0.0,False,PNG,163,248,RGBA,1,True,43DC9C07214F439AAC5D7CA5850D3B3A74D3A69F99628C3BC9D3E877A4DD862F,F227BB5631E490391B7AD21347675A35393329E79CF3D69519B74C2D284B8772,D5803F6A4A5A726F,5654
L-FRAME-00052,logical_frame,D:\magia\MyProducts\MagiaRe\Magia_CN_Project\dist\MagiaCN-r128-downloader-fix1.apk,assets/package/evolution/web_ef_reality_up0.plist,assets/package/evolution/web_ef_reality_up0.png,cardeffect13.png,D:\magia\MyProducts\MagiaRe\Magia_CN_Project\dist\MagiaCN-r128-downloader-fix1.apk!/assets/package/evolution/web_ef_reality_up0.plist#frame:cardeffect13.png,assets/package/evolution/web_ef_reality_up0.plist#frame:cardeffect13.png,atlas-frames/assets/package/evolution/web_ef_reality_up0/cardeffect13.png,1360,388,163,248,163,248,163,248,0.0,0.0,False,PNG,163,248,RGBA,1,True,F7BC620C2AF095F1DB42FE669536BE69059C4851A6FBFE818F4EE0CB62982C77,0EDC231D97E71D54AC02956AD9386B1580520C1EF924B6F893360974569C0C08,802A6AD53FDD39D2,6929
L-FRAME-00053,logical_frame,D:\magia\MyProducts\MagiaRe\Magia_CN_Project\dist\MagiaCN-r128-downloader-fix1.apk,assets/package/evolution/web_ef_reality_up0.plist,assets/package/evolution/web_ef_reality_up0.png,cardeffect14.png,D:\magia\MyProducts\MagiaRe\Magia_CN_Project\dist\MagiaCN-r128-downloader-fix1.apk!/assets/package/evolution/web_ef_reality_up0.plist#frame:cardeffect14.png,assets/package/evolution/web_ef_reality_up0.plist#frame:cardeffect14.png,atlas-frames/assets/package/evolution/web_ef_reality_up0/cardeffect14.png,777,772,163,248,163,248,163,248,0.0,0.0,False,PNG,163,248,RGBA,1,True,B46E6B4771E6210BAA9B0D05B614A062E585A7A068225953767368067C466806,62F0B2D56188EA89F80087EC624011E6C398C7549F9B8A433574EDF75D6855C5,AA47952ACA35E53E,2490
L-FRAME-00054,logical_frame,D:\magia\MyProducts\MagiaRe\Magia_CN_Project\dist\MagiaCN-r128-downloader-fix1.apk,assets/package/evolution/web_ef_reality_up0.plist,assets/package/evolution/web_ef_reality_up0.png,cardeffect20.png,D:\magia\MyProducts\MagiaRe\Magia_CN_Project\dist\MagiaCN-r128-downloader-fix1.apk!/assets/package/evolution/web_ef_reality_up0.plist#frame:cardeffect20.png,assets/package/evolution/web_ef_reality_up0.plist#frame:cardeffect20.png,atlas-frames/assets/package/evolution/web_ef_reality_up0/cardeffect20.png,2,896,308,55,308,55,308,55,0.0,0.0,False,PNG,308,55,RGBA,1,True,4408211207D5A15AEB5B08C19713C57A2A2F5E3038C156E721FF12A2AB4F3997,547587073B24837BB7BAFB67EABF24691883C923A6F8D475AEDF68AC4A608837,B990C76FE86565B0,3837
L-FRAME-00055,logical_frame,D:\magia\MyProducts\MagiaRe\Magia_CN_Project\dist\MagiaCN-r128-downloader-fix1.apk,assets/package/evolution/web_ef_reality_up0.plist,assets/package/evolution/web_ef_reality_up0.png,cardeffect30.png,D:\magia\MyProducts\MagiaRe\Magia_CN_Project\dist\MagiaCN-r128-downloader-fix1.apk!/assets/package/evolution/web_ef_reality_up0.plist#frame:cardeffect30.png,assets/package/evolution/web_ef_reality_up0.plist#frame:cardeffect30.png,atlas-frames/assets/package/evolution/web_ef_reality_up0/cardeffect30.png,2,953,235,237,235,237,235,237,0.0,0.0,False,PNG,235,237,RGBA,1,True,47D82105BFAC5A910B80C47E3E81EACC1D849DC7F80A381471B8AD68F1B0268A,40FC1C6F364A087EEC4029A3765CF6415251A8B65A42EB6939F9E0E50254F876,CCCC3232CFCF3C2C,12655
L-FRAME-00056,logical_frame,D:\magia\MyProducts\MagiaRe\Magia_CN_Project\dist\MagiaCN-r128-downloader-fix1.apk,assets/package/evolution/web_ef_reality_up0.plist,assets/package/evolution/web_ef_reality_up0.png,circle.png,D:\magia\MyProducts\MagiaRe\Magia_CN_Project\dist\MagiaCN-r128-downloader-fix1.apk!/assets/package/evolution/web_ef_reality_up0.plist#frame:circle.png,assets/package/evolution/web_ef_reality_up0.plist#frame:circle.png,atlas-frames/assets/package/evolution/web_ef_reality_up0/circle.png,448,966,133,133,133,133,133,133,0.0,0.0,False,PNG,133,133,RGBA,1,True,C3D6B03A163C7386215F36DB9C6DF4911645392C757BFFA40F222FA617CFFCC1,3D69A812D6F0EB0A3C1F74D72FEF6E08FFACCCC95F0D14C962E7D98661D033DA,AA50D1A9DFA98B55,2513
L-FRAME-00057,logical_frame,D:\magia\MyProducts\MagiaRe\Magia_CN_Project\dist\MagiaCN-r128-downloader-fix1.apk,assets/package/evolution/web_ef_reality_up0.plist,assets/package/evolution/web_ef_reality_up0.png,frame_light_rank_1.png,D:\magia\MyProducts\MagiaRe\Magia_CN_Project\dist\MagiaCN-r128-downloader-fix1.apk!/assets/package/evolution/web_ef_reality_up0.plist#frame:frame_light_rank_1.png,assets/package/evolution/web_ef_reality_up0.plist#frame:frame_light_rank_1.png,atlas-frames/assets/package/evolution/web_ef_reality_up0/frame_light_rank_1.png,1130,740,10,10,10,10,10,10,0.0,0.0,False,PNG,10,10,RGBA,1,True,0C384837A297A57DFC850792315DAEB53B575FBF0572775700BB9403AC6CBBCF,FE788557BD2A8F6E31AAE47331309E4A1AE7B090BC6CC88B5C3F567B270AB92F,D72929D639D6D729,71
L-FRAME-00058,logical_frame,D:\magia\MyProducts\MagiaRe\Magia_CN_Project\dist\MagiaCN-r128-downloader-fix1.apk,assets/package/evolution/web_ef_reality_up0.plist,assets/package/evolution/web_ef_reality_up0.png,frower00.png,D:\magia\MyProducts\MagiaRe\Magia_CN_Project\dist\MagiaCN-r128-downloader-fix1.apk!/assets/package/evolution/web_ef_reality_up0.plist#frame:frower00.png,assets/package/evolution/web_ef_reality_up0.plist#frame:frower00.png,atlas-frames/assets/package/evolution/web_ef_reality_up0/frower00.png,2,1310,98,57,98,57,98,57,0.0,0.0,False,PNG,98,57,RGBA,1,True,821D34FBF9EC5D8174C3EFF90BDD515A72275DC2AB3E15A61D646630947DBC59,A3826624DAAACF326096042BD459F0D679D23183ECC507F579F149B811D1E716,CB33246CD39A9D69,1890
L-FRAME-00059,logical_frame,D:\magia\MyProducts\MagiaRe\Magia_CN_Project\dist\MagiaCN-r128-downloader-fix1.apk,assets/package/evolution/web_ef_reality_up0.plist,assets/package/evolution/web_ef_reality_up0.png,frower01.png,D:\magia\MyProducts\MagiaRe\Magia_CN_Project\dist\MagiaCN-r128-downloader-fix1.apk!/assets/package/evolution/web_ef_reality_up0.plist#frame:frower01.png,assets/package/evolution/web_ef_reality_up0.plist#frame:frower01.png,atlas-frames/assets/package/evolution/web_ef_reality_up0/frower01.png,2,1369,98,57,98,57,98,57,0.0,0.0,False,PNG,98,57,RGBA,1,True,BBA65558BC2343AFDE30BAFABA90A9A5435F38CBD84DFE6654550E49D658DBE2,4E938DAFF6245CBFE18BA5BE27AEAEED5AE9431BB91D4CE541CD72D05F5062EC,969C6AE3653E96D0,2295
L-FRAME-00060,logical_frame,D:\magia\MyProducts\MagiaRe\Magia_CN_Project\dist\MagiaCN-r128-downloader-fix1.apk,assets/package/evolution/web_ef_reality_up0.plist,assets/package/evolution/web_ef_reality_up0.png,frower02.png,D:\magia\MyProducts\MagiaRe\Magia_CN_Project\dist\MagiaCN-r128-downloader-fix1.apk!/assets/package/evolution/web_ef_reality_up0.plist#frame:frower02.png,assets/package/evolution/web_ef_reality_up0.plist#frame:frower02.png,atlas-frames/assets/package/evolution/web_ef_reality_up0/frower02.png,2,1487,98,57,98,57,98,57,0.0,0.0,False,PNG,98,57,RGBA,1,True,29E945659AC59D8521C26F05AC43FC4F01C3164FA7A99E9307B92ECE47CF803A,A8DA4209F49A20116CB983494592E1904E331A753EEDBA9AF16701F7D83CFBC4,F0F00F1F866479DA,3090
L-FRAME-00061,logical_frame,D:\magia\MyProducts\MagiaRe\Magia_CN_Project\dist\MagiaCN-r128-downloader-fix1.apk,assets/package/evolution/web_ef_reality_up0.plist,assets/package/evolution/web_ef_reality_up0.png,frower10.png,D:\magia\MyProducts\MagiaRe\Magia_CN_Project\dist\MagiaCN-r128-downloader-fix1.apk!/assets/package/evolution/web_ef_reality_up0.plist#frame:frower10.png,assets/package/evolution/web_ef_reality_up0.plist#frame:frower10.png,atlas-frames/assets/package/evolution/web_ef_reality_up0/frower10.png,2,1428,98,57,98,57,98,57,0.0,0.0,False,PNG,98,57,RGBA,1,True,1835413C0EC041BCD69F34051B15C0AC132647B1FE8EAFCFDE0D7BAF2A28E56B,8488EFAA435592EF10299F9FD40CB2093BAB9A5B9D29879DE9C16BEFB556BF3D,9D3363CF96304BC3,1923
L-FRAME-00062,logical_frame,D:\magia\MyProducts\MagiaRe\Magia_CN_Project\dist\MagiaCN-r128-downloader-fix1.apk,assets/package/evolution/web_ef_reality_up0.plist,assets/package/evolution/web_ef_reality_up0.png,frower11.png,D:\magia\MyProducts\MagiaRe\Magia_CN_Project\dist\MagiaCN-r128-downloader-fix1.apk!/assets/package/evolution/web_ef_reality_up0.plist#frame:frower11.png,assets/package/evolution/web_ef_reality_up0.plist#frame:frower11.png,atlas-frames/assets/package/evolution/web_ef_reality_up0/frower11.png,1232,638,98,57,98,57,98,57,0.0,0.0,False,PNG,98,57,RGBA,1,True,7732070701841E67A516B92F92795CE355F91A7E38572BB7B0A6B3D342DFFB0E,1D4BEBBB24D8820DFE28BBED57C2CC3F17FFA545389628C66E7D1068C4C056AE,CBE72C1E36596392,3553
L-FRAME-00063,logical_frame,D:\magia\MyProducts\MagiaRe\Magia_CN_Project\dist\MagiaCN-r128-downloader-fix1.apk,assets/package/evolution/web_ef_reality_up0.plist,assets/package/evolution/web_ef_reality_up0.png,frower12.png,D:\magia\MyProducts\MagiaRe\Magia_CN_Project\dist\MagiaCN-r128-downloader-fix1.apk!/assets/package/evolution/web_ef_reality_up0.plist#frame:frower12.png,assets/package/evolution/web_ef_reality_up0.plist#frame:frower12.png,atlas-frames/assets/package/evolution/web_ef_reality_up0/frower12.png,2,1664,98,57,98,57,98,57,0.0,0.0,False,PNG,98,57,RGBA,1,True,C951C7B4B74EAA1B79CE551D469105222344218E6E506D64C31B308835392B5C,52164054CFC2864A3316C1F2E0C67C9FCD857BEFCCE7A1A44E2A76C6D5A0CB32,91BD6E42B0BDA53A,3592
L-FRAME-00064,logical_frame,D:\magia\MyProducts\MagiaRe\Magia_CN_Project\dist\MagiaCN-r128-downloader-fix1.apk,assets/package/evolution/web_ef_reality_up0.plist,assets/package/evolution/web_ef_reality_up0.png,frower20.png,D:\magia\MyProducts\MagiaRe\Magia_CN_Project\dist\MagiaCN-r128-downloader-fix1.apk!/assets/package/evolution/web_ef_reality_up0.plist#frame:frower20.png,assets/package/evolution/web_ef_reality_up0.plist#frame:frower20.png,atlas-frames/assets/package/evolution/web_ef_reality_up0/frower20.png,2,1546,98,57,98,57,98,57,0.0,0.0,False,PNG,98,57,RGBA,1,True,CF03EF20433548D1E63CA8A74A7E1C9B7B1531CC3D13DC76732E3193797FE97E,0A838AE486661492088BF2A2FB12778F965FD872D441FED991F9BC1C784C5468,CF6338DA869CE361,2750
L-FRAME-00065,logical_frame,D:\magia\MyProducts\MagiaRe\Magia_CN_Project\dist\MagiaCN-r128-downloader-fix1.apk,assets/package/evolution/web_ef_reality_up0.plist,assets/package/evolution/web_ef_reality_up0.png,frower21.png,D:\magia\MyProducts\MagiaRe\Magia_CN_Project\dist\MagiaCN-r128-downloader-fix1.apk!/assets/package/evolution/web_ef_reality_up0.plist#frame:frower21.png,assets/package/evolution/web_ef_reality_up0.plist#frame:frower21.png,atlas-frames/assets/package/evolution/web_ef_reality_up0/frower21.png,2,1605,98,57,98,57,98,57,0.0,0.0,False,PNG,98,57,RGBA,1,True,87CC4B68DC4E5A652AAB6E8EC7BC123E49B3CC98A4F9F749FA813D42F2495A96,A6A485839EAB67E1B48BAF930895D3DE7651007722C1808A5ACD061A9A8D6CF2,CF3438CBC7645D92,1690
L-FRAME-00066,logical_frame,D:\magia\MyProducts\MagiaRe\Magia_CN_Project\dist\MagiaCN-r128-downloader-fix1.apk,assets/package/evolution/web_ef_reality_up0.plist,assets/package/evolution/web_ef_reality_up0.png,frower22.png,D:\magia\MyProducts\MagiaRe\Magia_CN_Project\dist\MagiaCN-r128-downloader-fix1.apk!/assets/package/evolution/web_ef_reality_up0.plist#frame:frower22.png,assets/package/evolution/web_ef_reality_up0.plist#frame:frower22.png,atlas-frames/assets/package/evolution/web_ef_reality_up0/frower22.png,2,1192,98,57,98,57,98,57,0.0,0.0,False,PNG,98,57,RGBA,1,True,D7232D27748ABB9CDB4B4382C32D52F3DD79694FB1A7E664486DC8B1B125D3A8,FA8A704A1A45F49C091F1794C40AF378DE0B1EDE402125E8699FECDB65F18C20,9665699E73DA8625,3166
L-FRAME-00067,logical_frame,D:\magia\MyProducts\MagiaRe\Magia_CN_Project\dist\MagiaCN-r128-downloader-fix1.apk,assets/package/evolution/web_ef_reality_up0.plist,assets/package/evolution/web_ef_reality_up0.png,frower30.png,D:\magia\MyProducts\MagiaRe\Magia_CN_Project\dist\MagiaCN-r128-downloader-fix1.apk!/assets/package/evolution/web_ef_reality_up0.plist#frame:frower30.png,assets/package/evolution/web_ef_reality_up0.plist#frame:frower30.png,atlas-frames/assets/package/evolution/web_ef_reality_up0/frower30.png,583,966,98,57,98,57,98,57,0.0,0.0,False,PNG,98,57,RGBA,1,True,3046B34981FBAD524F526A663D6F67BFE7760A83A7527F5D67C6BC6143607BD6,01E871F503CA685CBBA55F1AD6C5FEFEAF24C4C4A2444C8F5D07D34606E46A21,D2312DC6D3391F63,1667
L-FRAME-00068,logical_frame,D:\magia\MyProducts\MagiaRe\Magia_CN_Project\dist\MagiaCN-r128-downloader-fix1.apk,assets/package/evolution/web_ef_reality_up0.plist,assets/package/evolution/web_ef_reality_up0.png,frower31.png,D:\magia\MyProducts\MagiaRe\Magia_CN_Project\dist\MagiaCN-r128-downloader-fix1.apk!/assets/package/evolution/web_ef_reality_up0.plist#frame:frower31.png,assets/package/evolution/web_ef_reality_up0.plist#frame:frower31.png,atlas-frames/assets/package/evolution/web_ef_reality_up0/frower31.png,2,1251,98,57,98,57,98,57,0.0,0.0,False,PNG,98,57,RGBA,1,True,13F664D5782871774CEF6C31DB52D16DBAB790BBFEF72827DDDA7B6D438ADEFF,4BB3A7133AE311FB030987EA60A5BE36E565B8151F460BA8CC4ACAEDA0C43A7C,8E616996D3CD9E64,1868
L-FRAME-00069,logical_frame,D:\magia\MyProducts\MagiaRe\Magia_CN_Project\dist\MagiaCN-r128-downloader-fix1.apk,assets/package/evolution/web_ef_reality_up0.plist,assets/package/evolution/web_ef_reality_up0.png,frower32.png,D:\magia\MyProducts\MagiaRe\Magia_CN_Project\dist\MagiaCN-r128-downloader-fix1.apk!/assets/package/evolution/web_ef_reality_up0.plist#frame:frower32.png,assets/package/evolution/web_ef_reality_up0.plist#frame:frower32.png,atlas-frames/assets/package/evolution/web_ef_reality_up0/frower32.png,1332,638,98,57,98,57,98,57,0.0,0.0,False,PNG,98,57,RGBA,1,True,76E7BD15D867887377A2279F67C687ACA19C210B459624F542C223976F1514A0,F1652EA16F4F633CC34AB426ADEDA7AF8DAE2EE159695C17054640443C171391,C3653C9B92E4CD63,1942
L-FRAME-00070,logical_frame,D:\magia\MyProducts\MagiaRe\Magia_CN_Project\dist\MagiaCN-r128-downloader-fix1.apk,assets/package/evolution/web_ef_reality_up0.plist,assets/package/evolution/web_ef_reality_up0.png,item_base.png,D:\magia\MyProducts\MagiaRe\Magia_CN_Project\dist\MagiaCN-r128-downloader-fix1.apk!/assets/package/evolution/web_ef_reality_up0.plist#frame:item_base.png,assets/package/evolution/web_ef_reality_up0.plist#frame:item_base.png,atlas-frames/assets/package/evolution/web_ef_reality_up0/item_base.png,1130,638,100,100,100,100,100,100,0.0,0.0,False,PNG,100,100,RGBA,1,True,E72E95AB845CE1DA39CC737EF609E4DFD8E78F5BA4C9689517A2BA2AD0EF30D5,0757E2D1E1D273649007DCE5EB61CF092D0DCD45F0286F20185C26E32C39345A,90C14F7E3A2C7E71,3890
L-FRAME-00071,logical_frame,D:\magia\MyProducts\MagiaRe\Magia_CN_Project\dist\MagiaCN-r128-downloader-fix1.apk,assets/package/evolution/web_ef_reality_up0.plist,assets/package/evolution/web_ef_reality_up0.png,item_gift_a_111.png,D:\magia\MyProducts\MagiaRe\Magia_CN_Project\dist\MagiaCN-r128-downloader-fix1.apk!/assets/package/evolution/web_ef_reality_up0.plist#frame:item_gift_a_111.png,assets/package/evolution/web_ef_reality_up0.plist#frame:item_gift_a_111.png,atlas-frames/assets/package/evolution/web_ef_reality_up0/item_gift_a_111.png,1028,638,100,100,100,100,100,100,0.0,0.0,False,PNG,100,100,RGBA,1,True,69339AC290F55941ABAEC4053B6EA5EE1ABA763C2D9BB01D531941936E850DAE,897146065834F7396495F20826897325E5DEA21256A558A561447D60ED9F7D3B,CB99353797CCCC30,6603
L-FRAME-00072,logical_frame,D:\magia\MyProducts\MagiaRe\Magia_CN_Project\dist\MagiaCN-r128-downloader-fix1.apk,assets/package/evolution/web_ef_reality_up0.plist,assets/package/evolution/web_ef_reality_up0.png,itemeffect00.png,D:\magia\MyProducts\MagiaRe\Magia_CN_Project\dist\MagiaCN-r128-downloader-fix1.apk!/assets/package/evolution/web_ef_reality_up0.plist#frame:itemeffect00.png,assets/package/evolution/web_ef_reality_up0.plist#frame:itemeffect00.png,atlas-frames/assets/package/evolution/web_ef_reality_up0/itemeffect00.png,1525,592,136,140,136,140,136,140,0.0,0.0,False,PNG,136,140,RGBA,1,True,1F564BF36335B33D575FA7C7441218C14721FD562991EC6C8E6AF54D09C6D0BB,A4F70066CDBBE0FDFE5EE5BB92749F93A3793E34D5583F158FF518725DD5E1B3,CB4E3430D393CFCC,6704
L-FRAME-00073,logical_frame,D:\magia\MyProducts\MagiaRe\Magia_CN_Project\dist\MagiaCN-r128-downloader-fix1.apk,assets/package/evolution/web_ef_reality_up0.plist,assets/package/evolution/web_ef_reality_up0.png,light.png,D:\magia\MyProducts\MagiaRe\Magia_CN_Project\dist\MagiaCN-r128-downloader-fix1.apk!/assets/package/evolution/web_ef_reality_up0.plist#frame:light.png,assets/package/evolution/web_ef_reality_up0.plist#frame:light.png,atlas-frames/assets/package/evolution/web_ef_reality_up0/light.png,239,953,207,209,207,209,207,209,0.0,0.0,False,PNG,207,209,RGBA,1,True,B15D72CA428BF57B26F1A77099B39E3F71076249F8DE5C9CE39C8C128201FDA5,A8AF995A86DAE6F8F3E511AA52E1AD76BA67F6CAF65BE58AFA920A28AD326B6A,C99B366CCC4733D1,20925
L-FRAME-00074,logical_frame,D:\magia\MyProducts\MagiaRe\Magia_CN_Project\dist\MagiaCN-r128-downloader-fix1.apk,assets/package/evolution/web_ef_reality_up0.plist,assets/package/evolution/web_ef_reality_up0.png,section_clear_light.png,D:\magia\MyProducts\MagiaRe\Magia_CN_Project\dist\MagiaCN-r128-downloader-fix1.apk!/assets/package/evolution/web_ef_reality_up0.plist#frame:section_clear_light.png,assets/package/evolution/web_ef_reality_up0.plist#frame:section_clear_light.png,atlas-frames/assets/package/evolution/web_ef_reality_up0/section_clear_light.png,1542,2,256,256,256,256,256,256,0.0,0.0,False,PNG,256,256,RGBA,1,True,204386F51E6FCAB9DDA1D52AF9027B8F159FC1B19DE0C9950CA0ED5B568CF171,79174E8D60BFFD8E62EE412F47BA9146BE6A77DB2320C3FDA2A3839C84269686,993C66CD8D3B71A4,12827
L-FRAME-00075,logical_frame,D:\magia\MyProducts\MagiaRe\Magia_CN_Project\dist\MagiaCN-r128-downloader-fix1.apk,assets/package/evolution/web_ef_reality_up0.plist,assets/package/evolution/web_ef_reality_up0.png,text_awake_00.png,D:\magia\MyProducts\MagiaRe\Magia_CN_Project\dist\MagiaCN-r128-downloader-fix1.apk!/assets/package/evolution/web_ef_reality_up0.plist#frame:text_awake_00.png,assets/package/evolution/web_ef_reality_up0.plist#frame:text_awake_00.png,atlas-frames/assets/package/evolution/web_ef_reality_up0/text_awake_00.png,1525,511,160,79,160,79,160,79,0.0,0.0,False,PNG,160,79,RGBA,1,True,02B267E48EE1855BF2E0A2A6B86CC3CBE0C9600F28D6063342946CEF5CF1B143,8A60CCA592FC3C2D2E8522F5DD713F8254B8F7760238F0574E4A021A39AB12D7,D879678681395CDB,4273
L-FRAME-00076,logical_frame,D:\magia\MyProducts\MagiaRe\Magia_CN_Project\dist\MagiaCN-r128-downloader-fix1.apk,assets/package/evolution/web_ef_reality_up0.plist,assets/package/evolution/web_ef_reality_up0.png,text_awake_01.png,D:\magia\MyProducts\MagiaRe\Magia_CN_Project\dist\MagiaCN-r128-downloader-fix1.apk!/assets/package/evolution/web_ef_reality_up0.plist#frame:text_awake_01.png,assets/package/evolution/web_ef_reality_up0.plist#frame:text_awake_01.png,atlas-frames/assets/package/evolution/web_ef_reality_up0/text_awake_01.png,942,772,80,79,80,79,80,79,0.0,0.0,False,PNG,80,79,RGBA,1,True,DF851B695F00FD84BB0A40CD886C04FBA7315AFFE292B126C446D880555BD90B,45BB4378A7441C138B1F1484084AA08FA7B916FE3A395A1B66B34F06D1F7BB5D,D4812F7E7A6E6C09,3890
L-FRAME-00077,logical_frame,D:\magia\MyProducts\MagiaRe\Magia_CN_Project\dist\MagiaCN-r128-downloader-fix1.apk,assets/package/evolution/web_ef_reality_up0.plist,assets/package/evolution/web_ef_reality_up0.png,text_awake_deco.png,D:\magia\MyProducts\MagiaRe\Magia_CN_Project\dist\MagiaCN-r128-downloader-fix1.apk!/assets/package/evolution/web_ef_reality_up0.plist#frame:text_awake_deco.png,assets/package/evolution/web_ef_reality_up0.plist#frame:text_awake_deco.png,atlas-frames/assets/package/evolution/web_ef_reality_up0/text_awake_deco.png,344,844,104,72,104,72,104,72,0.0,0.0,False,PNG,104,72,RGBA,1,True,1D2914BB4534780718896F2FD633F1BDCC8795668B6A7F0C4867706ED4CD2A97,2CA98A54ABAD411F281D0CBC24FCC0AEF8598469127EF5B291B3DA3BF2422A28,DB993C64C62C3DC9,5401
L-FRAME-00078,logical_frame,D:\magia\MyProducts\MagiaRe\Magia_CN_Project\dist\MagiaCN-r128-downloader-fix1.apk,assets/package/loading/tips.plist,assets/package/loading/tips.png,tips_bg.png,D:\magia\MyProducts\MagiaRe\Magia_CN_Project\dist\MagiaCN-r128-downloader-fix1.apk!/assets/package/loading/tips.plist#frame:tips_bg.png,assets/package/loading/tips.plist#frame:tips_bg.png,atlas-frames/assets/package/loading/tips/tips_bg.png,0,0,1024,768,1024,768,1024,768,0.0,0.0,False,PNG,1024,768,RGBA,1,True,E00C15BBEE34F87917C5CAD1074913062AEDC5E0FF5B835D5B36FEE3FF909D68,64731967E23D938E7A44FB3626A560C7B8B5D69BCE9341FCAA36942776E22B3E,C33A619E2CC95AF5,128219
L-FRAME-00079,logical_frame,D:\magia\MyProducts\MagiaRe\Magia_CN_Project\dist\MagiaCN-r128-downloader-fix1.apk,assets/package/loading/tips.plist,assets/package/loading/tips.png,tips_window.png,D:\magia\MyProducts\MagiaRe\Magia_CN_Project\dist\MagiaCN-r128-downloader-fix1.apk!/assets/package/loading/tips.plist#frame:tips_window.png,assets/package/loading/tips.plist#frame:tips_window.png,atlas-frames/assets/package/loading/tips/tips_window.png,1025,0,791,356,791,356,792,356,0.0,0.0,False,PNG,792,356,RGBA,1,True,4FB0479BE273AB850C3E8D75A286909EE9A75ED040302DEE2E6809F025D52158,F3DB92314A1487C3779EE6AB0545579C1E8C932C026900F872C03C58EB8552D2,AECCCCCCC6663633,13640
L-FRAME-00080,logical_frame,D:\magia\MyProducts\MagiaRe\Magia_CN_Project\dist\MagiaCN-r128-downloader-fix1.apk,assets/package/memoria/web_ef_memoria0.plist,assets/package/memoria/web_ef_memoria0.png,TouchScreenBase00.png,D:\magia\MyProducts\MagiaRe\Magia_CN_Project\dist\MagiaCN-r128-downloader-fix1.apk!/assets/package/memoria/web_ef_memoria0.plist#frame:TouchScreenBase00.png,assets/package/memoria/web_ef_memoria0.plist#frame:TouchScreenBase00.png,atlas-frames/assets/package/memoria/web_ef_memoria0/TouchScreenBase00.png,2,1554,515,70,515,70,515,70,0.0,0.0,False,PNG,515,70,RGBA,1,True,37DC98A5B65F57FA871F8A66493711485A4FE555F23D591721BC286A6AD86FE4,845255ED60A16BED9634B1398D17C0CEB347BB85384F200A215A4CEF04A2D6F2,C1C53F2B373C5A2C,11313
L-FRAME-00081,logical_frame,D:\magia\MyProducts\MagiaRe\Magia_CN_Project\dist\MagiaCN-r128-downloader-fix1.apk,assets/package/memoria/web_ef_memoria0.plist,assets/package/memoria/web_ef_memoria0.png,TouchScreenBase01.png,D:\magia\MyProducts\MagiaRe\Magia_CN_Project\dist\MagiaCN-r128-downloader-fix1.apk!/assets/package/memoria/web_ef_memoria0.plist#frame:TouchScreenBase01.png,assets/package/memoria/web_ef_memoria0.plist#frame:TouchScreenBase01.png,atlas-frames/assets/package/memoria/web_ef_memoria0/TouchScreenBase01.png,1028,231,340,50,340,50,340,50,0.0,0.0,False,PNG,340,50,RGBA,1,True,2BD87604D2EE6BAD50A63B4C1248D88B1985DFAC5E3C41FC7D2CFDA259809BB3,1CE56EA28D3A4AD82DAF56416A2102E2883A7C805B10214442B11D5BA7272119,916E6E3D87D69063,8807
L-FRAME-00082,logical_frame,D:\magia\MyProducts\MagiaRe\Magia_CN_Project\dist\MagiaCN-r128-downloader-fix1.apk,assets/package/memoria/web_ef_memoria0.plist,assets/package/memoria/web_ef_memoria0.png,arrow.png,D:\magia\MyProducts\MagiaRe\Magia_CN_Project\dist\MagiaCN-r128-downloader-fix1.apk!/assets/package/memoria/web_ef_memoria0.plist#frame:arrow.png,assets/package/memoria/web_ef_memoria0.plist#frame:arrow.png,atlas-frames/assets/package/memoria/web_ef_memoria0/arrow.png,1458,679,60,74,60,74,60,74,0.0,0.0,False,PNG,60,74,RGBA,1,True,E0C3B8D785DBB89DB3B74A95F7E5520C9C9529178C66CF38609B642C2604DF47,89D11F69A31A55A7280DF330EA0AF12EBD2858E912D3AA877C3196E505ECC31A,9C336F61E7191B92,2215
L-FRAME-00083,logical_frame,D:\magia\MyProducts\MagiaRe\Magia_CN_Project\dist\MagiaCN-r128-downloader-fix1.apk,assets/package/memoria/web_ef_memoria0.plist,assets/package/memoria/web_ef_memoria0.png,black.png,D:\magia\MyProducts\MagiaRe\Magia_CN_Project\dist\MagiaCN-r128-downloader-fix1.apk!/assets/package/memoria/web_ef_memoria0.plist#frame:black.png,assets/package/memoria/web_ef_memoria0.plist#frame:black.png,atlas-frames/assets/package/memoria/web_ef_memoria0/black.png,1522,207,10,10,10,10,10,10,0.0,0.0,False,PNG,10,10,RGBA,1,True,0639D2BE9848B6CF788E5DFBD3921F6B4D21AB9E2475CC0A69F67784F6937399,DFA5FABDA2D37052E04251B1C438C159BEB2245D5646E28DE4C69F64180E55BF,FFFFFFFFFFFFFFFF,84
L-FRAME-00084,logical_frame,D:\magia\MyProducts\MagiaRe\Magia_CN_Project\dist\MagiaCN-r128-downloader-fix1.apk,assets/package/memoria/web_ef_memoria0.plist,assets/package/memoria/web_ef_memoria0.png,card_effect03.png,D:\magia\MyProducts\MagiaRe\Magia_CN_Project\dist\MagiaCN-r128-downloader-fix1.apk!/assets/package/memoria/web_ef_memoria0.plist#frame:card_effect03.png,assets/package/memoria/web_ef_memoria0.plist#frame:card_effect03.png,atlas-frames/assets/package/memoria/web_ef_memoria0/card_effect03.png,1028,397,218,294,218,294,218,294,0.0,0.0,False,PNG,218,294,RGBA,1,True,AC01F2D7DDFD76392D0F8BF8ED9C1FBC7400FF926E933D149FD5C9CF50C3CEF4,64280370FBA8F595E8C5612B910E448D029A28D5CB3E1A521A2D55AE1822C4B0,C0D27AC27A2F2F2D,6638
L-FRAME-00085,logical_frame,D:\magia\MyProducts\MagiaRe\Magia_CN_Project\dist\MagiaCN-r128-downloader-fix1.apk,assets/package/memoria/web_ef_memoria0.plist,assets/package/memoria/web_ef_memoria0.png,card_xxxxx_c.png,D:\magia\MyProducts\MagiaRe\Magia_CN_Project\dist\MagiaCN-r128-downloader-fix1.apk!/assets/package/memoria/web_ef_memoria0.plist#frame:card_xxxxx_c.png,assets/package/memoria/web_ef_memoria0.plist#frame:card_xxxxx_c.png,atlas-frames/assets/package/memoria/web_ef_memoria0/card_xxxxx_c.png,1522,195,10,10,10,10,10,10,0.0,0.0,False,PNG,10,10,RGBA,1,True,0C384837A297A57DFC850792315DAEB53B575FBF0572775700BB9403AC6CBBCF,FE788557BD2A8F6E31AAE47331309E4A1AE7B090BC6CC88B5C3F567B270AB92F,D72929D639D6D729,71
L-FRAME-00086,logical_frame,D:\magia\MyProducts\MagiaRe\Magia_CN_Project\dist\MagiaCN-r128-downloader-fix1.apk,assets/package/memoria/web_ef_memoria0.plist,assets/package/memoria/web_ef_memoria0.png,cardeffect00.png,D:\magia\MyProducts\MagiaRe\Magia_CN_Project\dist\MagiaCN-r128-downloader-fix1.apk!/assets/package/memoria/web_ef_memoria0.plist#frame:cardeffect00.png,assets/package/memoria/web_ef_memoria0.plist#frame:cardeffect00.png,atlas-frames/assets/package/memoria/web_ef_memoria0/cardeffect00.png,1028,1542,326,495,326,495,326,495,0.0,0.0,False,PNG,326,495,RGBA,1,True,2AB7EA0D5543A95A09E250E646D9A56DD3E486E185B3301BC9D08A5818671B6C,B8B0B69A25FFDC470CE54E3453BA114DE5E27D29950A6F6F1B4D28CB7D8F4209,D5AA55AA55AA55AA,2274
L-FRAME-00087,logical_frame,D:\magia\MyProducts\MagiaRe\Magia_CN_Project\dist\MagiaCN-r128-downloader-fix1.apk,assets/package/memoria/web_ef_memoria0.plist,assets/package/memoria/web_ef_memoria0.png,cardeffect02.png,D:\magia\MyProducts\MagiaRe\Magia_CN_Project\dist\MagiaCN-r128-downloader-fix1.apk!/assets/package/memoria/web_ef_memoria0.plist#frame:cardeffect02.png,assets/package/memoria/web_ef_memoria0.plist#frame:cardeffect02.png,atlas-frames/assets/package/memoria/web_ef_memoria0/cardeffect02.png,1028,772,505,748,505,748,505,748,0.0,0.0,False,PNG,505,748,RGBA,1,True,434F5216519BF466535187174564084337AD0ECB240C7E0602E6EAE6BA6CDA34,66808B1159AB23D811504EAB6C73CA77B99E917A743C50946EE2006EB79E541E,ECC5C443C75B0F78,251851
L-FRAME-00088,logical_frame,D:\magia\MyProducts\MagiaRe\Magia_CN_Project\dist\MagiaCN-r128-downloader-fix1.apk,assets/package/memoria/web_ef_memoria0.plist,assets/package/memoria/web_ef_memoria0.png,cardeffect30.png,D:\magia\MyProducts\MagiaRe\Magia_CN_Project\dist\MagiaCN-r128-downloader-fix1.apk!/assets/package/memoria/web_ef_memoria0.plist#frame:cardeffect30.png,assets/package/memoria/web_ef_memoria0.plist#frame:cardeffect30.png,atlas-frames/assets/package/memoria/web_ef_memoria0/cardeffect30.png,1522,512,253,256,253,256,253,256,0.0,0.0,False,PNG,253,256,RGBA,1,True,5316B534F6D5273F24097297ED2F151914DCE9A05A2BD1D7E9113ACC559AD878,E64C3E599ED0E3382F6EA83DB4260E053FC0DD74829DA10D0BA935C4A6382C48,CDCD3032CFCF0CCC,15364
L-FRAME-00089,logical_frame,D:\magia\MyProducts\MagiaRe\Magia_CN_Project\dist\MagiaCN-r128-downloader-fix1.apk,assets/package/memoria/web_ef_memoria0.plist,assets/package/memoria/web_ef_memoria0.png,dummy.png,D:\magia\MyProducts\MagiaRe\Magia_CN_Project\dist\MagiaCN-r128-downloader-fix1.apk!/assets/package/memoria/web_ef_memoria0.plist#frame:dummy.png,assets/package/memoria/web_ef_memoria0.plist#frame:dummy.png,atlas-frames/assets/package/memoria/web_ef_memoria0/dummy.png,1522,219,10,10,10,10,10,10,0.0,0.0,False,PNG,10,10,RGBA,1,True,0C384837A297A57DFC850792315DAEB53B575FBF0572775700BB9403AC6CBBCF,FE788557BD2A8F6E31AAE47331309E4A1AE7B090BC6CC88B5C3F567B270AB92F,D72929D639D6D729,71
L-FRAME-00090,logical_frame,D:\magia\MyProducts\MagiaRe\Magia_CN_Project\dist\MagiaCN-r128-downloader-fix1.apk,assets/package/memoria/web_ef_memoria0.plist,assets/package/memoria/web_ef_memoria0.png,item0000.png,D:\magia\MyProducts\MagiaRe\Magia_CN_Project\dist\MagiaCN-r128-downloader-fix1.apk!/assets/package/memoria/web_ef_memoria0.plist#frame:item0000.png,assets/package/memoria/web_ef_memoria0.plist#frame:item0000.png,atlas-frames/assets/package/memoria/web_ef_memoria0/item0000.png,1522,231,10,10,10,10,10,10,0.0,0.0,False,PNG,10,10,RGBA,1,True,0C384837A297A57DFC850792315DAEB53B575FBF0572775700BB9403AC6CBBCF,FE788557BD2A8F6E31AAE47331309E4A1AE7B090BC6CC88B5C3F567B270AB92F,D72929D639D6D729,71
L-FRAME-00091,logical_frame,D:\magia\MyProducts\MagiaRe\Magia_CN_Project\dist\MagiaCN-r128-downloader-fix1.apk,assets/package/memoria/web_ef_memoria0.plist,assets/package/memoria/web_ef_memoria0.png,itemeffect00.png,D:\magia\MyProducts\MagiaRe\Magia_CN_Project\dist\MagiaCN-r128-downloader-fix1.apk!/assets/package/memoria/web_ef_memoria0.plist#frame:itemeffect00.png,assets/package/memoria/web_ef_memoria0.plist#frame:itemeffect00.png,atlas-frames/assets/package/memoria/web_ef_memoria0/itemeffect00.png,1248,397,272,280,272,280,272,280,0.0,0.0,False,PNG,272,280,RGBA,1,True,ADA31935A405AE3B91E79F3D504C6C71EA05621D016E07FF828D47C537F76C5F,CCDDA372C948D48E02CB629BA373063900C8D39241845004BCA288B0503CBA41,CB4F3430D393CFC8,20306
L-FRAME-00092,logical_frame,D:\magia\MyProducts\MagiaRe\Magia_CN_Project\dist\MagiaCN-r128-downloader-fix1.apk,assets/package/memoria/web_ef_memoria0.plist,assets/package/memoria/web_ef_memoria0.png,limit_break_icon_00.png,D:\magia\MyProducts\MagiaRe\Magia_CN_Project\dist\MagiaCN-r128-downloader-fix1.apk!/assets/package/memoria/web_ef_memoria0.plist#frame:limit_break_icon_00.png,assets/package/memoria/web_ef_memoria0.plist#frame:limit_break_icon_00.png,atlas-frames/assets/package/memoria/web_ef_memoria0/limit_break_icon_00.png,1925,1252,112,26,112,26,112,26,0.0,0.0,False,PNG,112,26,RGBA,1,True,53D90E5F7BB29B5E357845784F46C3DDFFFD366CDAEB3C2BE5178589A9F97716,3ADC8D58B8AC0031C3D6557FC07176701EA792225489887E8A87085886F2D642,C101BFAABEE6AE11,530
L-FRAME-00093,logical_frame,D:\magia\MyProducts\MagiaRe\Magia_CN_Project\dist\MagiaCN-r128-downloader-fix1.apk,assets/package/memoria/web_ef_memoria0.plist,assets/package/memoria/web_ef_memoria0.png,limit_break_icon_01.png,D:\magia\MyProducts\MagiaRe\Magia_CN_Project\dist\MagiaCN-r128-downloader-fix1.apk!/assets/package/memoria/web_ef_memoria0.plist#frame:limit_break_icon_01.png,assets/package/memoria/web_ef_memoria0.plist#frame:limit_break_icon_01.png,atlas-frames/assets/package/memoria/web_ef_memoria0/limit_break_icon_01.png,1925,1168,112,26,112,26,112,26,0.0,0.0,False,PNG,112,26,RGBA,1,True,BB1E7B0760A82794BA695CEFA4F2D83B0E061B6BDEA8447BB8A5273B26D8BB1A,69B58A470554DD48717863E45DCA8CF5EBA6D111F6B0955738FBAAA6B54F7CD7,F8F883079FFE8070,788
L-FRAME-00094,logical_frame,D:\magia\MyProducts\MagiaRe\Magia_CN_Project\dist\MagiaCN-r128-downloader-fix1.apk,assets/package/memoria/web_ef_memoria0.plist,assets/package/memoria/web_ef_memoria0.png,limit_break_icon_02.png,D:\magia\MyProducts\MagiaRe\Magia_CN_Project\dist\MagiaCN-r128-downloader-fix1.apk!/assets/package/memoria/web_ef_memoria0.plist#frame:limit_break_icon_02.png,assets/package/memoria/web_ef_memoria0.plist#frame:limit_break_icon_02.png,atlas-frames/assets/package/memoria/web_ef_memoria0/limit_break_icon_02.png,1925,1196,112,26,112,26,112,26,0.0,0.0,False,PNG,112,26,RGBA,1,True,031B38CB69D94A72420ADF40DBA66CCA67C9C36D158E9B8CC1A409BDCA89C046,4608F096C8E77E0A5DF3B1EBEB3F3B1772FF89C33FB2E3687B8D799A5297F772,EEEE9011B3E788CC,768
L-FRAME-00095,logical_frame,D:\magia\MyProducts\MagiaRe\Magia_CN_Project\dist\MagiaCN-r128-downloader-fix1.apk,assets/package/memoria/web_ef_memoria0.plist,assets/package/memoria/web_ef_memoria0.png,limit_break_icon_03.png,D:\magia\MyProducts\MagiaRe\Magia_CN_Project\dist\MagiaCN-r128-downloader-fix1.apk!/assets/package/memoria/web_ef_memoria0.plist#frame:limit_break_icon_03.png,assets/package/memoria/web_ef_memoria0.plist#frame:limit_break_icon_03.png,atlas-frames/assets/package/memoria/web_ef_memoria0/limit_break_icon_03.png,1925,1224,112,26,112,26,112,26,0.0,0.0,False,PNG,112,26,RGBA,1,True,DC48D9CE2042C8FC1C12D710A0EA47734798063E86BD1996C4BA78DFCDFEB715,1D516D584284F0358300063D8E94EA3DBCE73F83227E36A154A08BD1F7FA2BD5,DADA2425EDDBA0D2,796
L-FRAME-00096,logical_frame,D:\magia\MyProducts\MagiaRe\Magia_CN_Project\dist\MagiaCN-r128-downloader-fix1.apk,assets/package/memoria/web_ef_memoria0.plist,assets/package/memoria/web_ef_memoria0.png,limit_break_icon_04.png,D:\magia\MyProducts\MagiaRe\Magia_CN_Project\dist\MagiaCN-r128-downloader-fix1.apk!/assets/package/memoria/web_ef_memoria0.plist#frame:limit_break_icon_04.png,assets/package/memoria/web_ef_memoria0.plist#frame:limit_break_icon_04.png,atlas-frames/assets/package/memoria/web_ef_memoria0/limit_break_icon_04.png,1925,1280,112,26,112,26,112,26,0.0,0.0,False,PNG,112,26,RGBA,1,True,766A57C1F703E38F50CDA0B02A4D62A7CCBF9B9E97DCE28AFAD392C36B49D118,FDE4555BFBDFFF4CD5DE50E1355237A90649A0A1B15C0CFECB581EECC1200402,FFBF0000DFD7228A,632
L-FRAME-00097,logical_frame,D:\magia\MyProducts\MagiaRe\Magia_CN_Project\dist\MagiaCN-r128-downloader-fix1.apk,assets/package/memoria/web_ef_memoria0.plist,assets/package/memoria/web_ef_memoria0.png,lvup.png,D:\magia\MyProducts\MagiaRe\Magia_CN_Project\dist\MagiaCN-r128-downloader-fix1.apk!/assets/package/memoria/web_ef_memoria0.plist#frame:lvup.png,assets/package/memoria/web_ef_memoria0.plist#frame:lvup.png,atlas-frames/assets/package/memoria/web_ef_memoria0/lvup.png,1658,1302,58,54,58,54,58,54,0.0,0.0,False,PNG,58,54,RGBA,1,True,3D1E0B204726E89A1EB95D5419BFDA8C823213D2A690F72084666ABCABB59449,6A405E838A8109F4BB0238ACE0BC96F78079CBF5DD2CA998CFE0D3220F17AC04,CD8C303C38F333EB,2723
L-FRAME-00098,logical_frame,D:\magia\MyProducts\MagiaRe\Magia_CN_Project\dist\MagiaCN-r128-downloader-fix1.apk,assets/package/memoria/web_ef_memoria0.plist,assets/package/memoria/web_ef_memoria0.png,memoriaBG00.png,D:\magia\MyProducts\MagiaRe\Magia_CN_Project\dist\MagiaCN-r128-downloader-fix1.apk!/assets/package/memoria/web_ef_memoria0.plist#frame:memoriaBG00.png,assets/package/memoria/web_ef_memoria0.plist#frame:memoriaBG00.png,atlas-frames/assets/package/memoria/web_ef_memoria0/memoriaBG00.png,2,772,1024,768,1024,768,1024,768,0.0,0.0,False,PNG,1024,768,RGBA,1,True,1CC58F56435A3B22B55699A3B356C85899D2CF79A4C7E18D8102CB0F0C4EEEE4,BEFF40E5517A622BD0B16FD33236720A781038A5A45BEC8B6225E473EED79537,AAF2A786D01FA569,331537
L-FRAME-00099,logical_frame,D:\magia\MyProducts\MagiaRe\Magia_CN_Project\dist\MagiaCN-r128-downloader-fix1.apk,assets/package/memoria/web_ef_memoria0.plist,assets/package/memoria/web_ef_memoria0.png,memoriaBG10.png,D:\magia\MyProducts\MagiaRe\Magia_CN_Project\dist\MagiaCN-r128-downloader-fix1.apk!/assets/package/memoria/web_ef_memoria0.plist#frame:memoriaBG10.png,assets/package/memoria/web_ef_memoria0.plist#frame:memoriaBG10.png,atlas-frames/assets/package/memoria/web_ef_memoria0/memoriaBG10.png,2,2,1024,768,1024,768,1024,768,0.0,0.0,False,PNG,1024,768,RGBA,1,True,99341802A108CCFE856A59605F14066B1547A95BC0304A970103DE0960A6A745,5F787848DD3F467DD9FA928C923F18E2E883220F3CE99FA4650F5EE2C477B343,AAD2A386D03FB569,590149
L-FRAME-00100,logical_frame,D:\magia\MyProducts\MagiaRe\Magia_CN_Project\dist\MagiaCN-r128-downloader-fix1.apk,assets/package/memoria/web_ef_memoria0.plist,assets/package/memoria/web_ef_memoria0.png,memoria_exp_gauge.png,D:\magia\MyProducts\MagiaRe\Magia_CN_Project\dist\MagiaCN-r128-downloader-fix1.apk!/assets/package/memoria/web_ef_memoria0.plist#frame:memoria_exp_gauge.png,assets/package/memoria/web_ef_memoria0.plist#frame:memoria_exp_gauge.png,atlas-frames/assets/package/memoria/web_ef_memoria0/memoria_exp_gauge.png,1028,382,186,12,186,12,186,12,0.0,0.0,False,PNG,186,12,RGBA,1,True,22582AAA37E798D9039477C23FDF08DE6C929E364F9B48D5C4BEC7CCA054F504,2B54EA664917185993B3E809FA3FCB0CB4C5BC11C96F74892BE5B8386875069C,D4D43B2BD4D4D42B,180
L-FRAME-00101,logical_frame,D:\magia\MyProducts\MagiaRe\Magia_CN_Project\dist\MagiaCN-r128-downloader-fix1.apk,assets/package/memoria/web_ef_memoria0.plist,assets/package/memoria/web_ef_memoria0.png,memoria_exp_gauge_b.png,D:\magia\MyProducts\MagiaRe\Magia_CN_Project\dist\MagiaCN-r128-downloader-fix1.apk!/assets/package/memoria/web_ef_memoria0.plist#frame:memoria_exp_gauge_b.png,assets/package/memoria/web_ef_memoria0.plist#frame:memoria_exp_gauge_b.png,atlas-frames/assets/package/memoria/web_ef_memoria0/memoria_exp_gauge_b.png,1028,1522,468,18,468,18,468,18,0.0,0.0,False,PNG,468,18,RGBA,1,True,E2483E38FD0F145FD3B3183818B4A3459AA89989969F70AA0EDCEA72343AE6F8,BC719D4404B1EC37A7784580A43C00A481376BEF2639EA06D83A59647A55EBF6,D5D42B2BFED4D42B,223
L-FRAME-00102,logical_frame,D:\magia\MyProducts\MagiaRe\Magia_CN_Project\dist\MagiaCN-r128-downloader-fix1.apk,assets/package/memoria/web_ef_memoria0.plist,assets/package/memoria/web_ef_memoria0.png,memoria_exp_gauge_bese_b.png,D:\magia\MyProducts\MagiaRe\Magia_CN_Project\dist\MagiaCN-r128-downloader-fix1.apk!/assets/package/memoria/web_ef_memoria0.plist#frame:memoria_exp_gauge_bese_b.png,assets/package/memoria/web_ef_memoria0.plist#frame:memoria_exp_gauge_bese_b.png,atlas-frames/assets/package/memoria/web_ef_memoria0/memoria_exp_gauge_bese_b.png,1535,2,496,28,496,28,496,28,0.0,0.0,False,PNG,496,28,RGBA,1,True,D1D7C696B187B9BF45738007D647D567D6B3997702199584908B70218E878480,32E09C033EB3B7C3B485F40787E5E04118A373B927133C4F499153D39718110E,AF80D5D5D57F2B00,867
L-FRAME-00103,logical_frame,D:\magia\MyProducts\MagiaRe\Magia_CN_Project\dist\MagiaCN-r128-downloader-fix1.apk,assets/package/memoria/web_ef_memoria0.plist,assets/package/memoria/web_ef_memoria0.png,memoria_limit_break.png,D:\magia\MyProducts\MagiaRe\Magia_CN_Project\dist\MagiaCN-r128-downloader-fix1.apk!/assets/package/memoria/web_ef_memoria0.plist#frame:memoria_limit_break.png,assets/package/memoria/web_ef_memoria0.plist#frame:memoria_limit_break.png,atlas-frames/assets/package/memoria/web_ef_memoria0/memoria_limit_break.png,1535,397,289,113,289,113,289,113,0.0,0.0,False,PNG,289,113,RGBA,1,True,30187640965FCDC228C8E7A96DA49172480BBDAECE6B5C63BECE857D0C3077B6,955B6EB948D429656FD50514BFADE5115CA3405D48B2BADBD7B7526FB2C3FD96,CC3C0B60F3907DD7,16929
L-FRAME-00104,logical_frame,D:\magia\MyProducts\MagiaRe\Magia_CN_Project\dist\MagiaCN-r128-downloader-fix1.apk,assets/package/memoria/web_ef_memoria0.plist,assets/package/memoria/web_ef_memoria0.png,memoria_limit_break_00_b.png,D:\magia\MyProducts\MagiaRe\Magia_CN_Project\dist\MagiaCN-r128-downloader-fix1.apk!/assets/package/memoria/web_ef_memoria0.plist#frame:memoria_limit_break_00_b.png,assets/package/memoria/web_ef_memoria0.plist#frame:memoria_limit_break_00_b.png,atlas-frames/assets/package/memoria/web_ef_memoria0/memoria_limit_break_00_b.png,1103,693,58,63,58,63,58,63,0.0,0.0,False,PNG,58,63,RGBA,1,True,B42F27C8DBC619946F76F114EA98D3A49AF0CC55A59DFF194496CA8C3591F54B,622BAFF03D368062317379F6CEAE33E6502EFF54A45BFC240362910E8848FE8C,C28D3CF22B708FCD,3315
L-FRAME-00105,logical_frame,D:\magia\MyProducts\MagiaRe\Magia_CN_Project\dist\MagiaCN-r128-downloader-fix1.apk,assets/package/memoria/web_ef_memoria0.plist,assets/package/memoria/web_ef_memoria0.png,memoria_limit_break_01_b.png,D:\magia\MyProducts\MagiaRe\Magia_CN_Project\dist\MagiaCN-r128-downloader-fix1.apk!/assets/package/memoria/web_ef_memoria0.plist#frame:memoria_limit_break_01_b.png,assets/package/memoria/web_ef_memoria0.plist#frame:memoria_limit_break_01_b.png,atlas-frames/assets/package/memoria/web_ef_memoria0/memoria_limit_break_01_b.png,1994,946,44,54,44,54,44,54,0.0,0.0,False,PNG,44,54,RGBA,1,True,30AFD1D6FE9F90048B059FE015CB62C2CDD59A26E05319427DAB929670180A8D,2A1593F73147F1BB1A76822F86A14DA51A4E7AC682C5EB8C42117FDB9CE142F4,D3C56D3A3C6D6232,2929
L-FRAME-00106,logical_frame,D:\magia\MyProducts\MagiaRe\Magia_CN_Project\dist\MagiaCN-r128-downloader-fix1.apk,assets/package/memoria/web_ef_memoria0.plist,assets/package/memoria/web_ef_memoria0.png,memoria_limit_break_02_b.png,D:\magia\MyProducts\MagiaRe\Magia_CN_Project\dist\MagiaCN-r128-downloader-fix1.apk!/assets/package/memoria/web_ef_memoria0.plist#frame:memoria_limit_break_02_b.png,assets/package/memoria/web_ef_memoria0.plist#frame:memoria_limit_break_02_b.png,atlas-frames/assets/package/memoria/web_ef_memoria0/memoria_limit_break_02_b.png,1718,1358,44,54,44,54,44,54,0.0,0.0,False,PNG,44,54,RGBA,1,True,BCBE183CE9A6545D1BE4DE1A84F02446BDA37ECCF0BCA8BEC1CA1E5C9D9383DD,343767CDBB08EF4F174471C3C39CD6985C1494C2DD7E7E8AB20EB70AFD31000C,C795381E637AC663,2843
L-FRAME-00107,logical_frame,D:\magia\MyProducts\MagiaRe\Magia_CN_Project\dist\MagiaCN-r128-downloader-fix1.apk,assets/package/memoria/web_ef_memoria0.plist,assets/package/memoria/web_ef_memoria0.png,memoria_limit_break_03_b.png,D:\magia\MyProducts\MagiaRe\Magia_CN_Project\dist\MagiaCN-r128-downloader-fix1.apk!/assets/package/memoria/web_ef_memoria0.plist#frame:memoria_limit_break_03_b.png,assets/package/memoria/web_ef_memoria0.plist#frame:memoria_limit_break_03_b.png,atlas-frames/assets/package/memoria/web_ef_memoria0/memoria_limit_break_03_b.png,1993,1058,49,54,49,54,49,54,0.0,0.0,False,PNG,49,54,RGBA,1,True,625A9F025FB1418E3906167F6898BAEADD39DE0F7EE5FFBECD31A3D6ACE3EAAE,5268B6C2DA0CAB65768814BFCCFA204770F3EEEBC11ADA651D73D11A9A2CDDA4,C793386F61966761,2936
L-FRAME-00108,logical_frame,D:\magia\MyProducts\MagiaRe\Magia_CN_Project\dist\MagiaCN-r128-downloader-fix1.apk,assets/package/memoria/web_ef_memoria0.plist,assets/package/memoria/web_ef_memoria0.png,memoria_limit_break_04_b.png,D:\magia\MyProducts\MagiaRe\Magia_CN_Project\dist\MagiaCN-r128-downloader-fix1.apk!/assets/package/memoria/web_ef_memoria0.plist#frame:memoria_limit_break_04_b.png,assets/package/memoria/web_ef_memoria0.plist#frame:memoria_limit_break_04_b.png,atlas-frames/assets/package/memoria/web_ef_memoria0/memoria_limit_break_04_b.png,1586,1326,49,53,49,53,49,53,0.0,0.0,False,PNG,49,53,RGBA,1,True,3280EBD651D032720BE7B6DEE05C2CDC558882F8D092A2BB12CCD70AEC24F963,FEBD4B0793D26C79CF5F96282D4177AFC03D336B57665680F96E7A32D08DA458,D2C92D373D2686DC,2351
L-FRAME-00109,logical_frame,D:\magia\MyProducts\MagiaRe\Magia_CN_Project\dist\MagiaCN-r128-downloader-fix1.apk,assets/package/memoria/web_ef_memoria0.plist,assets/package/memoria/web_ef_memoria0.png,memoria_limit_break_05_b.png,D:\magia\MyProducts\MagiaRe\Magia_CN_Project\dist\MagiaCN-r128-downloader-fix1.apk!/assets/package/memoria/web_ef_memoria0.plist#frame:memoria_limit_break_05_b.png,assets/package/memoria/web_ef_memoria0.plist#frame:memoria_limit_break_05_b.png,atlas-frames/assets/package/memoria/web_ef_memoria0/memoria_limit_break_05_b.png,1994,1002,44,54,44,54,44,54,0.0,0.0,False,PNG,44,54,RGBA,1,True,30AFD1D6FE9F90048B059FE015CB62C2CDD59A26E05319427DAB929670180A8D,2A1593F73147F1BB1A76822F86A14DA51A4E7AC682C5EB8C42117FDB9CE142F4,D3C56D3A3C6D6232,2929
L-FRAME-00110,logical_frame,D:\magia\MyProducts\MagiaRe\Magia_CN_Project\dist\MagiaCN-r128-downloader-fix1.apk,assets/package/memoria/web_ef_memoria0.plist,assets/package/memoria/web_ef_memoria0.png,memoria_limit_break_06_b.png,D:\magia\MyProducts\MagiaRe\Magia_CN_Project\dist\MagiaCN-r128-downloader-fix1.apk!/assets/package/memoria/web_ef_memoria0.plist#frame:memoria_limit_break_06_b.png,assets/package/memoria/web_ef_memoria0.plist#frame:memoria_limit_break_06_b.png,atlas-frames/assets/package/memoria/web_ef_memoria0/memoria_limit_break_06_b.png,1506,128,27,65,27,65,27,65,0.0,0.0,False,PNG,27,65,RGBA,1,True,1E6667E6B8019B248C48074788F8D007E34EDC8AD4DC17265CD1F1C79DDFEE2F,1080D2D2B11E37629E2BC8013D07F3C39A5DCCA843FE4AD39B3285550CD90418,CDB333CC342D3237,1594
L-FRAME-00111,logical_frame,D:\magia\MyProducts\MagiaRe\Magia_CN_Project\dist\MagiaCN-r128-downloader-fix1.apk,assets/package/memoria/web_ef_memoria0.plist,assets/package/memoria/web_ef_memoria0.png,memoria_limit_break_07_b.png,D:\magia\MyProducts\MagiaRe\Magia_CN_Project\dist\MagiaCN-r128-downloader-fix1.apk!/assets/package/memoria/web_ef_memoria0.plist#frame:memoria_limit_break_07_b.png,assets/package/memoria/web_ef_memoria0.plist#frame:memoria_limit_break_07_b.png,atlas-frames/assets/package/memoria/web_ef_memoria0/memoria_limit_break_07_b.png,1718,1302,51,54,51,54,51,54,0.0,0.0,False,PNG,51,54,RGBA,1,True,278D16E227112A287805C9774DAB1F5F1A8FFC25AF87DF9A6BCC356314087C1D,53DA01048848B0925496A5D83492A91924D314B85BA673859CC92034C8F8A2CE,C2C12D1F747C9375,2921
L-FRAME-00112,logical_frame,D:\magia\MyProducts\MagiaRe\Magia_CN_Project\dist\MagiaCN-r128-downloader-fix1.apk,assets/package/memoria/web_ef_memoria0.plist,assets/package/memoria/web_ef_memoria0.png,memoria_limit_break_08_b.png,D:\magia\MyProducts\MagiaRe\Magia_CN_Project\dist\MagiaCN-r128-downloader-fix1.apk!/assets/package/memoria/web_ef_memoria0.plist#frame:memoria_limit_break_08_b.png,assets/package/memoria/web_ef_memoria0.plist#frame:memoria_limit_break_08_b.png,atlas-frames/assets/package/memoria/web_ef_memoria0/memoria_limit_break_08_b.png,1535,1326,49,53,49,53,49,53,0.0,0.0,False,PNG,49,53,RGBA,1,True,C3A41ABD01A90B173799F67EA53EAE3999D0299E4C0D3B81DBF9FF5C3C053452,C7F0D356CD3545CABE8D1FBB8B116720BFEC6F0FA19FFBB93BA5394DD7E50A27,D2C92D373D2686DC,2350
L-FRAME-00113,logical_frame,D:\magia\MyProducts\MagiaRe\Magia_CN_Project\dist\MagiaCN-r128-downloader-fix1.apk,assets/package/memoria/web_ef_memoria0.plist,assets/package/memoria/web_ef_memoria0.png,memoria_limit_break_base_b.png,D:\magia\MyProducts\MagiaRe\Magia_CN_Project\dist\MagiaCN-r128-downloader-fix1.apk!/assets/package/memoria/web_ef_memoria0.plist#frame:memoria_limit_break_base_b.png,assets/package/memoria/web_ef_memoria0.plist#frame:memoria_limit_break_base_b.png,atlas-frames/assets/package/memoria/web_ef_memoria0/memoria_limit_break_base_b.png,1535,266,296,129,296,129,296,129,0.0,0.0,False,PNG,296,129,RGBA,1,True,253F5AFA20DCC41EF1483044B3778298E8C4CB1E1A4837C86784CD60288FBF2E,81C7F6A9FFF2359D411789CBF4D2838241024A84CD8B98428370AE8B796E8876,886F57112EEE7D03,5920
L-FRAME-00114,logical_frame,D:\magia\MyProducts\MagiaRe\Magia_CN_Project\dist\MagiaCN-r128-downloader-fix1.apk,assets/package/memoria/web_ef_memoria0.plist,assets/package/memoria/web_ef_memoria0.png,memoria_status.png,D:\magia\MyProducts\MagiaRe\Magia_CN_Project\dist\MagiaCN-r128-downloader-fix1.apk!/assets/package/memoria/web_ef_memoria0.plist#frame:memoria_status.png,assets/package/memoria/web_ef_memoria0.plist#frame:memoria_status.png,atlas-frames/assets/package/memoria/web_ef_memoria0/memoria_status.png,1833,266,204,222,204,222,204,222,0.0,0.0,False,PNG,204,222,RGBA,1,True,99D70ACBC856BBB8AD2B40AFDA6A3EF15D05349BBDDDF71EF615946C05EA0CDB,89663B243B42DD4330C4DBFA1FEE57760F1415E7ADB52B1565484A6E108FEC19,E01FE3E31F17D015,3714
L-FRAME-00115,logical_frame,D:\magia\MyProducts\MagiaRe\Magia_CN_Project\dist\MagiaCN-r128-downloader-fix1.apk,assets/package/memoria/web_ef_memoria0.plist,assets/package/memoria/web_ef_memoria0.png,memoria_success.png,D:\magia\MyProducts\MagiaRe\Magia_CN_Project\dist\MagiaCN-r128-downloader-fix1.apk!/assets/package/memoria/web_ef_memoria0.plist#frame:memoria_success.png,assets/package/memoria/web_ef_memoria0.plist#frame:memoria_success.png,atlas-frames/assets/package/memoria/web_ef_memoria0/memoria_success.png,1248,679,208,82,208,82,208,82,0.0,0.0,False,PNG,208,82,RGBA,1,True,FF71454DA34851728CDD5F0E880A3846B18DD7C80C04F47243886921DE217652,D259233551288C98EB2A22F12E89D3F1B0E5ECF0303483F4AFABBCE4EA87D6EE,DC0C0A71B3F66EC3,10866
L-FRAME-00116,logical_frame,D:\magia\MyProducts\MagiaRe\Magia_CN_Project\dist\MagiaCN-r128-downloader-fix1.apk,assets/package/memoria/web_ef_memoria0.plist,assets/package/memoria/web_ef_memoria0.png,memoria_success_b.png,D:\magia\MyProducts\MagiaRe\Magia_CN_Project\dist\MagiaCN-r128-downloader-fix1.apk!/assets/package/memoria/web_ef_memoria0.plist#frame:memoria_success_b.png,assets/package/memoria/web_ef_memoria0.plist#frame:memoria_success_b.png,atlas-frames/assets/package/memoria/web_ef_memoria0/memoria_success_b.png,1248,283,242,97,242,97,242,97,0.0,0.0,False,PNG,242,97,RGBA,1,True,40C04D124B7D19799EF9DD65E9BFBD64B126BA72E0FC8664ABE4120661BD7147,2BB8B979194C379730456EF1468351C647C8DD021A100C9401453806DD1EF220,DC0C0271F3F66EC3,13680
L-FRAME-00117,logical_frame,D:\magia\MyProducts\MagiaRe\Magia_CN_Project\dist\MagiaCN-r128-downloader-fix1.apk,assets/package/memoria/web_ef_memoria0.plist,assets/package/memoria/web_ef_memoria0.png,memoria_success_great.png,D:\magia\MyProducts\MagiaRe\Magia_CN_Project\dist\MagiaCN-r128-downloader-fix1.apk!/assets/package/memoria/web_ef_memoria0.plist#frame:memoria_success_great.png,assets/package/memoria/web_ef_memoria0.plist#frame:memoria_success_great.png,atlas-frames/assets/package/memoria/web_ef_memoria0/memoria_success_great.png,1028,133,353,96,353,96,353,96,0.0,0.0,False,PNG,353,96,RGBA,1,True,C28DB3763500B0D6F2B6181F039A3397551A47759C80A157B09EB978E29877B0,0F116C82BF5AD4FC7A50847F24B97C83C5E428571163F56A438B1D10505C29F5,CC3C0EF3F34E3099,17378
L-FRAME-00118,logical_frame,D:\magia\MyProducts\MagiaRe\Magia_CN_Project\dist\MagiaCN-r128-downloader-fix1.apk,assets/package/memoria/web_ef_memoria0.plist,assets/package/memoria/web_ef_memoria0.png,memoria_success_great_b.png,D:\magia\MyProducts\MagiaRe\Magia_CN_Project\dist\MagiaCN-r128-downloader-fix1.apk!/assets/package/memoria/web_ef_memoria0.plist#frame:memoria_success_great_b.png,assets/package/memoria/web_ef_memoria0.plist#frame:memoria_success_great_b.png,atlas-frames/assets/package/memoria/web_ef_memoria0/memoria_success_great_b.png,1028,2,411,129,411,129,411,129,0.0,0.0,False,PNG,411,129,RGBA,1,True,7EBED9B9C5A71C72333F8312165E30DDAEDB6D44AAD6D63D0D0A6B243FC21B9F,0DCA5CCDC36B0D0BEFDBFC2E237A547B87A8342046B43B26EA0B70F9BAF311D7,CC3C0BF3F3943C83,22478
L-FRAME-00119,logical_frame,D:\magia\MyProducts\MagiaRe\Magia_CN_Project\dist\MagiaCN-r128-downloader-fix1.apk,assets/package/memoria/web_ef_memoria0.plist,assets/package/memoria/web_ef_memoria0.png,memoria_success_super.png,D:\magia\MyProducts\MagiaRe\Magia_CN_Project\dist\MagiaCN-r128-downloader-fix1.apk!/assets/package/memoria/web_ef_memoria0.plist#frame:memoria_success_super.png,assets/package/memoria/web_ef_memoria0.plist#frame:memoria_success_super.png,atlas-frames/assets/package/memoria/web_ef_memoria0/memoria_success_super.png,1535,32,411,116,411,116,411,116,0.0,0.0,False,PNG,411,116,RGBA,1,True,2FF2F545D75ED8BE81F0DC7ECA1A60CCB126B5CB65E7482F71066511E81A21B3,3DE31B43870A2598E9CD019F18C397122D81A5D82289537389AD31F1BF43BFED,CC3C0EE1E1CF781B,20701
L-FRAME-00120,logical_frame,D:\magia\MyProducts\MagiaRe\Magia_CN_Project\dist\MagiaCN-r128-downloader-fix1.apk,assets/package/memoria/web_ef_memoria0.plist,assets/package/memoria/web_ef_memoria0.png,memoria_success_super_b.png,D:\magia\MyProducts\MagiaRe\Magia_CN_Project\dist\MagiaCN-r128-downloader-fix1.apk!/assets/package/memoria/web_ef_memoria0.plist#frame:memoria_success_super_b.png,assets/package/memoria/web_ef_memoria0.plist#frame:memoria_success_super_b.png,atlas-frames/assets/package/memoria/web_ef_memoria0/memoria_success_super_b.png,1535,150,352,114,352,114,352,114,0.0,0.0,False,PNG,352,114,RGBA,1,True,EC85CD8483538061EB07C3E696BF62BA57823B50B8BA3B65ED938F74BCB76C0C,24350CF5D823C48527B374D62D0CE380935A5104504795B9458D5FBC367FB768,CC3C0EE3E38E7893,16847
L-FRAME-00121,logical_frame,D:\magia\MyProducts\MagiaRe\Magia_CN_Project\dist\MagiaCN-r128-downloader-fix1.apk,assets/package/memoria/web_ef_memoria0.plist,assets/package/memoria/web_ef_memoria0.png,memoriabgeffect00.png,D:\magia\MyProducts\MagiaRe\Magia_CN_Project\dist\MagiaCN-r128-downloader-fix1.apk!/assets/package/memoria/web_ef_memoria0.plist#frame:memoriabgeffect00.png,assets/package/memoria/web_ef_memoria0.plist#frame:memoriabgeffect00.png,atlas-frames/assets/package/memoria/web_ef_memoria0/memoriabgeffect00.png,1777,512,242,242,242,242,242,242,0.0,0.0,False,PNG,242,242,RGBA,1,True,316DB25B63AA3D850FA0C1FD129BFAF70F618FFEF9FB055708FB3F670DCFF572,9E8A9D611252D0083BFDBACD81E3BCE604729922697EA39BA39C74F3B8F4F8EA,953C4AC06BC72DCF,14135
L-FRAME-00122,logical_frame,D:\magia\MyProducts\MagiaRe\Magia_CN_Project\dist\MagiaCN-r128-downloader-fix1.apk,assets/package/memoria/web_ef_memoria0.plist,assets/package/memoria/web_ef_memoria0.png,memoriabgeffect01.png,D:\magia\MyProducts\MagiaRe\Magia_CN_Project\dist\MagiaCN-r128-downloader-fix1.apk!/assets/package/memoria/web_ef_memoria0.plist#frame:memoriabgeffect01.png,assets/package/memoria/web_ef_memoria0.plist#frame:memoriabgeffect01.png,atlas-frames/assets/package/memoria/web_ef_memoria0/memoriabgeffect01.png,1781,1291,121,121,121,121,121,121,0.0,0.0,False,PNG,121,121,RGBA,1,True,C9B94B2A1E4A9A52D18BBE533B50B8F60964D30C7090B34E43360A180080E969,FCD3E86C4C7B33E52C1FBE625794552DE74BA670A02B48A744DECC40713515C8,953C4AC06BC72DCF,4448
L-FRAME-00123,logical_frame,D:\magia\MyProducts\MagiaRe\Magia_CN_Project\dist\MagiaCN-r128-downloader-fix1.apk,assets/package/memoria/web_ef_memoria0.plist,assets/package/memoria/web_ef_memoria0.png,memoriabgeffect02.png,D:\magia\MyProducts\MagiaRe\Magia_CN_Project\dist\MagiaCN-r128-downloader-fix1.apk!/assets/package/memoria/web_ef_memoria0.plist#frame:memoriabgeffect02.png,assets/package/memoria/web_ef_memoria0.plist#frame:memoriabgeffect02.png,atlas-frames/assets/package/memoria/web_ef_memoria0/memoriabgeffect02.png,1535,1080,121,121,121,121,121,121,0.0,0.0,False,PNG,121,121,RGBA,1,True,0E4429E4B55488D669561DD675B4B2319DD972ED96B7745300F34106EFDABF96,12C898EBE03F68EAC2F2D0B7ECB8007F5FFB9B5E8084F209ACD0A95EC9E0B35D,953C4AC06FC72D8F,5167
L-FRAME-00124,logical_frame,D:\magia\MyProducts\MagiaRe\Magia_CN_Project\dist\MagiaCN-r128-downloader-fix1.apk,assets/package/memoria/web_ef_memoria0.plist,assets/package/memoria/web_ef_memoria0.png,memoriabgeffect03.png,D:\magia\MyProducts\MagiaRe\Magia_CN_Project\dist\MagiaCN-r128-downloader-fix1.apk!/assets/package/memoria/web_ef_memoria0.plist#frame:memoriabgeffect03.png,assets/package/memoria/web_ef_memoria0.plist#frame:memoriabgeffect03.png,atlas-frames/assets/package/memoria/web_ef_memoria0/memoriabgeffect03.png,1658,1179,121,121,121,121,121,121,0.0,0.0,False,PNG,121,121,RGBA,1,True,93788D6007CCE44D43C732B50F61CF5B9DC43D08F6558C490229EBB5159426CF,C1D6771577F4748FEC0A669E0D2B39A56EB884852F3AB5BC173EEA9B49F6D65E,953D4AC06BC32DCF,5166
L-FRAME-00125,logical_frame,D:\magia\MyProducts\MagiaRe\Magia_CN_Project\dist\MagiaCN-r128-downloader-fix1.apk,assets/package/memoria/web_ef_memoria0.plist,assets/package/memoria/web_ef_memoria0.png,memoriabgeffect10.png,D:\magia\MyProducts\MagiaRe\Magia_CN_Project\dist\MagiaCN-r128-downloader-fix1.apk!/assets/package/memoria/web_ef_memoria0.plist#frame:memoriabgeffect10.png,assets/package/memoria/web_ef_memoria0.plist#frame:memoriabgeffect10.png,atlas-frames/assets/package/memoria/web_ef_memoria0/memoriabgeffect10.png,1535,1203,121,121,121,121,121,121,0.0,0.0,False,PNG,121,121,RGBA,1,True,E69A761BBEE89C147A1FFD9EF821DBA34C56AFB3B1145F821A60CDA0A1159E8A,98B94AA77B922744941F9331D5E2724F9BFDCF8252FE77FFBC880D307676A0A3,953C4AC06BC72DCF,4627
L-FRAME-00126,logical_frame,D:\magia\MyProducts\MagiaRe\Magia_CN_Project\dist\MagiaCN-r128-downloader-fix1.apk,assets/package/memoria/web_ef_memoria0.plist,assets/package/memoria/web_ef_memoria0.png,memoriabgeffect11.png,D:\magia\MyProducts\MagiaRe\Magia_CN_Project\dist\MagiaCN-r128-downloader-fix1.apk!/assets/package/memoria/web_ef_memoria0.plist#frame:memoriabgeffect11.png,assets/package/memoria/web_ef_memoria0.plist#frame:memoriabgeffect11.png,atlas-frames/assets/package/memoria/web_ef_memoria0/memoriabgeffect11.png,1679,1056,121,121,121,121,121,121,0.0,0.0,False,PNG,121,121,RGBA,1,True,0FB7495973327A45113BF21A0DADC518DCD1641B3EC4B0CA557A8D27654F7BB2,58D376654D5DA79740E7963FE25C4CB8C214A0F70E1AC0760B15FDC8C057F71E,953C4AC02FC72D9F,3970
L-FRAME-00127,logical_frame,D:\magia\MyProducts\MagiaRe\Magia_CN_Project\dist\MagiaCN-r128-downloader-fix1.apk,assets/package/memoria/web_ef_memoria0.plist,assets/package/memoria/web_ef_memoria0.png,memoriabgeffect12.png,D:\magia\MyProducts\MagiaRe\Magia_CN_Project\dist\MagiaCN-r128-downloader-fix1.apk!/assets/package/memoria/web_ef_memoria0.plist#frame:memoriabgeffect12.png,assets/package/memoria/web_ef_memoria0.plist#frame:memoriabgeffect12.png,atlas-frames/assets/package/memoria/web_ef_memoria0/memoriabgeffect12.png,1383,133,121,121,121,121,121,121,0.0,0.0,False,PNG,121,121,RGBA,1,True,E743A358CE42836695C0F1521A84298BF1158853B2A2AE076003175A3C6A0ED3,FD5F2A9292D547C1166D3D33E5D6556CF44EB913566A38A77D30974F43AAECEB,953C4AC06FC72D8F,3715
L-FRAME-00128,logical_frame,D:\magia\MyProducts\MagiaRe\Magia_CN_Project\dist\MagiaCN-r128-downloader-fix1.apk,assets/package/memoria/web_ef_memoria0.plist,assets/package/memoria/web_ef_memoria0.png,memoriabgeffect13.png,D:\magia\MyProducts\MagiaRe\Magia_CN_Project\dist\MagiaCN-r128-downloader-fix1.apk!/assets/package/memoria/web_ef_memoria0.plist#frame:memoriabgeffect13.png,assets/package/memoria/web_ef_memoria0.plist#frame:memoriabgeffect13.png,atlas-frames/assets/package/memoria/web_ef_memoria0/memoriabgeffect13.png,1802,1168,121,121,121,121,121,121,0.0,0.0,False,PNG,121,121,RGBA,1,True,EF9805CF7FC0CA370AF2B1B8508F48EA2CF7417444F5FFD982FD59B2F7B40FB6,D2C8327A1671802F3EE1C0C9BAFBF27445B1B185591A1ED91B6CC714030EB6A6,953D4AC06BC72D8F,4467
L-FRAME-00129,logical_frame,D:\magia\MyProducts\MagiaRe\Magia_CN_Project\dist\MagiaCN-r128-downloader-fix1.apk,assets/package/memoria/web_ef_memoria0.plist,assets/package/memoria/web_ef_memoria0.png,title00.png,D:\magia\MyProducts\MagiaRe\Magia_CN_Project\dist\MagiaCN-r128-downloader-fix1.apk!/assets/package/memoria/web_ef_memoria0.plist#frame:title00.png,assets/package/memoria/web_ef_memoria0.plist#frame:title00.png,atlas-frames/assets/package/memoria/web_ef_memoria0/title00.png,1441,65,76,61,76,61,76,61,0.0,0.0,False,PNG,76,61,RGBA,1,True,616BA5F87F1C35F613883C6F8F0ADEFE0DC21A2B8B33A8519F94E393EAB2EB92,547D47C335C3370A5662E7E912A939506747DDB8F68DEC7C1D6CE63CCABDE94A,D779C0C20AA63F3D,2231
L-FRAME-00130,logical_frame,D:\magia\MyProducts\MagiaRe\Magia_CN_Project\dist\MagiaCN-r128-downloader-fix1.apk,assets/package/memoria/web_ef_memoria0.plist,assets/package/memoria/web_ef_memoria0.png,title01.png,D:\magia\MyProducts\MagiaRe\Magia_CN_Project\dist\MagiaCN-r128-downloader-fix1.apk!/assets/package/memoria/web_ef_memoria0.plist#frame:title01.png,assets/package/memoria/web_ef_memoria0.plist#frame:title01.png,atlas-frames/assets/package/memoria/web_ef_memoria0/title01.png,1889,150,56,62,56,62,56,62,0.0,0.0,False,PNG,56,62,RGBA,1,True,B34B9F1B4B4C47FF08D3D704F7FF546D2CCF77CB72DC172D9806EDD100E0F16A,C5FB27E5675C52296B861D71E0EAA83985204EC11A81A4BD81D153D940198134,B16DCF92386D7192,2214
L-FRAME-00131,logical_frame,D:\magia\MyProducts\MagiaRe\Magia_CN_Project\dist\MagiaCN-r128-downloader-fix1.apk,assets/package/memoria/web_ef_memoria0.plist,assets/package/memoria/web_ef_memoria0.png,title02.png,D:\magia\MyProducts\MagiaRe\Magia_CN_Project\dist\MagiaCN-r128-downloader-fix1.apk!/assets/package/memoria/web_ef_memoria0.plist#frame:title02.png,assets/package/memoria/web_ef_memoria0.plist#frame:title02.png,atlas-frames/assets/package/memoria/web_ef_memoria0/title02.png,1441,2,76,61,76,61,76,61,0.0,0.0,False,PNG,76,61,RGBA,1,True,F2ED28C92391317E1A20F6A833A9E6822D40BEA0E56125CF32ADE6FA13586FFE,E7C87980D54CAEAEB9C51FEB60EB3044724C5486D137CEE12467B319ED2B20CB,D779C0CA0A363F35,2345
L-FRAME-00132,logical_frame,D:\magia\MyProducts\MagiaRe\Magia_CN_Project\dist\MagiaCN-r128-downloader-fix1.apk,assets/package/memoria/web_ef_memoria0.plist,assets/package/memoria/web_ef_memoria0.png,title03.png,D:\magia\MyProducts\MagiaRe\Magia_CN_Project\dist\MagiaCN-r128-downloader-fix1.apk!/assets/package/memoria/web_ef_memoria0.plist#frame:title03.png,assets/package/memoria/web_ef_memoria0.plist#frame:title03.png,atlas-frames/assets/package/memoria/web_ef_memoria0/title03.png,1948,32,59,62,59,62,59,62,0.0,0.0,False,PNG,59,62,RGBA,1,True,2C26D18913290A8BD3FC99A436E12921FBF5B36A5EE9497D239FBFBA49A7702C,FAADC9FD5A0C7B0574F494E047C817F9D8E24B2CFE84FB049BC2AF403F58462F,817E566D593665D2,2145
L-FRAME-00133,logical_frame,D:\magia\MyProducts\MagiaRe\Magia_CN_Project\dist\MagiaCN-r128-downloader-fix1.apk,assets/package/memoria/web_ef_memoria0.plist,assets/package/memoria/web_ef_memoria0.png,title04.png,D:\magia\MyProducts\MagiaRe\Magia_CN_Project\dist\MagiaCN-r128-downloader-fix1.apk!/assets/package/memoria/web_ef_memoria0.plist#frame:title04.png,assets/package/memoria/web_ef_memoria0.plist#frame:title04.png,atlas-frames/assets/package/memoria/web_ef_memoria0/title04.png,1994,883,48,61,48,61,48,61,0.0,0.0,False,PNG,48,61,RGBA,1,True,95E46B6F5300388AD0773B88E11366E8DB67CF30DE4FF6EBDB1CB1D5BE69F860,40CA3356F0C6C9FA641DF94B71A82173B5D2104B71F9552FCD84B2CF24DE678F,D1B64ED93B333164,1925
L-FRAME-00134,logical_frame,D:\magia\MyProducts\MagiaRe\Magia_CN_Project\dist\MagiaCN-r128-downloader-fix1.apk,assets/package/memoria/web_ef_memoria0.plist,assets/package/memoria/web_ef_memoria0.png,title05.png,D:\magia\MyProducts\MagiaRe\Magia_CN_Project\dist\MagiaCN-r128-downloader-fix1.apk!/assets/package/memoria/web_ef_memoria0.plist#frame:title05.png,assets/package/memoria/web_ef_memoria0.plist#frame:title05.png,atlas-frames/assets/package/memoria/web_ef_memoria0/title05.png,1028,693,35,74,35,74,35,74,0.0,0.0,False,PNG,35,74,RGBA,1,True,9808838045D2AD87617EB4482DF6DC0DA95352941E3C34E4E98D5625BC320BD8,1F74AD39F794B2D91D4F8656D5C4CD5E6D5D9BEA15CAAA899D64F6F9C3D4955E,968C5D3379D964CC,1528
L-FRAME-00135,logical_frame,D:\magia\MyProducts\MagiaRe\Magia_CN_Project\dist\MagiaCN-r128-downloader-fix1.apk,assets/package/memoria/web_ef_memoria0.plist,assets/package/memoria/web_ef_memoria0.png,title06.png,D:\magia\MyProducts\MagiaRe\Magia_CN_Project\dist\MagiaCN-r128-downloader-fix1.apk!/assets/package/memoria/web_ef_memoria0.plist#frame:title06.png,assets/package/memoria/web_ef_memoria0.plist#frame:title06.png,atlas-frames/assets/package/memoria/web_ef_memoria0/title06.png,1987,756,55,62,55,62,55,62,0.0,0.0,False,PNG,55,62,RGBA,1,True,D19797028147E47B268618D8862456518C09F5B4048D1DF6ADBCE3929538675C,ABFE5C7A4AA77DBBC4CCF1434E4846DC9E365B31A2F355E83ECD3CEB93B55E38,E5479A386DC76CB0,2227
L-FRAME-00136,logical_frame,D:\magia\MyProducts\MagiaRe\Magia_CN_Project\dist\MagiaCN-r128-downloader-fix1.apk,assets/package/memoria/web_ef_memoria0.plist,assets/package/memoria/web_ef_memoria0.png,title10.png,D:\magia\MyProducts\MagiaRe\Magia_CN_Project\dist\MagiaCN-r128-downloader-fix1.apk!/assets/package/memoria/web_ef_memoria0.plist#frame:title10.png,assets/package/memoria/web_ef_memoria0.plist#frame:title10.png,atlas-frames/assets/package/memoria/web_ef_memoria0/title10.png,1163,283,76,61,76,61,76,61,0.0,0.0,False,PNG,76,61,RGBA,1,True,3E95F1001C5D19FB5056A805C4E96F2CBA9E1B08F8EB4FE90654C3A7A23BB872,C420F159DB4480067C5809C44523F3E44E757CCA35DE7278815E5DB38076D521,DF79C0C20A263F3D,1667
L-FRAME-00137,logical_frame,D:\magia\MyProducts\MagiaRe\Magia_CN_Project\dist\MagiaCN-r128-downloader-fix1.apk,assets/package/memoria/web_ef_memoria0.plist,assets/package/memoria/web_ef_memoria0.png,title11.png,D:\magia\MyProducts\MagiaRe\Magia_CN_Project\dist\MagiaCN-r128-downloader-fix1.apk!/assets/package/memoria/web_ef_memoria0.plist#frame:title11.png,assets/package/memoria/web_ef_memoria0.plist#frame:title11.png,atlas-frames/assets/package/memoria/web_ef_memoria0/title11.png,1948,96,56,62,56,62,56,62,0.0,0.0,False,PNG,56,62,RGBA,1,True,887158C487B08059590C7F79BE56994EB1F159D8FA01C5965A8B477245D55782,1E8292BAB2929EDED0BB3A29E0D387E2482012A22AE01BE54E8327AFB0398E93,B16DCF92386D7192,1696
L-FRAME-00138,logical_frame,D:\magia\MyProducts\MagiaRe\Magia_CN_Project\dist\MagiaCN-r128-downloader-fix1.apk,assets/package/memoria/web_ef_memoria0.plist,assets/package/memoria/web_ef_memoria0.png,title12.png,D:\magia\MyProducts\MagiaRe\Magia_CN_Project\dist\MagiaCN-r128-downloader-fix1.apk!/assets/package/memoria/web_ef_memoria0.plist#frame:title12.png,assets/package/memoria/web_ef_memoria0.plist#frame:title12.png,atlas-frames/assets/package/memoria/web_ef_memoria0/title12.png,1685,770,76,61,76,61,76,61,0.0,0.0,False,PNG,76,61,RGBA,1,True,ADAC30229AD621BB628BD8D55A2F3FE0E6194B8D9F3804234BA53A0DA3C3F3A9,68775BEF49C280FF3751BA9BDF9B505F8B2207904236381DF441A3D6650DCE89,DF79C0CA0A263F35,1692
L-FRAME-00139,logical_frame,D:\magia\MyProducts\MagiaRe\Magia_CN_Project\dist\MagiaCN-r128-downloader-fix1.apk,assets/package/memoria/web_ef_memoria0.plist,assets/package/memoria/web_ef_memoria0.png,title13.png,D:\magia\MyProducts\MagiaRe\Magia_CN_Project\dist\MagiaCN-r128-downloader-fix1.apk!/assets/package/memoria/web_ef_memoria0.plist#frame:title13.png,assets/package/memoria/web_ef_memoria0.plist#frame:title13.png,atlas-frames/assets/package/memoria/web_ef_memoria0/title13.png,1163,693,58,62,58,62,58,62,0.0,0.0,False,PNG,58,62,RGBA,1,True,E2689D74F939E4085DF6E366A075304C8D452C1DD8D14A2E295D81892FF09D07,3CFD47AD4DE4164520E3A85B22A763230B679A73D5AE7317FC194FA1CBCE159E,89F856C7599C6578,1669
L-FRAME-00140,logical_frame,D:\magia\MyProducts\MagiaRe\Magia_CN_Project\dist\MagiaCN-r128-downloader-fix1.apk,assets/package/memoria/web_ef_memoria0.plist,assets/package/memoria/web_ef_memoria0.png,title14.png,D:\magia\MyProducts\MagiaRe\Magia_CN_Project\dist\MagiaCN-r128-downloader-fix1.apk!/assets/package/memoria/web_ef_memoria0.plist#frame:title14.png,assets/package/memoria/web_ef_memoria0.plist#frame:title14.png,atlas-frames/assets/package/memoria/web_ef_memoria0/title14.png,1994,820,48,61,48,61,48,61,0.0,0.0,False,PNG,48,61,RGBA,1,True,42A042BF04BC518D2602E9EC72107C9808CCE10ECB213C0F5AB5AF640951050C,36692F643F3267543FE8386AD247E1DE0218926C31D431DA9B4E61B7862C041C,D1B6CED91B333164,1422
L-FRAME-00141,logical_frame,D:\magia\MyProducts\MagiaRe\Magia_CN_Project\dist\MagiaCN-r128-downloader-fix1.apk,assets/package/memoria/web_ef_memoria0.plist,assets/package/memoria/web_ef_memoria0.png,title15.png,D:\magia\MyProducts\MagiaRe\Magia_CN_Project\dist\MagiaCN-r128-downloader-fix1.apk!/assets/package/memoria/web_ef_memoria0.plist#frame:title15.png,assets/package/memoria/web_ef_memoria0.plist#frame:title15.png,atlas-frames/assets/package/memoria/web_ef_memoria0/title15.png,1065,693,36,73,36,73,36,73,0.0,0.0,False,PNG,36,73,RGBA,1,True,19D8F8310CC27EAFE86B9495828D15377F2BB8D690FE097FD932F45830753B6F,0C45E3463256FC1F2CE2032052B7866A5A880DBD44020E202DEDF723462702AF,A6985966799965D9,1256
L-FRAME-00142,logical_frame,D:\magia\MyProducts\MagiaRe\Magia_CN_Project\dist\MagiaCN-r128-downloader-fix1.apk,assets/package/memoria/web_ef_memoria0.plist,assets/package/memoria/web_ef_memoria0.png,title16.png,D:\magia\MyProducts\MagiaRe\Magia_CN_Project\dist\MagiaCN-r128-downloader-fix1.apk!/assets/package/memoria/web_ef_memoria0.plist#frame:title16.png,assets/package/memoria/web_ef_memoria0.plist#frame:title16.png,atlas-frames/assets/package/memoria/web_ef_memoria0/title16.png,1947,160,55,62,55,62,55,62,0.0,0.0,False,PNG,55,62,RGBA,1,True,FB8F407F20ABD0F280F1E0D308FCB7A4C9058ED6C06BF0316EC269F443B1E62D,3DEFD85B5E6C746AAE8A5A58D119F314274516FE8297928AFB2343D92A83E77B,E5479A386DC76CB0,1729
L-FRAME-00143,logical_frame,D:\magia\MyProducts\MagiaRe\Magia_CN_Project\dist\MagiaCN-r128-downloader-fix1.apk,assets/package/memoria/web_ef_memoria0.plist,assets/package/memoria/web_ef_memoria0.png,white.png,D:\magia\MyProducts\MagiaRe\Magia_CN_Project\dist\MagiaCN-r128-downloader-fix1.apk!/assets/package/memoria/web_ef_memoria0.plist#frame:white.png,assets/package/memoria/web_ef_memoria0.plist#frame:white.png,atlas-frames/assets/package/memoria/web_ef_memoria0/white.png,1103,758,12,12,12,12,12,12,0.0,0.0,False,PNG,12,12,RGBA,1,True,24903711B80A88F181B57C2665E247316100F3DAE800F29477C77D8BA1883D49,4BEDA5DE2056B6F1797195D95700E58484D4344C588A056E1A56A30F243841BC,D4C72BAF2AD42B2B,94
L-FRAME-00144,logical_frame,D:\magia\MyProducts\MagiaRe\Magia_CN_Project\dist\MagiaCN-r128-downloader-fix1.apk,assets/package/memoria/web_ef_memoria0.plist,assets/package/memoria/web_ef_memoria0.png,white_gradation.png,D:\magia\MyProducts\MagiaRe\Magia_CN_Project\dist\MagiaCN-r128-downloader-fix1.apk!/assets/package/memoria/web_ef_memoria0.plist#frame:white_gradation.png,assets/package/memoria/web_ef_memoria0.plist#frame:white_gradation.png,atlas-frames/assets/package/memoria/web_ef_memoria0/white_gradation.png,2,1542,1024,10,1024,10,1024,10,0.0,0.0,False,PNG,1024,10,RGBA,1,True,AA135EB3F705F5777CB3165B98F392A0FFA656FC6C912594E00E5492219BECC7,AF6CE3DAA7711FABC9FB84B9EB38DEEB12C16A10FA85C547203C814EC02D113A,8356AF56AD5494AE,1462
L-FRAME-00145,logical_frame,D:\magia\MyProducts\MagiaRe\Magia_CN_Project\dist\MagiaCN-r128-downloader-fix1.apk,assets/package/memoria/web_ef_memoria0.plist,assets/package/memoria/web_ef_memoria0.png,wingefect00.png,D:\magia\MyProducts\MagiaRe\Magia_CN_Project\dist\MagiaCN-r128-downloader-fix1.apk!/assets/package/memoria/web_ef_memoria0.plist#frame:wingefect00.png,assets/package/memoria/web_ef_memoria0.plist#frame:wingefect00.png,atlas-frames/assets/package/memoria/web_ef_memoria0/wingefect00.png,1535,770,148,176,148,176,148,176,0.0,0.0,False,PNG,148,176,RGBA,1,True,988E6E105B8686D8BEA7DE0182AF92B4F7FE0FDC5B2FE78F67C2DAC4FA4E3DF4,7F572090D9F883B7EB1CCCA5308F7405B510986E30372F3DD822544E8C9F879B,C39E38634B67EC19,5878
L-FRAME-00146,logical_frame,D:\magia\MyProducts\MagiaRe\Magia_CN_Project\dist\MagiaCN-r128-downloader-fix1.apk,assets/package/memoria/web_ef_memoria0.plist,assets/package/memoria/web_ef_memoria0.png,wingefect01.png,D:\magia\MyProducts\MagiaRe\Magia_CN_Project\dist\MagiaCN-r128-downloader-fix1.apk!/assets/package/memoria/web_ef_memoria0.plist#frame:wingefect01.png,assets/package/memoria/web_ef_memoria0.plist#frame:wingefect01.png,atlas-frames/assets/package/memoria/web_ef_memoria0/wingefect01.png,1825,882,167,135,167,135,167,135,0.0,0.0,False,PNG,167,135,RGBA,1,True,2A68915BCD7882DBE7E00287BFAB6E268097AA44266687C600957D34415ABCAD,B9E964A884F8D8623181DB7F14C1F7E355101D394A969DC6955601C49CCAA2C6,94356BCA368FD174,5717
L-FRAME-00147,logical_frame,D:\magia\MyProducts\MagiaRe\Magia_CN_Project\dist\MagiaCN-r128-downloader-fix1.apk,assets/package/memoria/web_ef_memoria0.plist,assets/package/memoria/web_ef_memoria0.png,wingefect02.png,D:\magia\MyProducts\MagiaRe\Magia_CN_Project\dist\MagiaCN-r128-downloader-fix1.apk!/assets/package/memoria/web_ef_memoria0.plist#frame:wingefect02.png,assets/package/memoria/web_ef_memoria0.plist#frame:wingefect02.png,atlas-frames/assets/package/memoria/web_ef_memoria0/wingefect02.png,1825,1019,166,147,166,147,166,147,0.0,0.0,False,PNG,166,147,RGBA,1,True,74AD06D53824707533FD235BDAFBD5A671C8BA2349445CE51B3634079B54ED65,4B0E4A1CC306E9DEBAD1B0E40A046BF384D723BE96A46E3556D3F78B73034C60,90356FCA3C8BF29C,6426
L-FRAME-00148,logical_frame,D:\magia\MyProducts\MagiaRe\Magia_CN_Project\dist\MagiaCN-r128-downloader-fix1.apk,assets/package/memoria/web_ef_memoria0.plist,assets/package/memoria/web_ef_memoria0.png,wingefect03.png,D:\magia\MyProducts\MagiaRe\Magia_CN_Project\dist\MagiaCN-r128-downloader-fix1.apk!/assets/package/memoria/web_ef_memoria0.plist#frame:wingefect03.png,assets/package/memoria/web_ef_memoria0.plist#frame:wingefect03.png,atlas-frames/assets/package/memoria/web_ef_memoria0/wingefect03.png,1777,756,208,124,208,124,208,124,0.0,0.0,False,PNG,208,124,RGBA,1,True,9AF94A54A2326994F2A7A21C982C5CF1304F19F348CCEE8C8451516F25935DF9,82D776BB9E9CBBC97B1C9BE31F4C6835CC3548EDA4EAED86520C7C893C6B68B0,D09F3B68E584CC97,5889
L-FRAME-00149,logical_frame,D:\magia\MyProducts\MagiaRe\Magia_CN_Project\dist\MagiaCN-r128-downloader-fix1.apk,assets/package/memoria/web_ef_memoria0.plist,assets/package/memoria/web_ef_memoria0.png,wingefect04.png,D:\magia\MyProducts\MagiaRe\Magia_CN_Project\dist\MagiaCN-r128-downloader-fix1.apk!/assets/package/memoria/web_ef_memoria0.plist#frame:wingefect04.png,assets/package/memoria/web_ef_memoria0.plist#frame:wingefect04.png,atlas-frames/assets/package/memoria/web_ef_memoria0/wingefect04.png,1685,882,138,172,138,172,138,172,0.0,0.0,False,PNG,138,172,RGBA,1,True,BC99BCE1F444CB8BD0A11C88B50729FE14BA6E3240391F713E64C88667E94308,C74E122905D7036E606F40430887D7420AE7BA837A59BA81FBC538856D2DFF7E,CD923669696FC3A4,5906
L-FRAME-00150,logical_frame,D:\magia\MyProducts\MagiaRe\Magia_CN_Project\dist\MagiaCN-r128-downloader-fix1.apk,assets/package/memoria/web_ef_memoria0.plist,assets/package/memoria/web_ef_memoria0.png,wingefect05.png,D:\magia\MyProducts\MagiaRe\Magia_CN_Project\dist\MagiaCN-r128-downloader-fix1.apk!/assets/package/memoria/web_ef_memoria0.plist#frame:wingefect05.png,assets/package/memoria/web_ef_memoria0.plist#frame:wingefect05.png,atlas-frames/assets/package/memoria/web_ef_memoria0/wingefect05.png,1028,283,133,96,133,96,133,96,0.0,0.0,False,PNG,133,96,RGBA,1,True,68F38A43A35F4792CF4DA44CF070DD3721A42CBBEF483A917797100C09C3620A,6BF20830A14A704D9ABF31E00F6456206B991AD189A365A5ABA8A9D8ECFA8195,C39C3D63D296CC99,3650
L-FRAME-00151,logical_frame,D:\magia\MyProducts\MagiaRe\Magia_CN_Project\dist\MagiaCN-r128-downloader-fix1.apk,assets/package/memoria/web_ef_memoria0.plist,assets/package/memoria/web_ef_memoria0.png,wingefect06.png,D:\magia\MyProducts\MagiaRe\Magia_CN_Project\dist\MagiaCN-r128-downloader-fix1.apk!/assets/package/memoria/web_ef_memoria0.plist#frame:wingefect06.png,assets/package/memoria/web_ef_memoria0.plist#frame:wingefect06.png,atlas-frames/assets/package/memoria/web_ef_memoria0/wingefect06.png,1535,948,142,130,142,130,142,130,0.0,0.0,False,PNG,142,130,RGBA,1,True,9237E7509112DDF88529E9841FFD20AA0F2022E3CB497EB3DC422784E6DBD2C8,5CDADB07F46E90D70A5BAEC3FD582B73D836995962F73151753D29AEA9F2BB45,C3673C9E69B09467,5594
L-FRAME-00152,logical_frame,D:\magia\MyProducts\MagiaRe\Magia_CN_Project\dist\MagiaCN-r128-downloader-fix1.apk,assets/package/movie/ui_touchscreen0.plist,assets/package/movie/ui_touchscreen0.png,TouchScreenBase01.png,D:\magia\MyProducts\MagiaRe\Magia_CN_Project\dist\MagiaCN-r128-downloader-fix1.apk!/assets/package/movie/ui_touchscreen0.plist#frame:TouchScreenBase01.png,assets/package/movie/ui_touchscreen0.plist#frame:TouchScreenBase01.png,atlas-frames/assets/package/movie/ui_touchscreen0/TouchScreenBase01.png,0,0,340,50,340,50,340,50,0.0,0.0,False,PNG,340,50,RGBA,1,True,59C1C690F4893C0D3E74CA4956E72ECC22F355B1D9D85B2DD94262E6CD715DDA,D7BFF3781B41B57B8CA8BAE1EB7636FDC34154597D1070A43136FFB595349755,90FE6F0088B5D37E,17362
L-FRAME-00153,logical_frame,D:\magia\MyProducts\MagiaRe\Magia_CN_Project\dist\MagiaCN-r128-downloader-fix1.apk,assets/package/movie/ui_touchscreen0.plist,assets/package/movie/ui_touchscreen0.png,TouchScreenBase00.png,D:\magia\MyProducts\MagiaRe\Magia_CN_Project\dist\MagiaCN-r128-downloader-fix1.apk!/assets/package/movie/ui_touchscreen0.plist#frame:TouchScreenBase00.png,assets/package/movie/ui_touchscreen0.plist#frame:TouchScreenBase00.png,atlas-frames/assets/package/movie/ui_touchscreen0/TouchScreenBase00.png,0,52,515,70,515,70,515,70,0.0,0.0,False,PNG,515,70,RGBA,1,True,0FF6BFDC6B87B67542E79347A65A468D7449007B08FFAFDB7BC42E7E75F0D270,5E1C834FD7315E78AECDA75CC3BE2BA260E40752BBBC17CB870BE21986E275CD,D4D13A2A2E767B68,12402
L-FRAME-00154,logical_frame,D:\magia\MyProducts\MagiaRe\Magia_CN_Project\dist\MagiaCN-r128-downloader-fix1.apk,assets/package/quest/arena/battle_clear_arena0.plist,assets/package/quest/arena/battle_clear_arena0.png,battle_start03.png,D:\magia\MyProducts\MagiaRe\Magia_CN_Project\dist\MagiaCN-r128-downloader-fix1.apk!/assets/package/quest/arena/battle_clear_arena0.plist#frame:battle_start03.png,assets/package/quest/arena/battle_clear_arena0.plist#frame:battle_start03.png,atlas-frames/assets/package/quest/arena/battle_clear_arena0/battle_start03.png,0,0,70,193,70,193,70,193,0.0,0.0,False,PNG,70,193,RGBA,1,True,1BBB303602540D48BF247E92D865D35362BACAAA9D14405437DFBFA34D4B5DC8,21C740AF48505A5944916AEBC63D246E8A36A6FCCE27B555ED7183767996BD05,9973999966CC66C6,4791
L-FRAME-00155,logical_frame,D:\magia\MyProducts\MagiaRe\Magia_CN_Project\dist\MagiaCN-r128-downloader-fix1.apk,assets/package/quest/arena/battle_clear_arena0.plist,assets/package/quest/arena/battle_clear_arena0.png,flame_02.png,D:\magia\MyProducts\MagiaRe\Magia_CN_Project\dist\MagiaCN-r128-downloader-fix1.apk!/assets/package/quest/arena/battle_clear_arena0.plist#frame:flame_02.png,assets/package/quest/arena/battle_clear_arena0.plist#frame:flame_02.png,atlas-frames/assets/package/quest/arena/battle_clear_arena0/flame_02.png,0,195,213,57,213,57,213,57,0.0,0.0,False,PNG,213,57,RGBA,1,True,FEA73EBE963324663E167D8A9BC3CE7E91F36FDB3C0A458110E74AC36E276ADD,50DC91CB292C01B3269A0E5AF6490F7CEA5305E51204615C8BAAD578B322F34D,99B866575DE1B119,8177
L-FRAME-00156,logical_frame,D:\magia\MyProducts\MagiaRe\Magia_CN_Project\dist\MagiaCN-r128-downloader-fix1.apk,assets/package/quest/arena/battle_clear_arena0.plist,assets/package/quest/arena/battle_clear_arena0.png,flame_01.png,D:\magia\MyProducts\MagiaRe\Magia_CN_Project\dist\MagiaCN-r128-downloader-fix1.apk!/assets/package/quest/arena/battle_clear_arena0.plist#frame:flame_01.png,assets/package/quest/arena/battle_clear_arena0.plist#frame:flame_01.png,atlas-frames/assets/package/quest/arena/battle_clear_arena0/flame_01.png,72,0,512,148,512,148,512,148,0.0,0.0,False,PNG,512,148,RGBA,1,True,A729CEBE09B71033355AEC728EE873C7F632823B9F1F41540DA5F2553839CF64,2BEB2CA9E997E6D54FAC0688E085851D429D61906807B0C0DE7435FDA435E605,A5197BA70EA851AF,29411
L-FRAME-00157,logical_frame,D:\magia\MyProducts\MagiaRe\Magia_CN_Project\dist\MagiaCN-r128-downloader-fix1.apk,assets/package/quest/arena/battle_clear_arena0.plist,assets/package/quest/arena/battle_clear_arena0.png,battle_tx01.png,D:\magia\MyProducts\MagiaRe\Magia_CN_Project\dist\MagiaCN-r128-downloader-fix1.apk!/assets/package/quest/arena/battle_clear_arena0.plist#frame:battle_tx01.png,assets/package/quest/arena/battle_clear_arena0.plist#frame:battle_tx01.png,atlas-frames/assets/package/quest/arena/battle_clear_arena0/battle_tx01.png,0,254,205,60,205,60,205,60,0.0,0.0,False,PNG,205,60,RGBA,1,True,3F396249E1A7D39972604D81E00E76EC5E376EB97F9BD2EAD1547B4A938903E9,9AADD2A59F672EBC0C55B3B56B308FD9F797F7A274B38DC034B5DC2E81133C51,C57A39A57A85361B,7451
L-FRAME-00158,logical_frame,D:\magia\MyProducts\MagiaRe\Magia_CN_Project\dist\MagiaCN-r128-downloader-fix1.apk,assets/package/quest/arena/battle_clear_arena0.plist,assets/package/quest/arena/battle_clear_arena0.png,ef_circle05.png,D:\magia\MyProducts\MagiaRe\Magia_CN_Project\dist\MagiaCN-r128-downloader-fix1.apk!/assets/package/quest/arena/battle_clear_arena0.plist#frame:ef_circle05.png,assets/package/quest/arena/battle_clear_arena0.plist#frame:ef_circle05.png,atlas-frames/assets/package/quest/arena/battle_clear_arena0/ef_circle05.png,72,150,32,32,32,32,32,32,0.0,0.0,False,PNG,32,32,RGBA,1,True,33E6DB7D9EC5DADD3C289500B7AC040D22463F0B3BCC20E031FBCE2667611F26,88F1D6301F1A714A5970B60CD069778D0E37136848C995B32A4D3DF28F0CD8AF,974CBBB268BCBC81,838
L-FRAME-00159,logical_frame,D:\magia\MyProducts\MagiaRe\Magia_CN_Project\dist\MagiaCN-r128-downloader-fix1.apk,assets/package/quest/arena/battle_clear_arena0.plist,assets/package/quest/arena/battle_clear_arena0.png,ef_circle02.png,D:\magia\MyProducts\MagiaRe\Magia_CN_Project\dist\MagiaCN-r128-downloader-fix1.apk!/assets/package/quest/arena/battle_clear_arena0.plist#frame:ef_circle02.png,assets/package/quest/arena/battle_clear_arena0.plist#frame:ef_circle02.png,atlas-frames/assets/package/quest/arena/battle_clear_arena0/ef_circle02.png,0,316,570,570,570,570,570,570,0.0,0.0,False,PNG,570,570,RGBA,1,True,49D70144EFAA536C3AA04B2964EFD39C3B1CEB754E69DCF84CD1DCB3473729CE,7890D7CD301A9CD46924518D464876EFD29DEB50C4EB633F53871FF9504BD6FD,B4D86DF4D2930B17,19927
L-FRAME-00160,logical_frame,D:\magia\MyProducts\MagiaRe\Magia_CN_Project\dist\MagiaCN-r128-downloader-fix1.apk,assets/package/quest/arena/battle_clear_arena0.plist,assets/package/quest/arena/battle_clear_arena0.png,battle_start02.png,D:\magia\MyProducts\MagiaRe\Magia_CN_Project\dist\MagiaCN-r128-downloader-fix1.apk!/assets/package/quest/arena/battle_clear_arena0.plist#frame:battle_start02.png,assets/package/quest/arena/battle_clear_arena0.plist#frame:battle_start02.png,atlas-frames/assets/package/quest/arena/battle_clear_arena0/battle_start02.png,215,150,85,55,85,55,85,55,0.0,0.0,False,PNG,85,55,RGBA,1,True,F578A6CE82D035ADBCF4FD90AC63C161B01B3D744229C0194B0985F03644C103,2861E00CBACCA350936DF43B26DE2E3BF5EE0236742AF7B8C937D666253DEB29,97EF79B587432890,1491
L-FRAME-00161,logical_frame,D:\magia\MyProducts\MagiaRe\Magia_CN_Project\dist\MagiaCN-r128-downloader-fix1.apk,assets/package/quest/arena/battle_clear_arena0.plist,assets/package/quest/arena/battle_clear_arena0.png,ef_line.png,D:\magia\MyProducts\MagiaRe\Magia_CN_Project\dist\MagiaCN-r128-downloader-fix1.apk!/assets/package/quest/arena/battle_clear_arena0.plist#frame:ef_line.png,assets/package/quest/arena/battle_clear_arena0.plist#frame:ef_line.png,atlas-frames/assets/package/quest/arena/battle_clear_arena0/ef_line.png,302,150,1024,151,1024,151,1024,151,0.0,0.0,False,PNG,1024,151,RGBA,1,True,34BF3656F62A19BF20D7DB5262A2CBA2EC352BEEB6032AF1E4A8E5590AF7B890,28CC8176FCDE13E301A95D0E2D112FD911C198603A3B42800173BBA1D0E460F9,C2C23D3DD234C377,26870
L-FRAME-00162,logical_frame,D:\magia\MyProducts\MagiaRe\Magia_CN_Project\dist\MagiaCN-r128-downloader-fix1.apk,assets/package/quest/arena/battle_clear_arena0.plist,assets/package/quest/arena/battle_clear_arena0.png,circle03.png,D:\magia\MyProducts\MagiaRe\Magia_CN_Project\dist\MagiaCN-r128-downloader-fix1.apk!/assets/package/quest/arena/battle_clear_arena0.plist#frame:circle03.png,assets/package/quest/arena/battle_clear_arena0.plist#frame:circle03.png,atlas-frames/assets/package/quest/arena/battle_clear_arena0/circle03.png,572,303,620,651,620,651,620,651,0.0,0.0,False,PNG,620,651,RGBA,1,True,03D03311C713489D2A104E08C5DA583297C79070B38987589AFEB9A7D82EF5B6,D378AF991C7B9F3032716576E9FBF008149CBA91F2E82052EDC958FE5231D1E9,A8E0D580D9D4EABF,17524
L-FRAME-00163,logical_frame,D:\magia\MyProducts\MagiaRe\Magia_CN_Project\dist\MagiaCN-r128-downloader-fix1.apk,assets/package/quest/arena/battle_clear_arena0.plist,assets/package/quest/arena/battle_clear_arena0.png,circle_star.png,D:\magia\MyProducts\MagiaRe\Magia_CN_Project\dist\MagiaCN-r128-downloader-fix1.apk!/assets/package/quest/arena/battle_clear_arena0.plist#frame:circle_star.png,assets/package/quest/arena/battle_clear_arena0.plist#frame:circle_star.png,atlas-frames/assets/package/quest/arena/battle_clear_arena0/circle_star.png,1328,0,416,416,416,416,416,416,0.0,0.0,False,PNG,416,416,RGBA,1,True,CEE5051BCF92B67E1BF1B8323B7C7B7D982E52D02134E81873BB1114FBA7446B,18B66273508538D4F090D0D3E88EFDBB127A2BA66B1C0E826F96DDE0F89B9B9A,CCD93326CBCD3499,64553
L-FRAME-00164,logical_frame,D:\magia\MyProducts\MagiaRe\Magia_CN_Project\dist\MagiaCN-r128-downloader-fix1.apk,assets/package/quest/arena/battle_clear_arena0.plist,assets/package/quest/arena/battle_clear_arena0.png,ef_circle01.png,D:\magia\MyProducts\MagiaRe\Magia_CN_Project\dist\MagiaCN-r128-downloader-fix1.apk!/assets/package/quest/arena/battle_clear_arena0.plist#frame:ef_circle01.png,assets/package/quest/arena/battle_clear_arena0.plist#frame:ef_circle01.png,atlas-frames/assets/package/quest/arena/battle_clear_arena0/ef_circle01.png,1194,418,462,462,462,462,462,462,0.0,0.0,False,PNG,462,462,RGBA,1,True,613E1924B321354A9DE096EECF99BC9CA0AB1345F2009FB22E157CBE03016012,467D9B03D1CF98678F855D2540F1CEC250A7956973C267A474D290A5313A1C4C,C63F69E431D4C70B,39770
L-FRAME-00165,logical_frame,D:\magia\MyProducts\MagiaRe\Magia_CN_Project\dist\MagiaCN-r128-downloader-fix1.apk,assets/package/quest/arena/battle_clear_arena0.plist,assets/package/quest/arena/battle_clear_arena0.png,bg_bl.png,D:\magia\MyProducts\MagiaRe\Magia_CN_Project\dist\MagiaCN-r128-downloader-fix1.apk!/assets/package/quest/arena/battle_clear_arena0.plist#frame:bg_bl.png,assets/package/quest/arena/battle_clear_arena0.plist#frame:bg_bl.png,atlas-frames/assets/package/quest/arena/battle_clear_arena0/bg_bl.png,215,207,50,50,50,50,50,50,0.0,0.0,False,PNG,50,50,RGBA,1,True,B6A0652995796DB08F6CED68473AFEEFB2308ED5B711A848F3D768248A5F7183,62214EE795F2B922C5BC7606D4F5CBACEE8E182EEB7F489F4AC182696465E3B1,FFFFFFFFFFFFFFFF,161
L-FRAME-00166,logical_frame,D:\magia\MyProducts\MagiaRe\Magia_CN_Project\dist\MagiaCN-r128-downloader-fix1.apk,assets/package/quest/avatar/unitui_jem0.plist,assets/package/quest/avatar/unitui_jem0.png,hp_jem02.png,D:\magia\MyProducts\MagiaRe\Magia_CN_Project\dist\MagiaCN-r128-downloader-fix1.apk!/assets/package/quest/avatar/unitui_jem0.plist#frame:hp_jem02.png,assets/package/quest/avatar/unitui_jem0.plist#frame:hp_jem02.png,atlas-frames/assets/package/quest/avatar/unitui_jem0/hp_jem02.png,0,0,23,36,23,36,23,36,0.0,0.0,False,PNG,23,36,RGBA,1,True,6AB81F28252067FE6647784EE09811AD5979D4C39CCBAF2D86980BB5503F9578,807136E171E50537EDDDAC9DB0FEFB0E89CC13542BBC8EFC627F9E8F5C7308B4,9C666596C96B966A,1801
L-FRAME-00167,logical_frame,D:\magia\MyProducts\MagiaRe\Magia_CN_Project\dist\MagiaCN-r128-downloader-fix1.apk,assets/package/quest/avatar/unitui_jem0.plist,assets/package/quest/avatar/unitui_jem0.png,hp_jem01.png,D:\magia\MyProducts\MagiaRe\Magia_CN_Project\dist\MagiaCN-r128-downloader-fix1.apk!/assets/package/quest/avatar/unitui_jem0.plist#frame:hp_jem01.png,assets/package/quest/avatar/unitui_jem0.plist#frame:hp_jem01.png,atlas-frames/assets/package/quest/avatar/unitui_jem0/hp_jem01.png,25,0,23,36,23,36,23,36,0.0,0.0,False,PNG,23,36,RGBA,1,True,EC00B04B39774D8907A1F88E552BBAA8700C69EB22BEC4C779BF997FABFC01BA,FBCD2C6EF49B893501813D8F0060C107B5A5DD31ECFBE926C474C0E25E9EC7AF,9C666596C96B966A,2188
L-FRAME-00168,logical_frame,D:\magia\MyProducts\MagiaRe\Magia_CN_Project\dist\MagiaCN-r128-downloader-fix1.apk,assets/package/quest/avatar/unit_marker0.plist,assets/package/quest/avatar/unit_marker0.png,ef_battle_mark00.png,D:\magia\MyProducts\MagiaRe\Magia_CN_Project\dist\MagiaCN-r128-downloader-fix1.apk!/assets/package/quest/avatar/unit_marker0.plist#frame:ef_battle_mark00.png,assets/package/quest/avatar/unit_marker0.plist#frame:ef_battle_mark00.png,atlas-frames/assets/package/quest/avatar/unit_marker0/ef_battle_mark00.png,0,0,158,158,158,158,158,158,0.0,0.0,False,PNG,158,158,RGBA,1,True,E2D48F0DE5DEF01A6E1759E0C7B0A298A2A2BB1DECA3895944CFCDFEDEB33F46,562FB5F857231E8BF8269DA635F97355B2B6BD85EC28FFCC2D7054F11F378136,C1871F72303767E3,17947
L-FRAME-00169,logical_frame,D:\magia\MyProducts\MagiaRe\Magia_CN_Project\dist\MagiaCN-r128-downloader-fix1.apk,assets/package/quest/avatar/unit_marker0.plist,assets/package/quest/avatar/unit_marker0.png,ef_battle_mark02.png,D:\magia\MyProducts\MagiaRe\Magia_CN_Project\dist\MagiaCN-r128-downloader-fix1.apk!/assets/package/quest/avatar/unit_marker0.plist#frame:ef_battle_mark02.png,assets/package/quest/avatar/unit_marker0.plist#frame:ef_battle_mark02.png,atlas-frames/assets/package/quest/avatar/unit_marker0/ef_battle_mark02.png,160,0,103,103,103,103,103,103,0.0,0.0,False,PNG,103,103,RGBA,1,True,5170C2A10F68A18C234234972AA3435BC9E53DBF702846C262D5202CDF9CAF26,1F376EC4F60AC4A0D1C4EDDFE38106A8DF09B1206A2D9897F0C15031EB1C3A82,E09D957A5E781A71,4622
L-FRAME-00170,logical_frame,D:\magia\MyProducts\MagiaRe\Magia_CN_Project\dist\MagiaCN-r128-downloader-fix1.apk,assets/package/quest/avatar/unit_marker0.plist,assets/package/quest/avatar/unit_marker0.png,ef_battle_mark03.png,D:\magia\MyProducts\MagiaRe\Magia_CN_Project\dist\MagiaCN-r128-downloader-fix1.apk!/assets/package/quest/avatar/unit_marker0.plist#frame:ef_battle_mark03.png,assets/package/quest/avatar/unit_marker0.plist#frame:ef_battle_mark03.png,atlas-frames/assets/package/quest/avatar/unit_marker0/ef_battle_mark03.png,160,105,103,103,103,103,103,103,0.0,0.0,False,PNG,103,103,RGBA,1,True,A3A51A26E2609AB3C8D0090D7BA9CEE2DBAD7D3BCC6516D77B5F33B7F2F4CB61,E812233D900F5E4D54ECC61BF5E5762AA75A31DE9B608916C4ECC60FF7BC8C14,E099957B5E691A71,4231
L-FRAME-00171,logical_frame,D:\magia\MyProducts\MagiaRe\Magia_CN_Project\dist\MagiaCN-r128-downloader-fix1.apk,assets/package/quest/avatar/unit_marker0.plist,assets/package/quest/avatar/unit_marker0.png,ef_battle_mark04.png,D:\magia\MyProducts\MagiaRe\Magia_CN_Project\dist\MagiaCN-r128-downloader-fix1.apk!/assets/package/quest/avatar/unit_marker0.plist#frame:ef_battle_mark04.png,assets/package/quest/avatar/unit_marker0.plist#frame:ef_battle_mark04.png,atlas-frames/assets/package/quest/avatar/unit_marker0/ef_battle_mark04.png,265,0,158,158,158,158,158,158,0.0,0.0,False,PNG,158,158,RGBA,1,True,86C6A26C125327FB67EABF0547524A9266BEDEE8A96835BFB7296645339A7914,DB7DF836D0863D40B77A27B0A063D51CC11E1D20D1E5FD1BCA75BB664643C91A,81635F36207677E6,17205
L-FRAME-00172,logical_frame,D:\magia\MyProducts\MagiaRe\Magia_CN_Project\dist\MagiaCN-r128-downloader-fix1.apk,assets/package/quest/avatar/unit_marker0.plist,assets/package/quest/avatar/unit_marker0.png,ef_battle_mark05.png,D:\magia\MyProducts\MagiaRe\Magia_CN_Project\dist\MagiaCN-r128-downloader-fix1.apk!/assets/package/quest/avatar/unit_marker0.plist#frame:ef_battle_mark05.png,assets/package/quest/avatar/unit_marker0.plist#frame:ef_battle_mark05.png,atlas-frames/assets/package/quest/avatar/unit_marker0/ef_battle_mark05.png,0,160,103,103,103,103,103,103,0.0,0.0,False,PNG,103,103,RGBA,1,True,4102909DB05EBA610357267FF69151B6A6A2EFD4480817DAD36AA29E5DD53C42,F0C59B1A7215DB18BAF89BD8E5F9D0A0D61619C3589C66C5EA6A8CC366A71237,E09D957A5E781A65,4468
L-FRAME-00173,logical_frame,D:\magia\MyProducts\MagiaRe\Magia_CN_Project\dist\MagiaCN-r128-downloader-fix1.apk,assets/package/quest/avatar/unit_marker0.plist,assets/package/quest/avatar/unit_marker0.png,ef_battle_mark01.png,D:\magia\MyProducts\MagiaRe\Magia_CN_Project\dist\MagiaCN-r128-downloader-fix1.apk!/assets/package/quest/avatar/unit_marker0.plist#frame:ef_battle_mark01.png,assets/package/quest/avatar/unit_marker0.plist#frame:ef_battle_mark01.png,atlas-frames/assets/package/quest/avatar/unit_marker0/ef_battle_mark01.png,0,265,158,158,158,158,158,158,0.0,0.0,False,PNG,158,158,RGBA,1,True,D80959D198C48D3CD32DAB8E39B8D3BB3AE7583277C48F0E1F57FFEB3AFC53E0,96104232665C402355219424CCEA5298F5CFBAEE87A074B11C37A7484A70CEEC,C1971F68307563BB,17874
L-FRAME-00174,logical_frame,D:\magia\MyProducts\MagiaRe\Magia_CN_Project\dist\MagiaCN-r128-downloader-fix1.apk,assets/package/quest/battle_clear_char/battle_clear_char0.plist,assets/package/quest/battle_clear_char/battle_clear_char0.png,bg_bl.png,D:\magia\MyProducts\MagiaRe\Magia_CN_Project\dist\MagiaCN-r128-downloader-fix1.apk!/assets/package/quest/battle_clear_char/battle_clear_char0.plist#frame:bg_bl.png,assets/package/quest/battle_clear_char/battle_clear_char0.plist#frame:bg_bl.png,atlas-frames/assets/package/quest/battle_clear_char/battle_clear_char0/bg_bl.png,0,0,50,50,50,50,50,50,0.0,0.0,False,PNG,50,50,RGBA,1,True,2411F37660A37BC0E091A8678FFF9C865B8F7EF62FFF6B8C2D929D755F2C3110,FE683E08754C327CA5A920C5ACBF317CA21E1896B22F72129CC9B63E3E268E86,D63929D629D6D629,163
L-FRAME-00175,logical_frame,D:\magia\MyProducts\MagiaRe\Magia_CN_Project\dist\MagiaCN-r128-downloader-fix1.apk,assets/package/quest/battle_clear_char/battle_clear_char0.plist,assets/package/quest/battle_clear_char/battle_clear_char0.png,card_10134_m.png,D:\magia\MyProducts\MagiaRe\Magia_CN_Project\dist\MagiaCN-r128-downloader-fix1.apk!/assets/package/quest/battle_clear_char/battle_clear_char0.plist#frame:card_10134_m.png,assets/package/quest/battle_clear_char/battle_clear_char0.plist#frame:card_10134_m.png,atlas-frames/assets/package/quest/battle_clear_char/battle_clear_char0/card_10134_m.png,52,0,50,50,50,50,50,50,0.0,0.0,False,PNG,50,50,RGBA,1,True,2411F37660A37BC0E091A8678FFF9C865B8F7EF62FFF6B8C2D929D755F2C3110,FE683E08754C327CA5A920C5ACBF317CA21E1896B22F72129CC9B63E3E268E86,D63929D629D6D629,163
L-FRAME-00176,logical_frame,D:\magia\MyProducts\MagiaRe\Magia_CN_Project\dist\MagiaCN-r128-downloader-fix1.apk,assets/package/quest/battle_clear_char/battle_clear_char0.plist,assets/package/quest/battle_clear_char/battle_clear_char0.png,fukidashi.png,D:\magia\MyProducts\MagiaRe\Magia_CN_Project\dist\MagiaCN-r128-downloader-fix1.apk!/assets/package/quest/battle_clear_char/battle_clear_char0.plist#frame:fukidashi.png,assets/package/quest/battle_clear_char/battle_clear_char0.plist#frame:fukidashi.png,atlas-frames/assets/package/quest/battle_clear_char/battle_clear_char0/fukidashi.png,0,52,486,148,486,148,486,148,0.0,0.0,False,PNG,486,148,RGBA,1,True,6A9405D8F8518AB2717DA297F2172B0C502C637FA01AFB15DECD23D092075C4E,DB9835D3A4AC29FCE7D40586DECB0FAA1F8CA17355281ED627EF6EE7C089E50F,812A3F7F2AD4D5D0,9364
L-FRAME-00177,logical_frame,D:\magia\MyProducts\MagiaRe\Magia_CN_Project\dist\MagiaCN-r128-downloader-fix1.apk,assets/package/quest/battle_start_clear/battle_start_clear0.plist,assets/package/quest/battle_start_clear/battle_start_clear0.png,battle_start03.png,D:\magia\MyProducts\MagiaRe\Magia_CN_Project\dist\MagiaCN-r128-downloader-fix1.apk!/assets/package/quest/battle_start_clear/battle_start_clear0.plist#frame:battle_start03.png,assets/package/quest/battle_start_clear/battle_start_clear0.plist#frame:battle_start03.png,atlas-frames/assets/package/quest/battle_start_clear/battle_start_clear0/battle_start03.png,0,0,70,193,70,193,70,193,0.0,0.0,False,PNG,70,193,RGBA,1,True,66D7EA6BD22C1083A40D50CCD806A96FEA632F03FABE68C5E0DBC6C38659993C,7F8F7C2E3E612C9CD96959BA2C42AF7C62308D0EAB657AD62E083463F54AD1A7,9973999966CC66C6,4898
L-FRAME-00178,logical_frame,D:\magia\MyProducts\MagiaRe\Magia_CN_Project\dist\MagiaCN-r128-downloader-fix1.apk,assets/package/quest/battle_start_clear/battle_start_clear0.plist,assets/package/quest/battle_start_clear/battle_start_clear0.png,flame_02.png,D:\magia\MyProducts\MagiaRe\Magia_CN_Project\dist\MagiaCN-r128-downloader-fix1.apk!/assets/package/quest/battle_start_clear/battle_start_clear0.plist#frame:flame_02.png,assets/package/quest/battle_start_clear/battle_start_clear0.plist#frame:flame_02.png,atlas-frames/assets/package/quest/battle_start_clear/battle_start_clear0/flame_02.png,0,195,213,57,213,57,213,57,0.0,0.0,False,PNG,213,57,RGBA,1,True,73BC428BE1ADFCDAB4A40495AC08366BF390382D695F1477A47B655719C3CA3F,CCCC48E1A17E03F3F791AFF29CE9333359A6CE8FD9F35561F8BAE0C9C40F0A1C,99A866575DF1B119,8576
L-FRAME-00179,logical_frame,D:\magia\MyProducts\MagiaRe\Magia_CN_Project\dist\MagiaCN-r128-downloader-fix1.apk,assets/package/quest/battle_start_clear/battle_start_clear0.plist,assets/package/quest/battle_start_clear/battle_start_clear0.png,flame_01.png,D:\magia\MyProducts\MagiaRe\Magia_CN_Project\dist\MagiaCN-r128-downloader-fix1.apk!/assets/package/quest/battle_start_clear/battle_start_clear0.plist#frame:flame_01.png,assets/package/quest/battle_start_clear/battle_start_clear0.plist#frame:flame_01.png,atlas-frames/assets/package/quest/battle_start_clear/battle_start_clear0/flame_01.png,72,0,512,148,512,148,512,148,0.0,0.0,False,PNG,512,148,RGBA,1,True,9DD2C55531DF332F94C5B51393892DF61B938D23CF25E8DC88D77FF8F56808F8,F544B0CDB2029FA928E965644501E0A510F0E59AFE3132C2587BD1C179108BBD,A5183AE74EB841EF,30775
L-FRAME-00180,logical_frame,D:\magia\MyProducts\MagiaRe\Magia_CN_Project\dist\MagiaCN-r128-downloader-fix1.apk,assets/package/quest/battle_start_clear/battle_start_clear0.plist,assets/package/quest/battle_start_clear/battle_start_clear0.png,battle_tx02.png,D:\magia\MyProducts\MagiaRe\Magia_CN_Project\dist\MagiaCN-r128-downloader-fix1.apk!/assets/package/quest/battle_start_clear/battle_start_clear0.plist#frame:battle_tx02.png,assets/package/quest/battle_start_clear/battle_start_clear0.plist#frame:battle_tx02.png,atlas-frames/assets/package/quest/battle_start_clear/battle_start_clear0/battle_tx02.png,0,254,179,61,179,61,179,61,0.0,0.0,False,PNG,179,61,RGBA,1,True,4B34FF21560B2E4F8DCC8A4254AE10FEA16EDB095A1DB65AC26468F56AE375ED,B9512A633EC7F573186B6A326B31384B143C50F2FBDEC22B2C4B30A9E0B49CFA,D46B60943FB2675C,9693
L-FRAME-00181,logical_frame,D:\magia\MyProducts\MagiaRe\Magia_CN_Project\dist\MagiaCN-r128-downloader-fix1.apk,assets/package/quest/battle_start_clear/battle_start_clear0.plist,assets/package/quest/battle_start_clear/battle_start_clear0.png,battle_tx01.png,D:\magia\MyProducts\MagiaRe\Magia_CN_Project\dist\MagiaCN-r128-downloader-fix1.apk!/assets/package/quest/battle_start_clear/battle_start_clear0.plist#frame:battle_tx01.png,assets/package/quest/battle_start_clear/battle_start_clear0.plist#frame:battle_tx01.png,atlas-frames/assets/package/quest/battle_start_clear/battle_start_clear0/battle_tx01.png,0,317,205,60,205,60,205,60,0.0,0.0,False,PNG,205,60,RGBA,1,True,3C911E68B3842FF9B9D67E5F2BE5C90E5A0E274715F5EAC7A8B43E241A424A2F,C55ADDF64BB0A1704D98D0310D7391BBE6C2A62D9FB3EF50E4596B060633519A,F4380BA72BDB072E,10064
L-FRAME-00182,logical_frame,D:\magia\MyProducts\MagiaRe\Magia_CN_Project\dist\MagiaCN-r128-downloader-fix1.apk,assets/package/quest/battle_start_clear/battle_start_clear0.plist,assets/package/quest/battle_start_clear/battle_start_clear0.png,battle_tx03.png,D:\magia\MyProducts\MagiaRe\Magia_CN_Project\dist\MagiaCN-r128-downloader-fix1.apk!/assets/package/quest/battle_start_clear/battle_start_clear0.plist#frame:battle_tx03.png,assets/package/quest/battle_start_clear/battle_start_clear0.plist#frame:battle_tx03.png,atlas-frames/assets/package/quest/battle_start_clear/battle_start_clear0/battle_tx03.png,0,379,205,60,205,60,205,60,0.0,0.0,False,PNG,205,60,RGBA,1,True,7852E76A30D2FEB9C229E7699888DBC03152964F84D3EF82DFDFC8CA0CA22914,B8E226BF4F54FB6C889E0C0602D91760F47BBD9FB46174142DCE98E8B6286CD2,C57A39A57A85269B,7630
L-FRAME-00183,logical_frame,D:\magia\MyProducts\MagiaRe\Magia_CN_Project\dist\MagiaCN-r128-downloader-fix1.apk,assets/package/quest/battle_start_clear/battle_start_clear0.plist,assets/package/quest/battle_start_clear/battle_start_clear0.png,ef_circle05.png,D:\magia\MyProducts\MagiaRe\Magia_CN_Project\dist\MagiaCN-r128-downloader-fix1.apk!/assets/package/quest/battle_start_clear/battle_start_clear0.plist#frame:ef_circle05.png,assets/package/quest/battle_start_clear/battle_start_clear0.plist#frame:ef_circle05.png,atlas-frames/assets/package/quest/battle_start_clear/battle_start_clear0/ef_circle05.png,72,150,32,32,32,32,32,32,0.0,0.0,False,PNG,32,32,RGBA,1,True,60795F8CF3BA0AEBFFDC05D5498F5670E8176E10533D97158907D3ED62C20484,80D196718198BD95444BC0E9BD72D1866974938DBD260B3E292D2DC4D2E814EF,974CABB368B896B4,952
L-FRAME-00184,logical_frame,D:\magia\MyProducts\MagiaRe\Magia_CN_Project\dist\MagiaCN-r128-downloader-fix1.apk,assets/package/quest/battle_start_clear/battle_start_clear0.plist,assets/package/quest/battle_start_clear/battle_start_clear0.png,ef_circle02.png,D:\magia\MyProducts\MagiaRe\Magia_CN_Project\dist\MagiaCN-r128-downloader-fix1.apk!/assets/package/quest/battle_start_clear/battle_start_clear0.plist#frame:ef_circle02.png,assets/package/quest/battle_start_clear/battle_start_clear0.plist#frame:ef_circle02.png,atlas-frames/assets/package/quest/battle_start_clear/battle_start_clear0/ef_circle02.png,215,150,570,570,570,570,570,570,0.0,0.0,False,PNG,570,570,RGBA,1,True,FACAFF560CAC5BD4457A1C6033DFA4DAC88C835EB89198CF67CB41C5878C0D3F,979FEB571CBC303519D78C4E981080089F53126406176E15FC7A7F27E18AFE36,B4D86DF4D2930B17,23323
L-FRAME-00185,logical_frame,D:\magia\MyProducts\MagiaRe\Magia_CN_Project\dist\MagiaCN-r128-downloader-fix1.apk,assets/package/quest/battle_start_clear/battle_start_clear0.plist,assets/package/quest/battle_start_clear/battle_start_clear0.png,battle_start02.png,D:\magia\MyProducts\MagiaRe\Magia_CN_Project\dist\MagiaCN-r128-downloader-fix1.apk!/assets/package/quest/battle_start_clear/battle_start_clear0.plist#frame:battle_start02.png,assets/package/quest/battle_start_clear/battle_start_clear0.plist#frame:battle_start02.png,atlas-frames/assets/package/quest/battle_start_clear/battle_start_clear0/battle_start02.png,0,441,85,55,85,55,85,55,0.0,0.0,False,PNG,85,55,RGBA,1,True,8E17B7F57261CDBC810C44514BCF77C39CB89EEEF7089E7B6C23A70BE55DE267,75257DAFA694632DA3AC8806D3F634919DB8A4F14710409A430BA508E537919F,97EF79B787430890,1478
L-FRAME-00186,logical_frame,D:\magia\MyProducts\MagiaRe\Magia_CN_Project\dist\MagiaCN-r128-downloader-fix1.apk,assets/package/quest/battle_start_clear/battle_start_clear0.plist,assets/package/quest/battle_start_clear/battle_start_clear0.png,battle_start01.png,D:\magia\MyProducts\MagiaRe\Magia_CN_Project\dist\MagiaCN-r128-downloader-fix1.apk!/assets/package/quest/battle_start_clear/battle_start_clear0.plist#frame:battle_start01.png,assets/package/quest/battle_start_clear/battle_start_clear0.plist#frame:battle_start01.png,atlas-frames/assets/package/quest/battle_start_clear/battle_start_clear0/battle_start01.png,586,0,398,61,398,61,398,61,0.0,0.0,False,PNG,398,61,RGBA,1,True,D44B6D06B5FA5393F11428DB938C0406C6F2062D697DE44204FB707515C98166,D569E89452DB15BBD9FE6A7BA00F25A50EE160F92169FE00C4F44DD6FB4E6674,FF0B19F42DA3025E,15664
L-FRAME-00187,logical_frame,D:\magia\MyProducts\MagiaRe\Magia_CN_Project\dist\MagiaCN-r128-downloader-fix1.apk,assets/package/quest/battle_start_clear/battle_start_clear0.plist,assets/package/quest/battle_start_clear/battle_start_clear0.png,ef_line.png,D:\magia\MyProducts\MagiaRe\Magia_CN_Project\dist\MagiaCN-r128-downloader-fix1.apk!/assets/package/quest/battle_start_clear/battle_start_clear0.plist#frame:ef_line.png,assets/package/quest/battle_start_clear/battle_start_clear0.plist#frame:ef_line.png,atlas-frames/assets/package/quest/battle_start_clear/battle_start_clear0/ef_line.png,0,722,803,151,803,151,803,151,0.0,0.0,False,PNG,803,151,RGBA,1,True,73E92DC368D2057EEF1E28E59749A3E911DC0BA540CAB9E909D6710593E68B29,9BF5F1B5462743E807D4EE8DFDD82FB9D0E820B7572DE3CECC30DCD3015380C1,D06A2F9DF442C3B5,20244
L-FRAME-00188,logical_frame,D:\magia\MyProducts\MagiaRe\Magia_CN_Project\dist\MagiaCN-r128-downloader-fix1.apk,assets/package/quest/battle_start_clear/battle_start_clear0.plist,assets/package/quest/battle_start_clear/battle_start_clear0.png,circle01.png,D:\magia\MyProducts\MagiaRe\Magia_CN_Project\dist\MagiaCN-r128-downloader-fix1.apk!/assets/package/quest/battle_start_clear/battle_start_clear0.plist#frame:circle01.png,assets/package/quest/battle_start_clear/battle_start_clear0.plist#frame:circle01.png,atlas-frames/assets/package/quest/battle_start_clear/battle_start_clear0/circle01.png,787,63,360,374,360,374,360,374,0.0,0.0,False,PNG,360,374,RGBA,1,True,8A8C4D04653E339AA53B3CA9DA48421B6C3F728A81FA87543D4E089B70BA22AB,29177EE92D06479DAFCCBC74A6C022F132D2799C647A9AA31E3818AF6499FCEE,F56381231C767F16,22958
L-FRAME-00189,logical_frame,D:\magia\MyProducts\MagiaRe\Magia_CN_Project\dist\MagiaCN-r128-downloader-fix1.apk,assets/package/quest/battle_start_clear/battle_start_clear0.plist,assets/package/quest/battle_start_clear/battle_start_clear0.png,circle03.png,D:\magia\MyProducts\MagiaRe\Magia_CN_Project\dist\MagiaCN-r128-downloader-fix1.apk!/assets/package/quest/battle_start_clear/battle_start_clear0.plist#frame:circle03.png,assets/package/quest/battle_start_clear/battle_start_clear0.plist#frame:circle03.png,atlas-frames/assets/package/quest/battle_start_clear/battle_start_clear0/circle03.png,1149,0,620,651,620,651,620,651,0.0,0.0,False,PNG,620,651,RGBA,1,True,21ED3C7D8C4EC842F786BBDBA7681016928C39C2ACDFB41850A2F69EDDBDC003,F4A88F16A6BE796EDBB58F706B432C67387807B3680596EB82AF2C3B395A899A,A8E0D5C0D994EABF,17282
L-FRAME-00190,logical_frame,D:\magia\MyProducts\MagiaRe\Magia_CN_Project\dist\MagiaCN-r128-downloader-fix1.apk,assets/package/quest/battle_start_clear/battle_start_clear0.plist,assets/package/quest/battle_start_clear/battle_start_clear0.png,circle_star02.png,D:\magia\MyProducts\MagiaRe\Magia_CN_Project\dist\MagiaCN-r128-downloader-fix1.apk!/assets/package/quest/battle_start_clear/battle_start_clear0.plist#frame:circle_star02.png,assets/package/quest/battle_start_clear/battle_start_clear0.plist#frame:circle_star02.png,atlas-frames/assets/package/quest/battle_start_clear/battle_start_clear0/circle_star02.png,0,498,200,200,200,200,200,200,0.0,0.0,False,PNG,200,200,RGBA,1,True,0C10BE2EECC04734203B513A2F67388884378F361C04E0E829A02E3705B8EDDD,9C6730E02F6CFCCD51B0374D404E4978277C591108515C9AFFB8553659346AC3,993367CC9A3C66C9,12570
L-FRAME-00191,logical_frame,D:\magia\MyProducts\MagiaRe\Magia_CN_Project\dist\MagiaCN-r128-downloader-fix1.apk,assets/package/quest/battle_start_clear/battle_start_clear0.plist,assets/package/quest/battle_start_clear/battle_start_clear0.png,circle02.png,D:\magia\MyProducts\MagiaRe\Magia_CN_Project\dist\MagiaCN-r128-downloader-fix1.apk!/assets/package/quest/battle_start_clear/battle_start_clear0.plist#frame:circle02.png,assets/package/quest/battle_start_clear/battle_start_clear0.plist#frame:circle02.png,atlas-frames/assets/package/quest/battle_start_clear/battle_start_clear0/circle02.png,0,875,440,462,440,462,440,462,0.0,0.0,False,PNG,440,462,RGBA,1,True,6301D71232910EDC5094F5B9CAC70DA7626BAB46E0BCAD614D0B40A58EC80CDC,28C666F78BE6D10154ADAE945997910170D50B097511EAA7B73C9F9BFD9653D7,A8E0D59649D47ABD,18007
L-FRAME-00192,logical_frame,D:\magia\MyProducts\MagiaRe\Magia_CN_Project\dist\MagiaCN-r128-downloader-fix1.apk,assets/package/quest/battle_start_clear/battle_start_clear0.plist,assets/package/quest/battle_start_clear/battle_start_clear0.png,circle06.png,D:\magia\MyProducts\MagiaRe\Magia_CN_Project\dist\MagiaCN-r128-downloader-fix1.apk!/assets/package/quest/battle_start_clear/battle_start_clear0.plist#frame:circle06.png,assets/package/quest/battle_start_clear/battle_start_clear0.plist#frame:circle06.png,atlas-frames/assets/package/quest/battle_start_clear/battle_start_clear0/circle06.png,442,875,620,651,620,651,620,651,0.0,0.0,False,PNG,620,651,RGBA,1,True,AC279B0C7F338DC8BD8EC989791C0A4D374DC4D6061411AC319D0242DAE688F5,2870B3F01F2FDA7C52E4D3808CC4601DD51937651D838DBB9545AEA153E8C434,A8E195C0D994EABF,15927
L-FRAME-00193,logical_frame,D:\magia\MyProducts\MagiaRe\Magia_CN_Project\dist\MagiaCN-r128-downloader-fix1.apk,assets/package/quest/battle_start_clear/battle_start_clear0.plist,assets/package/quest/battle_start_clear/battle_start_clear0.png,circle05.png,D:\magia\MyProducts\MagiaRe\Magia_CN_Project\dist\MagiaCN-r128-downloader-fix1.apk!/assets/package/quest/battle_start_clear/battle_start_clear0.plist#frame:circle05.png,assets/package/quest/battle_start_clear/battle_start_clear0.plist#frame:circle05.png,atlas-frames/assets/package/quest/battle_start_clear/battle_start_clear0/circle05.png,1064,653,914,914,914,914,914,914,0.0,0.0,False,PNG,914,914,RGBA,1,True,F67DB6BF32951BA95018EDC06E4AD82A5CD32089B8A8642E10848001342A325C,A85A9F2923F248A9E14C2E9D6BE44C9AB446813FBCC0D4053E03B1A5EB1C8773,FE1C96B8143CFE14,32706
L-FRAME-00194,logical_frame,D:\magia\MyProducts\MagiaRe\Magia_CN_Project\dist\MagiaCN-r128-downloader-fix1.apk,assets/package/quest/battle_start_clear/battle_start_clear0.plist,assets/package/quest/battle_start_clear/battle_start_clear0.png,circle_star.png,D:\magia\MyProducts\MagiaRe\Magia_CN_Project\dist\MagiaCN-r128-downloader-fix1.apk!/assets/package/quest/battle_start_clear/battle_start_clear0.plist#frame:circle_star.png,assets/package/quest/battle_start_clear/battle_start_clear0.plist#frame:circle_star.png,atlas-frames/assets/package/quest/battle_start_clear/battle_start_clear0/circle_star.png,0,1339,416,416,416,416,416,416,0.0,0.0,False,PNG,416,416,RGBA,1,True,1C33635AE5DA51BBD3610551FDA5A3D34D3EC87250791549BD38BB92F58AD893,C0EC48EB420DD575162FE05BDE96F73F94F4D516CBC4F6C61DC88E7851495A75,CC993326CBCD3C99,66504
L-FRAME-00195,logical_frame,D:\magia\MyProducts\MagiaRe\Magia_CN_Project\dist\MagiaCN-r128-downloader-fix1.apk,assets/package/quest/battle_start_clear/battle_start_clear0.plist,assets/package/quest/battle_start_clear/battle_start_clear0.png,ef_circle01.png,D:\magia\MyProducts\MagiaRe\Magia_CN_Project\dist\MagiaCN-r128-downloader-fix1.apk!/assets/package/quest/battle_start_clear/battle_start_clear0.plist#frame:ef_circle01.png,assets/package/quest/battle_start_clear/battle_start_clear0.plist#frame:ef_circle01.png,atlas-frames/assets/package/quest/battle_start_clear/battle_start_clear0/ef_circle01.png,418,1528,462,462,462,462,462,462,0.0,0.0,False,PNG,462,462,RGBA,1,True,31A264B0B38304214EC3928A8B8DB5F71F75ABB2432B7AE441647DEA58B98A13,5125CE9C0776952BB9E42863FAB9CEA72C3BFF89BDA05D95E296CB4F3D4F0C9E,969669693436D3DC,35818
L-FRAME-00196,logical_frame,D:\magia\MyProducts\MagiaRe\Magia_CN_Project\dist\MagiaCN-r128-downloader-fix1.apk,assets/package/quest/battle_start_clear/battle_start_clear0.plist,assets/package/quest/battle_start_clear/battle_start_clear0.png,bg_bl.png,D:\magia\MyProducts\MagiaRe\Magia_CN_Project\dist\MagiaCN-r128-downloader-fix1.apk!/assets/package/quest/battle_start_clear/battle_start_clear0.plist#frame:bg_bl.png,assets/package/quest/battle_start_clear/battle_start_clear0.plist#frame:bg_bl.png,atlas-frames/assets/package/quest/battle_start_clear/battle_start_clear0/bg_bl.png,87,441,50,50,50,50,50,50,0.0,0.0,False,PNG,50,50,RGBA,1,True,B6A0652995796DB08F6CED68473AFEEFB2308ED5B711A848F3D768248A5F7183,62214EE795F2B922C5BC7606D4F5CBACEE8E182EEB7F489F4AC182696465E3B1,FFFFFFFFFFFFFFFF,161
L-FRAME-00197,logical_frame,D:\magia\MyProducts\MagiaRe\Magia_CN_Project\dist\MagiaCN-r128-downloader-fix1.apk,assets/package/quest/connect_arrow/connect_arrow0.plist,assets/package/quest/connect_arrow/connect_arrow0.png,ui_arrow_cm.png,D:\magia\MyProducts\MagiaRe\Magia_CN_Project\dist\MagiaCN-r128-downloader-fix1.apk!/assets/package/quest/connect_arrow/connect_arrow0.plist#frame:ui_arrow_cm.png,assets/package/quest/connect_arrow/connect_arrow0.plist#frame:ui_arrow_cm.png,atlas-frames/assets/package/quest/connect_arrow/connect_arrow0/ui_arrow_cm.png,0,0,100,100,100,100,100,100,0.0,0.0,False,PNG,100,100,RGBA,1,True,FD134075D1847210EB388C179338F397BCBF634BDD76CF69F9C97D3F6CF1A6A9,2C60F4738537DA1CF016CDF7951AA3639B5C0A5A33EAA491E5EA338F89B975DF,9A996567929A4D6D,5825
L-FRAME-00198,logical_frame,D:\magia\MyProducts\MagiaRe\Magia_CN_Project\dist\MagiaCN-r128-downloader-fix1.apk,assets/package/quest/ef_battle00/ef_battle000.plist,assets/package/quest/ef_battle00/ef_battle000.png,ch_charo_01_00.png,D:\magia\MyProducts\MagiaRe\Magia_CN_Project\dist\MagiaCN-r128-downloader-fix1.apk!/assets/package/quest/ef_battle00/ef_battle000.plist#frame:ch_charo_01_00.png,assets/package/quest/ef_battle00/ef_battle000.plist#frame:ch_charo_01_00.png,atlas-frames/assets/package/quest/ef_battle00/ef_battle000/ch_charo_01_00.png,1079,1357,160,160,160,160,160,160,0.0,0.0,False,PNG,160,160,RGBA,1,True,864FC05BBB1A1088DC43D7D4F36CF6D42263745FA602E70A389186B82BC90FD9,AE6DE9E649DE26A489A4D5D5CD2EAA1736C937D72864335897026FC74BC26BE4,D72929D639D6D729,180
L-FRAME-00199,logical_frame,D:\magia\MyProducts\MagiaRe\Magia_CN_Project\dist\MagiaCN-r128-downloader-fix1.apk,assets/package/quest/ef_battle00/ef_battle000.plist,assets/package/quest/ef_battle00/ef_battle000.png,ch_charo_02_00.png,D:\magia\MyProducts\MagiaRe\Magia_CN_Project\dist\MagiaCN-r128-downloader-fix1.apk!/assets/package/quest/ef_battle00/ef_battle000.plist#frame:ch_charo_02_00.png,assets/package/quest/ef_battle00/ef_battle000.plist#frame:ch_charo_02_00.png,atlas-frames/assets/package/quest/ef_battle00/ef_battle000/ch_charo_02_00.png,917,1166,160,160,160,160,160,160,0.0,0.0,False,PNG,160,160,RGBA,1,True,864FC05BBB1A1088DC43D7D4F36CF6D42263745FA602E70A389186B82BC90FD9,AE6DE9E649DE26A489A4D5D5CD2EAA1736C937D72864335897026FC74BC26BE4,D72929D639D6D729,180
L-FRAME-00200,logical_frame,D:\magia\MyProducts\MagiaRe\Magia_CN_Project\dist\MagiaCN-r128-downloader-fix1.apk,assets/package/quest/ef_battle00/ef_battle000.plist,assets/package/quest/ef_battle00/ef_battle000.png,ch_charo_03_00.png,D:\magia\MyProducts\MagiaRe\Magia_CN_Project\dist\MagiaCN-r128-downloader-fix1.apk!/assets/package/quest/ef_battle00/ef_battle000.plist#frame:ch_charo_03_00.png,assets/package/quest/ef_battle00/ef_battle000.plist#frame:ch_charo_03_00.png,atlas-frames/assets/package/quest/ef_battle00/ef_battle000/ch_charo_03_00.png,917,1328,160,160,160,160,160,160,0.0,0.0,False,PNG,160,160,RGBA,1,True,864FC05BBB1A1088DC43D7D4F36CF6D42263745FA602E70A389186B82BC90FD9,AE6DE9E649DE26A489A4D5D5CD2EAA1736C937D72864335897026FC74BC26BE4,D72929D639D6D729,180
L-FRAME-00201,logical_frame,D:\magia\MyProducts\MagiaRe\Magia_CN_Project\dist\MagiaCN-r128-downloader-fix1.apk,assets/package/quest/ef_battle00/ef_battle000.plist,assets/package/quest/ef_battle00/ef_battle000.png,ch_charo_03_02.png,D:\magia\MyProducts\MagiaRe\Magia_CN_Project\dist\MagiaCN-r128-downloader-fix1.apk!/assets/package/quest/ef_battle00/ef_battle000.plist#frame:ch_charo_03_02.png,assets/package/quest/ef_battle00/ef_battle000.plist#frame:ch_charo_03_02.png,atlas-frames/assets/package/quest/ef_battle00/ef_battle000/ch_charo_03_02.png,755,1166,160,160,160,160,160,160,0.0,0.0,False,PNG,160,160,RGBA,1,True,864FC05BBB1A1088DC43D7D4F36CF6D42263745FA602E70A389186B82BC90FD9,AE6DE9E649DE26A489A4D5D5CD2EAA1736C937D72864335897026FC74BC26BE4,D72929D639D6D729,180
L-FRAME-00202,logical_frame,D:\magia\MyProducts\MagiaRe\Magia_CN_Project\dist\MagiaCN-r128-downloader-fix1.apk,assets/package/quest/ef_battle00/ef_battle000.plist,assets/package/quest/ef_battle00/ef_battle000.png,ch_cutin_01_01.png,D:\magia\MyProducts\MagiaRe\Magia_CN_Project\dist\MagiaCN-r128-downloader-fix1.apk!/assets/package/quest/ef_battle00/ef_battle000.plist#frame:ch_cutin_01_01.png,assets/package/quest/ef_battle00/ef_battle000.plist#frame:ch_cutin_01_01.png,atlas-frames/assets/package/quest/ef_battle00/ef_battle000/ch_cutin_01_01.png,1576,632,441,114,441,114,441,114,0.0,0.0,False,PNG,441,114,RGBA,1,True,BEAC83DF8F3A34EB093D591DA332EE82C0E830513E31A060D01F98A207F884E3,37412CDF51832C4EC25425F655AFB0A786166ACE0845744B8565B06D73895BE8,A0787F878479C376,16563
L-FRAME-00203,logical_frame,D:\magia\MyProducts\MagiaRe\Magia_CN_Project\dist\MagiaCN-r128-downloader-fix1.apk,assets/package/quest/ef_battle00/ef_battle000.plist,assets/package/quest/ef_battle00/ef_battle000.png,ch_cutin_01_02.png,D:\magia\MyProducts\MagiaRe\Magia_CN_Project\dist\MagiaCN-r128-downloader-fix1.apk!/assets/package/quest/ef_battle00/ef_battle000.plist#frame:ch_cutin_01_02.png,assets/package/quest/ef_battle00/ef_battle000.plist#frame:ch_cutin_01_02.png,atlas-frames/assets/package/quest/ef_battle00/ef_battle000/ch_cutin_01_02.png,1906,1378,134,141,134,141,134,141,0.0,0.0,False,PNG,134,141,RGBA,1,True,5222380D6FD7FB34F09DF40FA4C926B1F1F81E3B97DE08F160EE1A12018E4AFA,BA9DE9D0AFA837CAF0A24075E85FDDEA89520938D57777BFDB3DB3FC8A1C6398,D1C53E7A499D72C8,4427
L-FRAME-00204,logical_frame,D:\magia\MyProducts\MagiaRe\Magia_CN_Project\dist\MagiaCN-r128-downloader-fix1.apk,assets/package/quest/ef_battle00/ef_battle000.plist,assets/package/quest/ef_battle00/ef_battle000.png,ch_cutin_01_03.png,D:\magia\MyProducts\MagiaRe\Magia_CN_Project\dist\MagiaCN-r128-downloader-fix1.apk!/assets/package/quest/ef_battle00/ef_battle000.plist#frame:ch_cutin_01_03.png,assets/package/quest/ef_battle00/ef_battle000.plist#frame:ch_cutin_01_03.png,atlas-frames/assets/package/quest/ef_battle00/ef_battle000/ch_cutin_01_03.png,2,1144,339,48,339,48,339,48,0.0,0.0,False,PNG,339,48,RGBA,1,True,DA26D8681912E41B0EF07E8F222136B5914DD50914952405781016C99E75F8F6,32A50042821052D2A6F7F900794B69A93B3FC232663AA7219934D5F8B0A3F983,CFB0B985946B643E,5934
L-FRAME-00205,logical_frame,D:\magia\MyProducts\MagiaRe\Magia_CN_Project\dist\MagiaCN-r128-downloader-fix1.apk,assets/package/quest/ef_battle00/ef_battle000.plist,assets/package/quest/ef_battle00/ef_battle000.png,ch_cutin_03_01.png,D:\magia\MyProducts\MagiaRe\Magia_CN_Project\dist\MagiaCN-r128-downloader-fix1.apk!/assets/package/quest/ef_battle00/ef_battle000.plist#frame:ch_cutin_03_01.png,assets/package/quest/ef_battle00/ef_battle000.plist#frame:ch_cutin_03_01.png,atlas-frames/assets/package/quest/ef_battle00/ef_battle000/ch_cutin_03_01.png,1576,748,441,151,441,151,441,151,0.0,0.0,False,PNG,441,151,RGBA,1,True,A41E3D0545F9A2CFB98864D3A25DBEC2973F974216AC5D2B4065291A93B35C8E,303B22FF5E023914AEBCD73692C3EB8CB7FCEEFC8482D35277743CB5C95105EA,E8D47A878739D478,21476
L-FRAME-00206,logical_frame,D:\magia\MyProducts\MagiaRe\Magia_CN_Project\dist\MagiaCN-r128-downloader-fix1.apk,assets/package/quest/ef_battle00/ef_battle000.plist,assets/package/quest/ef_battle00/ef_battle000.png,ch_cutin_03_02.png,D:\magia\MyProducts\MagiaRe\Magia_CN_Project\dist\MagiaCN-r128-downloader-fix1.apk!/assets/package/quest/ef_battle00/ef_battle000.plist#frame:ch_cutin_03_02.png,assets/package/quest/ef_battle00/ef_battle000.plist#frame:ch_cutin_03_02.png,atlas-frames/assets/package/quest/ef_battle00/ef_battle000/ch_cutin_03_02.png,343,1192,149,150,149,150,149,150,0.0,0.0,False,PNG,149,150,RGBA,1,True,76D31DB0B553CA8212BB60E81A3C3307BD280CB7ABCA7355DB8DEBF2DA5E3E66,95A10EFA7EAAA970B16AF1B550A38CB6B3E297EAE675D0ACA5E43958FD195F63,C8DD3F67E09033C3,4468
L-FRAME-00207,logical_frame,D:\magia\MyProducts\MagiaRe\Magia_CN_Project\dist\MagiaCN-r128-downloader-fix1.apk,assets/package/quest/ef_battle00/ef_battle000.plist,assets/package/quest/ef_battle00/ef_battle000.png,ch_cutin_03_03.png,D:\magia\MyProducts\MagiaRe\Magia_CN_Project\dist\MagiaCN-r128-downloader-fix1.apk!/assets/package/quest/ef_battle00/ef_battle000.plist#frame:ch_cutin_03_03.png,assets/package/quest/ef_battle00/ef_battle000.plist#frame:ch_cutin_03_03.png,atlas-frames/assets/package/quest/ef_battle00/ef_battle000/ch_cutin_03_03.png,755,1117,339,47,339,47,339,47,0.0,0.0,False,PNG,339,47,RGBA,1,True,3173D84C6D6E543E2D91267142B21CE684A610F6ED753605D4B50DEDF388321B,D84CBEB18BE8ED128BC28EDD40D373C083FA3C86E39221919F9B0269709ECA6C,EEA0B1DCCC33463B,5225
L-FRAME-00208,logical_frame,D:\magia\MyProducts\MagiaRe\Magia_CN_Project\dist\MagiaCN-r128-downloader-fix1.apk,assets/package/quest/ef_battle00/ef_battle000.plist,assets/package/quest/ef_battle00/ef_battle000.png,ch_cutin_04_01.png,D:\magia\MyProducts\MagiaRe\Magia_CN_Project\dist\MagiaCN-r128-downloader-fix1.apk!/assets/package/quest/ef_battle00/ef_battle000.plist#frame:ch_cutin_04_01.png,assets/package/quest/ef_battle00/ef_battle000.plist#frame:ch_cutin_04_01.png,atlas-frames/assets/package/quest/ef_battle00/ef_battle000/ch_cutin_04_01.png,767,916,401,137,401,137,401,137,0.0,0.0,False,PNG,401,137,RGBA,1,True,E9B645CA8134F598855ABF2FEFB54478B589C177609013418BF9B86043100462,92987474324091273DE4FAEEF12D2589CFEF250AD15F2E2D0D98AF626BA4FBF8,F8807E73849E3D93,21570
L-FRAME-00209,logical_frame,D:\magia\MyProducts\MagiaRe\Magia_CN_Project\dist\MagiaCN-r128-downloader-fix1.apk,assets/package/quest/ef_battle00/ef_battle000.plist,assets/package/quest/ef_battle00/ef_battle000.png,ch_cutin_04_02.png,D:\magia\MyProducts\MagiaRe\Magia_CN_Project\dist\MagiaCN-r128-downloader-fix1.apk!/assets/package/quest/ef_battle00/ef_battle000.plist#frame:ch_cutin_04_02.png,assets/package/quest/ef_battle00/ef_battle000.plist#frame:ch_cutin_04_02.png,atlas-frames/assets/package/quest/ef_battle00/ef_battle000/ch_cutin_04_02.png,1241,1374,156,150,156,150,156,150,0.0,0.0,False,PNG,156,150,RGBA,1,True,31D0629624EC03590C1EAC5C5B799C788018339F1F0C00FD6A379A4F43177705,EED2F02AE939414F828EA923A3A4CC15411C3DC204C7F5973E8E9CAC93244635,9393CF6769A13C34,5507
L-FRAME-00210,logical_frame,D:\magia\MyProducts\MagiaRe\Magia_CN_Project\dist\MagiaCN-r128-downloader-fix1.apk,assets/package/quest/ef_battle00/ef_battle000.plist,assets/package/quest/ef_battle00/ef_battle000.png,ch_cutin_04_03.png,D:\magia\MyProducts\MagiaRe\Magia_CN_Project\dist\MagiaCN-r128-downloader-fix1.apk!/assets/package/quest/ef_battle00/ef_battle000.plist#frame:ch_cutin_04_03.png,assets/package/quest/ef_battle00/ef_battle000.plist#frame:ch_cutin_04_03.png,atlas-frames/assets/package/quest/ef_battle00/ef_battle000/ch_cutin_04_03.png,1452,53,339,47,339,47,339,47,0.0,0.0,False,PNG,339,47,RGBA,1,True,FA7EA55BA54D8C2442AE92573CF0861A8F26A8DF0495C69053C8919FEF1DE593,5A9F936D7C7A94AD933F44FBC17AFB67C4B6C67953782D5527B99334DBAE5DE3,EAB1ADC49139467E,7069
L-FRAME-00211,logical_frame,D:\magia\MyProducts\MagiaRe\Magia_CN_Project\dist\MagiaCN-r128-downloader-fix1.apk,assets/package/quest/ef_battle00/ef_battle000.plist,assets/package/quest/ef_battle00/ef_battle000.png,ch_cutin_05_01.png,D:\magia\MyProducts\MagiaRe\Magia_CN_Project\dist\MagiaCN-r128-downloader-fix1.apk!/assets/package/quest/ef_battle00/ef_battle000.plist#frame:ch_cutin_05_01.png,assets/package/quest/ef_battle00/ef_battle000.plist#frame:ch_cutin_05_01.png,atlas-frames/assets/package/quest/ef_battle00/ef_battle000/ch_cutin_05_01.png,1114,202,335,48,335,48,335,48,0.0,0.0,False,PNG,335,48,RGBA,1,True,E776EE374F0D3C036A4F46FFF1FC60AB222BB4B6BA71E0DFF2D527ECB49BAA9A,3CA417D2816A6DFA10ACBC693E29995A9528D3CA77E4AF364927836BD3DEB404,DBC0AD94C06B633F,6075
L-FRAME-00212,logical_frame,D:\magia\MyProducts\MagiaRe\Magia_CN_Project\dist\MagiaCN-r128-downloader-fix1.apk,assets/package/quest/ef_battle00/ef_battle000.plist,assets/package/quest/ef_battle00/ef_battle000.png,ch_fx_01.png,D:\magia\MyProducts\MagiaRe\Magia_CN_Project\dist\MagiaCN-r128-downloader-fix1.apk!/assets/package/quest/ef_battle00/ef_battle000.plist#frame:ch_fx_01.png,assets/package/quest/ef_battle00/ef_battle000.plist#frame:ch_fx_01.png,atlas-frames/assets/package/quest/ef_battle00/ef_battle000/ch_fx_01.png,1114,252,302,304,302,304,302,304,0.0,0.0,False,PNG,302,304,RGBA,1,True,50EFE48ECD4D447F6B65F600B4CFC38669FF6FE0D568CC27BA5C2B00031671E3,46330FE55FBFAC50AF8FBE5712A67F26A4F59D036B915E357773E83F0A56A288,8FE134C7D24BC23B,30628
L-FRAME-00213,logical_frame,D:\magia\MyProducts\MagiaRe\Magia_CN_Project\dist\MagiaCN-r128-downloader-fix1.apk,assets/package/quest/ef_battle00/ef_battle000.plist,assets/package/quest/ef_battle00/ef_battle000.png,cm_ef_05.png,D:\magia\MyProducts\MagiaRe\Magia_CN_Project\dist\MagiaCN-r128-downloader-fix1.apk!/assets/package/quest/ef_battle00/ef_battle000.plist#frame:cm_ef_05.png,assets/package/quest/ef_battle00/ef_battle000.plist#frame:cm_ef_05.png,atlas-frames/assets/package/quest/ef_battle00/ef_battle000/cm_ef_05.png,239,703,116,428,116,428,116,428,0.0,0.0,False,PNG,116,428,RGBA,1,True,CECF2BA29AC93C70274843F9025B55608DE481F33482318009F6D0515106BBD4,D3F5BB6C697F291F8E69EFBE66AE54A81744DD3764A0B63272B422F5465F9BEE,EC6BDA96B5B22461,20020
L-FRAME-00214,logical_frame,D:\magia\MyProducts\MagiaRe\Magia_CN_Project\dist\MagiaCN-r128-downloader-fix1.apk,assets/package/quest/ef_battle00/ef_battle000.plist,assets/package/quest/ef_battle00/ef_battle000.png,cm_ef_07.png,D:\magia\MyProducts\MagiaRe\Magia_CN_Project\dist\MagiaCN-r128-downloader-fix1.apk!/assets/package/quest/ef_battle00/ef_battle000.plist#frame:cm_ef_07.png,assets/package/quest/ef_battle00/ef_battle000.plist#frame:cm_ef_07.png,atlas-frames/assets/package/quest/ef_battle00/ef_battle000/cm_ef_07.png,2,703,117,439,117,439,117,439,0.0,0.0,False,PNG,117,439,RGBA,1,True,B3CCAFD97F338E400EA1FF925278DF2396F7E9A01B9ABB25E669684DE48BE2BD,A50F71E887BCA229E7D2DAD8B14BA265E2986AEDCD76F115B7DB7E7C24BAE507,E46B5A96B5333C25,19443
L-FRAME-00215,logical_frame,D:\magia\MyProducts\MagiaRe\Magia_CN_Project\dist\MagiaCN-r128-downloader-fix1.apk,assets/package/quest/ef_battle00/ef_battle000.plist,assets/package/quest/ef_battle00/ef_battle000.png,cm_ef_09.png,D:\magia\MyProducts\MagiaRe\Magia_CN_Project\dist\MagiaCN-r128-downloader-fix1.apk!/assets/package/quest/ef_battle00/ef_battle000.plist#frame:cm_ef_09.png,assets/package/quest/ef_battle00/ef_battle000.plist#frame:cm_ef_09.png,atlas-frames/assets/package/quest/ef_battle00/ef_battle000/cm_ef_09.png,121,703,116,436,116,436,116,436,0.0,0.0,False,PNG,116,436,RGBA,1,True,D4C3968D14BC73B17B2AC009E7A44DE2615ED28A2BFDA02EB8484A87495C839A,C213EBE7B2FE8544AC23FA294E18A670A7519EE6E16527492CC50527B4262E53,EC6BD29635B22565,19618
L-FRAME-00216,logical_frame,D:\magia\MyProducts\MagiaRe\Magia_CN_Project\dist\MagiaCN-r128-downloader-fix1.apk,assets/package/quest/ef_battle00/ef_battle000.plist,assets/package/quest/ef_battle00/ef_battle000.png,cm_ef_11.png,D:\magia\MyProducts\MagiaRe\Magia_CN_Project\dist\MagiaCN-r128-downloader-fix1.apk!/assets/package/quest/ef_battle00/ef_battle000.plist#frame:cm_ef_11.png,assets/package/quest/ef_battle00/ef_battle000.plist#frame:cm_ef_11.png,atlas-frames/assets/package/quest/ef_battle00/ef_battle000/cm_ef_11.png,473,269,117,440,117,440,117,440,0.0,0.0,False,PNG,117,440,RGBA,1,True,EDEB60E9E461812A89A3EAB8EE24EF942A8F1695B840257FA62420ECF7FB72D2,6AF12152FD6E64314D7D5748EB4DAB01CD48E2C351FB816DF0E72F227B5D222B,853F7AC2B5609E35,19561
L-FRAME-00217,logical_frame,D:\magia\MyProducts\MagiaRe\Magia_CN_Project\dist\MagiaCN-r128-downloader-fix1.apk,assets/package/quest/ef_battle00/ef_battle000.plist,assets/package/quest/ef_battle00/ef_battle000.png,cm_ui_cutin01.png,D:\magia\MyProducts\MagiaRe\Magia_CN_Project\dist\MagiaCN-r128-downloader-fix1.apk!/assets/package/quest/ef_battle00/ef_battle000.plist#frame:cm_ui_cutin01.png,assets/package/quest/ef_battle00/ef_battle000.plist#frame:cm_ui_cutin01.png,atlas-frames/assets/package/quest/ef_battle00/ef_battle000/cm_ui_cutin01.png,1342,1178,198,194,198,194,198,194,0.0,0.0,False,PNG,198,194,RGBA,1,True,7E5702D8F52BC2B085EB644B3013491844FC2B63D65A8542FC805D7F2B100701,0961F47191681C42843FEAF2240753DE60ACC46FED03F8E56D45F86296657A64,993367CC9A346E3C,7884
L-FRAME-00218,logical_frame,D:\magia\MyProducts\MagiaRe\Magia_CN_Project\dist\MagiaCN-r128-downloader-fix1.apk,assets/package/quest/ef_battle00/ef_battle000.plist,assets/package/quest/ef_battle00/ef_battle000.png,cm_ui_cutin03.png,D:\magia\MyProducts\MagiaRe\Magia_CN_Project\dist\MagiaCN-r128-downloader-fix1.apk!/assets/package/quest/ef_battle00/ef_battle000.plist#frame:cm_ui_cutin03.png,assets/package/quest/ef_battle00/ef_battle000.plist#frame:cm_ui_cutin03.png,atlas-frames/assets/package/quest/ef_battle00/ef_battle000/cm_ui_cutin03.png,2,2,824,98,824,98,824,98,0.0,0.0,False,PNG,824,98,RGBA,1,True,9DFD27CD195498316E523EA7976D89EA673AF6B12A839B40F7A3E834013F457A,8670E09EA4D5CE45D13B42D1AA4C40ABF77278D76D968CD3378EB049F9F52D51,C4D356A6AC69A877,35555
L-FRAME-00219,logical_frame,D:\magia\MyProducts\MagiaRe\Magia_CN_Project\dist\MagiaCN-r128-downloader-fix1.apk,assets/package/quest/ef_battle00/ef_battle000.plist,assets/package/quest/ef_battle00/ef_battle000.png,cm_ui_title_bg.png,D:\magia\MyProducts\MagiaRe\Magia_CN_Project\dist\MagiaCN-r128-downloader-fix1.apk!/assets/package/quest/ef_battle00/ef_battle000.plist#frame:cm_ui_title_bg.png,assets/package/quest/ef_battle00/ef_battle000.plist#frame:cm_ui_title_bg.png,atlas-frames/assets/package/quest/ef_battle00/ef_battle000/cm_ui_title_bg.png,828,102,622,98,622,98,622,98,0.0,0.0,False,PNG,622,98,RGBA,1,True,1BB371345B04D33681710DA454A6C963DF803A25F30DE2ED94AC00DDBFE039F3,CF959CED44DEA4FD55D964B700A6D2EF5CDF904A64122EBD608F9D4D29749870,B13CC663C6E36D32,82783
L-FRAME-00220,logical_frame,D:\magia\MyProducts\MagiaRe\Magia_CN_Project\dist\MagiaCN-r128-downloader-fix1.apk,assets/package/quest/ef_battle00/ef_battle000.plist,assets/package/quest/ef_battle00/ef_battle000.png,cm_ui_tittle_bg.png,D:\magia\MyProducts\MagiaRe\Magia_CN_Project\dist\MagiaCN-r128-downloader-fix1.apk!/assets/package/quest/ef_battle00/ef_battle000.plist#frame:cm_ui_tittle_bg.png,assets/package/quest/ef_battle00/ef_battle000.plist#frame:cm_ui_tittle_bg.png,atlas-frames/assets/package/quest/ef_battle00/ef_battle000/cm_ui_tittle_bg.png,828,2,622,98,622,98,622,98,0.0,0.0,False,PNG,622,98,RGBA,1,True,3F768031813C8BA5D324C4C3DF17644DC57C4E841B8845D38460FC26F94A551D,4A1F2280371A60A0106FF59F2EA223EFA741CEC8950E28A3F44BAB90EA9C1E0F,B138C66396C36DB6,32367
L-FRAME-00221,logical_frame,D:\magia\MyProducts\MagiaRe\Magia_CN_Project\dist\MagiaCN-r128-downloader-fix1.apk,assets/package/quest/ef_battle00/ef_battle000.plist,assets/package/quest/ef_battle00/ef_battle000.png,connect_im_tx.png,D:\magia\MyProducts\MagiaRe\Magia_CN_Project\dist\MagiaCN-r128-downloader-fix1.apk!/assets/package/quest/ef_battle00/ef_battle000.plist#frame:connect_im_tx.png,assets/package/quest/ef_battle00/ef_battle000.plist#frame:connect_im_tx.png,atlas-frames/assets/package/quest/ef_battle00/ef_battle000/connect_im_tx.png,755,1055,355,60,355,60,355,60,0.0,0.0,False,PNG,355,60,RGBA,1,True,465CB3D2447878EA583D377E788BE0EE613063DE81D9F49CF9B1F8A22319D5FE,8D45DCBC9EEB0BA63BA909177019F229A92698CE81A28782391FCCB078EE35D8,B5C585313E5A4F4E,11798
L-FRAME-00222,logical_frame,D:\magia\MyProducts\MagiaRe\Magia_CN_Project\dist\MagiaCN-r128-downloader-fix1.apk,assets/package/quest/ef_battle00/ef_battle000.plist,assets/package/quest/ef_battle00/ef_battle000.png,ef_battle_b_img.png,D:\magia\MyProducts\MagiaRe\Magia_CN_Project\dist\MagiaCN-r128-downloader-fix1.apk!/assets/package/quest/ef_battle00/ef_battle000.plist#frame:ef_battle_b_img.png,assets/package/quest/ef_battle00/ef_battle000.plist#frame:ef_battle_b_img.png,atlas-frames/assets/package/quest/ef_battle00/ef_battle000/ef_battle_b_img.png,239,1133,8,8,8,8,8,8,0.0,0.0,False,PNG,8,8,RGBA,1,True,429BD6334C209EA7E45012C967FD8A027784E9DFA24B45998780DFA7C1C6D972,5B990C5D151E8FB414E49176DC003884E4EB7D685334BC70A4E17B9206998762,D62929D639D7D629,79
L-FRAME-00223,logical_frame,D:\magia\MyProducts\MagiaRe\Magia_CN_Project\dist\MagiaCN-r128-downloader-fix1.apk,assets/package/quest/ef_battle00/ef_battle000.plist,assets/package/quest/ef_battle00/ef_battle000.png,ef_bt_command01.png,D:\magia\MyProducts\MagiaRe\Magia_CN_Project\dist\MagiaCN-r128-downloader-fix1.apk!/assets/package/quest/ef_battle00/ef_battle000.plist#frame:ef_bt_command01.png,assets/package/quest/ef_battle00/ef_battle000.plist#frame:ef_bt_command01.png,atlas-frames/assets/package/quest/ef_battle00/ef_battle000/ef_bt_command01.png,357,1037,396,153,396,153,396,153,0.0,0.0,False,PNG,396,153,RGBA,1,True,C74D77D11BDC7365B2AE42CF1B02C30797EEAA8544438FAA88ECC66EBFF43219,778F6663E1553C3847D5E9BA8AFDB958EB541CADBD9B6EB961B62C0164F266FC,C6C56E871739E14E,32642
L-FRAME-00224,logical_frame,D:\magia\MyProducts\MagiaRe\Magia_CN_Project\dist\MagiaCN-r128-downloader-fix1.apk,assets/package/quest/ef_battle00/ef_battle000.plist,assets/package/quest/ef_battle00/ef_battle000.png,ef_bt_command02.png,D:\magia\MyProducts\MagiaRe\Magia_CN_Project\dist\MagiaCN-r128-downloader-fix1.apk!/assets/package/quest/ef_battle00/ef_battle000.plist#frame:ef_bt_command02.png,assets/package/quest/ef_battle00/ef_battle000.plist#frame:ef_bt_command02.png,atlas-frames/assets/package/quest/ef_battle00/ef_battle000/ef_bt_command02.png,1170,962,389,153,389,153,389,153,0.0,0.0,False,PNG,389,153,RGBA,1,True,7EA298B6E094B54CCD8461BAEF19B70B8D1492B2272715C76C22CA9208142F59,248029A1BE6A7545EC2F5B2D351A5C298415DD74B8502E9B27222A5BD3FBD7B5,C6C57E869139E55A,30870
L-FRAME-00225,logical_frame,D:\magia\MyProducts\MagiaRe\Magia_CN_Project\dist\MagiaCN-r128-downloader-fix1.apk,assets/package/quest/ef_battle00/ef_battle000.plist,assets/package/quest/ef_battle00/ef_battle000.png,ef_bt_command03.png,D:\magia\MyProducts\MagiaRe\Magia_CN_Project\dist\MagiaCN-r128-downloader-fix1.apk!/assets/package/quest/ef_battle00/ef_battle000.plist#frame:ef_bt_command03.png,assets/package/quest/ef_battle00/ef_battle000.plist#frame:ef_bt_command03.png,atlas-frames/assets/package/quest/ef_battle00/ef_battle000/ef_bt_command03.png,1014,760,418,154,418,154,418,154,0.0,0.0,False,PNG,418,154,RGBA,1,True,D3EE16DD47E090033A0E46081AD13437998B35996636747FFCDB680679FFA3A3,01165D11B46122EF203AC294800FC0780D6E4EBDADFDF3B141CB83964CF7CB02,EAC77807B338C559,30533
L-FRAME-00226,logical_frame,D:\magia\MyProducts\MagiaRe\Magia_CN_Project\dist\MagiaCN-r128-downloader-fix1.apk,assets/package/quest/ef_battle00/ef_battle000.plist,assets/package/quest/ef_battle00/ef_battle000.png,ef_bt_command04.png,D:\magia\MyProducts\MagiaRe\Magia_CN_Project\dist\MagiaCN-r128-downloader-fix1.apk!/assets/package/quest/ef_battle00/ef_battle000.plist#frame:ef_bt_command04.png,assets/package/quest/ef_battle00/ef_battle000.plist#frame:ef_bt_command04.png,atlas-frames/assets/package/quest/ef_battle00/ef_battle000/ef_bt_command04.png,2,269,469,172,469,172,469,172,0.0,0.0,False,PNG,469,172,RGBA,1,True,D9B7C37A22835EDD40240D869EA025422355564C0C9AB0A19F491830715F298E,0CBE1D0CF97EF23376E786542481F507B0E2BC8B70D4B6653C7E4DBF3B6E9C67,9BF2A52D7A923364,20171
L-FRAME-00227,logical_frame,D:\magia\MyProducts\MagiaRe\Magia_CN_Project\dist\MagiaCN-r128-downloader-fix1.apk,assets/package/quest/ef_battle00/ef_battle000.plist,assets/package/quest/ef_battle00/ef_battle000.png,ef_bt_command05.png,D:\magia\MyProducts\MagiaRe\Magia_CN_Project\dist\MagiaCN-r128-downloader-fix1.apk!/assets/package/quest/ef_battle00/ef_battle000.plist#frame:ef_bt_command05.png,assets/package/quest/ef_battle00/ef_battle000.plist#frame:ef_bt_command05.png,atlas-frames/assets/package/quest/ef_battle00/ef_battle000/ef_bt_command05.png,2,443,468,132,468,132,468,132,0.0,0.0,False,PNG,468,132,RGBA,1,True,DB2F66AA6BDEC48D19A4B3A1F089AB77A27C0FD1C40B74455E4CBDC82BEBA1C7,F76C5A839B7EE62E3F60A2789443DE6B1BDB70FA04A17C4EA82C084A44810987,9B5AF085356CCF32,19843
L-FRAME-00228,logical_frame,D:\magia\MyProducts\MagiaRe\Magia_CN_Project\dist\MagiaCN-r128-downloader-fix1.apk,assets/package/quest/ef_battle00/ef_battle000.plist,assets/package/quest/ef_battle00/ef_battle000.png,ef_bt_command06.png,D:\magia\MyProducts\MagiaRe\Magia_CN_Project\dist\MagiaCN-r128-downloader-fix1.apk!/assets/package/quest/ef_battle00/ef_battle000.plist#frame:ef_bt_command06.png,assets/package/quest/ef_battle00/ef_battle000.plist#frame:ef_bt_command06.png,atlas-frames/assets/package/quest/ef_battle00/ef_battle000/ef_bt_command06.png,1114,632,460,126,460,126,460,126,0.0,0.0,False,PNG,460,126,RGBA,1,True,C7776E4F879AA1637B7DC5AA80B1C3E460563C5D19211B1B255CB6B7681DBA5E,F5B7C02D3ACE8E156E961B52F6A481B8F35D9AAF0F96B36C4973293B7C18D8F6,9B92B42F6CCD9631,18439
L-FRAME-00229,logical_frame,D:\magia\MyProducts\MagiaRe\Magia_CN_Project\dist\MagiaCN-r128-downloader-fix1.apk,assets/package/quest/ef_battle00/ef_battle000.plist,assets/package/quest/ef_battle00/ef_battle000.png,ef_bt_command07.png,D:\magia\MyProducts\MagiaRe\Magia_CN_Project\dist\MagiaCN-r128-downloader-fix1.apk!/assets/package/quest/ef_battle00/ef_battle000.plist#frame:ef_bt_command07.png,assets/package/quest/ef_battle00/ef_battle000.plist#frame:ef_bt_command07.png,atlas-frames/assets/package/quest/ef_battle00/ef_battle000/ef_bt_command07.png,2,577,460,124,460,124,460,124,0.0,0.0,False,PNG,460,124,RGBA,1,True,B4179B85D92D02531A7E46D09524C7818DAB4730CE64471476D40214A54E1471,857CC9FE8CAE342674DF1A1383F6BEC1013375DA5D860FB161E3871344A1E630,DB9E36C22CC8C63D,18150
L-FRAME-00230,logical_frame,D:\magia\MyProducts\MagiaRe\Magia_CN_Project\dist\MagiaCN-r128-downloader-fix1.apk,assets/package/quest/ef_battle00/ef_battle000.plist,assets/package/quest/ef_battle00/ef_battle000.png,ef_bt_command08.png,D:\magia\MyProducts\MagiaRe\Magia_CN_Project\dist\MagiaCN-r128-downloader-fix1.apk!/assets/package/quest/ef_battle00/ef_battle000.plist#frame:ef_bt_command08.png,assets/package/quest/ef_battle00/ef_battle000.plist#frame:ef_bt_command08.png,atlas-frames/assets/package/quest/ef_battle00/ef_battle000/ef_bt_command08.png,1561,1094,256,256,256,256,256,256,0.0,0.0,False,PNG,256,256,RGBA,1,True,A62A8A815165D7413F6B30FBE164143E469D15BEA8C0C1A959C4C96ED980B335,6CCC70E864CE44B5E8DD2E801C6A5A10CBB704EB2391292BDAD059638C2632CC,C1E836366FCD9833,33323
L-FRAME-00231,logical_frame,D:\magia\MyProducts\MagiaRe\Magia_CN_Project\dist\MagiaCN-r128-downloader-fix1.apk,assets/package/quest/ef_battle00/ef_battle000.plist,assets/package/quest/ef_battle00/ef_battle000.png,ef_bt_command09.png,D:\magia\MyProducts\MagiaRe\Magia_CN_Project\dist\MagiaCN-r128-downloader-fix1.apk!/assets/package/quest/ef_battle00/ef_battle000.plist#frame:ef_bt_command09.png,assets/package/quest/ef_battle00/ef_battle000.plist#frame:ef_bt_command09.png,atlas-frames/assets/package/quest/ef_battle00/ef_battle000/ef_bt_command09.png,592,699,420,160,420,160,420,160,0.0,0.0,False,PNG,420,160,RGBA,1,True,918DF245AAC1C533D82589FD502F54673DFFE3AA41E2BFBD45A030169927FFA9,4698AE8A40B1A013EF0D81012E481815FECD3A54EE065D41C75040C8F78D6DAC,8887F7877C5E0E70,29418
L-FRAME-00232,logical_frame,D:\magia\MyProducts\MagiaRe\Magia_CN_Project\dist\MagiaCN-r128-downloader-fix1.apk,assets/package/quest/ef_battle00/ef_battle000.plist,assets/package/quest/ef_battle00/ef_battle000.png,ef_bt_command10.png,D:\magia\MyProducts\MagiaRe\Magia_CN_Project\dist\MagiaCN-r128-downloader-fix1.apk!/assets/package/quest/ef_battle00/ef_battle000.plist#frame:ef_bt_command10.png,assets/package/quest/ef_battle00/ef_battle000.plist#frame:ef_bt_command10.png,atlas-frames/assets/package/quest/ef_battle00/ef_battle000/ef_bt_command10.png,357,861,408,174,408,174,408,174,0.0,0.0,False,PNG,408,174,RGBA,1,True,BEF4CB4ECF50D2D7725C739C78A98FA63794BAAE3C4FE626617793216B1B3AC6,B64E206A2A7A9468804FCA104C3E2474A69BA02D0162C10054199A80B4B26529,F8817E9FF0612A96,46199
L-FRAME-00233,logical_frame,D:\magia\MyProducts\MagiaRe\Magia_CN_Project\dist\MagiaCN-r128-downloader-fix1.apk,assets/package/quest/ef_battle00/ef_battle000.plist,assets/package/quest/ef_battle00/ef_battle000.png,ef_bt_command_tx01.png,D:\magia\MyProducts\MagiaRe\Magia_CN_Project\dist\MagiaCN-r128-downloader-fix1.apk!/assets/package/quest/ef_battle00/ef_battle000.plist#frame:ef_bt_command_tx01.png,assets/package/quest/ef_battle00/ef_battle000.plist#frame:ef_bt_command_tx01.png,atlas-frames/assets/package/quest/ef_battle00/ef_battle000/ef_bt_command_tx01.png,1399,1374,140,35,140,35,140,35,0.0,0.0,False,PNG,140,35,RGBA,1,True,DCA04C7077D15DF27125305F446BF0AEB0CFA74F2622EDB649C4BCE3B5B588CB,3C3DC12C2C79BAC5C7E29CBDAD2B74A40FAF87DC88C99D02D3A08279A5EAD241,C3373CDB0337E22C,4401
L-FRAME-00234,logical_frame,D:\magia\MyProducts\MagiaRe\Magia_CN_Project\dist\MagiaCN-r128-downloader-fix1.apk,assets/package/quest/ef_battle00/ef_battle000.plist,assets/package/quest/ef_battle00/ef_battle000.png,ef_bt_command_tx02.png,D:\magia\MyProducts\MagiaRe\Magia_CN_Project\dist\MagiaCN-r128-downloader-fix1.apk!/assets/package/quest/ef_battle00/ef_battle000.plist#frame:ef_bt_command_tx02.png,assets/package/quest/ef_battle00/ef_battle000.plist#frame:ef_bt_command_tx02.png,atlas-frames/assets/package/quest/ef_battle00/ef_battle000/ef_bt_command_tx02.png,616,160,146,35,146,35,146,35,0.0,0.0,False,PNG,146,35,RGBA,1,True,BDE00D85959EAD332B23F817A4340E76BDCEB6702A12BAB4E455ADCFE14FB778,5E4FADC49A8F32F5D30644996EF321B5B088CB6137BC12F4505B4074E9ED3A33,C3363CC95336F266,4775
L-FRAME-00235,logical_frame,D:\magia\MyProducts\MagiaRe\Magia_CN_Project\dist\MagiaCN-r128-downloader-fix1.apk,assets/package/quest/ef_battle00/ef_battle000.plist,assets/package/quest/ef_battle00/ef_battle000.png,ef_bt_command_tx03.png,D:\magia\MyProducts\MagiaRe\Magia_CN_Project\dist\MagiaCN-r128-downloader-fix1.apk!/assets/package/quest/ef_battle00/ef_battle000.plist#frame:ef_bt_command_tx03.png,assets/package/quest/ef_battle00/ef_battle000.plist#frame:ef_bt_command_tx03.png,atlas-frames/assets/package/quest/ef_battle00/ef_battle000/ef_bt_command_tx03.png,1793,53,196,45,196,45,196,45,0.0,0.0,False,PNG,196,45,RGBA,1,True,A8C6AA988B01346BF1006A38481EFC435EC946292B6DCBF10606C79164A73001,62573A0BC317138FA8F8691B8269ED6C968259EAFFE5735D82EA5F290E8C2918,D9223F9302CF0FDC,5878
L-FRAME-00236,logical_frame,D:\magia\MyProducts\MagiaRe\Magia_CN_Project\dist\MagiaCN-r128-downloader-fix1.apk,assets/package/quest/ef_battle00/ef_battle000.plist,assets/package/quest/ef_battle00/ef_battle000.png,ef_bt_command_tx04.png,D:\magia\MyProducts\MagiaRe\Magia_CN_Project\dist\MagiaCN-r128-downloader-fix1.apk!/assets/package/quest/ef_battle00/ef_battle000.plist#frame:ef_bt_command_tx04.png,assets/package/quest/ef_battle00/ef_battle000.plist#frame:ef_bt_command_tx04.png,atlas-frames/assets/package/quest/ef_battle00/ef_battle000/ef_bt_command_tx04.png,767,861,191,46,191,46,191,46,0.0,0.0,False,PNG,191,46,RGBA,1,True,573AFD8E2F887BB9E75F968B3DD5631934C21B17B879D6D443406E7CFE99444E,92E66434DBD0667EFF404206697B5E91F7B72C78251E58FEA3E1E5A5B404410C,D83E379113EF027C,6131
L-FRAME-00237,logical_frame,D:\magia\MyProducts\MagiaRe\Magia_CN_Project\dist\MagiaCN-r128-downloader-fix1.apk,assets/package/quest/ef_battle00/ef_battle000.plist,assets/package/quest/ef_battle00/ef_battle000.png,ef_bt_command_tx05.png,D:\magia\MyProducts\MagiaRe\Magia_CN_Project\dist\MagiaCN-r128-downloader-fix1.apk!/assets/package/quest/ef_battle00/ef_battle000.plist#frame:ef_bt_command_tx05.png,assets/package/quest/ef_battle00/ef_battle000.plist#frame:ef_bt_command_tx05.png,atlas-frames/assets/package/quest/ef_battle00/ef_battle000/ef_bt_command_tx05.png,1170,916,245,42,245,42,245,42,0.0,0.0,False,PNG,245,42,RGBA,1,True,32618F8AB2BBF6BB835C34B380206CEDC9DAC4A67D8426EA8F91E226A3C6A120,2A697FD8030E24EDE5D45C123C205CBDA70FA6925D6B78981C75F09B150FD569,926F2E855172735D,6900
L-FRAME-00238,logical_frame,D:\magia\MyProducts\MagiaRe\Magia_CN_Project\dist\MagiaCN-r128-downloader-fix1.apk,assets/package/quest/ef_battle00/ef_battle000.plist,assets/package/quest/ef_battle00/ef_battle000.png,ef_connect_01.png,D:\magia\MyProducts\MagiaRe\Magia_CN_Project\dist\MagiaCN-r128-downloader-fix1.apk!/assets/package/quest/ef_battle00/ef_battle000.plist#frame:ef_connect_01.png,assets/package/quest/ef_battle00/ef_battle000.plist#frame:ef_connect_01.png,atlas-frames/assets/package/quest/ef_battle00/ef_battle000/ef_connect_01.png,1096,1117,244,238,244,238,244,238,0.0,0.0,False,PNG,244,238,RGBA,1,True,699801495F341D6A0A42D74AB0F43C97D136ECA088EFF6477C31BB4008EC44AE,A609AA01E274CA01BFC94BBEB2B5BB8C23C2A77135EAD0AB6BC959F85348C193,DED36032C52C8FCB,32605
L-FRAME-00239,logical_frame,D:\magia\MyProducts\MagiaRe\Magia_CN_Project\dist\MagiaCN-r128-downloader-fix1.apk,assets/package/quest/ef_battle00/ef_battle000.plist,assets/package/quest/ef_battle00/ef_battle000.png,ef_wave_02.png,D:\magia\MyProducts\MagiaRe\Magia_CN_Project\dist\MagiaCN-r128-downloader-fix1.apk!/assets/package/quest/ef_battle00/ef_battle000.plist#frame:ef_wave_02.png,assets/package/quest/ef_battle00/ef_battle000.plist#frame:ef_wave_02.png,atlas-frames/assets/package/quest/ef_battle00/ef_battle000/ef_wave_02.png,616,202,496,495,496,495,496,495,0.0,0.0,False,PNG,496,495,RGBA,1,True,C4147E95DCFE4A4FD13A73F166A2FF0236B3C58D3C5AC2DD175B5AC5A835DB08,0865913B5B57501DBD1E8B215D3ACE85F27B655A9BA7DEE697E3059602AAE233,E571463A2F172FA4,29707
L-FRAME-00240,logical_frame,D:\magia\MyProducts\MagiaRe\Magia_CN_Project\dist\MagiaCN-r128-downloader-fix1.apk,assets/package/quest/ef_battle00/ef_battle000.plist,assets/package/quest/ef_battle00/ef_battle000.png,ef_wave_04.png,D:\magia\MyProducts\MagiaRe\Magia_CN_Project\dist\MagiaCN-r128-downloader-fix1.apk!/assets/package/quest/ef_battle00/ef_battle000.plist#frame:ef_wave_04.png,assets/package/quest/ef_battle00/ef_battle000.plist#frame:ef_wave_04.png,atlas-frames/assets/package/quest/ef_battle00/ef_battle000/ef_wave_04.png,1819,1094,225,220,225,220,225,220,0.0,0.0,False,PNG,225,220,RGBA,1,True,C449548CC3492E75B26C0B051146C42C775BB9F38B90E186EB1CBCF25B605DDB,BF019F2B5A65B9E83E565ABAFF64D2AE9E224A737BEEC050924C5E6FF46E8EA4,C3C63D6B70318776,12305
L-FRAME-00241,logical_frame,D:\magia\MyProducts\MagiaRe\Magia_CN_Project\dist\MagiaCN-r128-downloader-fix1.apk,assets/package/quest/ef_battle00/ef_battle000.plist,assets/package/quest/ef_battle00/ef_battle000.png,ef_wave_05.png,D:\magia\MyProducts\MagiaRe\Magia_CN_Project\dist\MagiaCN-r128-downloader-fix1.apk!/assets/package/quest/ef_battle00/ef_battle000.plist#frame:ef_wave_05.png,assets/package/quest/ef_battle00/ef_battle000.plist#frame:ef_wave_05.png,atlas-frames/assets/package/quest/ef_battle00/ef_battle000/ef_wave_05.png,1418,252,32,32,32,32,32,32,0.0,0.0,False,PNG,32,32,RGBA,1,True,14412D8F2B108668460785D471998561B38596C30AFC94245A29877E65CE457D,EE1447C373ED44E069AE352176A91ED568A122C6348076F8D41A9BCB18457F43,974DB8B27AB8B4A4,1152
L-FRAME-00242,logical_frame,D:\magia\MyProducts\MagiaRe\Magia_CN_Project\dist\MagiaCN-r128-downloader-fix1.apk,assets/package/quest/ef_battle00/ef_battle000.plist,assets/package/quest/ef_battle00/ef_battle000.png,ef_wave_08.png,D:\magia\MyProducts\MagiaRe\Magia_CN_Project\dist\MagiaCN-r128-downloader-fix1.apk!/assets/package/quest/ef_battle00/ef_battle000.plist#frame:ef_wave_08.png,assets/package/quest/ef_battle00/ef_battle000.plist#frame:ef_wave_08.png,atlas-frames/assets/package/quest/ef_battle00/ef_battle000/ef_wave_08.png,1561,962,285,130,285,130,285,130,0.0,0.0,False,PNG,285,130,RGBA,1,True,6517A1E20FC9B689C0451109790BCD0445CED0F0B6218CBB3890C8B302F3A7E5,0BA286D11CC5D0ACCA74F0D2B99336653C74B6419F28065937386510123FAF3C,AB66D5A5CA0F3929,10422
L-FRAME-00243,logical_frame,D:\magia\MyProducts\MagiaRe\Magia_CN_Project\dist\MagiaCN-r128-downloader-fix1.apk,assets/package/quest/ef_battle00/ef_battle000.plist,assets/package/quest/ef_battle00/ef_battle000.png,ef_wave_09.png,D:\magia\MyProducts\MagiaRe\Magia_CN_Project\dist\MagiaCN-r128-downloader-fix1.apk!/assets/package/quest/ef_battle00/ef_battle000.plist#frame:ef_wave_09.png,assets/package/quest/ef_battle00/ef_battle000.plist#frame:ef_wave_09.png,atlas-frames/assets/package/quest/ef_battle00/ef_battle000/ef_wave_09.png,1452,102,528,528,528,528,528,528,0.0,0.0,False,PNG,528,528,RGBA,1,True,BCBF6D0E89B2E7A7A61C11B9572CF18BF378484B18EAFCB41FA4F834C3528301,DED74834CE7175B0A0F8A1C621D7AA5E69D3E82AD758E71181B145034C982F66,8FC9239DF00EF01F,12644
L-FRAME-00244,logical_frame,D:\magia\MyProducts\MagiaRe\Magia_CN_Project\dist\MagiaCN-r128-downloader-fix1.apk,assets/package/quest/ef_battle00/ef_battle000.plist,assets/package/quest/ef_battle00/ef_battle000.png,final_wave_tx.png,D:\magia\MyProducts\MagiaRe\Magia_CN_Project\dist\MagiaCN-r128-downloader-fix1.apk!/assets/package/quest/ef_battle00/ef_battle000.plist#frame:final_wave_tx.png,assets/package/quest/ef_battle00/ef_battle000.plist#frame:final_wave_tx.png,atlas-frames/assets/package/quest/ef_battle00/ef_battle000/final_wave_tx.png,1434,901,414,59,414,59,414,59,0.0,0.0,False,PNG,414,59,RGBA,1,True,32F5DDC0BE94404E54D94C15C032069DDBDB1E1657DC72A33A999FD19A0B6C21,4D2B4BCBB80BB509FDB529FB2EAA8FFB86197F96AEEEBC584B40E9F04817AC5F,F37C0C977E885586,12261
L-FRAME-00245,logical_frame,D:\magia\MyProducts\MagiaRe\Magia_CN_Project\dist\MagiaCN-r128-downloader-fix1.apk,assets/package/quest/ef_battle00/ef_battle000.plist,assets/package/quest/ef_battle00/ef_battle000.png,plate_damage_up.png,D:\magia\MyProducts\MagiaRe\Magia_CN_Project\dist\MagiaCN-r128-downloader-fix1.apk!/assets/package/quest/ef_battle00/ef_battle000.plist#frame:plate_damage_up.png,assets/package/quest/ef_battle00/ef_battle000.plist#frame:plate_damage_up.png,atlas-frames/assets/package/quest/ef_battle00/ef_battle000/plate_damage_up.png,616,102,188,56,188,56,188,56,0.0,0.0,False,PNG,188,56,RGBA,1,True,BDF1598D254AA60397E47850003B1A1DE7F6590337C1290E9DF068D0D07A1FAF,6BB25C46CECEEC75200BDEB287A544586762BD580319D6B2A5CBC52C53360709,C4313BCEC13C937B,3310
L-FRAME-00246,logical_frame,D:\magia\MyProducts\MagiaRe\Magia_CN_Project\dist\MagiaCN-r128-downloader-fix1.apk,assets/package/quest/ef_battle00/ef_battle000.plist,assets/package/quest/ef_battle00/ef_battle000.png,plate_first_mp_bonus.png,D:\magia\MyProducts\MagiaRe\Magia_CN_Project\dist\MagiaCN-r128-downloader-fix1.apk!/assets/package/quest/ef_battle00/ef_battle000.plist#frame:plate_first_mp_bonus.png,assets/package/quest/ef_battle00/ef_battle000.plist#frame:plate_first_mp_bonus.png,atlas-frames/assets/package/quest/ef_battle00/ef_battle000/plate_first_mp_bonus.png,1114,558,295,48,295,48,295,48,0.0,0.0,False,PNG,295,48,RGBA,1,True,86A78758963CFD4CC4D939CB14EA7E8D069A5A252600A31B9C31063AC194FFFA,CA81F840F259D4A66724C0957A1046DF95DFB4E024863079711AE8C13911A463,D5952A6A2B9D3EC2,4656
L-FRAME-00247,logical_frame,D:\magia\MyProducts\MagiaRe\Magia_CN_Project\dist\MagiaCN-r128-downloader-fix1.apk,assets/package/quest/ef_battle00/ef_battle000.plist,assets/package/quest/ef_battle00/ef_battle000.png,plate_magia_up.png,D:\magia\MyProducts\MagiaRe\Magia_CN_Project\dist\MagiaCN-r128-downloader-fix1.apk!/assets/package/quest/ef_battle00/ef_battle000.plist#frame:plate_magia_up.png,assets/package/quest/ef_battle00/ef_battle000.plist#frame:plate_magia_up.png,atlas-frames/assets/package/quest/ef_battle00/ef_battle000/plate_magia_up.png,1848,962,187,51,187,51,187,51,0.0,0.0,False,PNG,187,51,RGBA,1,True,01DEDB28B1850C0FCE7379BFFAD3710DE973D9E502D6190F871C1E2309D5C0D7,48D7962D1038782CFA3B6D99D41925066B11A8AE99E06FDA2101E387B62D24E3,C1A43E5BC5A7B0F4,3532
L-FRAME-00248,logical_frame,D:\magia\MyProducts\MagiaRe\Magia_CN_Project\dist\MagiaCN-r128-downloader-fix1.apk,assets/package/quest/ef_battle00/ef_battle000.plist,assets/package/quest/ef_battle00/ef_battle000.png,quest_start04.png,D:\magia\MyProducts\MagiaRe\Magia_CN_Project\dist\MagiaCN-r128-downloader-fix1.apk!/assets/package/quest/ef_battle00/ef_battle000.plist#frame:quest_start04.png,assets/package/quest/ef_battle00/ef_battle000.plist#frame:quest_start04.png,atlas-frames/assets/package/quest/ef_battle00/ef_battle000/quest_start04.png,1452,2,423,49,423,49,423,49,0.0,0.0,False,PNG,423,49,RGBA,1,True,1644FAF4F67109B45278427B7318D23092178327267BE3458D84B2752F0BD5C6,96A06BFA8C05EEA048484BF09227E85DFF1FE5F9E7730D8550E5ACDFBA906842,FFDF11F48DA000F8,7675
L-FRAME-00249,logical_frame,D:\magia\MyProducts\MagiaRe\Magia_CN_Project\dist\MagiaCN-r128-downloader-fix1.apk,assets/package/quest/ef_battle00/ef_battle000.plist,assets/package/quest/ef_battle00/ef_battle000.png,sp_cm_dummy.png,D:\magia\MyProducts\MagiaRe\Magia_CN_Project\dist\MagiaCN-r128-downloader-fix1.apk!/assets/package/quest/ef_battle00/ef_battle000.plist#frame:sp_cm_dummy.png,assets/package/quest/ef_battle00/ef_battle000.plist#frame:sp_cm_dummy.png,atlas-frames/assets/package/quest/ef_battle00/ef_battle000/sp_cm_dummy.png,764,160,40,40,40,40,40,40,0.0,0.0,False,PNG,40,40,RGBA,1,True,F74EB7274A88D45627E34AFB7743FED62A5FB99C6AF81EB94A5A3F6BE4E57E72,E1B268A70E203B36BBDC101048833B04A079A22FCA16F7D207FEAA1E68338B87,C6D6D68629D6D629,147
L-FRAME-00250,logical_frame,D:\magia\MyProducts\MagiaRe\Magia_CN_Project\dist\MagiaCN-r128-downloader-fix1.apk,assets/package/quest/ef_battle00/ef_battle000.plist,assets/package/quest/ef_battle00/ef_battle000.png,ui_cmd_disc01_00.png,D:\magia\MyProducts\MagiaRe\Magia_CN_Project\dist\MagiaCN-r128-downloader-fix1.apk!/assets/package/quest/ef_battle00/ef_battle000.plist#frame:ui_cmd_disc01_00.png,assets/package/quest/ef_battle00/ef_battle000.plist#frame:ui_cmd_disc01_00.png,atlas-frames/assets/package/quest/ef_battle00/ef_battle000/ui_cmd_disc01_00.png,1906,1521,108,108,108,108,108,108,0.0,0.0,False,PNG,108,108,RGBA,1,True,6D90A03BA4AD4D7BE1438C2A8D3ECD117094D4BBDF97E38AAD112AE4DE63BA89,63460E0CEE3483CD6D230AA04F13223AA35F163FD8E9769F97A0F44A2351F35F,D72929D639D6D729,125
L-FRAME-00251,logical_frame,D:\magia\MyProducts\MagiaRe\Magia_CN_Project\dist\MagiaCN-r128-downloader-fix1.apk,assets/package/quest/ef_battle00/ef_battle000.plist,assets/package/quest/ef_battle00/ef_battle000.png,ui_cmd_disc02_00.png,D:\magia\MyProducts\MagiaRe\Magia_CN_Project\dist\MagiaCN-r128-downloader-fix1.apk!/assets/package/quest/ef_battle00/ef_battle000.plist#frame:ui_cmd_disc02_00.png,assets/package/quest/ef_battle00/ef_battle000.plist#frame:ui_cmd_disc02_00.png,atlas-frames/assets/package/quest/ef_battle00/ef_battle000/ui_cmd_disc02_00.png,467,711,108,108,108,108,108,108,0.0,0.0,False,PNG,108,108,RGBA,1,True,6D90A03BA4AD4D7BE1438C2A8D3ECD117094D4BBDF97E38AAD112AE4DE63BA89,63460E0CEE3483CD6D230AA04F13223AA35F163FD8E9769F97A0F44A2351F35F,D72929D639D6D729,125
L-FRAME-00252,logical_frame,D:\magia\MyProducts\MagiaRe\Magia_CN_Project\dist\MagiaCN-r128-downloader-fix1.apk,assets/package/quest/ef_battle00/ef_battle000.plist,assets/package/quest/ef_battle00/ef_battle000.png,ui_cmd_disc03_00.png,D:\magia\MyProducts\MagiaRe\Magia_CN_Project\dist\MagiaCN-r128-downloader-fix1.apk!/assets/package/quest/ef_battle00/ef_battle000.plist#frame:ui_cmd_disc03_00.png,assets/package/quest/ef_battle00/ef_battle000.plist#frame:ui_cmd_disc03_00.png,atlas-frames/assets/package/quest/ef_battle00/ef_battle000/ui_cmd_disc03_00.png,357,703,108,108,108,108,108,108,0.0,0.0,False,PNG,108,108,RGBA,1,True,6D90A03BA4AD4D7BE1438C2A8D3ECD117094D4BBDF97E38AAD112AE4DE63BA89,63460E0CEE3483CD6D230AA04F13223AA35F163FD8E9769F97A0F44A2351F35F,D72929D639D6D729,125
L-FRAME-00253,logical_frame,D:\magia\MyProducts\MagiaRe\Magia_CN_Project\dist\MagiaCN-r128-downloader-fix1.apk,assets/package/quest/ef_battle00/ef_battle000.plist,assets/package/quest/ef_battle00/ef_battle000.png,wave_item0.png,D:\magia\MyProducts\MagiaRe\Magia_CN_Project\dist\MagiaCN-r128-downloader-fix1.apk!/assets/package/quest/ef_battle00/ef_battle000.plist#frame:wave_item0.png,assets/package/quest/ef_battle00/ef_battle000.plist#frame:wave_item0.png,atlas-frames/assets/package/quest/ef_battle00/ef_battle000/wave_item0.png,2,102,612,165,612,165,612,165,0.0,0.0,False,PNG,612,165,RGBA,1,True,F2AD6FDEAC085C179109870CC6D4EE5FDF2C3276367EED428F550C2E5A80D754,4C7964357ADA360CB3DFF1C362608B3765029514C2A5E3C5D0190AB9F12E9ECC,C13E7EE138C3D436,10675
L-FRAME-00254,logical_frame,D:\magia\MyProducts\MagiaRe\Magia_CN_Project\dist\MagiaCN-r128-downloader-fix1.apk,assets/package/quest/ef_battle00/ef_battle000.plist,assets/package/quest/ef_battle00/ef_battle000.png,wave_item2.png,D:\magia\MyProducts\MagiaRe\Magia_CN_Project\dist\MagiaCN-r128-downloader-fix1.apk!/assets/package/quest/ef_battle00/ef_battle000.plist#frame:wave_item2.png,assets/package/quest/ef_battle00/ef_battle000.plist#frame:wave_item2.png,atlas-frames/assets/package/quest/ef_battle00/ef_battle000/wave_item2.png,1342,1117,199,59,199,59,199,59,0.0,0.0,False,PNG,199,59,RGBA,1,True,EAA71C1A6C0A11166A26731F0AF2557BC0AF19C5EC7C0CDCC9BBEEA0C0A767E0,82197EF39ABCB36D98993B597A2A0FC3D0263807B56F676E8576752314970EFF,C43D2BD22FB354CC,7332
L-FRAME-00255,logical_frame,D:\magia\MyProducts\MagiaRe\Magia_CN_Project\dist\MagiaCN-r128-downloader-fix1.apk,assets/package/quest/ef_battle00/ef_battle000.plist,assets/package/quest/ef_battle00/ef_battle000.png,wave_item2b.png,D:\magia\MyProducts\MagiaRe\Magia_CN_Project\dist\MagiaCN-r128-downloader-fix1.apk!/assets/package/quest/ef_battle00/ef_battle000.plist#frame:wave_item2b.png,assets/package/quest/ef_battle00/ef_battle000.plist#frame:wave_item2b.png,atlas-frames/assets/package/quest/ef_battle00/ef_battle000/wave_item2b.png,1850,901,36,59,36,59,36,59,0.0,0.0,False,PNG,36,59,RGBA,1,True,7758493091CAC6E246BA9E9FB130E695DC26DF592C5EDFEC74261055D15654BB,A61E163AA870A0512DA066B04BFAFA3744A4978F8B76AA38D9CBB81B4C461806,CE3873CE38E31EC1,1481
L-FRAME-00256,logical_frame,D:\magia\MyProducts\MagiaRe\Magia_CN_Project\dist\MagiaCN-r128-downloader-fix1.apk,assets/package/quest/ef_battle00/ef_battle000.plist,assets/package/quest/ef_battle00/ef_battle000.png,wave_item3.png,D:\magia\MyProducts\MagiaRe\Magia_CN_Project\dist\MagiaCN-r128-downloader-fix1.apk!/assets/package/quest/ef_battle00/ef_battle000.plist#frame:wave_item3.png,assets/package/quest/ef_battle00/ef_battle000.plist#frame:wave_item3.png,atlas-frames/assets/package/quest/ef_battle00/ef_battle000/wave_item3.png,1819,1316,193,60,193,60,193,60,0.0,0.0,False,PNG,193,60,RGBA,1,True,2B5A6DC27A566DC2CFBA5E3E4D6A69F932B125EEE77293F09D604EF52FDE8920,C6E8DEF01716D8B661FCF04C9D332E76C9850428BC11C00FF9412A55718C646B,8B7566AB79862D07,6224
L-FRAME-00257,logical_frame,D:\magia\MyProducts\MagiaRe\Magia_CN_Project\dist\MagiaCN-r128-downloader-fix1.apk,assets/package/quest/ef_battle00/ef_battle000.plist,assets/package/quest/ef_battle00/ef_battle000.png,wave_item3a.png,D:\magia\MyProducts\MagiaRe\Magia_CN_Project\dist\MagiaCN-r128-downloader-fix1.apk!/assets/package/quest/ef_battle00/ef_battle000.plist#frame:wave_item3a.png,assets/package/quest/ef_battle00/ef_battle000.plist#frame:wave_item3a.png,atlas-frames/assets/package/quest/ef_battle00/ef_battle000/wave_item3a.png,1542,1352,180,180,180,180,180,180,0.0,0.0,False,PNG,180,180,RGBA,1,True,2548897CD9BE975DF1952A1A48371D6D9311D77F44BC3AE6700A9803F682459F,D7547897668E3D3F594D2B82BBBCD9AA22135C1F864A7603CE1A95192F28C06F,CC7333CCCD633299,38186
L-FRAME-00258,logical_frame,D:\magia\MyProducts\MagiaRe\Magia_CN_Project\dist\MagiaCN-r128-downloader-fix1.apk,assets/package/quest/ef_battle00/ef_battle000.plist,assets/package/quest/ef_battle00/ef_battle000.png,wave_item3b.png,D:\magia\MyProducts\MagiaRe\Magia_CN_Project\dist\MagiaCN-r128-downloader-fix1.apk!/assets/package/quest/ef_battle00/ef_battle000.plist#frame:wave_item3b.png,assets/package/quest/ef_battle00/ef_battle000.plist#frame:wave_item3b.png,atlas-frames/assets/package/quest/ef_battle00/ef_battle000/wave_item3b.png,1724,1378,180,180,180,180,180,180,0.0,0.0,False,PNG,180,180,RGBA,1,True,2464E6086AB77D259264BBE8E547A8F2CBAAF04B0A35DE5BC3564552EF09C989,83D4C0470CC5969A9C9A22FD602F2F25CCCC2C9D2CC5655387D3289967E42B6A,DFC13036CDCD9133,36223
L-FRAME-00259,logical_frame,D:\magia\MyProducts\MagiaRe\Magia_CN_Project\dist\MagiaCN-r128-downloader-fix1.apk,assets/package/quest/ef_battle01/ef_battle010.plist,assets/package/quest/ef_battle01/ef_battle010.png,quest_start01.png,D:\magia\MyProducts\MagiaRe\Magia_CN_Project\dist\MagiaCN-r128-downloader-fix1.apk!/assets/package/quest/ef_battle01/ef_battle010.plist#frame:quest_start01.png,assets/package/quest/ef_battle01/ef_battle010.plist#frame:quest_start01.png,atlas-frames/assets/package/quest/ef_battle01/ef_battle010/quest_start01.png,0,0,223,222,223,222,223,222,0.0,0.0,False,PNG,223,222,RGBA,1,True,276930C4AB3A8A575549482EB2C11E584DDD77206C382114A251B6B69AF57BFD,CF0014F9C214F844C9CD87537D4990DA194B2DEB16291518E1C736138C5B4EEC,CD9B3164CF921CCD,32368
L-FRAME-00260,logical_frame,D:\magia\MyProducts\MagiaRe\Magia_CN_Project\dist\MagiaCN-r128-downloader-fix1.apk,assets/package/quest/ef_boss00/ef_boss000.plist,assets/package/quest/ef_boss00/ef_boss000.png,boss_wave_tx.png,D:\magia\MyProducts\MagiaRe\Magia_CN_Project\dist\MagiaCN-r128-downloader-fix1.apk!/assets/package/quest/ef_boss00/ef_boss000.plist#frame:boss_wave_tx.png,assets/package/quest/ef_boss00/ef_boss000.plist#frame:boss_wave_tx.png,atlas-frames/assets/package/quest/ef_boss00/ef_boss000/boss_wave_tx.png,0,0,433,49,433,49,433,49,0.0,0.0,False,PNG,433,49,RGBA,1,True,9551824383DB4E4B6B3140F5730A8BE4CDEC44E8904EB243C700B1099E12D7C2,3F8614CA0D4A14707E8D8A31240D974F1AE1D4A5B3FBC0DAB79717747443874D,E5D7AE1236A6B2B0,11733
L-FRAME-00261,logical_frame,D:\magia\MyProducts\MagiaRe\Magia_CN_Project\dist\MagiaCN-r128-downloader-fix1.apk,assets/package/quest/ef_boss00/ef_boss000.plist,assets/package/quest/ef_boss00/ef_boss000.png,boss_tx_01.png,D:\magia\MyProducts\MagiaRe\Magia_CN_Project\dist\MagiaCN-r128-downloader-fix1.apk!/assets/package/quest/ef_boss00/ef_boss000.plist#frame:boss_tx_01.png,assets/package/quest/ef_boss00/ef_boss000.plist#frame:boss_tx_01.png,atlas-frames/assets/package/quest/ef_boss00/ef_boss000/boss_tx_01.png,0,51,120,137,120,137,120,137,0.0,0.0,False,PNG,120,137,RGBA,1,True,4A6B4D7DF107C84B5D5A7F6163F8DC1EF865A3D794F4285E0D27481E3D20D061,9F48C367A4CEDCBC9B543A0AA9CAF20ED60F7BC748005B5BBB4EB765F005F0FA,EA97856A9E693865,21645
L-FRAME-00262,logical_frame,D:\magia\MyProducts\MagiaRe\Magia_CN_Project\dist\MagiaCN-r128-downloader-fix1.apk,assets/package/quest/ef_boss00/ef_boss000.plist,assets/package/quest/ef_boss00/ef_boss000.png,boss_tx_04.png,D:\magia\MyProducts\MagiaRe\Magia_CN_Project\dist\MagiaCN-r128-downloader-fix1.apk!/assets/package/quest/ef_boss00/ef_boss000.plist#frame:boss_tx_04.png,assets/package/quest/ef_boss00/ef_boss000.plist#frame:boss_tx_04.png,atlas-frames/assets/package/quest/ef_boss00/ef_boss000/boss_tx_04.png,122,51,120,137,120,137,120,137,0.0,0.0,False,PNG,120,137,RGBA,1,True,613267E4EFFF1D5B7634CDA9A43838DC7BEBA453EA2DF33FFD9923E365C186BF,27BDFAB0B8338BE2CA714C5DE2FC81EBCEEF8997776DA4E4218401BF189C8745,F83E851DC2E0DBC3,25595
L-FRAME-00263,logical_frame,D:\magia\MyProducts\MagiaRe\Magia_CN_Project\dist\MagiaCN-r128-downloader-fix1.apk,assets/package/quest/ef_boss00/ef_boss000.plist,assets/package/quest/ef_boss00/ef_boss000.png,boss_tx_09.png,D:\magia\MyProducts\MagiaRe\Magia_CN_Project\dist\MagiaCN-r128-downloader-fix1.apk!/assets/package/quest/ef_boss00/ef_boss000.plist#frame:boss_tx_09.png,assets/package/quest/ef_boss00/ef_boss000.plist#frame:boss_tx_09.png,atlas-frames/assets/package/quest/ef_boss00/ef_boss000/boss_tx_09.png,0,190,752,300,752,300,752,300,0.0,0.0,False,PNG,752,300,RGBA,1,True,C1DDA965AD9E5184C164B2A5028DD300557864319C2DCC2757296C38375D9F45,55A11375610AFE981F968E0C9BDEB975679A6C5469C38B796C9CF84503A371AE,E68AA255CDEC52DC,172456
L-FRAME-00264,logical_frame,D:\magia\MyProducts\MagiaRe\Magia_CN_Project\dist\MagiaCN-r128-downloader-fix1.apk,assets/package/quest/ef_boss00/ef_boss000.plist,assets/package/quest/ef_boss00/ef_boss000.png,boss_tx_bg01.png,D:\magia\MyProducts\MagiaRe\Magia_CN_Project\dist\MagiaCN-r128-downloader-fix1.apk!/assets/package/quest/ef_boss00/ef_boss000.plist#frame:boss_tx_bg01.png,assets/package/quest/ef_boss00/ef_boss000.plist#frame:boss_tx_bg01.png,atlas-frames/assets/package/quest/ef_boss00/ef_boss000/boss_tx_bg01.png,244,51,106,109,106,109,106,109,0.0,0.0,False,PNG,106,109,RGBA,1,True,0F7F5E2C55017451206ED7942A95DB74E46CA617CB8B9964833FA2765C50BE7B,CB97D9FF6CC824799DBB666D90CA4BCC011D4E89ED8868A2AA7D2F78D0DE7653,EC6C93339C966969,5184
L-FRAME-00265,logical_frame,D:\magia\MyProducts\MagiaRe\Magia_CN_Project\dist\MagiaCN-r128-downloader-fix1.apk,assets/package/quest/ef_boss00/ef_boss000.plist,assets/package/quest/ef_boss00/ef_boss000.png,boss_tx_bg02.png,D:\magia\MyProducts\MagiaRe\Magia_CN_Project\dist\MagiaCN-r128-downloader-fix1.apk!/assets/package/quest/ef_boss00/ef_boss000.plist#frame:boss_tx_bg02.png,assets/package/quest/ef_boss00/ef_boss000.plist#frame:boss_tx_bg02.png,atlas-frames/assets/package/quest/ef_boss00/ef_boss000/boss_tx_bg02.png,352,51,106,109,106,109,106,109,0.0,0.0,False,PNG,106,109,RGBA,1,True,836FA6DF211EDFAE1F7830426E6F807E823CC03E024C41323E83DC9DECFC31F0,400790F081271E6AB040EFA1AAE4382C83A96ACFE1ABB30DF36A3042CD56002B,EBCF94309232CBCB,7908
L-FRAME-00266,logical_frame,D:\magia\MyProducts\MagiaRe\Magia_CN_Project\dist\MagiaCN-r128-downloader-fix1.apk,assets/package/quest/ef_boss00/ef_boss000.plist,assets/package/quest/ef_boss00/ef_boss000.png,boss_tx_bg03.png,D:\magia\MyProducts\MagiaRe\Magia_CN_Project\dist\MagiaCN-r128-downloader-fix1.apk!/assets/package/quest/ef_boss00/ef_boss000.plist#frame:boss_tx_bg03.png,assets/package/quest/ef_boss00/ef_boss000.plist#frame:boss_tx_bg03.png,atlas-frames/assets/package/quest/ef_boss00/ef_boss000/boss_tx_bg03.png,460,0,106,109,106,109,106,109,0.0,0.0,False,PNG,106,109,RGBA,1,True,52A9DA53DAD9BF4C6D6D8E40D29E4CB1907070D321407B136C9839C75752C1B9,10506C28B1B7D64604022518CA43D2885477FCAE6226C3FA7124E8F09498A294,FBDB912586248E5E,7911
L-FRAME-00267,logical_frame,D:\magia\MyProducts\MagiaRe\Magia_CN_Project\dist\MagiaCN-r128-downloader-fix1.apk,assets/package/quest/ef_boss00/ef_boss000.plist,assets/package/quest/ef_boss00/ef_boss000.png,boss_tx_bg05.png,D:\magia\MyProducts\MagiaRe\Magia_CN_Project\dist\MagiaCN-r128-downloader-fix1.apk!/assets/package/quest/ef_boss00/ef_boss000.plist#frame:boss_tx_bg05.png,assets/package/quest/ef_boss00/ef_boss000.plist#frame:boss_tx_bg05.png,atlas-frames/assets/package/quest/ef_boss00/ef_boss000/boss_tx_bg05.png,568,0,106,109,106,109,106,109,0.0,0.0,False,PNG,106,109,RGBA,1,True,7C03B6667AADF4160EEF4CB06316A423210AA6AE7A64E4ACDE5CF6CEDCF6A644,EE118B4EFE2908719015ABA47B6F4B992835B7933312A65CD2C0A36EA1AC5048,ECC98636DB2539C9,5487
L-FRAME-00268,logical_frame,D:\magia\MyProducts\MagiaRe\Magia_CN_Project\dist\MagiaCN-r128-downloader-fix1.apk,assets/package/quest/ef_boss00/ef_boss000.plist,assets/package/quest/ef_boss00/ef_boss000.png,boss_tx_bg04.png,D:\magia\MyProducts\MagiaRe\Magia_CN_Project\dist\MagiaCN-r128-downloader-fix1.apk!/assets/package/quest/ef_boss00/ef_boss000.plist#frame:boss_tx_bg04.png,assets/package/quest/ef_boss00/ef_boss000.plist#frame:boss_tx_bg04.png,atlas-frames/assets/package/quest/ef_boss00/ef_boss000/boss_tx_bg04.png,676,0,106,109,106,109,106,109,0.0,0.0,False,PNG,106,109,RGBA,1,True,783EB8A3C66CFE04ABB1B6E4BA54003083B6F9A1F5C965A9B400F87D94324983,3336F8A25C2047DEBF7259D4D041470AEB8ADDAF3096857D9E4800A4D0C19B2A,B8C7C7789A952D62,5091
L-FRAME-00269,logical_frame,D:\magia\MyProducts\MagiaRe\Magia_CN_Project\dist\MagiaCN-r128-downloader-fix1.apk,assets/package/quest/ef_boss00/ef_boss000.plist,assets/package/quest/ef_boss00/ef_boss000.png,boss_majic.png,D:\magia\MyProducts\MagiaRe\Magia_CN_Project\dist\MagiaCN-r128-downloader-fix1.apk!/assets/package/quest/ef_boss00/ef_boss000.plist#frame:boss_majic.png,assets/package/quest/ef_boss00/ef_boss000.plist#frame:boss_majic.png,atlas-frames/assets/package/quest/ef_boss00/ef_boss000/boss_majic.png,784,0,544,544,544,544,544,544,0.0,0.0,False,PNG,544,544,RGBA,1,True,D0A582BA6E5C0BD0038E258420BA62A7657A9941AEA613172622C46E28041BFE,BEBC8575B1D1E76CED36AC1E229EF4A0FA0E10C2D6282CEF4B113560C8DB0C87,BB24E4D3D413C6CB,325002
L-FRAME-00270,logical_frame,D:\magia\MyProducts\MagiaRe\Magia_CN_Project\dist\MagiaCN-r128-downloader-fix1.apk,assets/package/quest/ef_boss00/ef_boss000.plist,assets/package/quest/ef_boss00/ef_boss000.png,boss_tx_08.png,D:\magia\MyProducts\MagiaRe\Magia_CN_Project\dist\MagiaCN-r128-downloader-fix1.apk!/assets/package/quest/ef_boss00/ef_boss000.plist#frame:boss_tx_08.png,assets/package/quest/ef_boss00/ef_boss000.plist#frame:boss_tx_08.png,atlas-frames/assets/package/quest/ef_boss00/ef_boss000/boss_tx_08.png,0,492,120,137,120,137,120,137,0.0,0.0,False,PNG,120,137,RGBA,1,True,64ABDBBAF86EBF5106D574F90F735417E65643C631EED76CB5BE4965DB7CA00B,EDA6E828B8C8C9363B36CFD51A602E8927838A90811D4A99EDDA25B921A86D7A,FEE18127965A0BF8,22173
L-FRAME-00271,logical_frame,D:\magia\MyProducts\MagiaRe\Magia_CN_Project\dist\MagiaCN-r128-downloader-fix1.apk,assets/package/quest/ef_boss00/ef_boss000.plist,assets/package/quest/ef_boss00/ef_boss000.png,boss_tx_02.png,D:\magia\MyProducts\MagiaRe\Magia_CN_Project\dist\MagiaCN-r128-downloader-fix1.apk!/assets/package/quest/ef_boss00/ef_boss000.plist#frame:boss_tx_02.png,assets/package/quest/ef_boss00/ef_boss000.plist#frame:boss_tx_02.png,atlas-frames/assets/package/quest/ef_boss00/ef_boss000/boss_tx_02.png,122,492,120,137,120,137,120,137,0.0,0.0,False,PNG,120,137,RGBA,1,True,6357CEAE546EF39DC32570F0C5CCE0E93CDCF2023ACEEA60867171A238B4DC32,BCAFAC572E32517124FB3C85BB15D2030CC67363855BC83C15B440248EE94E4A,E5C39A7CCD327093,13401
L-FRAME-00272,logical_frame,D:\magia\MyProducts\MagiaRe\Magia_CN_Project\dist\MagiaCN-r128-downloader-fix1.apk,assets/package/quest/ef_boss00/ef_boss000.plist,assets/package/quest/ef_boss00/ef_boss000.png,boss_tx_03.png,D:\magia\MyProducts\MagiaRe\Magia_CN_Project\dist\MagiaCN-r128-downloader-fix1.apk!/assets/package/quest/ef_boss00/ef_boss000.plist#frame:boss_tx_03.png,assets/package/quest/ef_boss00/ef_boss000.plist#frame:boss_tx_03.png,atlas-frames/assets/package/quest/ef_boss00/ef_boss000/boss_tx_03.png,0,631,120,137,120,137,120,137,0.0,0.0,False,PNG,120,137,RGBA,1,True,744DCF9348638FEB93D55D2ED6652B22E68CCD5C65F583AF159E239CBCAF51F5,70FCD6F9BE2D5A89E725A3AE6BE1F96959FE18FDC530CE59E307D94A011BB7DB,E858979E9EA1C366,22341
L-FRAME-00273,logical_frame,D:\magia\MyProducts\MagiaRe\Magia_CN_Project\dist\MagiaCN-r128-downloader-fix1.apk,assets/package/quest/ef_boss00/ef_boss000.plist,assets/package/quest/ef_boss00/ef_boss000.png,boss_tx_05.png,D:\magia\MyProducts\MagiaRe\Magia_CN_Project\dist\MagiaCN-r128-downloader-fix1.apk!/assets/package/quest/ef_boss00/ef_boss000.plist#frame:boss_tx_05.png,assets/package/quest/ef_boss00/ef_boss000.plist#frame:boss_tx_05.png,atlas-frames/assets/package/quest/ef_boss00/ef_boss000/boss_tx_05.png,244,492,120,137,120,137,120,137,0.0,0.0,False,PNG,120,137,RGBA,1,True,0693771D87D4BA486EF17CDB66B76321386202EB2785F886C620B3E53D5CC9F4,0863FF61C3BE3CF43208E8950C023ED006A38CCAA0C93F80747547294F46F912,EE9491639C4E8FB8,23832
L-FRAME-00274,logical_frame,D:\magia\MyProducts\MagiaRe\Magia_CN_Project\dist\MagiaCN-r128-downloader-fix1.apk,assets/package/quest/ef_boss00/ef_boss000.plist,assets/package/quest/ef_boss00/ef_boss000.png,boss_tx_06.png,D:\magia\MyProducts\MagiaRe\Magia_CN_Project\dist\MagiaCN-r128-downloader-fix1.apk!/assets/package/quest/ef_boss00/ef_boss000.plist#frame:boss_tx_06.png,assets/package/quest/ef_boss00/ef_boss000.plist#frame:boss_tx_06.png,atlas-frames/assets/package/quest/ef_boss00/ef_boss000/boss_tx_06.png,122,631,120,137,120,137,120,137,0.0,0.0,False,PNG,120,137,RGBA,1,True,F40B90CDD3E5BEA7792EF784832A179DD6A7DB6269DB2280CA93C61A90BF6E19,6F95F0C2ACE24C9D2BB28BD92031443CDF0E08D05B7ED2DC34265E80C7F6696A,E7669C989A31CF19,11482
L-FRAME-00275,logical_frame,D:\magia\MyProducts\MagiaRe\Magia_CN_Project\dist\MagiaCN-r128-downloader-fix1.apk,assets/package/quest/ef_boss00/ef_boss000.plist,assets/package/quest/ef_boss00/ef_boss000.png,boss_tx_07.png,D:\magia\MyProducts\MagiaRe\Magia_CN_Project\dist\MagiaCN-r128-downloader-fix1.apk!/assets/package/quest/ef_boss00/ef_boss000.plist#frame:boss_tx_07.png,assets/package/quest/ef_boss00/ef_boss000.plist#frame:boss_tx_07.png,atlas-frames/assets/package/quest/ef_boss00/ef_boss000/boss_tx_07.png,0,770,120,137,120,137,120,137,0.0,0.0,False,PNG,120,137,RGBA,1,True,48BDDF6FC567AC9389641F453F14D398785B339A2B08085BE7DFBDC682425E25,27DCAC362BE99897253DA758ACCA416A9C98667E0ED2C176C58D9868C78A9666,F9C08627C56ECE3C,24962
L-FRAME-00276,logical_frame,D:\magia\MyProducts\MagiaRe\Magia_CN_Project\dist\MagiaCN-r128-downloader-fix1.apk,assets/package/quest/ef_boss00/ef_boss000.plist,assets/package/quest/ef_boss00/ef_boss000.png,boss_bg_02.png,D:\magia\MyProducts\MagiaRe\Magia_CN_Project\dist\MagiaCN-r128-downloader-fix1.apk!/assets/package/quest/ef_boss00/ef_boss000.plist#frame:boss_bg_02.png,assets/package/quest/ef_boss00/ef_boss000.plist#frame:boss_bg_02.png,atlas-frames/assets/package/quest/ef_boss00/ef_boss000/boss_bg_02.png,366,492,100,434,100,434,100,434,0.0,0.0,False,PNG,100,434,RGBA,1,True,5A0FB9525F94CBF9433DE457F56BE665C718D61F88B6E3D7FCD6C2EB5B76EF9C,7F23C446A567FBD164A632884EC4A6C97B99D1063960038CB3990AE1C40DB9BE,E31CE314EB379863,12330
L-FRAME-00277,logical_frame,D:\magia\MyProducts\MagiaRe\Magia_CN_Project\dist\MagiaCN-r128-downloader-fix1.apk,assets/package/quest/ef_boss00/ef_boss000.plist,assets/package/quest/ef_boss00/ef_boss000.png,boss_bg01.png,D:\magia\MyProducts\MagiaRe\Magia_CN_Project\dist\MagiaCN-r128-downloader-fix1.apk!/assets/package/quest/ef_boss00/ef_boss000.plist#frame:boss_bg01.png,assets/package/quest/ef_boss00/ef_boss000.plist#frame:boss_bg01.png,atlas-frames/assets/package/quest/ef_boss00/ef_boss000/boss_bg01.png,468,546,1200,1200,1200,1200,1200,1200,0.0,0.0,False,PNG,1200,1200,RGBA,1,True,01F9A6E94B42DE9A612E3FBD38512B7800031F572DDEE7E7C8F81457BB66C62C,77D9B37A56E6703A5B6A53E6B983CA0539897FEFBCBBB3C227ACEF633A6C2F25,E7C885F59903ADB2,414993
L-FRAME-00278,logical_frame,D:\magia\MyProducts\MagiaRe\Magia_CN_Project\dist\MagiaCN-r128-downloader-fix1.apk,assets/package/quest/ef_boss01/ef_boss010.plist,assets/package/quest/ef_boss01/ef_boss010.png,ef_boss02_b_img.png,D:\magia\MyProducts\MagiaRe\Magia_CN_Project\dist\MagiaCN-r128-downloader-fix1.apk!/assets/package/quest/ef_boss01/ef_boss010.plist#frame:ef_boss02_b_img.png,assets/package/quest/ef_boss01/ef_boss010.plist#frame:ef_boss02_b_img.png,atlas-frames/assets/package/quest/ef_boss01/ef_boss010/ef_boss02_b_img.png,0,0,1,1,1,1,8,8,3.5,-3.5,False,PNG,8,8,RGBA,1,True,E0F89DC98BC3CD5E36FE43AFBF3D9CE142F69BE881931E0A9733700E0DF30628,7A5D9CE14D31CBEDE47452BB738C5B385B91CECB4A13AC209A71740A0FA8E474,D72929D639D6D729,71
L-FRAME-00279,logical_frame,D:\magia\MyProducts\MagiaRe\Magia_CN_Project\dist\MagiaCN-r128-downloader-fix1.apk,assets/package/quest/ef_boss01/ef_boss010.plist,assets/package/quest/ef_boss01/ef_boss010.png,witch_name02.png,D:\magia\MyProducts\MagiaRe\Magia_CN_Project\dist\MagiaCN-r128-downloader-fix1.apk!/assets/package/quest/ef_boss01/ef_boss010.plist#frame:witch_name02.png,assets/package/quest/ef_boss01/ef_boss010.plist#frame:witch_name02.png,atlas-frames/assets/package/quest/ef_boss01/ef_boss010/witch_name02.png,3,0,1,1,1,1,517,168,-1.0,-6.5,False,PNG,517,168,RGBA,1,True,BE2E82765B4F352845CD660D4EF2AB70059E28C126F88643332F97225449B455,24CB5680E0FC970175036475220B52C71699FF39CDFC9CD9AA4D95C052FAEB9B,D72929D639D6D729,417
L-FRAME-00280,logical_frame,D:\magia\MyProducts\MagiaRe\Magia_CN_Project\dist\MagiaCN-r128-downloader-fix1.apk,assets/package/quest/ef_boss01/ef_boss010.plist,assets/package/quest/ef_boss01/ef_boss010.png,ef_adv_04_texture00.png,D:\magia\MyProducts\MagiaRe\Magia_CN_Project\dist\MagiaCN-r128-downloader-fix1.apk!/assets/package/quest/ef_boss01/ef_boss010.plist#frame:ef_adv_04_texture00.png,assets/package/quest/ef_boss01/ef_boss010.plist#frame:ef_adv_04_texture00.png,atlas-frames/assets/package/quest/ef_boss01/ef_boss010/ef_adv_04_texture00.png,0,3,328,245,328,245,328,245,0.0,0.0,False,PNG,328,245,RGBA,1,True,CDF9CC660666679FA052E37E3629C191E9977ABC0C30A792CF7CFC0218129068,46B7D4CF4209F0C5B99830BDC6BC39BCE2BF95A3F8DB1289FB0A47BD741133C4,EC2BE5C92C14B6D6,19309
L-FRAME-00281,logical_frame,D:\magia\MyProducts\MagiaRe\Magia_CN_Project\dist\MagiaCN-r128-downloader-fix1.apk,assets/package/quest/ef_boss01/ef_boss010.plist,assets/package/quest/ef_boss01/ef_boss010.png,ef_texture05.png,D:\magia\MyProducts\MagiaRe\Magia_CN_Project\dist\MagiaCN-r128-downloader-fix1.apk!/assets/package/quest/ef_boss01/ef_boss010.plist#frame:ef_texture05.png,assets/package/quest/ef_boss01/ef_boss010.plist#frame:ef_texture05.png,atlas-frames/assets/package/quest/ef_boss01/ef_boss010/ef_texture05.png,0,250,654,217,654,217,654,217,0.0,0.0,False,PNG,654,217,RGBA,1,True,DD4A0FBF215406651B5676FF38A160F785675D3D0824D022A227652AE093B239,5B99B9A90240116C733A289DB09F798C48888B99EF116DB4E30479A16F8C4FD2,BE1B943EC4A4CBC5,60295
L-FRAME-00282,logical_frame,D:\magia\MyProducts\MagiaRe\Magia_CN_Project\dist\MagiaCN-r128-downloader-fix1.apk,assets/package/quest/ef_boss01/ef_boss010.plist,assets/package/quest/ef_boss01/ef_boss010.png,witch_dummy02.png,D:\magia\MyProducts\MagiaRe\Magia_CN_Project\dist\MagiaCN-r128-downloader-fix1.apk!/assets/package/quest/ef_boss01/ef_boss010.plist#frame:witch_dummy02.png,assets/package/quest/ef_boss01/ef_boss010.plist#frame:witch_dummy02.png,atlas-frames/assets/package/quest/ef_boss01/ef_boss010/witch_dummy02.png,6,0,1,1,1,1,512,512,-5.5,-17.5,False,PNG,512,512,RGBA,1,True,B262BD68D44F93637B9949CAF7FF7CE0B6B6ED839C3A2468681952B215EC4D95,886D12C644935D35C0FCEAF84BFEB2B5BDFE550743DD9887F43917A211CC4CCB,D72929D639D6D729,1097
L-FRAME-00283,logical_frame,D:\magia\MyProducts\MagiaRe\Magia_CN_Project\dist\MagiaCN-r128-downloader-fix1.apk,assets/package/quest/ef_boss01/ef_boss010.plist,assets/package/quest/ef_boss01/ef_boss010.png,boss_tx_bg.png,D:\magia\MyProducts\MagiaRe\Magia_CN_Project\dist\MagiaCN-r128-downloader-fix1.apk!/assets/package/quest/ef_boss01/ef_boss010.plist#frame:boss_tx_bg.png,assets/package/quest/ef_boss01/ef_boss010.plist#frame:boss_tx_bg.png,atlas-frames/assets/package/quest/ef_boss01/ef_boss010/boss_tx_bg.png,0,469,819,444,819,444,819,464,0.0,-10.0,False,PNG,819,464,RGBA,1,True,80D8595D29A2C63017C37AC61CBA2036E6D79FE4041F2C2371ABC0FCE5B7B708,A0130FA6DA0EB6813560AE6CED6EA43CF7231BE494631F24B8FED778068414A5,BDD0DB40F366B00F,308827
L-FRAME-00284,logical_frame,D:\magia\MyProducts\MagiaRe\Magia_CN_Project\dist\MagiaCN-r128-downloader-fix1.apk,assets/package/quest/ef_boss01/ef_boss010.plist,assets/package/quest/ef_boss01/ef_boss010.png,dummy_image.png,D:\magia\MyProducts\MagiaRe\Magia_CN_Project\dist\MagiaCN-r128-downloader-fix1.apk!/assets/package/quest/ef_boss01/ef_boss010.plist#frame:dummy_image.png,assets/package/quest/ef_boss01/ef_boss010.plist#frame:dummy_image.png,atlas-frames/assets/package/quest/ef_boss01/ef_boss010/dummy_image.png,9,0,1,1,1,1,20,20,-0.5,-0.5,False,PNG,20,20,RGBA,1,True,879DE27F80C03F19C30A4F19662F0609490B2C745D2D1F17909E330ABF889E36,4F72AE24890C5A2C3E9B96A620F4A8B254F5412A4D86E8C1B6680210DF33F6D6,D72929D639D6D729,79
L-FRAME-00285,logical_frame,D:\magia\MyProducts\MagiaRe\Magia_CN_Project\dist\MagiaCN-r128-downloader-fix1.apk,assets/package/quest/ef_cm_yaji0.plist,assets/package/quest/ef_cm_yaji0.png,ui_cm_yaji.png,D:\magia\MyProducts\MagiaRe\Magia_CN_Project\dist\MagiaCN-r128-downloader-fix1.apk!/assets/package/quest/ef_cm_yaji0.plist#frame:ui_cm_yaji.png,assets/package/quest/ef_cm_yaji0.plist#frame:ui_cm_yaji.png,atlas-frames/assets/package/quest/ef_cm_yaji0/ui_cm_yaji.png,0,0,34,44,34,44,34,44,0.0,0.0,False,PNG,34,44,RGBA,1,True,A4419CF7424F015FE7A1DB10EF61B70C8B509DA59B54D6DD8458C02F940DA7B4,78BAD2B0CF51EB36CE1193854822257BC0935D29814D6B5133E27494CB43796C,833C3AE5E65D4DB0,1651
L-FRAME-00286,logical_frame,D:\magia\MyProducts\MagiaRe\Magia_CN_Project\dist\MagiaCN-r128-downloader-fix1.apk,assets/package/quest/ef_cm_yaji0.plist,assets/package/quest/ef_cm_yaji0.png,quest_tapeffect01.png,D:\magia\MyProducts\MagiaRe\Magia_CN_Project\dist\MagiaCN-r128-downloader-fix1.apk!/assets/package/quest/ef_cm_yaji0.plist#frame:quest_tapeffect01.png,assets/package/quest/ef_cm_yaji0.plist#frame:quest_tapeffect01.png,atlas-frames/assets/package/quest/ef_cm_yaji0/quest_tapeffect01.png,36,0,128,128,128,128,128,128,0.0,0.0,False,PNG,128,128,RGBA,1,True,D13E1ECC420288461B2C4587A5600BC20E72908B230EE6FF3F6A069823D60359,90915AEACB5E97FE079B85070D6F246DB6B2E0A7650CCDBEDB97A308114A3A28,C3E53C9A6939D265,4479
L-FRAME-00287,logical_frame,D:\magia\MyProducts\MagiaRe\Magia_CN_Project\dist\MagiaCN-r128-downloader-fix1.apk,assets/package/quest/ef_cm_yaji0.plist,assets/package/quest/ef_cm_yaji0.png,quest_tapeffect00.png,D:\magia\MyProducts\MagiaRe\Magia_CN_Project\dist\MagiaCN-r128-downloader-fix1.apk!/assets/package/quest/ef_cm_yaji0.plist#frame:quest_tapeffect00.png,assets/package/quest/ef_cm_yaji0.plist#frame:quest_tapeffect00.png,atlas-frames/assets/package/quest/ef_cm_yaji0/quest_tapeffect00.png,166,0,128,128,128,128,128,128,0.0,0.0,False,PNG,128,128,RGBA,1,True,3CEB5E126FC471B4FCD7A416ACB9C34EE3428D8459EE3A7AA2229E3BD62864D4,E647779D3DF6E02E393164416FE035967E7FDECF51204382463D10200C75056C,95674BF2689E348D,22999
L-FRAME-00288,logical_frame,D:\magia\MyProducts\MagiaRe\Magia_CN_Project\dist\MagiaCN-r128-downloader-fix1.apk,assets/package/quest/ef_mini_m_cutin/ef_mini_m_cutin0.plist,assets/package/quest/ef_mini_m_cutin/ef_mini_m_cutin0.png,ef_mini_m_cutin_dummy.png,D:\magia\MyProducts\MagiaRe\Magia_CN_Project\dist\MagiaCN-r128-downloader-fix1.apk!/assets/package/quest/ef_mini_m_cutin/ef_mini_m_cutin0.plist#frame:ef_mini_m_cutin_dummy.png,assets/package/quest/ef_mini_m_cutin/ef_mini_m_cutin0.plist#frame:ef_mini_m_cutin_dummy.png,atlas-frames/assets/package/quest/ef_mini_m_cutin/ef_mini_m_cutin0/ef_mini_m_cutin_dummy.png,0,0,512,512,512,512,512,512,0.0,0.0,False,PNG,512,512,RGBA,1,True,718CF4F127612E2EC8EE000F54C63226A004E8BAE756BDBFDB6FF08C4A0130DB,40C82881870A9F586C226FED6A3DD7D3E0933AA3A8DCB7CBEEB48D5636596F20,D72929D639D6D729,1102
L-FRAME-00289,logical_frame,D:\magia\MyProducts\MagiaRe\Magia_CN_Project\dist\MagiaCN-r128-downloader-fix1.apk,assets/package/quest/ef_qb_charge/ef_qb_charge0.plist,assets/package/quest/ef_qb_charge/ef_qb_charge0.png,qb_cg_ef_01.png,D:\magia\MyProducts\MagiaRe\Magia_CN_Project\dist\MagiaCN-r128-downloader-fix1.apk!/assets/package/quest/ef_qb_charge/ef_qb_charge0.plist#frame:qb_cg_ef_01.png,assets/package/quest/ef_qb_charge/ef_qb_charge0.plist#frame:qb_cg_ef_01.png,atlas-frames/assets/package/quest/ef_qb_charge/ef_qb_charge0/qb_cg_ef_01.png,0,0,208,208,208,208,208,208,0.0,0.0,False,PNG,208,208,RGBA,1,True,A2F22D81C35C0F286AC79C6B826A7C8ECF91FAFB2508CC2359C6396C39D6CDB0,456578E6CDC0DB509BD3649C038239BB919552165E4567B5C693BAC075FF8103,CC993326CFE53499,26972
L-FRAME-00290,logical_frame,D:\magia\MyProducts\MagiaRe\Magia_CN_Project\dist\MagiaCN-r128-downloader-fix1.apk,assets/package/quest/ef_qb_charge/ef_qb_charge0.plist,assets/package/quest/ef_qb_charge/ef_qb_charge0.png,qb_cg_ef_02.png,D:\magia\MyProducts\MagiaRe\Magia_CN_Project\dist\MagiaCN-r128-downloader-fix1.apk!/assets/package/quest/ef_qb_charge/ef_qb_charge0.plist#frame:qb_cg_ef_02.png,assets/package/quest/ef_qb_charge/ef_qb_charge0.plist#frame:qb_cg_ef_02.png,atlas-frames/assets/package/quest/ef_qb_charge/ef_qb_charge0/qb_cg_ef_02.png,210,0,208,208,208,208,208,208,0.0,0.0,False,PNG,208,208,RGBA,1,True,75BE7AEC7ACEDFD239D0F1F92280F8F1796B567208B3ADA4F7A672C833AF041C,E800E4690C0A917E8625288E4E32D8026FDD68989EFBE579473F2EFDFE81392A,8C9B7666DCCB6521,22926
L-FRAME-00291,logical_frame,D:\magia\MyProducts\MagiaRe\Magia_CN_Project\dist\MagiaCN-r128-downloader-fix1.apk,assets/package/quest/ef_qb_charge/ef_qb_charge0.plist,assets/package/quest/ef_qb_charge/ef_qb_charge0.png,qb_cg_mk_01.png,D:\magia\MyProducts\MagiaRe\Magia_CN_Project\dist\MagiaCN-r128-downloader-fix1.apk!/assets/package/quest/ef_qb_charge/ef_qb_charge0.plist#frame:qb_cg_mk_01.png,assets/package/quest/ef_qb_charge/ef_qb_charge0.plist#frame:qb_cg_mk_01.png,atlas-frames/assets/package/quest/ef_qb_charge/ef_qb_charge0/qb_cg_mk_01.png,0,210,116,116,116,116,116,116,0.0,0.0,False,PNG,116,116,RGBA,1,True,289504A9F900AE4B6A5A04EE2E206819ECACDF3AB72C531907FACD7C521892A4,5C4BC8261973EC47CED331FADD0F3DF3C4CEBBF110DF6EE1644C870C425FB0D3,C8D93F6FE0903743,6515
L-FRAME-00292,logical_frame,D:\magia\MyProducts\MagiaRe\Magia_CN_Project\dist\MagiaCN-r128-downloader-fix1.apk,assets/package/quest/ef_qb_charge/ef_qb_charge0.plist,assets/package/quest/ef_qb_charge/ef_qb_charge0.png,qb_cg_mk_02.png,D:\magia\MyProducts\MagiaRe\Magia_CN_Project\dist\MagiaCN-r128-downloader-fix1.apk!/assets/package/quest/ef_qb_charge/ef_qb_charge0.plist#frame:qb_cg_mk_02.png,assets/package/quest/ef_qb_charge/ef_qb_charge0.plist#frame:qb_cg_mk_02.png,atlas-frames/assets/package/quest/ef_qb_charge/ef_qb_charge0/qb_cg_mk_02.png,0,328,86,106,86,106,86,106,0.0,0.0,False,PNG,86,106,RGBA,1,True,48AE086BA4622E9B58CF8CDE25C0977E45458FF38A744B58047008DEF6B41FFA,630D8A51129DAF7DA60AAB11D730ADF8AA81E9718991E2C62FC08B6533C0089B,CC9B3366C6993E64,2336
L-FRAME-00293,logical_frame,D:\magia\MyProducts\MagiaRe\Magia_CN_Project\dist\MagiaCN-r128-downloader-fix1.apk,assets/package/quest/ef_qb_charge/ef_qb_charge0.plist,assets/package/quest/ef_qb_charge/ef_qb_charge0.png,qb_cg_tx.png,D:\magia\MyProducts\MagiaRe\Magia_CN_Project\dist\MagiaCN-r128-downloader-fix1.apk!/assets/package/quest/ef_qb_charge/ef_qb_charge0.plist#frame:qb_cg_tx.png,assets/package/quest/ef_qb_charge/ef_qb_charge0.plist#frame:qb_cg_tx.png,atlas-frames/assets/package/quest/ef_qb_charge/ef_qb_charge0/qb_cg_tx.png,118,210,244,79,244,79,244,79,0.0,0.0,False,PNG,244,79,RGBA,1,True,1BA8A63F9CCA10B382E375DC5BA6E32BCB479EAC4B199C4096DA00948D18965A,83B4A3CC64F49E124D954696CC65F70B607F4B0799445227F57BF6BD4123DEB8,C4637A848F1FCC73,14810
L-FRAME-00294,logical_frame,D:\magia\MyProducts\MagiaRe\Magia_CN_Project\dist\MagiaCN-r128-downloader-fix1.apk,assets/package/quest/ef_qb_charge/ef_qb_charge0.plist,assets/package/quest/ef_qb_charge/ef_qb_charge0.png,qb_cg_tx_back.png,D:\magia\MyProducts\MagiaRe\Magia_CN_Project\dist\MagiaCN-r128-downloader-fix1.apk!/assets/package/quest/ef_qb_charge/ef_qb_charge0.plist#frame:qb_cg_tx_back.png,assets/package/quest/ef_qb_charge/ef_qb_charge0.plist#frame:qb_cg_tx_back.png,atlas-frames/assets/package/quest/ef_qb_charge/ef_qb_charge0/qb_cg_tx_back.png,118,291,188,29,188,29,188,29,0.0,0.0,False,PNG,188,29,RGBA,1,True,6CC46D7FFE1E4915C70BDA5879EF5808987B28697E76F3328D774FEF8B72B88B,3A17F53AD8AB6902DD0FBDC7887F89BC46227EB3E1198CB8C46F9410213C47D8,ABD5D02AD5D5D2D0,2299
L-FRAME-00295,logical_frame,D:\magia\MyProducts\MagiaRe\Magia_CN_Project\dist\MagiaCN-r128-downloader-fix1.apk,assets/package/quest/ef_qb_charge/ef_qb_charge0.plist,assets/package/quest/ef_qb_charge/ef_qb_charge0.png,qb_charge_nm00.png,D:\magia\MyProducts\MagiaRe\Magia_CN_Project\dist\MagiaCN-r128-downloader-fix1.apk!/assets/package/quest/ef_qb_charge/ef_qb_charge0.plist#frame:qb_charge_nm00.png,assets/package/quest/ef_qb_charge/ef_qb_charge0.plist#frame:qb_charge_nm00.png,atlas-frames/assets/package/quest/ef_qb_charge/ef_qb_charge0/qb_charge_nm00.png,88,328,52,56,52,56,52,56,0.0,0.0,False,PNG,52,56,RGBA,1,True,BB0F0C22B9C5BA885007D112C699AADF5AA6905E3C38C5C0068BA78345335499,23F2C004C15E227FA54B14871A125FDA2B979F70E877F430F67DC7E86D09F7CD,86D059C7647D673C,4027
L-FRAME-00296,logical_frame,D:\magia\MyProducts\MagiaRe\Magia_CN_Project\dist\MagiaCN-r128-downloader-fix1.apk,assets/package/quest/ef_qb_charge/ef_qb_charge0.plist,assets/package/quest/ef_qb_charge/ef_qb_charge0.png,qb_charge_nm01.png,D:\magia\MyProducts\MagiaRe\Magia_CN_Project\dist\MagiaCN-r128-downloader-fix1.apk!/assets/package/quest/ef_qb_charge/ef_qb_charge0.plist#frame:qb_charge_nm01.png,assets/package/quest/ef_qb_charge/ef_qb_charge0.plist#frame:qb_charge_nm01.png,atlas-frames/assets/package/quest/ef_qb_charge/ef_qb_charge0/qb_charge_nm01.png,420,0,52,56,52,56,52,56,0.0,0.0,False,PNG,52,56,RGBA,1,True,32F2AD003A6AB26D82E627DDA986B5538A34FC98AF2651B951A244923DC00EBB,C8E428B92CA6279B8E0A3BF1366446848E3E58541EC7A43236A7725F0BBB8F9E,99C76638303967E7,2081
L-FRAME-00297,logical_frame,D:\magia\MyProducts\MagiaRe\Magia_CN_Project\dist\MagiaCN-r128-downloader-fix1.apk,assets/package/quest/ef_qb_charge/ef_qb_charge0.plist,assets/package/quest/ef_qb_charge/ef_qb_charge0.png,qb_charge_nm02.png,D:\magia\MyProducts\MagiaRe\Magia_CN_Project\dist\MagiaCN-r128-downloader-fix1.apk!/assets/package/quest/ef_qb_charge/ef_qb_charge0.plist#frame:qb_charge_nm02.png,assets/package/quest/ef_qb_charge/ef_qb_charge0.plist#frame:qb_charge_nm02.png,atlas-frames/assets/package/quest/ef_qb_charge/ef_qb_charge0/qb_charge_nm02.png,0,436,52,56,52,56,52,56,0.0,0.0,False,PNG,52,56,RGBA,1,True,B9DF0F0CEAE39A0FB2D21EDD30B55EDFC1C780E3E000BA6EFC2DCEC1DA743392,272AC2E2A537CB5EDFB4009ED569BE1A830380A6A71083A67830B30B5E2228E1,93D26C4C39B36679,3475
L-FRAME-00298,logical_frame,D:\magia\MyProducts\MagiaRe\Magia_CN_Project\dist\MagiaCN-r128-downloader-fix1.apk,assets/package/quest/ef_qb_charge/ef_qb_charge0.plist,assets/package/quest/ef_qb_charge/ef_qb_charge0.png,qb_charge_nm03.png,D:\magia\MyProducts\MagiaRe\Magia_CN_Project\dist\MagiaCN-r128-downloader-fix1.apk!/assets/package/quest/ef_qb_charge/ef_qb_charge0.plist#frame:qb_charge_nm03.png,assets/package/quest/ef_qb_charge/ef_qb_charge0.plist#frame:qb_charge_nm03.png,atlas-frames/assets/package/quest/ef_qb_charge/ef_qb_charge0/qb_charge_nm03.png,142,322,52,56,52,56,52,56,0.0,0.0,False,PNG,52,56,RGBA,1,True,727DC0B510E6A5C426AF79A9D658FE84AAE15D69979F7A35CF7BBBCDB3F6A633,8414088E1F086876ED91C3E6FD51B96EC8B9AD3D04BCB3EF0924EA9A646313C2,96DC69C7384B6734,4395
L-FRAME-00299,logical_frame,D:\magia\MyProducts\MagiaRe\Magia_CN_Project\dist\MagiaCN-r128-downloader-fix1.apk,assets/package/quest/ef_qb_charge/ef_qb_charge0.plist,assets/package/quest/ef_qb_charge/ef_qb_charge0.png,qb_charge_nm04.png,D:\magia\MyProducts\MagiaRe\Magia_CN_Project\dist\MagiaCN-r128-downloader-fix1.apk!/assets/package/quest/ef_qb_charge/ef_qb_charge0.plist#frame:qb_charge_nm04.png,assets/package/quest/ef_qb_charge/ef_qb_charge0.plist#frame:qb_charge_nm04.png,atlas-frames/assets/package/quest/ef_qb_charge/ef_qb_charge0/qb_charge_nm04.png,88,386,52,56,52,56,52,56,0.0,0.0,False,PNG,52,56,RGBA,1,True,D8FC9FE3D520EE18DD7E89B72DE580400B0EFD481ABB4D12A0242DA58B9D07D1,0CBF8A218C51D347DAD5D41AE293AE01C4C66575CE4D36FCA0AF34351CC1CB2F,921E3CC1673ECCF1,2940
L-FRAME-00300,logical_frame,D:\magia\MyProducts\MagiaRe\Magia_CN_Project\dist\MagiaCN-r128-downloader-fix1.apk,assets/package/quest/ef_qb_charge/ef_qb_charge0.plist,assets/package/quest/ef_qb_charge/ef_qb_charge0.png,qb_charge_nm05.png,D:\magia\MyProducts\MagiaRe\Magia_CN_Project\dist\MagiaCN-r128-downloader-fix1.apk!/assets/package/quest/ef_qb_charge/ef_qb_charge0.plist#frame:qb_charge_nm05.png,assets/package/quest/ef_qb_charge/ef_qb_charge0.plist#frame:qb_charge_nm05.png,atlas-frames/assets/package/quest/ef_qb_charge/ef_qb_charge0/qb_charge_nm05.png,420,58,52,56,52,56,52,56,0.0,0.0,False,PNG,52,56,RGBA,1,True,9ADCC7CE041CDF7D659AB2924F19461181D50B7453FD0B8063B4F859EC1EA41B,421D8BB64FFCF34C66E1849C2C6AED6E6034586F5B41A166BC7DA2161D8FB225,93C96CB63E4B613C,3657
L-FRAME-00301,logical_frame,D:\magia\MyProducts\MagiaRe\Magia_CN_Project\dist\MagiaCN-r128-downloader-fix1.apk,assets/package/quest/ef_qb_charge/ef_qb_charge0.plist,assets/package/quest/ef_qb_charge/ef_qb_charge0.png,qb_charge_nm06.png,D:\magia\MyProducts\MagiaRe\Magia_CN_Project\dist\MagiaCN-r128-downloader-fix1.apk!/assets/package/quest/ef_qb_charge/ef_qb_charge0.plist#frame:qb_charge_nm06.png,assets/package/quest/ef_qb_charge/ef_qb_charge0.plist#frame:qb_charge_nm06.png,atlas-frames/assets/package/quest/ef_qb_charge/ef_qb_charge0/qb_charge_nm06.png,196,322,52,56,52,56,52,56,0.0,0.0,False,PNG,52,56,RGBA,1,True,6FDB65AD24A1A8879FD9BE6B725D3D96388DBA39F26614371DF627C2B0EB53A3,823EA9765F9D44C15AFD161784931194D206D5E1467C4B7CBAA4CAC4C417AF85,87D93CB778496534,4046
L-FRAME-00302,logical_frame,D:\magia\MyProducts\MagiaRe\Magia_CN_Project\dist\MagiaCN-r128-downloader-fix1.apk,assets/package/quest/ef_qb_charge/ef_qb_charge0.plist,assets/package/quest/ef_qb_charge/ef_qb_charge0.png,qb_charge_nm07.png,D:\magia\MyProducts\MagiaRe\Magia_CN_Project\dist\MagiaCN-r128-downloader-fix1.apk!/assets/package/quest/ef_qb_charge/ef_qb_charge0.plist#frame:qb_charge_nm07.png,assets/package/quest/ef_qb_charge/ef_qb_charge0.plist#frame:qb_charge_nm07.png,atlas-frames/assets/package/quest/ef_qb_charge/ef_qb_charge0/qb_charge_nm07.png,142,380,52,56,52,56,52,56,0.0,0.0,False,PNG,52,56,RGBA,1,True,29F98FCE46F30BDA19EE839C08B0F128177D38AB76711BE3BDD6623FC2053CE0,3DCA556C945F5A43D395179599F91D20DA14D228946DA6BEBD61769075E17379,909364493B7E3C6F,2709
L-FRAME-00303,logical_frame,D:\magia\MyProducts\MagiaRe\Magia_CN_Project\dist\MagiaCN-r128-downloader-fix1.apk,assets/package/quest/ef_qb_charge/ef_qb_charge0.plist,assets/package/quest/ef_qb_charge/ef_qb_charge0.png,qb_charge_nm08.png,D:\magia\MyProducts\MagiaRe\Magia_CN_Project\dist\MagiaCN-r128-downloader-fix1.apk!/assets/package/quest/ef_qb_charge/ef_qb_charge0.plist#frame:qb_charge_nm08.png,assets/package/quest/ef_qb_charge/ef_qb_charge0.plist#frame:qb_charge_nm08.png,atlas-frames/assets/package/quest/ef_qb_charge/ef_qb_charge0/qb_charge_nm08.png,54,444,52,56,52,56,52,56,0.0,0.0,False,PNG,52,56,RGBA,1,True,C6F8EF514A456C4BA4FD63156BC7EFEB8691D97FCDCFB54FBD290725950C6015,55965F4161EED20331ECC7092CC7E3FA14D00A8DADB82E6B9082B3D49A6FDF81,879E78E1781E6565,4401
L-FRAME-00304,logical_frame,D:\magia\MyProducts\MagiaRe\Magia_CN_Project\dist\MagiaCN-r128-downloader-fix1.apk,assets/package/quest/ef_qb_charge/ef_qb_charge0.plist,assets/package/quest/ef_qb_charge/ef_qb_charge0.png,qb_charge_nm09.png,D:\magia\MyProducts\MagiaRe\Magia_CN_Project\dist\MagiaCN-r128-downloader-fix1.apk!/assets/package/quest/ef_qb_charge/ef_qb_charge0.plist#frame:qb_charge_nm09.png,assets/package/quest/ef_qb_charge/ef_qb_charge0.plist#frame:qb_charge_nm09.png,atlas-frames/assets/package/quest/ef_qb_charge/ef_qb_charge0/qb_charge_nm09.png,420,116,52,56,52,56,52,56,0.0,0.0,False,PNG,52,56,RGBA,1,True,725735E7AC77E593CE742B14CF1FAD94F147169A6C81F89AA320C95B512B870C,78B1966FF4B8E9402FF43E4D5C991D8DFC6A8338577098A20BCB6AAD2B2DC1F7,87E1789E3D63649C,4256
L-FRAME-00305,logical_frame,D:\magia\MyProducts\MagiaRe\Magia_CN_Project\dist\MagiaCN-r128-downloader-fix1.apk,assets/package/quest/ef_qb_charge/ef_qb_charge0.plist,assets/package/quest/ef_qb_charge/ef_qb_charge0.png,qb_charge_plus.png,D:\magia\MyProducts\MagiaRe\Magia_CN_Project\dist\MagiaCN-r128-downloader-fix1.apk!/assets/package/quest/ef_qb_charge/ef_qb_charge0.plist#frame:qb_charge_plus.png,assets/package/quest/ef_qb_charge/ef_qb_charge0.plist#frame:qb_charge_plus.png,atlas-frames/assets/package/quest/ef_qb_charge/ef_qb_charge0/qb_charge_plus.png,108,444,40,40,40,40,40,40,0.0,0.0,False,PNG,40,40,RGBA,1,True,186E817CC57D20FE7FC98A6B73C3389C0F10D407DBE7D00973AF39327988C2E0,181C28EC6F464EB589207E6606FB55C7F26682AB339D00331E12E81D6EE19E6E,998E6EB9A6337922,1865
L-FRAME-00306,logical_frame,D:\magia\MyProducts\MagiaRe\Magia_CN_Project\dist\MagiaCN-r128-downloader-fix1.apk,assets/package/quest/ef_qb_connect/ef_qb_connect0.plist,assets/package/quest/ef_qb_connect/ef_qb_connect0.png,arrow_01.png,D:\magia\MyProducts\MagiaRe\Magia_CN_Project\dist\MagiaCN-r128-downloader-fix1.apk!/assets/package/quest/ef_qb_connect/ef_qb_connect0.plist#frame:arrow_01.png,assets/package/quest/ef_qb_connect/ef_qb_connect0.plist#frame:arrow_01.png,atlas-frames/assets/package/quest/ef_qb_connect/ef_qb_connect0/arrow_01.png,0,0,53,68,53,68,53,68,0.0,0.0,False,PNG,53,68,RGBA,1,True,79984B33A1370BABEBF5DDE2EFBD9A9066159ED2DAB12ED7A255BF56605E822B,514C9EF5324A866060D0DE697500FD11F7A32D0A591E79A5CF9DC51BEA02D7A7,DC216FB1E3181BE9,1704
L-FRAME-00307,logical_frame,D:\magia\MyProducts\MagiaRe\Magia_CN_Project\dist\MagiaCN-r128-downloader-fix1.apk,assets/package/quest/ef_qb_connect/ef_qb_connect0.plist,assets/package/quest/ef_qb_connect/ef_qb_connect0.png,qb_ct_tx.png,D:\magia\MyProducts\MagiaRe\Magia_CN_Project\dist\MagiaCN-r128-downloader-fix1.apk!/assets/package/quest/ef_qb_connect/ef_qb_connect0.plist#frame:qb_ct_tx.png,assets/package/quest/ef_qb_connect/ef_qb_connect0.plist#frame:qb_ct_tx.png,atlas-frames/assets/package/quest/ef_qb_connect/ef_qb_connect0/qb_ct_tx.png,55,0,300,79,300,79,300,79,0.0,0.0,False,PNG,300,79,RGBA,1,True,17C7F3328B7220E69563232B41B0EDA0177242B83CCAD75020103E554F095EB6,1C479BA15C6592F1E0750CE9D926A95792C533B49033A538A2ED39FA56B8706E,C0786AD29F2DE17A,11692
L-FRAME-00308,logical_frame,D:\magia\MyProducts\MagiaRe\Magia_CN_Project\dist\MagiaCN-r128-downloader-fix1.apk,assets/package/quest/ef_qb_connect/ef_qb_connect0.plist,assets/package/quest/ef_qb_connect/ef_qb_connect0.png,qb_cg_mk_01.png,D:\magia\MyProducts\MagiaRe\Magia_CN_Project\dist\MagiaCN-r128-downloader-fix1.apk!/assets/package/quest/ef_qb_connect/ef_qb_connect0.plist#frame:qb_cg_mk_01.png,assets/package/quest/ef_qb_connect/ef_qb_connect0.plist#frame:qb_cg_mk_01.png,atlas-frames/assets/package/quest/ef_qb_connect/ef_qb_connect0/qb_cg_mk_01.png,0,81,116,116,116,116,116,116,0.0,0.0,False,PNG,116,116,RGBA,1,True,3A230E891B06DE6CE96DDF32543D1EDF390DB08EF4F0E2226170EECAFD5714E4,55D89D8599298F5A56F66E5E8FCB361ADF3288585598A8FF6D3141AC6AF7AA5A,C2C33D3CC5C09A7F,4016
L-FRAME-00309,logical_frame,D:\magia\MyProducts\MagiaRe\Magia_CN_Project\dist\MagiaCN-r128-downloader-fix1.apk,assets/package/quest/ef_qb_connect/ef_qb_connect0.plist,assets/package/quest/ef_qb_connect/ef_qb_connect0.png,ef_qb_ct_icon.png,D:\magia\MyProducts\MagiaRe\Magia_CN_Project\dist\MagiaCN-r128-downloader-fix1.apk!/assets/package/quest/ef_qb_connect/ef_qb_connect0.plist#frame:ef_qb_ct_icon.png,assets/package/quest/ef_qb_connect/ef_qb_connect0.plist#frame:ef_qb_ct_icon.png,atlas-frames/assets/package/quest/ef_qb_connect/ef_qb_connect0/ef_qb_ct_icon.png,118,81,160,160,160,160,160,160,0.0,0.0,False,PNG,160,160,RGBA,1,True,3252EF6569CE8569BB3035859CCD2AA02A9EC0056B55DE1A224E93E9D0287CED,C77DF722FB51FFC697ED4BC4C2C5343CDE3F315094DBA43D5B1B5B8915C6C037,C3D33C2D3234CBD6,6985
L-FRAME-00310,logical_frame,D:\magia\MyProducts\MagiaRe\Magia_CN_Project\dist\MagiaCN-r128-downloader-fix1.apk,assets/package/quest/ef_qb_connect/ef_qb_connect0.plist,assets/package/quest/ef_qb_connect/ef_qb_connect0.png,command_disk.png,D:\magia\MyProducts\MagiaRe\Magia_CN_Project\dist\MagiaCN-r128-downloader-fix1.apk!/assets/package/quest/ef_qb_connect/ef_qb_connect0.plist#frame:command_disk.png,assets/package/quest/ef_qb_connect/ef_qb_connect0.plist#frame:command_disk.png,atlas-frames/assets/package/quest/ef_qb_connect/ef_qb_connect0/command_disk.png,357,0,120,120,120,120,120,120,0.0,0.0,False,PNG,120,120,RGBA,1,True,FC1CC32AE34B1C37EA5AD4E2E6F3578C6DF4AF379730EB97E360ED74C88923C4,DEF76FA9946FC44927076D2B1FBCE84694D4BC6A3714B11F687CD6DE804B9C12,D72929D639D6D729,136
L-FRAME-00311,logical_frame,D:\magia\MyProducts\MagiaRe\Magia_CN_Project\dist\MagiaCN-r128-downloader-fix1.apk,assets/package/quest/ef_qb_connect/ef_qb_connect0.plist,assets/package/quest/ef_qb_connect/ef_qb_connect0.png,qb_cg_mk_02.png,D:\magia\MyProducts\MagiaRe\Magia_CN_Project\dist\MagiaCN-r128-downloader-fix1.apk!/assets/package/quest/ef_qb_connect/ef_qb_connect0.plist#frame:qb_cg_mk_02.png,assets/package/quest/ef_qb_connect/ef_qb_connect0.plist#frame:qb_cg_mk_02.png,atlas-frames/assets/package/quest/ef_qb_connect/ef_qb_connect0/qb_cg_mk_02.png,280,122,86,106,86,106,86,106,0.0,0.0,False,PNG,86,106,RGBA,1,True,B88536B6DEA031B78034C5C1EBEDFC7F13B4E8C4EA07931476F24C50D9F87539,4EEC4E549D33691017178502861C4FAE7CC29B97071A640AD02177F171FA32E4,CC993366C6993F64,2194
L-FRAME-00312,logical_frame,D:\magia\MyProducts\MagiaRe\Magia_CN_Project\dist\MagiaCN-r128-downloader-fix1.apk,assets/package/quest/ef_qb_connect/ef_qb_connect0.plist,assets/package/quest/ef_qb_connect/ef_qb_connect0.png,qb_cg_tx_back.png,D:\magia\MyProducts\MagiaRe\Magia_CN_Project\dist\MagiaCN-r128-downloader-fix1.apk!/assets/package/quest/ef_qb_connect/ef_qb_connect0.plist#frame:qb_cg_tx_back.png,assets/package/quest/ef_qb_connect/ef_qb_connect0.plist#frame:qb_cg_tx_back.png,atlas-frames/assets/package/quest/ef_qb_connect/ef_qb_connect0/qb_cg_tx_back.png,0,243,261,38,261,38,261,38,0.0,0.0,False,PNG,261,38,RGBA,1,True,A9E22769F29B56E6945EAF7B51A951D23C1F89B5F902864A770ED1CADB429031,AF100C37A32A61559EA66C0EACE3DF1972CDF3F869426FB83579844B5901DE3C,AAD5D52AD4D57F00,1138
L-FRAME-00313,logical_frame,D:\magia\MyProducts\MagiaRe\Magia_CN_Project\dist\MagiaCN-r128-downloader-fix1.apk,assets/package/quest/ef_qb_connect/ef_qb_connect0.plist,assets/package/quest/ef_qb_connect/ef_qb_connect0.png,qb_cg_ef_02.png,D:\magia\MyProducts\MagiaRe\Magia_CN_Project\dist\MagiaCN-r128-downloader-fix1.apk!/assets/package/quest/ef_qb_connect/ef_qb_connect0.plist#frame:qb_cg_ef_02.png,assets/package/quest/ef_qb_connect/ef_qb_connect0.plist#frame:qb_cg_ef_02.png,atlas-frames/assets/package/quest/ef_qb_connect/ef_qb_connect0/qb_cg_ef_02.png,0,283,208,208,208,208,208,208,0.0,0.0,False,PNG,208,208,RGBA,1,True,3C19DBEA14810C592C9B7E53444F61DEC857A3FCBE09BBF22254006E261CFB29,29289703938F1523E12635E3E6BF9D53AA32350DD1059246BAA2289DE32BF647,D36C2CC4339ADE74,22880
L-FRAME-00314,logical_frame,D:\magia\MyProducts\MagiaRe\Magia_CN_Project\dist\MagiaCN-r128-downloader-fix1.apk,assets/package/quest/ef_qb_connect/ef_qb_connect0.plist,assets/package/quest/ef_qb_connect/ef_qb_connect0.png,qb_cg_ef_01.png,D:\magia\MyProducts\MagiaRe\Magia_CN_Project\dist\MagiaCN-r128-downloader-fix1.apk!/assets/package/quest/ef_qb_connect/ef_qb_connect0.plist#frame:qb_cg_ef_01.png,assets/package/quest/ef_qb_connect/ef_qb_connect0.plist#frame:qb_cg_ef_01.png,atlas-frames/assets/package/quest/ef_qb_connect/ef_qb_connect0/qb_cg_ef_01.png,210,283,208,208,208,208,208,208,0.0,0.0,False,PNG,208,208,RGBA,1,True,E0F9D5074AF48D539F01C8DFEA3C3C4C38948791980A18D8F059A70881C002B9,98B7C7496185CB30B5DDEDFF6A7002727B2179F0225CA4C7EC6FB4A9FFFC5DAC,CB383C2EB05EC47D,39252
L-FRAME-00315,logical_frame,D:\magia\MyProducts\MagiaRe\Magia_CN_Project\dist\MagiaCN-r128-downloader-fix1.apk,assets/package/quest/ef_qb_cutin/ef_qb_cutin0.plist,assets/package/quest/ef_qb_cutin/ef_qb_cutin0.png,ef_qb_cutin_b_img.png,D:\magia\MyProducts\MagiaRe\Magia_CN_Project\dist\MagiaCN-r128-downloader-fix1.apk!/assets/package/quest/ef_qb_cutin/ef_qb_cutin0.plist#frame:ef_qb_cutin_b_img.png,assets/package/quest/ef_qb_cutin/ef_qb_cutin0.plist#frame:ef_qb_cutin_b_img.png,atlas-frames/assets/package/quest/ef_qb_cutin/ef_qb_cutin0/ef_qb_cutin_b_img.png,0,0,8,8,8,8,8,8,0.0,0.0,False,PNG,8,8,RGBA,1,True,E0F89DC98BC3CD5E36FE43AFBF3D9CE142F69BE881931E0A9733700E0DF30628,7A5D9CE14D31CBEDE47452BB738C5B385B91CECB4A13AC209A71740A0FA8E474,D72929D639D6D729,71
L-FRAME-00316,logical_frame,D:\magia\MyProducts\MagiaRe\Magia_CN_Project\dist\MagiaCN-r128-downloader-fix1.apk,assets/package/quest/ef_qb_cutin/ef_qb_cutin0.plist,assets/package/quest/ef_qb_cutin/ef_qb_cutin0.png,bg_bl.png,D:\magia\MyProducts\MagiaRe\Magia_CN_Project\dist\MagiaCN-r128-downloader-fix1.apk!/assets/package/quest/ef_qb_cutin/ef_qb_cutin0.plist#frame:bg_bl.png,assets/package/quest/ef_qb_cutin/ef_qb_cutin0.plist#frame:bg_bl.png,atlas-frames/assets/package/quest/ef_qb_cutin/ef_qb_cutin0/bg_bl.png,0,10,50,50,50,50,50,50,0.0,0.0,False,PNG,50,50,RGBA,1,True,B6A0652995796DB08F6CED68473AFEEFB2308ED5B711A848F3D768248A5F7183,62214EE795F2B922C5BC7606D4F5CBACEE8E182EEB7F489F4AC182696465E3B1,FFFFFFFFFFFFFFFF,161
L-FRAME-00317,logical_frame,D:\magia\MyProducts\MagiaRe\Magia_CN_Project\dist\MagiaCN-r128-downloader-fix1.apk,assets/package/quest/ef_qb_cutin/ef_qb_cutin0.plist,assets/package/quest/ef_qb_cutin/ef_qb_cutin0.png,name_bg.png,D:\magia\MyProducts\MagiaRe\Magia_CN_Project\dist\MagiaCN-r128-downloader-fix1.apk!/assets/package/quest/ef_qb_cutin/ef_qb_cutin0.plist#frame:name_bg.png,assets/package/quest/ef_qb_cutin/ef_qb_cutin0.plist#frame:name_bg.png,atlas-frames/assets/package/quest/ef_qb_cutin/ef_qb_cutin0/name_bg.png,0,62,311,41,311,41,311,41,0.0,0.0,False,PNG,311,41,RGBA,1,True,5301ACF9A910C27CC965143ED69AE5380B0619ED37061CA5B61F6E6EDB2123C1,6944901FDCF9CEA272EA36D546FDBD036F348C43A6780F469A31BC569C9E6CD2,AAD5D554D47FD500,2532
L-FRAME-00318,logical_frame,D:\magia\MyProducts\MagiaRe\Magia_CN_Project\dist\MagiaCN-r128-downloader-fix1.apk,assets/package/quest/ef_qb_cutin/ef_qb_cutin0.plist,assets/package/quest/ef_qb_cutin/ef_qb_cutin0.png,card_10134_m.png,D:\magia\MyProducts\MagiaRe\Magia_CN_Project\dist\MagiaCN-r128-downloader-fix1.apk!/assets/package/quest/ef_qb_cutin/ef_qb_cutin0.plist#frame:card_10134_m.png,assets/package/quest/ef_qb_cutin/ef_qb_cutin0.plist#frame:card_10134_m.png,atlas-frames/assets/package/quest/ef_qb_cutin/ef_qb_cutin0/card_10134_m.png,52,0,20,20,20,20,20,20,0.0,0.0,False,PNG,20,20,RGBA,1,True,879DE27F80C03F19C30A4F19662F0609490B2C745D2D1F17909E330ABF889E36,4F72AE24890C5A2C3E9B96A620F4A8B254F5412A4D86E8C1B6680210DF33F6D6,D72929D639D6D729,79
L-FRAME-00319,logical_frame,D:\magia\MyProducts\MagiaRe\Magia_CN_Project\dist\MagiaCN-r128-downloader-fix1.apk,assets/package/quest/ef_qb_cutin/ef_qb_cutin0.plist,assets/package/quest/ef_qb_cutin/ef_qb_cutin0.png,bg_cl.png,D:\magia\MyProducts\MagiaRe\Magia_CN_Project\dist\MagiaCN-r128-downloader-fix1.apk!/assets/package/quest/ef_qb_cutin/ef_qb_cutin0.plist#frame:bg_cl.png,assets/package/quest/ef_qb_cutin/ef_qb_cutin0.plist#frame:bg_cl.png,atlas-frames/assets/package/quest/ef_qb_cutin/ef_qb_cutin0/bg_cl.png,0,105,100,100,100,100,100,100,0.0,0.0,False,PNG,100,100,RGBA,1,True,4E243522632316AE7B6EB996BA818B8FD2FF668F7F2E6B6987CB6E211B7E584C,1ABAB80019E64E0235783E60510CF248ECD303DC35D9DB3A8BCD5585554BB7DB,D25B4F643493B3CC,6869
L-FRAME-00320,logical_frame,D:\magia\MyProducts\MagiaRe\Magia_CN_Project\dist\MagiaCN-r128-downloader-fix1.apk,assets/package/quest/ef_qb_mpup/ef_qb_mpup0.plist,assets/package/quest/ef_qb_mpup/ef_qb_mpup0.png,qb_mp_tx.png,D:\magia\MyProducts\MagiaRe\Magia_CN_Project\dist\MagiaCN-r128-downloader-fix1.apk!/assets/package/quest/ef_qb_mpup/ef_qb_mpup0.plist#frame:qb_mp_tx.png,assets/package/quest/ef_qb_mpup/ef_qb_mpup0.plist#frame:qb_mp_tx.png,atlas-frames/assets/package/quest/ef_qb_mpup/ef_qb_mpup0/qb_mp_tx.png,0,0,300,79,300,79,300,79,0.0,0.0,False,PNG,300,79,RGBA,1,True,93AE165FCA55122BDB2AF1EB2F662A06D435C055CCC9BC323D23AE15C3CE77C1,0F64DABD3BEE45E0AB8E63E49F4320E92BDC15C9EC2CE90625865B1CFBD8A968,C48D3B52D92DC6CD,14237
L-FRAME-00321,logical_frame,D:\magia\MyProducts\MagiaRe\Magia_CN_Project\dist\MagiaCN-r128-downloader-fix1.apk,assets/package/quest/ef_qb_mpup/ef_qb_mpup0.plist,assets/package/quest/ef_qb_mpup/ef_qb_mpup0.png,mp_arrow_01.png,D:\magia\MyProducts\MagiaRe\Magia_CN_Project\dist\MagiaCN-r128-downloader-fix1.apk!/assets/package/quest/ef_qb_mpup/ef_qb_mpup0.plist#frame:mp_arrow_01.png,assets/package/quest/ef_qb_mpup/ef_qb_mpup0.plist#frame:mp_arrow_01.png,atlas-frames/assets/package/quest/ef_qb_mpup/ef_qb_mpup0/mp_arrow_01.png,0,81,53,68,53,68,53,68,0.0,0.0,False,PNG,53,68,RGBA,1,True,EC8C9B75F1ED694C9992B73C366799601733D11708613070AC2DA47F82A4C227,104E15608100E7B4B874F83F3132D3D0EB9C8CDD58DBC3D76668A1283EA8D9F8,CC232FF3E31819F1,1694
L-FRAME-00322,logical_frame,D:\magia\MyProducts\MagiaRe\Magia_CN_Project\dist\MagiaCN-r128-downloader-fix1.apk,assets/package/quest/ef_qb_mpup/ef_qb_mpup0.plist,assets/package/quest/ef_qb_mpup/ef_qb_mpup0.png,qb_mp_ef_02.png,D:\magia\MyProducts\MagiaRe\Magia_CN_Project\dist\MagiaCN-r128-downloader-fix1.apk!/assets/package/quest/ef_qb_mpup/ef_qb_mpup0.plist#frame:qb_mp_ef_02.png,assets/package/quest/ef_qb_mpup/ef_qb_mpup0.plist#frame:qb_mp_ef_02.png,atlas-frames/assets/package/quest/ef_qb_mpup/ef_qb_mpup0/qb_mp_ef_02.png,302,0,208,208,208,208,208,208,0.0,0.0,False,PNG,208,208,RGBA,1,True,725DF9969D4630B6B60F0E37048D5E540EF646DC7BA58437CC431AD4C586CD3D,9DE48D418DD4E1A70790D9AD22088756C18DFE0EE0A7B3E15214BF83AE41C3BB,D3242CE6339ACF36,25773
L-FRAME-00323,logical_frame,D:\magia\MyProducts\MagiaRe\Magia_CN_Project\dist\MagiaCN-r128-downloader-fix1.apk,assets/package/quest/ef_qb_mpup/ef_qb_mpup0.plist,assets/package/quest/ef_qb_mpup/ef_qb_mpup0.png,qb_mp_ef_01.png,D:\magia\MyProducts\MagiaRe\Magia_CN_Project\dist\MagiaCN-r128-downloader-fix1.apk!/assets/package/quest/ef_qb_mpup/ef_qb_mpup0.plist#frame:qb_mp_ef_01.png,assets/package/quest/ef_qb_mpup/ef_qb_mpup0.plist#frame:qb_mp_ef_01.png,atlas-frames/assets/package/quest/ef_qb_mpup/ef_qb_mpup0/qb_mp_ef_01.png,55,81,208,208,208,208,208,208,0.0,0.0,False,PNG,208,208,RGBA,1,True,4AAB256B5BC069EEC6EDF3AC91BFD772D83EEDA893E507CC9F3A59A72FCF7F51,B8424244CF970D12F25B26A456E0BD761CEED5297DF0E1E19BD0A0CE2F08740B,CB383C2EB05EC47D,41359
L-FRAME-00324,logical_frame,D:\magia\MyProducts\MagiaRe\Magia_CN_Project\dist\MagiaCN-r128-downloader-fix1.apk,assets/package/quest/ef_skill_01/ef_skill_010.plist,assets/package/quest/ef_skill_01/ef_skill_010.png,dummy_title.png,D:\magia\MyProducts\MagiaRe\Magia_CN_Project\dist\MagiaCN-r128-downloader-fix1.apk!/assets/package/quest/ef_skill_01/ef_skill_010.plist#frame:dummy_title.png,assets/package/quest/ef_skill_01/ef_skill_010.plist#frame:dummy_title.png,atlas-frames/assets/package/quest/ef_skill_01/ef_skill_010/dummy_title.png,0,0,399,27,399,27,399,27,0.0,0.0,False,PNG,399,27,RGBA,1,True,E99C59B08964830A9770DEFC43D422DBDFB035D021254793740DD85FFC98D083,291F4783DDACDC5B9D302612BE65176A9092832239477AE45B6271EDDE061D5F,D72929D639D6D729,122
L-FRAME-00325,logical_frame,D:\magia\MyProducts\MagiaRe\Magia_CN_Project\dist\MagiaCN-r128-downloader-fix1.apk,assets/package/quest/ef_skill_01/ef_skill_010.plist,assets/package/quest/ef_skill_01/ef_skill_010.png,ui_skill_title03.png,D:\magia\MyProducts\MagiaRe\Magia_CN_Project\dist\MagiaCN-r128-downloader-fix1.apk!/assets/package/quest/ef_skill_01/ef_skill_010.plist#frame:ui_skill_title03.png,assets/package/quest/ef_skill_01/ef_skill_010.plist#frame:ui_skill_title03.png,atlas-frames/assets/package/quest/ef_skill_01/ef_skill_010/ui_skill_title03.png,0,27,72,49,72,49,72,49,0.0,0.0,False,PNG,72,49,RGBA,1,True,CD3A52751045B6C481460C217658C93673EED4EA8D02E9C63C33AA31E41D2C37,1895DFD97ED011AE725ECE1A8DF0A4BAC09BC59BBDB81A2BC17DED39757DF627,92E06F1F92E1691F,1720
L-FRAME-00326,logical_frame,D:\magia\MyProducts\MagiaRe\Magia_CN_Project\dist\MagiaCN-r128-downloader-fix1.apk,assets/package/quest/ef_skill_01/ef_skill_010.plist,assets/package/quest/ef_skill_01/ef_skill_010.png,ui_skill_title02.png,D:\magia\MyProducts\MagiaRe\Magia_CN_Project\dist\MagiaCN-r128-downloader-fix1.apk!/assets/package/quest/ef_skill_01/ef_skill_010.plist#frame:ui_skill_title02.png,assets/package/quest/ef_skill_01/ef_skill_010.plist#frame:ui_skill_title02.png,atlas-frames/assets/package/quest/ef_skill_01/ef_skill_010/ui_skill_title02.png,0,76,378,64,378,64,378,64,0.0,0.0,False,PNG,378,64,RGBA,1,True,B98CB031196F269358EE97E76944FCDAD8E0DD0957FB5F71CAB1BCC9B7C3102A,8689AA800CE2470A4B0D2C68D3A168BAA879037FB3BD6E45939A0C7055A0C1DC,994C74934E6CB36E,23456
L-FRAME-00327,logical_frame,D:\magia\MyProducts\MagiaRe\Magia_CN_Project\dist\MagiaCN-r128-downloader-fix1.apk,assets/package/quest/ef_skill_01/ef_skill_010.plist,assets/package/quest/ef_skill_01/ef_skill_010.png,ui_skill_title01.png,D:\magia\MyProducts\MagiaRe\Magia_CN_Project\dist\MagiaCN-r128-downloader-fix1.apk!/assets/package/quest/ef_skill_01/ef_skill_010.plist#frame:ui_skill_title01.png,assets/package/quest/ef_skill_01/ef_skill_010.plist#frame:ui_skill_title01.png,atlas-frames/assets/package/quest/ef_skill_01/ef_skill_010/ui_skill_title01.png,72,27,316,39,316,39,316,39,0.0,0.0,False,PNG,316,39,RGBA,1,True,1C4BA023396BF084F6CF7F26D0D87E4DE691B6E93A32C20529A70EA5C35525F6,6453178C3EFA275AB7A3F26421EE9881E74EF5A2571F269A0D455F417B5CF802,E42C1BD3E42E3DD1,11874
L-FRAME-00328,logical_frame,D:\magia\MyProducts\MagiaRe\Magia_CN_Project\dist\MagiaCN-r128-downloader-fix1.apk,assets/package/quest/ef_skill_01/ef_skill_010.plist,assets/package/quest/ef_skill_01/ef_skill_010.png,ui_skill_title04_02.png,D:\magia\MyProducts\MagiaRe\Magia_CN_Project\dist\MagiaCN-r128-downloader-fix1.apk!/assets/package/quest/ef_skill_01/ef_skill_010.plist#frame:ui_skill_title04_02.png,assets/package/quest/ef_skill_01/ef_skill_010.plist#frame:ui_skill_title04_02.png,atlas-frames/assets/package/quest/ef_skill_01/ef_skill_010/ui_skill_title04_02.png,0,140,352,270,352,270,352,270,0.0,0.0,False,PNG,352,270,RGBA,1,True,4B0B31F4B008135938B708A289D8AD72B0F2D61B52D78103457946F1AA8E4FA1,0CE9D930CA59BE4FCAE272540E0154E09E48662C4F4EEA81AEA306C1D9066B51,C49E3B71C6CE9919,59335
L-FRAME-00329,logical_frame,D:\magia\MyProducts\MagiaRe\Magia_CN_Project\dist\MagiaCN-r128-downloader-fix1.apk,assets/package/quest/ef_skill_01/ef_skill_010.plist,assets/package/quest/ef_skill_01/ef_skill_010.png,ui_skill_title04.png,D:\magia\MyProducts\MagiaRe\Magia_CN_Project\dist\MagiaCN-r128-downloader-fix1.apk!/assets/package/quest/ef_skill_01/ef_skill_010.plist#frame:ui_skill_title04.png,assets/package/quest/ef_skill_01/ef_skill_010.plist#frame:ui_skill_title04.png,atlas-frames/assets/package/quest/ef_skill_01/ef_skill_010/ui_skill_title04.png,399,0,352,270,352,270,352,270,0.0,0.0,False,PNG,352,270,RGBA,1,True,E90A738274BC6C35680407C8E5B0D6D9B050DC59CECCFAB859E01D87445E5460,CEB9156164CBFBC80FA9AEB44EBB2D3236F463EABFE30F03D9D594C7280284F7,D09F6E6096D3CB1C,19936
L-FRAME-00330,logical_frame,D:\magia\MyProducts\MagiaRe\Magia_CN_Project\dist\MagiaCN-r128-downloader-fix1.apk,assets/package/quest/ef_skill_01/ef_skill_010.plist,assets/package/quest/ef_skill_01/ef_skill_010.png,ui_skill_bg02.png,D:\magia\MyProducts\MagiaRe\Magia_CN_Project\dist\MagiaCN-r128-downloader-fix1.apk!/assets/package/quest/ef_skill_01/ef_skill_010.plist#frame:ui_skill_bg02.png,assets/package/quest/ef_skill_01/ef_skill_010.plist#frame:ui_skill_bg02.png,atlas-frames/assets/package/quest/ef_skill_01/ef_skill_010/ui_skill_bg02.png,0,410,1024,500,1024,500,1024,500,0.0,0.0,False,PNG,1024,500,RGBA,1,True,591222BA7DD02764B30A1C31E02E58766BBD0E6F18DC1333E5DB3C5A4D3C0CC4,37EB779BBB078A81B4B30807EDA0026603F6392A27D9F1EAB8C3FC159E6C50E8,B0B0CBCFCF7C3430,109974
L-FRAME-00331,logical_frame,D:\magia\MyProducts\MagiaRe\Magia_CN_Project\dist\MagiaCN-r128-downloader-fix1.apk,assets/package/quest/game_over/game_over0.plist,assets/package/quest/game_over/game_over0.png,game_over_tx.png,D:\magia\MyProducts\MagiaRe\Magia_CN_Project\dist\MagiaCN-r128-downloader-fix1.apk!/assets/package/quest/game_over/game_over0.plist#frame:game_over_tx.png,assets/package/quest/game_over/game_over0.plist#frame:game_over_tx.png,atlas-frames/assets/package/quest/game_over/game_over0/game_over_tx.png,0,0,691,134,691,134,691,134,0.0,0.0,False,PNG,691,134,RGBA,1,True,7DE7EC2D56C9E97C964901DE3BDB2BF4BD3CB6E265C26B7F0BA0CDAEE7D0D246,F354A653D0DFB7799CE9E704FFE62094917F546C9C7C1710AC4A0910DBECB25D,9EC6E438B31BD1A3,128875
L-FRAME-00332,logical_frame,D:\magia\MyProducts\MagiaRe\Magia_CN_Project\dist\MagiaCN-r128-downloader-fix1.apk,assets/package/quest/game_over/game_over0.plist,assets/package/quest/game_over/game_over0.png,lose_tx.png,D:\magia\MyProducts\MagiaRe\Magia_CN_Project\dist\MagiaCN-r128-downloader-fix1.apk!/assets/package/quest/game_over/game_over0.plist#frame:lose_tx.png,assets/package/quest/game_over/game_over0.plist#frame:lose_tx.png,atlas-frames/assets/package/quest/game_over/game_over0/lose_tx.png,693,0,310,115,310,115,310,115,0.0,0.0,False,PNG,310,115,RGBA,1,True,BF4684BD23F7383371E9D779833EC161637EE9FD0C2014DDC056BD90E4F400B5,A4E12E78377DC539D5F1FC44CEE495B09FBB43408D19BC7406F0E0118C17DBA3,949E7B636AD49BA0,14996
L-FRAME-00333,logical_frame,D:\magia\MyProducts\MagiaRe\Magia_CN_Project\dist\MagiaCN-r128-downloader-fix1.apk,assets/package/quest/game_over/game_over0.plist,assets/package/quest/game_over/game_over0.png,ef_adv_black.png,D:\magia\MyProducts\MagiaRe\Magia_CN_Project\dist\MagiaCN-r128-downloader-fix1.apk!/assets/package/quest/game_over/game_over0.plist#frame:ef_adv_black.png,assets/package/quest/game_over/game_over0.plist#frame:ef_adv_black.png,atlas-frames/assets/package/quest/game_over/game_over0/ef_adv_black.png,1005,0,10,10,10,10,10,10,0.0,0.0,False,PNG,10,10,RGBA,1,True,DA08E6802D32CC0D16F222B547F131CC6117CCE86B26646722F1D04A8AB2B8EA,C9B9AC7FD377FE5F376F41C2FB303AA65B92BC7ABB4A9402A30C28946A955B62,D639292939D7D629,84
L-FRAME-00334,logical_frame,D:\magia\MyProducts\MagiaRe\Magia_CN_Project\dist\MagiaCN-r128-downloader-fix1.apk,assets/package/quest/game_over/game_over0.plist,assets/package/quest/game_over/game_over0.png,ef_adv_03_3.png,D:\magia\MyProducts\MagiaRe\Magia_CN_Project\dist\MagiaCN-r128-downloader-fix1.apk!/assets/package/quest/game_over/game_over0.plist#frame:ef_adv_03_3.png,assets/package/quest/game_over/game_over0.plist#frame:ef_adv_03_3.png,atlas-frames/assets/package/quest/game_over/game_over0/ef_adv_03_3.png,1017,0,1014,758,1014,758,1014,758,0.0,0.0,False,PNG,1014,758,RGBA,1,True,2175939668F38788240A5AC768FCAD21E40F222BBDCFCB66DE7C724F8D71189E,22F30C9D1F09587AABEE6EDC873483908DAED160AE4B66270F437600165F75C8,E1D19F2ED00F9E25,669352
L-FRAME-00335,logical_frame,D:\magia\MyProducts\MagiaRe\Magia_CN_Project\dist\MagiaCN-r128-downloader-fix1.apk,assets/package/quest/game_over/game_over0.plist,assets/package/quest/game_over/game_over0.png,ef_adv_03_2.png,D:\magia\MyProducts\MagiaRe\Magia_CN_Project\dist\MagiaCN-r128-downloader-fix1.apk!/assets/package/quest/game_over/game_over0.plist#frame:ef_adv_03_2.png,assets/package/quest/game_over/game_over0.plist#frame:ef_adv_03_2.png,atlas-frames/assets/package/quest/game_over/game_over0/ef_adv_03_2.png,0,760,1014,758,1014,758,1014,758,0.0,0.0,False,PNG,1014,758,RGBA,1,True,47DEFCFA0B73E8B54620B1D1AFD1E06A903D03498FEE5EB968DC7C0770820E99,3AA9DBE6B82E8A4F5344BD91315E88D38D316E6CB5DA07755DA4BC0BFAA16A5B,E7D9972ED00E9C25,677812
L-FRAME-00336,logical_frame,D:\magia\MyProducts\MagiaRe\Magia_CN_Project\dist\MagiaCN-r128-downloader-fix1.apk,assets/package/quest/game_over/game_over0.plist,assets/package/quest/game_over/game_over0.png,ef_adv_03_1.png,D:\magia\MyProducts\MagiaRe\Magia_CN_Project\dist\MagiaCN-r128-downloader-fix1.apk!/assets/package/quest/game_over/game_over0.plist#frame:ef_adv_03_1.png,assets/package/quest/game_over/game_over0.plist#frame:ef_adv_03_1.png,atlas-frames/assets/package/quest/game_over/game_over0/ef_adv_03_1.png,1016,760,1014,758,1014,758,1014,758,0.0,0.0,False,PNG,1014,758,RGBA,1,True,E89D20664B571E9FCE1D50C5A8AD6460A0AFCEB28856AF2B086C226B39559463,F0457B086C772F676C69931554E46BBDABC8F53C0F15BC0DC5D47D92B5F56339,E7DB9B0ED06E9805,581800
L-FRAME-00337,logical_frame,D:\magia\MyProducts\MagiaRe\Magia_CN_Project\dist\MagiaCN-r128-downloader-fix1.apk,assets/package/quest/game_over/game_over1.plist,assets/package/quest/game_over/game_over1.png,ef_adv_03_0.png,D:\magia\MyProducts\MagiaRe\Magia_CN_Project\dist\MagiaCN-r128-downloader-fix1.apk!/assets/package/quest/game_over/game_over1.plist#frame:ef_adv_03_0.png,assets/package/quest/game_over/game_over1.plist#frame:ef_adv_03_0.png,atlas-frames/assets/package/quest/game_over/game_over1/ef_adv_03_0.png,0,0,1014,758,1014,758,1014,758,0.0,0.0,False,PNG,1014,758,RGBA,1,True,03B6304B8AC9D988454E1DE1FC19185242CE52403EA76364BE80989C4DC2B86C,97AF0DBFBFEB4B484CBDB34F46B93C468F1742B9BED6861BFCA3BAD4B63E33F7,E7D3993ED06E9881,317708
L-FRAME-00338,logical_frame,D:\magia\MyProducts\MagiaRe\Magia_CN_Project\dist\MagiaCN-r128-downloader-fix1.apk,assets/package/quest/game_over/game_over1.plist,assets/package/quest/game_over/game_over1.png,ef_adv_03_4.png,D:\magia\MyProducts\MagiaRe\Magia_CN_Project\dist\MagiaCN-r128-downloader-fix1.apk!/assets/package/quest/game_over/game_over1.plist#frame:ef_adv_03_4.png,assets/package/quest/game_over/game_over1.plist#frame:ef_adv_03_4.png,atlas-frames/assets/package/quest/game_over/game_over1/ef_adv_03_4.png,1016,0,1024,768,1024,768,1024,768,0.0,0.0,False,PNG,1024,768,RGBA,1,True,B86DF345682074E2AFA550D8C757AAED8979397AA297B9F83EB7DEA79A93A344,762291C5FCF83E51A1041B8052C277A7D4BB4FC94A404DE94F02640369B52ACB,95344ECA5BC31EC7,207856
L-FRAME-00339,logical_frame,D:\magia\MyProducts\MagiaRe\Magia_CN_Project\dist\MagiaCN-r128-downloader-fix1.apk,assets/package/quest/iconStatus.plist,assets/package/quest/iconStatus.png,icon_status_1000.png,D:\magia\MyProducts\MagiaRe\Magia_CN_Project\dist\MagiaCN-r128-downloader-fix1.apk!/assets/package/quest/iconStatus.plist#frame:icon_status_1000.png,assets/package/quest/iconStatus.plist#frame:icon_status_1000.png,atlas-frames/assets/package/quest/iconStatus/icon_status_1000.png,813,304,18,18,18,18,18,18,0.0,0.0,False,PNG,18,18,RGBA,1,True,B863D1EF904E01F27B89C38F4A88CA6154BB899F4455E03159B462ABC0234D6B,9C4402BCA8351B6E1A3C6A7E744FE2326ABA0F14726C558FBA903820073E48D3,D5EF2BBE2AD52B11,121
L-FRAME-00340,logical_frame,D:\magia\MyProducts\MagiaRe\Magia_CN_Project\dist\MagiaCN-r128-downloader-fix1.apk,assets/package/quest/iconStatus.plist,assets/package/quest/iconStatus.png,icon_status_1001.png,D:\magia\MyProducts\MagiaRe\Magia_CN_Project\dist\MagiaCN-r128-downloader-fix1.apk!/assets/package/quest/iconStatus.plist#frame:icon_status_1001.png,assets/package/quest/iconStatus.plist#frame:icon_status_1001.png,atlas-frames/assets/package/quest/iconStatus/icon_status_1001.png,813,285,18,18,18,18,18,18,0.0,0.0,False,PNG,18,18,RGBA,1,True,4F24043358851A4A819E9DE9FBF6DA96A33F34B330B1E8997078B4C464F45816,861A6B338C5F0BE3CDFC9714C87B96BA8111DC53EA2EFB29160983A8B06C3A05,C1CB32B23DA6764D,888
L-FRAME-00341,logical_frame,D:\magia\MyProducts\MagiaRe\Magia_CN_Project\dist\MagiaCN-r128-downloader-fix1.apk,assets/package/quest/iconStatus.plist,assets/package/quest/iconStatus.png,icon_status_1002.png,D:\magia\MyProducts\MagiaRe\Magia_CN_Project\dist\MagiaCN-r128-downloader-fix1.apk!/assets/package/quest/iconStatus.plist#frame:icon_status_1002.png,assets/package/quest/iconStatus.plist#frame:icon_status_1002.png,atlas-frames/assets/package/quest/iconStatus/icon_status_1002.png,813,266,18,18,18,18,18,18,0.0,0.0,False,PNG,18,18,RGBA,1,True,24C2ACE79942F5A078A641B14B659C6E87CA45C73DFCB498BDC8F770B027B4B8,D011C377FF08400642436E628088C887182688EDD4EA80419C892A01E294EDE2,C16B699E36954E4D,700
L-FRAME-00342,logical_frame,D:\magia\MyProducts\MagiaRe\Magia_CN_Project\dist\MagiaCN-r128-downloader-fix1.apk,assets/package/quest/iconStatus.plist,assets/package/quest/iconStatus.png,icon_status_1003.png,D:\magia\MyProducts\MagiaRe\Magia_CN_Project\dist\MagiaCN-r128-downloader-fix1.apk!/assets/package/quest/iconStatus.plist#frame:icon_status_1003.png,assets/package/quest/iconStatus.plist#frame:icon_status_1003.png,atlas-frames/assets/package/quest/iconStatus/icon_status_1003.png,813,247,18,18,18,18,18,18,0.0,0.0,False,PNG,18,18,RGBA,1,True,2BC44BBBE851272636DA257CF0C608F93F72B1E47D5CEF1155066C8E68EC743E,77E5F2DB071751B3B7FA3A2BD2199F38FCDF9889A0F5C0A736D88FA4C568BFCE,C0CA6BB13CB47679,960
L-FRAME-00343,logical_frame,D:\magia\MyProducts\MagiaRe\Magia_CN_Project\dist\MagiaCN-r128-downloader-fix1.apk,assets/package/quest/iconStatus.plist,assets/package/quest/iconStatus.png,icon_status_1004.png,D:\magia\MyProducts\MagiaRe\Magia_CN_Project\dist\MagiaCN-r128-downloader-fix1.apk!/assets/package/quest/iconStatus.plist#frame:icon_status_1004.png,assets/package/quest/iconStatus.plist#frame:icon_status_1004.png,atlas-frames/assets/package/quest/iconStatus/icon_status_1004.png,813,228,18,18,18,18,18,18,0.0,0.0,False,PNG,18,18,RGBA,1,True,D56BC9BA08340CB8AC63DF3A267E85DEE95D757D831C5A664DD53D939D9B6EEF,637369BC609AFF52CC6A742BC782126708B3070DC7E4300CAD5ABD49B8FD1373,C1CB7A303F8476CB,939
L-FRAME-00344,logical_frame,D:\magia\MyProducts\MagiaRe\Magia_CN_Project\dist\MagiaCN-r128-downloader-fix1.apk,assets/package/quest/iconStatus.plist,assets/package/quest/iconStatus.png,icon_status_1005.png,D:\magia\MyProducts\MagiaRe\Magia_CN_Project\dist\MagiaCN-r128-downloader-fix1.apk!/assets/package/quest/iconStatus.plist#frame:icon_status_1005.png,assets/package/quest/iconStatus.plist#frame:icon_status_1005.png,atlas-frames/assets/package/quest/iconStatus/icon_status_1005.png,813,209,18,18,18,18,18,18,0.0,0.0,False,PNG,18,18,RGBA,1,True,E4D5DA1ED1D10F9E45A5F57A4BB9ABCABEB99C1FE76005B4F6A5AB9F7099768D,72BFF6C282D2EC6E74B21C34D81E73FC8E6E15C3506F07AECBB4FD23B36CD27E,C961639635B53679,822
L-FRAME-00345,logical_frame,D:\magia\MyProducts\MagiaRe\Magia_CN_Project\dist\MagiaCN-r128-downloader-fix1.apk,assets/package/quest/iconStatus.plist,assets/package/quest/iconStatus.png,icon_status_1006.png,D:\magia\MyProducts\MagiaRe\Magia_CN_Project\dist\MagiaCN-r128-downloader-fix1.apk!/assets/package/quest/iconStatus.plist#frame:icon_status_1006.png,assets/package/quest/iconStatus.plist#frame:icon_status_1006.png,atlas-frames/assets/package/quest/iconStatus/icon_status_1006.png,813,190,18,18,18,18,18,18,0.0,0.0,False,PNG,18,18,RGBA,1,True,230A70607DD59739209DCCC0810AAB88F7A476AB35174992A34E97EFBA625779,DC0219D55B84E448DBA59CDF1C30FB08052F100580C78F596444041F50FBB9B5,C1696FB636B5344C,1005
L-FRAME-00346,logical_frame,D:\magia\MyProducts\MagiaRe\Magia_CN_Project\dist\MagiaCN-r128-downloader-fix1.apk,assets/package/quest/iconStatus.plist,assets/package/quest/iconStatus.png,icon_status_1007.png,D:\magia\MyProducts\MagiaRe\Magia_CN_Project\dist\MagiaCN-r128-downloader-fix1.apk!/assets/package/quest/iconStatus.plist#frame:icon_status_1007.png,assets/package/quest/iconStatus.plist#frame:icon_status_1007.png,atlas-frames/assets/package/quest/iconStatus/icon_status_1007.png,813,171,18,18,18,18,18,18,0.0,0.0,False,PNG,18,18,RGBA,1,True,9CA636315016D9424CF9907EEA7BE7528E37CA48FE82775CDE8C40A8C87CF126,960060DA958B775E15CAAF6978AD7AC5ACC251AABEB12E89AAFD65A16E02C826,C06B59B536B5364D,1018
L-FRAME-00347,logical_frame,D:\magia\MyProducts\MagiaRe\Magia_CN_Project\dist\MagiaCN-r128-downloader-fix1.apk,assets/package/quest/iconStatus.plist,assets/package/quest/iconStatus.png,icon_status_1008.png,D:\magia\MyProducts\MagiaRe\Magia_CN_Project\dist\MagiaCN-r128-downloader-fix1.apk!/assets/package/quest/iconStatus.plist#frame:icon_status_1008.png,assets/package/quest/iconStatus.plist#frame:icon_status_1008.png,atlas-frames/assets/package/quest/iconStatus/icon_status_1008.png,813,152,18,18,18,18,18,18,0.0,0.0,False,PNG,18,18,RGBA,1,True,33ADA54BBF02480065068C277D22807A80FD9D1BAE67BF7CDCA4AD2E30DF959A,9A6C036E74E00CDA913DED2AD89EA621F96DE66534DA0CA5C0B467ACA1E3BB4A,C04B79B436B5765A,1005
L-FRAME-00348,logical_frame,D:\magia\MyProducts\MagiaRe\Magia_CN_Project\dist\MagiaCN-r128-downloader-fix1.apk,assets/package/quest/iconStatus.plist,assets/package/quest/iconStatus.png,icon_status_1009.png,D:\magia\MyProducts\MagiaRe\Magia_CN_Project\dist\MagiaCN-r128-downloader-fix1.apk!/assets/package/quest/iconStatus.plist#frame:icon_status_1009.png,assets/package/quest/iconStatus.plist#frame:icon_status_1009.png,atlas-frames/assets/package/quest/iconStatus/icon_status_1009.png,813,133,18,18,18,18,18,18,0.0,0.0,False,PNG,18,18,RGBA,1,True,7398AE33A6078DDE8A6306A7A5634F62AA9B2E7B0A882B40455BC5790FDC4D6C,7220415FE26CE726E70CB6ACD59A7E985481A158241234D0C49E077AB1133003,C14A62B69FB52DC5,967
L-FRAME-00349,logical_frame,D:\magia\MyProducts\MagiaRe\Magia_CN_Project\dist\MagiaCN-r128-downloader-fix1.apk,assets/package/quest/iconStatus.plist,assets/package/quest/iconStatus.png,icon_status_1010.png,D:\magia\MyProducts\MagiaRe\Magia_CN_Project\dist\MagiaCN-r128-downloader-fix1.apk!/assets/package/quest/iconStatus.plist#frame:icon_status_1010.png,assets/package/quest/iconStatus.plist#frame:icon_status_1010.png,atlas-frames/assets/package/quest/iconStatus/icon_status_1010.png,813,114,18,18,18,18,18,18,0.0,0.0,False,PNG,18,18,RGBA,1,True,94C25CF81A81333681AF5491F127EA62148641AEEE67A479B2FD215564813791,F23BEFC0E36013BA975E48377F3C727B64E410F97C2206FC81E4C892E268BE76,94C5363A493E63ED,875
L-FRAME-00350,logical_frame,D:\magia\MyProducts\MagiaRe\Magia_CN_Project\dist\MagiaCN-r128-downloader-fix1.apk,assets/package/quest/iconStatus.plist,assets/package/quest/iconStatus.png,icon_status_1011.png,D:\magia\MyProducts\MagiaRe\Magia_CN_Project\dist\MagiaCN-r128-downloader-fix1.apk!/assets/package/quest/iconStatus.plist#frame:icon_status_1011.png,assets/package/quest/iconStatus.plist#frame:icon_status_1011.png,atlas-frames/assets/package/quest/iconStatus/icon_status_1011.png,813,95,18,18,18,18,18,18,0.0,0.0,False,PNG,18,18,RGBA,1,True,AE4D2719098098F8DDD567A56D28C22D4EA44D63D9B2C57C9579F0AE58A2E932,3630AFD22A2312540D7A198CB6C86315594A9122AA36E3FEC84C78762DF28DFD,94E36D1C631D5BC6,700
L-FRAME-00351,logical_frame,D:\magia\MyProducts\MagiaRe\Magia_CN_Project\dist\MagiaCN-r128-downloader-fix1.apk,assets/package/quest/iconStatus.plist,assets/package/quest/iconStatus.png,icon_status_1012.png,D:\magia\MyProducts\MagiaRe\Magia_CN_Project\dist\MagiaCN-r128-downloader-fix1.apk!/assets/package/quest/iconStatus.plist#frame:icon_status_1012.png,assets/package/quest/iconStatus.plist#frame:icon_status_1012.png,atlas-frames/assets/package/quest/iconStatus/icon_status_1012.png,813,76,18,18,18,18,18,18,0.0,0.0,False,PNG,18,18,RGBA,1,True,A203AD5849EE8FA986DDCC4D9EE88DEB2480A3D4DB4F7D845301E663D6B67026,99A7015CA2C993A011443C353B81CCC6C45247B3A6408874626F6C71AF83FE01,94C13F39691E6379,943
L-FRAME-00352,logical_frame,D:\magia\MyProducts\MagiaRe\Magia_CN_Project\dist\MagiaCN-r128-downloader-fix1.apk,assets/package/quest/iconStatus.plist,assets/package/quest/iconStatus.png,icon_status_1013.png,D:\magia\MyProducts\MagiaRe\Magia_CN_Project\dist\MagiaCN-r128-downloader-fix1.apk!/assets/package/quest/iconStatus.plist#frame:icon_status_1013.png,assets/package/quest/iconStatus.plist#frame:icon_status_1013.png,atlas-frames/assets/package/quest/iconStatus/icon_status_1013.png,813,57,18,18,18,18,18,18,0.0,0.0,False,PNG,18,18,RGBA,1,True,7566C336A0F5973B91DC2B351707565D8F9CFAA09073FFEDC583A08DFBC20193,C7D2B7114F862D00179FF28C5C281C72D59E64E2159B6D39CDAD14556241D2C4,95C33E326B1C66CB,924
L-FRAME-00353,logical_frame,D:\magia\MyProducts\MagiaRe\Magia_CN_Project\dist\MagiaCN-r128-downloader-fix1.apk,assets/package/quest/iconStatus.plist,assets/package/quest/iconStatus.png,icon_status_1014.png,D:\magia\MyProducts\MagiaRe\Magia_CN_Project\dist\MagiaCN-r128-downloader-fix1.apk!/assets/package/quest/iconStatus.plist#frame:icon_status_1014.png,assets/package/quest/iconStatus.plist#frame:icon_status_1014.png,atlas-frames/assets/package/quest/iconStatus/icon_status_1014.png,813,38,18,18,18,18,18,18,0.0,0.0,False,PNG,18,18,RGBA,1,True,893D49433748531C4C53952F8CC7066FA0FDD44FCA3600134B91F1E02BD44DDF,BEBACA3F7953E44557B6934131EB0E231A748B1B866635050D4020CA22E19FEB,98E1369E633E63CC,804
L-FRAME-00354,logical_frame,D:\magia\MyProducts\MagiaRe\Magia_CN_Project\dist\MagiaCN-r128-downloader-fix1.apk,assets/package/quest/iconStatus.plist,assets/package/quest/iconStatus.png,icon_status_1015.png,D:\magia\MyProducts\MagiaRe\Magia_CN_Project\dist\MagiaCN-r128-downloader-fix1.apk!/assets/package/quest/iconStatus.plist#frame:icon_status_1015.png,assets/package/quest/iconStatus.plist#frame:icon_status_1015.png,atlas-frames/assets/package/quest/iconStatus/icon_status_1015.png,813,19,18,18,18,18,18,18,0.0,0.0,False,PNG,18,18,RGBA,1,True,0FF7F1DE51573062B721E1320596D51FC690646D72E4D618C065A44567E4B499,A8BFD306864643CE6917F1ADFB6B2A99F5A5EB94EA017C401487CE54B512219F,99E16C366B3C63CC,1014
L-FRAME-00355,logical_frame,D:\magia\MyProducts\MagiaRe\Magia_CN_Project\dist\MagiaCN-r128-downloader-fix1.apk,assets/package/quest/iconStatus.plist,assets/package/quest/iconStatus.png,icon_status_1016.png,D:\magia\MyProducts\MagiaRe\Magia_CN_Project\dist\MagiaCN-r128-downloader-fix1.apk!/assets/package/quest/iconStatus.plist#frame:icon_status_1016.png,assets/package/quest/iconStatus.plist#frame:icon_status_1016.png,atlas-frames/assets/package/quest/iconStatus/icon_status_1016.png,813,0,18,18,18,18,18,18,0.0,0.0,False,PNG,18,18,RGBA,1,True,DE730BB098837253BB3C28DC4CE83063B3180158777CAB17E06EB149CCF09A6F,85C8805AE7D5FBFB67ED125F8C8EB644E1BB850E8736A1DBA2D350F220D2EB54,94E1193F663E7278,1007
L-FRAME-00356,logical_frame,D:\magia\MyProducts\MagiaRe\Magia_CN_Project\dist\MagiaCN-r128-downloader-fix1.apk,assets/package/quest/iconStatus.plist,assets/package/quest/iconStatus.png,icon_status_1017.png,D:\magia\MyProducts\MagiaRe\Magia_CN_Project\dist\MagiaCN-r128-downloader-fix1.apk!/assets/package/quest/iconStatus.plist#frame:icon_status_1017.png,assets/package/quest/iconStatus.plist#frame:icon_status_1017.png,atlas-frames/assets/package/quest/iconStatus/icon_status_1017.png,794,475,18,18,18,18,18,18,0.0,0.0,False,PNG,18,18,RGBA,1,True,A9989F4697F53781E9B1189A3186535092BD34F4BA8C060891E8F3032DFE8C9C,585A3856B1605F2A5E101C3D918F33A6A04CC384B7DEC1482BCBAE87F9970C6E,94E1393E623E66EC,1011
L-FRAME-00357,logical_frame,D:\magia\MyProducts\MagiaRe\Magia_CN_Project\dist\MagiaCN-r128-downloader-fix1.apk,assets/package/quest/iconStatus.plist,assets/package/quest/iconStatus.png,icon_status_1018.png,D:\magia\MyProducts\MagiaRe\Magia_CN_Project\dist\MagiaCN-r128-downloader-fix1.apk!/assets/package/quest/iconStatus.plist#frame:icon_status_1018.png,assets/package/quest/iconStatus.plist#frame:icon_status_1018.png,atlas-frames/assets/package/quest/iconStatus/icon_status_1018.png,794,456,18,18,18,18,18,18,0.0,0.0,False,PNG,18,18,RGBA,1,True,F408EA1DDC9CBC7FDEB4A7897A84C34F57C194DE5C00100F00814C44FC58A0F7,1C5BCC40CCBF2075B92DD52938E21B5FB7F14C7ED9E38ECD791382F27FC733C1,9DE1361A4A3E6B95,938
L-FRAME-00358,logical_frame,D:\magia\MyProducts\MagiaRe\Magia_CN_Project\dist\MagiaCN-r128-downloader-fix1.apk,assets/package/quest/iconStatus.plist,assets/package/quest/iconStatus.png,icon_status_1019.png,D:\magia\MyProducts\MagiaRe\Magia_CN_Project\dist\MagiaCN-r128-downloader-fix1.apk!/assets/package/quest/iconStatus.plist#frame:icon_status_1019.png,assets/package/quest/iconStatus.plist#frame:icon_status_1019.png,atlas-frames/assets/package/quest/iconStatus/icon_status_1019.png,794,437,18,18,18,18,18,18,0.0,0.0,False,PNG,18,18,RGBA,1,True,B78C9C495972FA624D5BF717AF5E1D8C453DA619B9FA15E7E36213EB75CD2D98,E6D25710A6823CF6E396B6147D0B314D8AB50D8497023468D36778AE4FEA29E2,C0C3363C4FF23E4E,806
L-FRAME-00359,logical_frame,D:\magia\MyProducts\MagiaRe\Magia_CN_Project\dist\MagiaCN-r128-downloader-fix1.apk,assets/package/quest/iconStatus.plist,assets/package/quest/iconStatus.png,icon_status_1020.png,D:\magia\MyProducts\MagiaRe\Magia_CN_Project\dist\MagiaCN-r128-downloader-fix1.apk!/assets/package/quest/iconStatus.plist#frame:icon_status_1020.png,assets/package/quest/iconStatus.plist#frame:icon_status_1020.png,atlas-frames/assets/package/quest/iconStatus/icon_status_1020.png,794,418,18,18,18,18,18,18,0.0,0.0,False,PNG,18,18,RGBA,1,True,74677F6D4C2C3912A69D57C0337B98FE34ED38EDED81344DD188136FFC68D5B2,B922743927ADF368950EA78A113ABB67610AAD9AE3A12D51781B5C528EB19B99,C4CB33344BB52E5B,848
L-FRAME-00360,logical_frame,D:\magia\MyProducts\MagiaRe\Magia_CN_Project\dist\MagiaCN-r128-downloader-fix1.apk,assets/package/quest/iconStatus.plist,assets/package/quest/iconStatus.png,icon_status_1021.png,D:\magia\MyProducts\MagiaRe\Magia_CN_Project\dist\MagiaCN-r128-downloader-fix1.apk!/assets/package/quest/iconStatus.plist#frame:icon_status_1021.png,assets/package/quest/iconStatus.plist#frame:icon_status_1021.png,atlas-frames/assets/package/quest/iconStatus/icon_status_1021.png,794,399,18,18,18,18,18,18,0.0,0.0,False,PNG,18,18,RGBA,1,True,1E2C250D4042D9E3FC2869389F6B9E352A2E00FC407B93E6A6CE54947BD4F191,CD2DF7553EE21245258F38F43564849E543E09CE544CCF81BBD432C27815129D,C19D5B186E633D66,1006
L-FRAME-00361,logical_frame,D:\magia\MyProducts\MagiaRe\Magia_CN_Project\dist\MagiaCN-r128-downloader-fix1.apk,assets/package/quest/iconStatus.plist,assets/package/quest/iconStatus.png,icon_status_1022.png,D:\magia\MyProducts\MagiaRe\Magia_CN_Project\dist\MagiaCN-r128-downloader-fix1.apk!/assets/package/quest/iconStatus.plist#frame:icon_status_1022.png,assets/package/quest/iconStatus.plist#frame:icon_status_1022.png,atlas-frames/assets/package/quest/iconStatus/icon_status_1022.png,794,380,18,18,18,18,18,18,0.0,0.0,False,PNG,18,18,RGBA,1,True,261ED9BC9A28FCFD5995B5F8CFB79A33CE4142922E337D12B9B49F02407A1BFF,45D80D57ECD20745395AA3EE48FD163539593FF18F66A43BAA569017324815C4,C1C83E376E937952,877
L-FRAME-00362,logical_frame,D:\magia\MyProducts\MagiaRe\Magia_CN_Project\dist\MagiaCN-r128-downloader-fix1.apk,assets/package/quest/iconStatus.plist,assets/package/quest/iconStatus.png,icon_status_1023.png,D:\magia\MyProducts\MagiaRe\Magia_CN_Project\dist\MagiaCN-r128-downloader-fix1.apk!/assets/package/quest/iconStatus.plist#frame:icon_status_1023.png,assets/package/quest/iconStatus.plist#frame:icon_status_1023.png,atlas-frames/assets/package/quest/iconStatus/icon_status_1023.png,794,361,18,18,18,18,18,18,0.0,0.0,False,PNG,18,18,RGBA,1,True,8CB790BFD24E072BB652E0F6E709D1D4C8E9C6936253AB020B2D8414C6362F33,B34D34477F76031D421233B45BEB815B77CED7C5EA25EA64E970C21620493319,90C967961A3F3B59,845
L-FRAME-00363,logical_frame,D:\magia\MyProducts\MagiaRe\Magia_CN_Project\dist\MagiaCN-r128-downloader-fix1.apk,assets/package/quest/iconStatus.plist,assets/package/quest/iconStatus.png,icon_status_1024.png,D:\magia\MyProducts\MagiaRe\Magia_CN_Project\dist\MagiaCN-r128-downloader-fix1.apk!/assets/package/quest/iconStatus.plist#frame:icon_status_1024.png,assets/package/quest/iconStatus.plist#frame:icon_status_1024.png,atlas-frames/assets/package/quest/iconStatus/icon_status_1024.png,794,342,18,18,18,18,18,18,0.0,0.0,False,PNG,18,18,RGBA,1,True,65F7A2FE66DD8EE18116249B9927DDED35AEFEA6E81EB0B13AB557DF30CCFE38,AF96192EF0F2EB0841144C06487050DEBAD409606622A260A1BEB13044EFF381,C1E43C93633C3E6B,862
L-FRAME-00364,logical_frame,D:\magia\MyProducts\MagiaRe\Magia_CN_Project\dist\MagiaCN-r128-downloader-fix1.apk,assets/package/quest/iconStatus.plist,assets/package/quest/iconStatus.png,icon_status_1025.png,D:\magia\MyProducts\MagiaRe\Magia_CN_Project\dist\MagiaCN-r128-downloader-fix1.apk!/assets/package/quest/iconStatus.plist#frame:icon_status_1025.png,assets/package/quest/iconStatus.plist#frame:icon_status_1025.png,atlas-frames/assets/package/quest/iconStatus/icon_status_1025.png,794,323,18,18,18,18,18,18,0.0,0.0,False,PNG,18,18,RGBA,1,True,FEB95E2B33E76F2947F21DE62C7A666138EC13A578C806BCF63C3086679E9D23,064491850D062D9CF519DEA991994562CE4BF98C685BC3DD2AFED881FC9F2708,91946A6BA67A1F3C,726
L-FRAME-00365,logical_frame,D:\magia\MyProducts\MagiaRe\Magia_CN_Project\dist\MagiaCN-r128-downloader-fix1.apk,assets/package/quest/iconStatus.plist,assets/package/quest/iconStatus.png,icon_status_1026.png,D:\magia\MyProducts\MagiaRe\Magia_CN_Project\dist\MagiaCN-r128-downloader-fix1.apk!/assets/package/quest/iconStatus.plist#frame:icon_status_1026.png,assets/package/quest/iconStatus.plist#frame:icon_status_1026.png,atlas-frames/assets/package/quest/iconStatus/icon_status_1026.png,794,304,18,18,18,18,18,18,0.0,0.0,False,PNG,18,18,RGBA,1,True,C49B41265330E8E5EA0339347E94AE7F072180C192216DF0943FFF3344915A7A,B0D00E523509FADD6826AA7E676F1515165C4AF9168E9E53073B62E5ABECE886,94E54B9A2CCD7366,911
L-FRAME-00366,logical_frame,D:\magia\MyProducts\MagiaRe\Magia_CN_Project\dist\MagiaCN-r128-downloader-fix1.apk,assets/package/quest/iconStatus.plist,assets/package/quest/iconStatus.png,icon_status_1027.png,D:\magia\MyProducts\MagiaRe\Magia_CN_Project\dist\MagiaCN-r128-downloader-fix1.apk!/assets/package/quest/iconStatus.plist#frame:icon_status_1027.png,assets/package/quest/iconStatus.plist#frame:icon_status_1027.png,atlas-frames/assets/package/quest/iconStatus/icon_status_1027.png,794,285,18,18,18,18,18,18,0.0,0.0,False,PNG,18,18,RGBA,1,True,D1E8DF9F0A5A5CC3E0A25424096A4CB4A06402DCDA14D214ED94F8AF22EF92BC,501174D1D9EDEB026D35A8B6E6349590F7A9EFE3908BF2A168F3872CA4DA717E,C4E1399E66684F57,972
L-FRAME-00367,logical_frame,D:\magia\MyProducts\MagiaRe\Magia_CN_Project\dist\MagiaCN-r128-downloader-fix1.apk,assets/package/quest/iconStatus.plist,assets/package/quest/iconStatus.png,icon_status_1028.png,D:\magia\MyProducts\MagiaRe\Magia_CN_Project\dist\MagiaCN-r128-downloader-fix1.apk!/assets/package/quest/iconStatus.plist#frame:icon_status_1028.png,assets/package/quest/iconStatus.plist#frame:icon_status_1028.png,atlas-frames/assets/package/quest/iconStatus/icon_status_1028.png,794,266,18,18,18,18,18,18,0.0,0.0,False,PNG,18,18,RGBA,1,True,6B516BC1DA55955435EED6FE78FD00DB0065FAA5D2E2E402AC3CE9A6669C6A3C,7669F8F7FC55D6188160480DD606560E68D676E442B3E5969F23588F55469C6D,91C46E5B2471DED6,806
L-FRAME-00368,logical_frame,D:\magia\MyProducts\MagiaRe\Magia_CN_Project\dist\MagiaCN-r128-downloader-fix1.apk,assets/package/quest/iconStatus.plist,assets/package/quest/iconStatus.png,icon_status_1029.png,D:\magia\MyProducts\MagiaRe\Magia_CN_Project\dist\MagiaCN-r128-downloader-fix1.apk!/assets/package/quest/iconStatus.plist#frame:icon_status_1029.png,assets/package/quest/iconStatus.plist#frame:icon_status_1029.png,atlas-frames/assets/package/quest/iconStatus/icon_status_1029.png,794,247,18,18,18,18,18,18,0.0,0.0,False,PNG,18,18,RGBA,1,True,5873CC510BA54D4698B880AD1DD09E63B8632CC593388E5AD58CE60077191375,21010872668BE2108C0DF853288A14854CD5950072F72D6F45D2E8778E4E8CD2,95C9363E4BAC7E03,962
L-FRAME-00369,logical_frame,D:\magia\MyProducts\MagiaRe\Magia_CN_Project\dist\MagiaCN-r128-downloader-fix1.apk,assets/package/quest/iconStatus.plist,assets/package/quest/iconStatus.png,icon_status_1030.png,D:\magia\MyProducts\MagiaRe\Magia_CN_Project\dist\MagiaCN-r128-downloader-fix1.apk!/assets/package/quest/iconStatus.plist#frame:icon_status_1030.png,assets/package/quest/iconStatus.plist#frame:icon_status_1030.png,atlas-frames/assets/package/quest/iconStatus/icon_status_1030.png,794,228,18,18,18,18,18,18,0.0,0.0,False,PNG,18,18,RGBA,1,True,A3D0D1BAD89716CD36465B09A691579239F77E88E179200C24CC79EA690B90D9,05A069F85C1D366F53A97A55110A6373C9E1D87E6B2FBD40242925346704D0B3,95CC3B364BCC3E23,929
L-FRAME-00370,logical_frame,D:\magia\MyProducts\MagiaRe\Magia_CN_Project\dist\MagiaCN-r128-downloader-fix1.apk,assets/package/quest/iconStatus.plist,assets/package/quest/iconStatus.png,icon_status_1031.png,D:\magia\MyProducts\MagiaRe\Magia_CN_Project\dist\MagiaCN-r128-downloader-fix1.apk!/assets/package/quest/iconStatus.plist#frame:icon_status_1031.png,assets/package/quest/iconStatus.plist#frame:icon_status_1031.png,atlas-frames/assets/package/quest/iconStatus/icon_status_1031.png,794,209,18,18,18,18,18,18,0.0,0.0,False,PNG,18,18,RGBA,1,True,BF99709E86CC9C2A8A008A55576AFC8A97BBF40E393EB3C799A75C991FCF18EA,74B8E9B6DBBC74184D50A842807168A539B72563260C5E0A60C6197310B70E82,91C0661F4B7C7E33,968
L-FRAME-00371,logical_frame,D:\magia\MyProducts\MagiaRe\Magia_CN_Project\dist\MagiaCN-r128-downloader-fix1.apk,assets/package/quest/iconStatus.plist,assets/package/quest/iconStatus.png,icon_status_1032.png,D:\magia\MyProducts\MagiaRe\Magia_CN_Project\dist\MagiaCN-r128-downloader-fix1.apk!/assets/package/quest/iconStatus.plist#frame:icon_status_1032.png,assets/package/quest/iconStatus.plist#frame:icon_status_1032.png,atlas-frames/assets/package/quest/iconStatus/icon_status_1032.png,794,190,18,18,18,18,18,18,0.0,0.0,False,PNG,18,18,RGBA,1,True,DA0947EC4C6BA465BF0E8F9B4C663A65F85285822D24A9B7AEE016ECC5817E78,FB7BA758F4D5750883FEF95DBF807FA385DE84086D850F81B90144355148AC32,94C365CC9A633F33,927
L-FRAME-00372,logical_frame,D:\magia\MyProducts\MagiaRe\Magia_CN_Project\dist\MagiaCN-r128-downloader-fix1.apk,assets/package/quest/iconStatus.plist,assets/package/quest/iconStatus.png,icon_status_1033.png,D:\magia\MyProducts\MagiaRe\Magia_CN_Project\dist\MagiaCN-r128-downloader-fix1.apk!/assets/package/quest/iconStatus.plist#frame:icon_status_1033.png,assets/package/quest/iconStatus.plist#frame:icon_status_1033.png,atlas-frames/assets/package/quest/iconStatus/icon_status_1033.png,794,171,18,18,18,18,18,18,0.0,0.0,False,PNG,18,18,RGBA,1,True,38B4F4332BBE17E94CA69605D644014B6454AEBEE9A2931E77573C6F6DBC88D3,E53091B0B667AB7776D4B68866F0B05EDE05C869E45A98BFE809C45FEFB677C4,C5CD36325DC7724C,934
L-FRAME-00373,logical_frame,D:\magia\MyProducts\MagiaRe\Magia_CN_Project\dist\MagiaCN-r128-downloader-fix1.apk,assets/package/quest/iconStatus.plist,assets/package/quest/iconStatus.png,icon_status_1034.png,D:\magia\MyProducts\MagiaRe\Magia_CN_Project\dist\MagiaCN-r128-downloader-fix1.apk!/assets/package/quest/iconStatus.plist#frame:icon_status_1034.png,assets/package/quest/iconStatus.plist#frame:icon_status_1034.png,atlas-frames/assets/package/quest/iconStatus/icon_status_1034.png,794,152,18,18,18,18,18,18,0.0,0.0,False,PNG,18,18,RGBA,1,True,322739EAFE0415BF17A20FE68E5F255EE44340AEE977DB2DC545A14907826EAC,A2342F529C7199F55C94A10C3E9ECD5C1B116336550ECEB9C43E7BCFD74A18B1,D4E7611867591E57,663
L-FRAME-00374,logical_frame,D:\magia\MyProducts\MagiaRe\Magia_CN_Project\dist\MagiaCN-r128-downloader-fix1.apk,assets/package/quest/iconStatus.plist,assets/package/quest/iconStatus.png,icon_status_1035.png,D:\magia\MyProducts\MagiaRe\Magia_CN_Project\dist\MagiaCN-r128-downloader-fix1.apk!/assets/package/quest/iconStatus.plist#frame:icon_status_1035.png,assets/package/quest/iconStatus.plist#frame:icon_status_1035.png,atlas-frames/assets/package/quest/iconStatus/icon_status_1035.png,794,133,18,18,18,18,18,18,0.0,0.0,False,PNG,18,18,RGBA,1,True,1966E2030B230A8A08F48D24273D6C7819B30CCC4129B5A73E0092D51F674FB1,79375858590D7B09AF72D9E44B1BFF899110024F4C50873EC8DF1502566F5A56,C5B46BCB32344D3B,824
L-FRAME-00375,logical_frame,D:\magia\MyProducts\MagiaRe\Magia_CN_Project\dist\MagiaCN-r128-downloader-fix1.apk,assets/package/quest/iconStatus.plist,assets/package/quest/iconStatus.png,icon_status_1036.png,D:\magia\MyProducts\MagiaRe\Magia_CN_Project\dist\MagiaCN-r128-downloader-fix1.apk!/assets/package/quest/iconStatus.plist#frame:icon_status_1036.png,assets/package/quest/iconStatus.plist#frame:icon_status_1036.png,atlas-frames/assets/package/quest/iconStatus/icon_status_1036.png,794,114,18,18,18,18,18,18,0.0,0.0,False,PNG,18,18,RGBA,1,True,11B8F7EB62E2461027A59AD0B551326C3A837D95C29936C6227B233AB8655B4C,0F1895EB2D57CBCAE853A8AEB8A4C24425C48018688736209B32BF9DC2AADABE,95E46B1D333C4D33,914
L-FRAME-00376,logical_frame,D:\magia\MyProducts\MagiaRe\Magia_CN_Project\dist\MagiaCN-r128-downloader-fix1.apk,assets/package/quest/iconStatus.plist,assets/package/quest/iconStatus.png,icon_status_1037.png,D:\magia\MyProducts\MagiaRe\Magia_CN_Project\dist\MagiaCN-r128-downloader-fix1.apk!/assets/package/quest/iconStatus.plist#frame:icon_status_1037.png,assets/package/quest/iconStatus.plist#frame:icon_status_1037.png,atlas-frames/assets/package/quest/iconStatus/icon_status_1037.png,794,95,18,18,18,18,18,18,0.0,0.0,False,PNG,18,18,RGBA,1,True,76DACCAFBD670AA64F7D0FA2D02856127EE97ECA72AF9192C289367A1D7238C2,E0A6B01B5F371AA93CE4E3A71B8D00406129BC7B0EE5C7497BAE8FBCA43A878D,C4C53B324F493E6E,881
L-FRAME-00377,logical_frame,D:\magia\MyProducts\MagiaRe\Magia_CN_Project\dist\MagiaCN-r128-downloader-fix1.apk,assets/package/quest/iconStatus.plist,assets/package/quest/iconStatus.png,icon_status_1038.png,D:\magia\MyProducts\MagiaRe\Magia_CN_Project\dist\MagiaCN-r128-downloader-fix1.apk!/assets/package/quest/iconStatus.plist#frame:icon_status_1038.png,assets/package/quest/iconStatus.plist#frame:icon_status_1038.png,atlas-frames/assets/package/quest/iconStatus/icon_status_1038.png,794,76,18,18,18,18,18,18,0.0,0.0,False,PNG,18,18,RGBA,1,True,277BA7592FCCDCB8E45D9AA30DC07BEEAAD62B949C97B3E843F62854B8307FC1,DCBB4A88B9D964363116F839052F3FEF860065E3D77FE4321EEA3A7F71112140,C4F339CD67321A6C,796
L-FRAME-00378,logical_frame,D:\magia\MyProducts\MagiaRe\Magia_CN_Project\dist\MagiaCN-r128-downloader-fix1.apk,assets/package/quest/iconStatus.plist,assets/package/quest/iconStatus.png,icon_status_1039.png,D:\magia\MyProducts\MagiaRe\Magia_CN_Project\dist\MagiaCN-r128-downloader-fix1.apk!/assets/package/quest/iconStatus.plist#frame:icon_status_1039.png,assets/package/quest/iconStatus.plist#frame:icon_status_1039.png,atlas-frames/assets/package/quest/iconStatus/icon_status_1039.png,794,57,18,18,18,18,18,18,0.0,0.0,False,PNG,18,18,RGBA,1,True,1B9EAFB6BA55778311B899BB9F9B7F4190E7F0032077BEA99E286DF6A2A95953,558C96403B66BA6CCA67F549DE1C18CE49A464ADC897D16E9618585C7418F8F4,C4C4393B66CC5B6D,838
L-FRAME-00379,logical_frame,D:\magia\MyProducts\MagiaRe\Magia_CN_Project\dist\MagiaCN-r128-downloader-fix1.apk,assets/package/quest/iconStatus.plist,assets/package/quest/iconStatus.png,icon_status_1040.png,D:\magia\MyProducts\MagiaRe\Magia_CN_Project\dist\MagiaCN-r128-downloader-fix1.apk!/assets/package/quest/iconStatus.plist#frame:icon_status_1040.png,assets/package/quest/iconStatus.plist#frame:icon_status_1040.png,atlas-frames/assets/package/quest/iconStatus/icon_status_1040.png,794,38,18,18,18,18,18,18,0.0,0.0,False,PNG,18,18,RGBA,1,True,8F8B4497E0E554507468D34F462162E677B3953CAD943E28DED11D9B8CD09F90,1B0390740B849B8AAC8A7CE1DB369C572019CEB8A27969722AC36A301EBD661A,D4946B6F43871F1A,880
L-FRAME-00380,logical_frame,D:\magia\MyProducts\MagiaRe\Magia_CN_Project\dist\MagiaCN-r128-downloader-fix1.apk,assets/package/quest/iconStatus.plist,assets/package/quest/iconStatus.png,icon_status_1041.png,D:\magia\MyProducts\MagiaRe\Magia_CN_Project\dist\MagiaCN-r128-downloader-fix1.apk!/assets/package/quest/iconStatus.plist#frame:icon_status_1041.png,assets/package/quest/iconStatus.plist#frame:icon_status_1041.png,atlas-frames/assets/package/quest/iconStatus/icon_status_1041.png,794,19,18,18,18,18,18,18,0.0,0.0,False,PNG,18,18,RGBA,1,True,F71812BC3AE9E2F239AAF95156DBF9BF6F46788FA06320448B7A87FF5B4AD40C,D83B40E9DE2259896CF72B3B91131BE5518FF68038D904448C6F0F36CB3026E9,C1C53B3C66732D53,896
L-FRAME-00381,logical_frame,D:\magia\MyProducts\MagiaRe\Magia_CN_Project\dist\MagiaCN-r128-downloader-fix1.apk,assets/package/quest/iconStatus.plist,assets/package/quest/iconStatus.png,icon_status_1042.png,D:\magia\MyProducts\MagiaRe\Magia_CN_Project\dist\MagiaCN-r128-downloader-fix1.apk!/assets/package/quest/iconStatus.plist#frame:icon_status_1042.png,assets/package/quest/iconStatus.plist#frame:icon_status_1042.png,atlas-frames/assets/package/quest/iconStatus/icon_status_1042.png,794,0,18,18,18,18,18,18,0.0,0.0,False,PNG,18,18,RGBA,1,True,88E7900BA0D22B4782A1F67EBBA14076FB105EA1C9609405B40F10FA55D2889C,A5378B63F359BC733053A1FEF58917CB64B8AF2D1B16206F8A37C332D124761D,95C46B3E63DC1E13,925
L-FRAME-00382,logical_frame,D:\magia\MyProducts\MagiaRe\Magia_CN_Project\dist\MagiaCN-r128-downloader-fix1.apk,assets/package/quest/iconStatus.plist,assets/package/quest/iconStatus.png,icon_status_1043.png,D:\magia\MyProducts\MagiaRe\Magia_CN_Project\dist\MagiaCN-r128-downloader-fix1.apk!/assets/package/quest/iconStatus.plist#frame:icon_status_1043.png,assets/package/quest/iconStatus.plist#frame:icon_status_1043.png,atlas-frames/assets/package/quest/iconStatus/icon_status_1043.png,775,475,18,18,18,18,18,18,0.0,0.0,False,PNG,18,18,RGBA,1,True,B911C34E4137FFE100BBBEDF2456D698E34470CEFA68E1754384A66D3B5C0363,794F51CA624C25A422F2B7064DD888151F5290030B10C5CCDF759607E6741575,C5CC32327BC476CB,986
L-FRAME-00383,logical_frame,D:\magia\MyProducts\MagiaRe\Magia_CN_Project\dist\MagiaCN-r128-downloader-fix1.apk,assets/package/quest/iconStatus.plist,assets/package/quest/iconStatus.png,icon_status_1044.png,D:\magia\MyProducts\MagiaRe\Magia_CN_Project\dist\MagiaCN-r128-downloader-fix1.apk!/assets/package/quest/iconStatus.plist#frame:icon_status_1044.png,assets/package/quest/iconStatus.plist#frame:icon_status_1044.png,atlas-frames/assets/package/quest/iconStatus/icon_status_1044.png,775,456,18,18,18,18,18,18,0.0,0.0,False,PNG,18,18,RGBA,1,True,446D46FE183A68DA78FA746B039309CC4DD3693FBD720AC6AFA328DDF5E472DF,8BC2627AB2490FE71FF924456604B3867CBEE3A970B7703A583251A9B95C308E,D1D6267906967979,867
L-FRAME-00384,logical_frame,D:\magia\MyProducts\MagiaRe\Magia_CN_Project\dist\MagiaCN-r128-downloader-fix1.apk,assets/package/quest/iconStatus.plist,assets/package/quest/iconStatus.png,icon_status_1045.png,D:\magia\MyProducts\MagiaRe\Magia_CN_Project\dist\MagiaCN-r128-downloader-fix1.apk!/assets/package/quest/iconStatus.plist#frame:icon_status_1045.png,assets/package/quest/iconStatus.plist#frame:icon_status_1045.png,atlas-frames/assets/package/quest/iconStatus/icon_status_1045.png,775,437,18,18,18,18,18,18,0.0,0.0,False,PNG,18,18,RGBA,1,True,2915A4E04AC281BFE60B734037B86FE1E45B04D4D26E958226D72BA699C8D818,270138C88594A868EDF23A38C7194F563C5F7C364BC89D9544D8125C59FB1EC3,C5B232C94B1E6F36,793
L-FRAME-00385,logical_frame,D:\magia\MyProducts\MagiaRe\Magia_CN_Project\dist\MagiaCN-r128-downloader-fix1.apk,assets/package/quest/iconStatus.plist,assets/package/quest/iconStatus.png,icon_status_1046.png,D:\magia\MyProducts\MagiaRe\Magia_CN_Project\dist\MagiaCN-r128-downloader-fix1.apk!/assets/package/quest/iconStatus.plist#frame:icon_status_1046.png,assets/package/quest/iconStatus.plist#frame:icon_status_1046.png,atlas-frames/assets/package/quest/iconStatus/icon_status_1046.png,775,418,18,18,18,18,18,18,0.0,0.0,False,PNG,18,18,RGBA,1,True,7E99CA7D2DE130FF140A8826EE7E46F1E46892A5C2FB10327B0AAC3949888B14,2151D11033332E54D56A5996A690A47D21A08B89ED289401B6EF11FF11D108FC,91E76C39124C3F5B,927
L-FRAME-00386,logical_frame,D:\magia\MyProducts\MagiaRe\Magia_CN_Project\dist\MagiaCN-r128-downloader-fix1.apk,assets/package/quest/iconStatus.plist,assets/package/quest/iconStatus.png,icon_status_1047.png,D:\magia\MyProducts\MagiaRe\Magia_CN_Project\dist\MagiaCN-r128-downloader-fix1.apk!/assets/package/quest/iconStatus.plist#frame:icon_status_1047.png,assets/package/quest/iconStatus.plist#frame:icon_status_1047.png,atlas-frames/assets/package/quest/iconStatus/icon_status_1047.png,775,399,18,18,18,18,18,18,0.0,0.0,False,PNG,18,18,RGBA,1,True,122D0591FFAD6078DBFD0D75F078A71D13A4720C3158B4AB342281897CCBAD7C,18A05281CFAF3388428690B761AC30DDE516EBFC0087F6A70A4A3E1D010051D4,D1953E9A496C3679,938
L-FRAME-00387,logical_frame,D:\magia\MyProducts\MagiaRe\Magia_CN_Project\dist\MagiaCN-r128-downloader-fix1.apk,assets/package/quest/iconStatus.plist,assets/package/quest/iconStatus.png,icon_status_1048.png,D:\magia\MyProducts\MagiaRe\Magia_CN_Project\dist\MagiaCN-r128-downloader-fix1.apk!/assets/package/quest/iconStatus.plist#frame:icon_status_1048.png,assets/package/quest/iconStatus.plist#frame:icon_status_1048.png,atlas-frames/assets/package/quest/iconStatus/icon_status_1048.png,775,380,18,18,18,18,18,18,0.0,0.0,False,PNG,18,18,RGBA,1,True,337CF5E84122BF92C11DF011B8780BD32218B653AB00481B103A5456E0ED286B,0A3F9593CB76BBB7DAC86FBCED5D62F6E9DBC04FCA4D523EEE491B830B291401,D1C6663936C23B3D,919
L-FRAME-00388,logical_frame,D:\magia\MyProducts\MagiaRe\Magia_CN_Project\dist\MagiaCN-r128-downloader-fix1.apk,assets/package/quest/iconStatus.plist,assets/package/quest/iconStatus.png,icon_status_1049.png,D:\magia\MyProducts\MagiaRe\Magia_CN_Project\dist\MagiaCN-r128-downloader-fix1.apk!/assets/package/quest/iconStatus.plist#frame:icon_status_1049.png,assets/package/quest/iconStatus.plist#frame:icon_status_1049.png,atlas-frames/assets/package/quest/iconStatus/icon_status_1049.png,775,361,18,18,18,18,18,18,0.0,0.0,False,PNG,18,18,RGBA,1,True,CAE5D2EC60913D4198931A648E8CA4E4C89615AB7294AA538B9602BF82E98AD5,A912895E9E7DE871AFB2F6779FFC5F6AA58B67EC670CD1C57B112A35D4D6BFFF,94D1735D4F746C52,934
L-FRAME-00389,logical_frame,D:\magia\MyProducts\MagiaRe\Magia_CN_Project\dist\MagiaCN-r128-downloader-fix1.apk,assets/package/quest/iconStatus.plist,assets/package/quest/iconStatus.png,icon_status_1050.png,D:\magia\MyProducts\MagiaRe\Magia_CN_Project\dist\MagiaCN-r128-downloader-fix1.apk!/assets/package/quest/iconStatus.plist#frame:icon_status_1050.png,assets/package/quest/iconStatus.plist#frame:icon_status_1050.png,atlas-frames/assets/package/quest/iconStatus/icon_status_1050.png,775,342,18,18,18,18,18,18,0.0,0.0,False,PNG,18,18,RGBA,1,True,FF2696AD41BD621D37FDD78442DDC7D4101E825EE093E7665093BB3F73E65A0B,AA642C14534B08A0ED7E91F38933E71F2DE58C59EF2D2671D74069C618FF4345,99C465394FDC5837,882
L-FRAME-00390,logical_frame,D:\magia\MyProducts\MagiaRe\Magia_CN_Project\dist\MagiaCN-r128-downloader-fix1.apk,assets/package/quest/iconStatus.plist,assets/package/quest/iconStatus.png,icon_status_1051.png,D:\magia\MyProducts\MagiaRe\Magia_CN_Project\dist\MagiaCN-r128-downloader-fix1.apk!/assets/package/quest/iconStatus.plist#frame:icon_status_1051.png,assets/package/quest/iconStatus.plist#frame:icon_status_1051.png,atlas-frames/assets/package/quest/iconStatus/icon_status_1051.png,775,323,18,18,18,18,18,18,0.0,0.0,False,PNG,18,18,RGBA,1,True,3B486C21800B54FA7A72C1C4E6B75F52AC23F6EC74C6F68F56ED240BD73D545F,BCE2ED12DAC29A4271A40928F6971A7CBDE98E3851409BC5AF0C018879225B48,94E676685A974937,968
L-FRAME-00391,logical_frame,D:\magia\MyProducts\MagiaRe\Magia_CN_Project\dist\MagiaCN-r128-downloader-fix1.apk,assets/package/quest/iconStatus.plist,assets/package/quest/iconStatus.png,icon_status_1052.png,D:\magia\MyProducts\MagiaRe\Magia_CN_Project\dist\MagiaCN-r128-downloader-fix1.apk!/assets/package/quest/iconStatus.plist#frame:icon_status_1052.png,assets/package/quest/iconStatus.plist#frame:icon_status_1052.png,atlas-frames/assets/package/quest/iconStatus/icon_status_1052.png,775,304,18,18,18,18,18,18,0.0,0.0,False,PNG,18,18,RGBA,1,True,B2B79811747C9E983388D5F50E3317D9387F3A0F67A80237B73E37D9131AAAFF,3A834DE225C08A805A7DF7E27B20E68A2AEBA7F24E5941947B1B2C71D947713F,C0E675E11E9F1936,961
L-FRAME-00392,logical_frame,D:\magia\MyProducts\MagiaRe\Magia_CN_Project\dist\MagiaCN-r128-downloader-fix1.apk,assets/package/quest/iconStatus.plist,assets/package/quest/iconStatus.png,icon_status_1053.png,D:\magia\MyProducts\MagiaRe\Magia_CN_Project\dist\MagiaCN-r128-downloader-fix1.apk!/assets/package/quest/iconStatus.plist#frame:icon_status_1053.png,assets/package/quest/iconStatus.plist#frame:icon_status_1053.png,atlas-frames/assets/package/quest/iconStatus/icon_status_1053.png,775,285,18,18,18,18,18,18,0.0,0.0,False,PNG,18,18,RGBA,1,True,FC0AB4C5A87A78BFF7C27166E8E2ABFB119C41DC770DC3011E1CE6D5380C9D39,40C4CCD6C6F8F0692A14E249F740444DE941C0A1C352434D9EA3408EFB785612,C4E679B10E27199F,959
L-FRAME-00393,logical_frame,D:\magia\MyProducts\MagiaRe\Magia_CN_Project\dist\MagiaCN-r128-downloader-fix1.apk,assets/package/quest/iconStatus.plist,assets/package/quest/iconStatus.png,icon_status_1054.png,D:\magia\MyProducts\MagiaRe\Magia_CN_Project\dist\MagiaCN-r128-downloader-fix1.apk!/assets/package/quest/iconStatus.plist#frame:icon_status_1054.png,assets/package/quest/iconStatus.plist#frame:icon_status_1054.png,atlas-frames/assets/package/quest/iconStatus/icon_status_1054.png,775,266,18,18,18,18,18,18,0.0,0.0,False,PNG,18,18,RGBA,1,True,A31AD64927AA78C76AFDACBB13A98B1095749B28404AC6CCE6E7E35E669A8608,45B0AA97DFBC94B1FFCD2079A07BC6AE6F280491FDBB5555F06762F9F22673DE,C48D72324CCF3FD4,901
L-FRAME-00394,logical_frame,D:\magia\MyProducts\MagiaRe\Magia_CN_Project\dist\MagiaCN-r128-downloader-fix1.apk,assets/package/quest/iconStatus.plist,assets/package/quest/iconStatus.png,icon_status_1055.png,D:\magia\MyProducts\MagiaRe\Magia_CN_Project\dist\MagiaCN-r128-downloader-fix1.apk!/assets/package/quest/iconStatus.plist#frame:icon_status_1055.png,assets/package/quest/iconStatus.plist#frame:icon_status_1055.png,atlas-frames/assets/package/quest/iconStatus/icon_status_1055.png,775,247,18,18,18,18,18,18,0.0,0.0,False,PNG,18,18,RGBA,1,True,259348A1B8630E9C771B5DE84815C317CD8A2DD666661910034176159C33BFB6,5FBFCC1005A277445557BFC90DF8C52B247BB8BDBC5CA2A3997805558D77A3C6,90E267ED1E371897,963
L-FRAME-00395,logical_frame,D:\magia\MyProducts\MagiaRe\Magia_CN_Project\dist\MagiaCN-r128-downloader-fix1.apk,assets/package/quest/iconStatus.plist,assets/package/quest/iconStatus.png,icon_status_1056.png,D:\magia\MyProducts\MagiaRe\Magia_CN_Project\dist\MagiaCN-r128-downloader-fix1.apk!/assets/package/quest/iconStatus.plist#frame:icon_status_1056.png,assets/package/quest/iconStatus.plist#frame:icon_status_1056.png,atlas-frames/assets/package/quest/iconStatus/icon_status_1056.png,775,228,18,18,18,18,18,18,0.0,0.0,False,PNG,18,18,RGBA,1,True,7CD100A470ADD785120F189897B63B2400C1008373C88E3B4BDAD05292B3377F,BE2F69B46E8E97B0567D804C4D2BFCB2FBE03EA1668598958717E5E42AEFE358,C4E675211E9F4AB6,959
L-FRAME-00396,logical_frame,D:\magia\MyProducts\MagiaRe\Magia_CN_Project\dist\MagiaCN-r128-downloader-fix1.apk,assets/package/quest/iconStatus.plist,assets/package/quest/iconStatus.png,icon_status_1057.png,D:\magia\MyProducts\MagiaRe\Magia_CN_Project\dist\MagiaCN-r128-downloader-fix1.apk!/assets/package/quest/iconStatus.plist#frame:icon_status_1057.png,assets/package/quest/iconStatus.plist#frame:icon_status_1057.png,atlas-frames/assets/package/quest/iconStatus/icon_status_1057.png,775,209,18,18,18,18,18,18,0.0,0.0,False,PNG,18,18,RGBA,1,True,DD70CE43C75E7D1E0937B9C5775D43B751F048479B3714030DDE2453148AB915,F06130483D8AC9F15516E8A2FA13A3545ABAD976BB23119EDC02D48D444A98EE,D4E675311E176A96,944
L-FRAME-00397,logical_frame,D:\magia\MyProducts\MagiaRe\Magia_CN_Project\dist\MagiaCN-r128-downloader-fix1.apk,assets/package/quest/iconStatus.plist,assets/package/quest/iconStatus.png,icon_status_1058.png,D:\magia\MyProducts\MagiaRe\Magia_CN_Project\dist\MagiaCN-r128-downloader-fix1.apk!/assets/package/quest/iconStatus.plist#frame:icon_status_1058.png,assets/package/quest/iconStatus.plist#frame:icon_status_1058.png,atlas-frames/assets/package/quest/iconStatus/icon_status_1058.png,775,190,18,18,18,18,18,18,0.0,0.0,False,PNG,18,18,RGBA,1,True,0E424764D00C6169CDC380478B57227C67BFBE5B3402CA1979BD75D505F11F87,52FAE9DAA3B53B8E9DC20818391691CF43121541666A452CF6BD1226B324EB43,D0E665211E9F5B96,958
L-FRAME-00398,logical_frame,D:\magia\MyProducts\MagiaRe\Magia_CN_Project\dist\MagiaCN-r128-downloader-fix1.apk,assets/package/quest/iconStatus.plist,assets/package/quest/iconStatus.png,icon_status_1059.png,D:\magia\MyProducts\MagiaRe\Magia_CN_Project\dist\MagiaCN-r128-downloader-fix1.apk!/assets/package/quest/iconStatus.plist#frame:icon_status_1059.png,assets/package/quest/iconStatus.plist#frame:icon_status_1059.png,atlas-frames/assets/package/quest/iconStatus/icon_status_1059.png,775,171,18,18,18,18,18,18,0.0,0.0,False,PNG,18,18,RGBA,1,True,FFF2DBC164BC8BF25B479ACCC38B1FC3E319925705FC6FAC163CB7F619AC4A4A,26B9301C0ACD2C88E57D28EBFCEA5002F113D6D7E426671D9D5448BD39015D78,C4E675A13E271B96,939
L-FRAME-00399,logical_frame,D:\magia\MyProducts\MagiaRe\Magia_CN_Project\dist\MagiaCN-r128-downloader-fix1.apk,assets/package/quest/iconStatus.plist,assets/package/quest/iconStatus.png,icon_status_1060.png,D:\magia\MyProducts\MagiaRe\Magia_CN_Project\dist\MagiaCN-r128-downloader-fix1.apk!/assets/package/quest/iconStatus.plist#frame:icon_status_1060.png,assets/package/quest/iconStatus.plist#frame:icon_status_1060.png,atlas-frames/assets/package/quest/iconStatus/icon_status_1060.png,775,152,18,18,18,18,18,18,0.0,0.0,False,PNG,18,18,RGBA,1,True,68888341200F847939C719F9B1350D6BDCF16B02F6E80559D2C672E1C77DB924,3FBA59CFE5612B23608ED5E8A41C6C267690DCB5119CEBE84377161CE0AB260D,C0E675A90E371B9E,962
L-FRAME-00400,logical_frame,D:\magia\MyProducts\MagiaRe\Magia_CN_Project\dist\MagiaCN-r128-downloader-fix1.apk,assets/package/quest/iconStatus.plist,assets/package/quest/iconStatus.png,icon_status_1061.png,D:\magia\MyProducts\MagiaRe\Magia_CN_Project\dist\MagiaCN-r128-downloader-fix1.apk!/assets/package/quest/iconStatus.plist#frame:icon_status_1061.png,assets/package/quest/iconStatus.plist#frame:icon_status_1061.png,atlas-frames/assets/package/quest/iconStatus/icon_status_1061.png,775,133,18,18,18,18,18,18,0.0,0.0,False,PNG,18,18,RGBA,1,True,0B4F603B1240ABB4E6D5BAC1FE2E4AB4C17D13CA0A59D134A95007C436E0926D,01553369083256F6D99ED6CCF99BFA8AC5EA5DAF1A47B263E2A7D62EA749B3BC,C4E675813E371B96,967
L-FRAME-00401,logical_frame,D:\magia\MyProducts\MagiaRe\Magia_CN_Project\dist\MagiaCN-r128-downloader-fix1.apk,assets/package/quest/iconStatus.plist,assets/package/quest/iconStatus.png,icon_status_1062.png,D:\magia\MyProducts\MagiaRe\Magia_CN_Project\dist\MagiaCN-r128-downloader-fix1.apk!/assets/package/quest/iconStatus.plist#frame:icon_status_1062.png,assets/package/quest/iconStatus.plist#frame:icon_status_1062.png,atlas-frames/assets/package/quest/iconStatus/icon_status_1062.png,775,114,18,18,18,18,18,18,0.0,0.0,False,PNG,18,18,RGBA,1,True,51EFC54DFBF2FB1E52B37C447ED4AB8C96F30B8CDE1FFD01A74B2E3A1CE7E059,4C0E26107F0EEC8DAA0A63DAB25C52AEFAE9126FA1D1E27FA82A821E60980A3F,91C2653CC3DE7C33,963
L-FRAME-00402,logical_frame,D:\magia\MyProducts\MagiaRe\Magia_CN_Project\dist\MagiaCN-r128-downloader-fix1.apk,assets/package/quest/iconStatus.plist,assets/package/quest/iconStatus.png,icon_status_1063.png,D:\magia\MyProducts\MagiaRe\Magia_CN_Project\dist\MagiaCN-r128-downloader-fix1.apk!/assets/package/quest/iconStatus.plist#frame:icon_status_1063.png,assets/package/quest/iconStatus.plist#frame:icon_status_1063.png,atlas-frames/assets/package/quest/iconStatus/icon_status_1063.png,775,95,18,18,18,18,18,18,0.0,0.0,False,PNG,18,18,RGBA,1,True,7476931AEC64AF05F280CF2F32C30CE6DBF83E892AAB672EBF0712C3E605FB44,1081DC79DB7E060A918DBA21F5AFAF0E04E624755B0580208BCF834AA3923463,C4917766639E1E47,925
L-FRAME-00403,logical_frame,D:\magia\MyProducts\MagiaRe\Magia_CN_Project\dist\MagiaCN-r128-downloader-fix1.apk,assets/package/quest/iconStatus.plist,assets/package/quest/iconStatus.png,icon_status_1064.png,D:\magia\MyProducts\MagiaRe\Magia_CN_Project\dist\MagiaCN-r128-downloader-fix1.apk!/assets/package/quest/iconStatus.plist#frame:icon_status_1064.png,assets/package/quest/iconStatus.plist#frame:icon_status_1064.png,atlas-frames/assets/package/quest/iconStatus/icon_status_1064.png,775,76,18,18,18,18,18,18,0.0,0.0,False,PNG,18,18,RGBA,1,True,85E39EF285C3C73BE518D1428FE51BE485372802BA53F90C60E908229399005A,F6C77131FED7E74F10E4D3A2394D9911E18B0BC1A17283760CF6258D1F7ACD60,C14B6E9437356E59,986
L-FRAME-00404,logical_frame,D:\magia\MyProducts\MagiaRe\Magia_CN_Project\dist\MagiaCN-r128-downloader-fix1.apk,assets/package/quest/iconStatus.plist,assets/package/quest/iconStatus.png,icon_status_1065.png,D:\magia\MyProducts\MagiaRe\Magia_CN_Project\dist\MagiaCN-r128-downloader-fix1.apk!/assets/package/quest/iconStatus.plist#frame:icon_status_1065.png,assets/package/quest/iconStatus.plist#frame:icon_status_1065.png,atlas-frames/assets/package/quest/iconStatus/icon_status_1065.png,775,57,18,18,18,18,18,18,0.0,0.0,False,PNG,18,18,RGBA,1,True,EA56D96C76EC10457FB4E8B456C8FF09EEA0E50D29BC0EAADBF8107CE87C3922,432D281F219DDAF9A536AA11C213F7FCF3E8E3B3C50973F368A726BA7B3778F6,95C13E1C633F62D9,986
L-FRAME-00405,logical_frame,D:\magia\MyProducts\MagiaRe\Magia_CN_Project\dist\MagiaCN-r128-downloader-fix1.apk,assets/package/quest/iconStatus.plist,assets/package/quest/iconStatus.png,icon_status_1066.png,D:\magia\MyProducts\MagiaRe\Magia_CN_Project\dist\MagiaCN-r128-downloader-fix1.apk!/assets/package/quest/iconStatus.plist#frame:icon_status_1066.png,assets/package/quest/iconStatus.plist#frame:icon_status_1066.png,atlas-frames/assets/package/quest/iconStatus/icon_status_1066.png,775,38,18,18,18,18,18,18,0.0,0.0,False,PNG,18,18,RGBA,1,True,F412EB18049E1AD9773529C8CBFD17C0A8ED43AA6C68505BF3566CECE15D2156,E3DAEBA9BCE659083CCB5C3E98E896545AF0EADCEBDCB7BC493819CFDACF7438,C04A93B42EBF3BA5,936
L-FRAME-00406,logical_frame,D:\magia\MyProducts\MagiaRe\Magia_CN_Project\dist\MagiaCN-r128-downloader-fix1.apk,assets/package/quest/iconStatus.plist,assets/package/quest/iconStatus.png,icon_status_1067.png,D:\magia\MyProducts\MagiaRe\Magia_CN_Project\dist\MagiaCN-r128-downloader-fix1.apk!/assets/package/quest/iconStatus.plist#frame:icon_status_1067.png,assets/package/quest/iconStatus.plist#frame:icon_status_1067.png,atlas-frames/assets/package/quest/iconStatus/icon_status_1067.png,775,19,18,18,18,18,18,18,0.0,0.0,False,PNG,18,18,RGBA,1,True,04D325C9D6FDD57ACC044AB0D5E40F073012F381D9489CA8A6FDBBEADD13C5AA,C3FAB433029DC429DAAD93E6064E6944E64F9531C01DCCFEC72DDE876AAE596F,E192B54B52AD1B7C,991
L-FRAME-00407,logical_frame,D:\magia\MyProducts\MagiaRe\Magia_CN_Project\dist\MagiaCN-r128-downloader-fix1.apk,assets/package/quest/iconStatus.plist,assets/package/quest/iconStatus.png,icon_status_1068.png,D:\magia\MyProducts\MagiaRe\Magia_CN_Project\dist\MagiaCN-r128-downloader-fix1.apk!/assets/package/quest/iconStatus.plist#frame:icon_status_1068.png,assets/package/quest/iconStatus.plist#frame:icon_status_1068.png,atlas-frames/assets/package/quest/iconStatus/icon_status_1068.png,775,0,18,18,18,18,18,18,0.0,0.0,False,PNG,18,18,RGBA,1,True,4300E9ABCF6220D6B68044BA2AF41BB03366ECCF77423296DD69A10B0E598F20,C69565143C6C28DEC569F35C74B9A52367AE5F8CB83489B587E9C19DA244599D,9DE6B134639E4A1B,961
L-FRAME-00408,logical_frame,D:\magia\MyProducts\MagiaRe\Magia_CN_Project\dist\MagiaCN-r128-downloader-fix1.apk,assets/package/quest/iconStatus.plist,assets/package/quest/iconStatus.png,icon_status_1069.png,D:\magia\MyProducts\MagiaRe\Magia_CN_Project\dist\MagiaCN-r128-downloader-fix1.apk!/assets/package/quest/iconStatus.plist#frame:icon_status_1069.png,assets/package/quest/iconStatus.plist#frame:icon_status_1069.png,atlas-frames/assets/package/quest/iconStatus/icon_status_1069.png,756,475,18,18,18,18,18,18,0.0,0.0,False,PNG,18,18,RGBA,1,True,62B2AD17B89C3A82FC56AB7F62D63E1C44A0F9963294932766050D35626A4604,39043F896E64945C06C9CFCDFA9253BB924B086FA7E91ACC25A7C86C170DF9F8,95E2361DC31E3E33,895
L-FRAME-00409,logical_frame,D:\magia\MyProducts\MagiaRe\Magia_CN_Project\dist\MagiaCN-r128-downloader-fix1.apk,assets/package/quest/iconStatus.plist,assets/package/quest/iconStatus.png,icon_status_1070.png,D:\magia\MyProducts\MagiaRe\Magia_CN_Project\dist\MagiaCN-r128-downloader-fix1.apk!/assets/package/quest/iconStatus.plist#frame:icon_status_1070.png,assets/package/quest/iconStatus.plist#frame:icon_status_1070.png,atlas-frames/assets/package/quest/iconStatus/icon_status_1070.png,756,456,18,18,18,18,18,18,0.0,0.0,False,PNG,18,18,RGBA,1,True,5354613E0F9931BA60E6141CEE4DA4167B3BE5E89A83E235126AB488E72C14A9,EEB1434694A2345E5760CC17DEDB90D4052D8BB4B1BD5AE20B92FBF0E4AF78E0,C46B39B6369C1B72,869
L-FRAME-00410,logical_frame,D:\magia\MyProducts\MagiaRe\Magia_CN_Project\dist\MagiaCN-r128-downloader-fix1.apk,assets/package/quest/iconStatus.plist,assets/package/quest/iconStatus.png,icon_status_1071.png,D:\magia\MyProducts\MagiaRe\Magia_CN_Project\dist\MagiaCN-r128-downloader-fix1.apk!/assets/package/quest/iconStatus.plist#frame:icon_status_1071.png,assets/package/quest/iconStatus.plist#frame:icon_status_1071.png,atlas-frames/assets/package/quest/iconStatus/icon_status_1071.png,756,437,18,18,18,18,18,18,0.0,0.0,False,PNG,18,18,RGBA,1,True,07484F13992036D8873B2827329156B87D249B5453792C46CD9AF3AA903D1049,0B6AB5388F4B5F3A5CC357F9379B7ED3DB5DB5879F9C27B388DA449DB865D9EA,F5932A4C3A22EF9A,294
L-FRAME-00411,logical_frame,D:\magia\MyProducts\MagiaRe\Magia_CN_Project\dist\MagiaCN-r128-downloader-fix1.apk,assets/package/quest/iconStatus.plist,assets/package/quest/iconStatus.png,icon_status_1072.png,D:\magia\MyProducts\MagiaRe\Magia_CN_Project\dist\MagiaCN-r128-downloader-fix1.apk!/assets/package/quest/iconStatus.plist#frame:icon_status_1072.png,assets/package/quest/iconStatus.plist#frame:icon_status_1072.png,atlas-frames/assets/package/quest/iconStatus/icon_status_1072.png,756,418,18,18,18,18,18,18,0.0,0.0,False,PNG,18,18,RGBA,1,True,8141ADCBBB9FB22C9331D4D7A227011C50E05A571F396AD81A44B17195463346,F8E8FB51B293F32D5E8FB1574F78976A31C3DEC8806554579A0B3B38B7FF8C08,C4C33D3C63CC6E69,939
L-FRAME-00412,logical_frame,D:\magia\MyProducts\MagiaRe\Magia_CN_Project\dist\MagiaCN-r128-downloader-fix1.apk,assets/package/quest/iconStatus.plist,assets/package/quest/iconStatus.png,icon_status_1073.png,D:\magia\MyProducts\MagiaRe\Magia_CN_Project\dist\MagiaCN-r128-downloader-fix1.apk!/assets/package/quest/iconStatus.plist#frame:icon_status_1073.png,assets/package/quest/iconStatus.plist#frame:icon_status_1073.png,atlas-frames/assets/package/quest/iconStatus/icon_status_1073.png,756,399,18,18,18,18,18,18,0.0,0.0,False,PNG,18,18,RGBA,1,True,FC357A235786C058EF4D7C93843835F0ADC29971850C33D48D62B200344FF36B,B65175E3B309C78AAA714C07CBD82209B75CEDF731D2409C50208B6E49EC9D8E,C4C33D3E62CC6B69,949
L-FRAME-00413,logical_frame,D:\magia\MyProducts\MagiaRe\Magia_CN_Project\dist\MagiaCN-r128-downloader-fix1.apk,assets/package/quest/iconStatus.plist,assets/package/quest/iconStatus.png,icon_status_1074.png,D:\magia\MyProducts\MagiaRe\Magia_CN_Project\dist\MagiaCN-r128-downloader-fix1.apk!/assets/package/quest/iconStatus.plist#frame:icon_status_1074.png,assets/package/quest/iconStatus.plist#frame:icon_status_1074.png,atlas-frames/assets/package/quest/iconStatus/icon_status_1074.png,756,380,18,18,18,18,18,18,0.0,0.0,False,PNG,18,18,RGBA,1,True,CE6577CB7556E25A66F031CC1F8E8704C4498895B199A77B644E556F361A2DAB,CCE7C94738072EEB4D41C7C8254980ACD5ACABBC7742838CA93268FEE01ADAEE,F5932A443E23EF92,327
L-FRAME-00414,logical_frame,D:\magia\MyProducts\MagiaRe\Magia_CN_Project\dist\MagiaCN-r128-downloader-fix1.apk,assets/package/quest/iconStatus.plist,assets/package/quest/iconStatus.png,icon_status_1075.png,D:\magia\MyProducts\MagiaRe\Magia_CN_Project\dist\MagiaCN-r128-downloader-fix1.apk!/assets/package/quest/iconStatus.plist#frame:icon_status_1075.png,assets/package/quest/iconStatus.plist#frame:icon_status_1075.png,atlas-frames/assets/package/quest/iconStatus/icon_status_1075.png,756,361,18,18,18,18,18,18,0.0,0.0,False,PNG,18,18,RGBA,1,True,AD6A56FB6486B11700156519D2202119973B325D96A12ACD69D2D61542FAF2D3,1A4803BA2F77EE3E7617DFC0F584B037FEBE86A6F3CDEA524FA0DCD470D598DB,9197CCF81EC36363,970
L-FRAME-00415,logical_frame,D:\magia\MyProducts\MagiaRe\Magia_CN_Project\dist\MagiaCN-r128-downloader-fix1.apk,assets/package/quest/iconStatus.plist,assets/package/quest/iconStatus.png,icon_status_1076.png,D:\magia\MyProducts\MagiaRe\Magia_CN_Project\dist\MagiaCN-r128-downloader-fix1.apk!/assets/package/quest/iconStatus.plist#frame:icon_status_1076.png,assets/package/quest/iconStatus.plist#frame:icon_status_1076.png,atlas-frames/assets/package/quest/iconStatus/icon_status_1076.png,756,342,18,18,18,18,18,18,0.0,0.0,False,PNG,18,18,RGBA,1,True,4179B87E2F2D708690BAFA6CD6E164ABC400733B03AF14B280C5A542D5B6D23F,AF6D5B6F183267E8C1CB2EF9754804D254107DD1DE97D3944D29A4C955652593,94C33C3E62D66E69,955
L-FRAME-00416,logical_frame,D:\magia\MyProducts\MagiaRe\Magia_CN_Project\dist\MagiaCN-r128-downloader-fix1.apk,assets/package/quest/iconStatus.plist,assets/package/quest/iconStatus.png,icon_status_1077.png,D:\magia\MyProducts\MagiaRe\Magia_CN_Project\dist\MagiaCN-r128-downloader-fix1.apk!/assets/package/quest/iconStatus.plist#frame:icon_status_1077.png,assets/package/quest/iconStatus.plist#frame:icon_status_1077.png,atlas-frames/assets/package/quest/iconStatus/icon_status_1077.png,756,323,18,18,18,18,18,18,0.0,0.0,False,PNG,18,18,RGBA,1,True,5EE25AE7162D708576A3328D5F2D188E340BB40F68AE68224807FDD97B0596C6,773BA90FE3990557159C102DC7B85BF0465237ED1232187ED6AE38D359FCA5DA,D8DA62AD8F2D2B94,967
L-FRAME-00417,logical_frame,D:\magia\MyProducts\MagiaRe\Magia_CN_Project\dist\MagiaCN-r128-downloader-fix1.apk,assets/package/quest/iconStatus.plist,assets/package/quest/iconStatus.png,icon_status_1078.png,D:\magia\MyProducts\MagiaRe\Magia_CN_Project\dist\MagiaCN-r128-downloader-fix1.apk!/assets/package/quest/iconStatus.plist#frame:icon_status_1078.png,assets/package/quest/iconStatus.plist#frame:icon_status_1078.png,atlas-frames/assets/package/quest/iconStatus/icon_status_1078.png,756,304,18,18,18,18,18,18,0.0,0.0,False,PNG,18,18,RGBA,1,True,71CEC6C580525A7D4EF987B36B15D0C851F4AFC8B12F4F31DF27C209585B0693,4375D1483C52ADC8467885B5FC8CAE9A4E4971F486D3D9622077BA0C319CCB41,C4C33D3E63DC6E48,945
L-FRAME-00418,logical_frame,D:\magia\MyProducts\MagiaRe\Magia_CN_Project\dist\MagiaCN-r128-downloader-fix1.apk,assets/package/quest/iconStatus.plist,assets/package/quest/iconStatus.png,icon_status_1079.png,D:\magia\MyProducts\MagiaRe\Magia_CN_Project\dist\MagiaCN-r128-downloader-fix1.apk!/assets/package/quest/iconStatus.plist#frame:icon_status_1079.png,assets/package/quest/iconStatus.plist#frame:icon_status_1079.png,atlas-frames/assets/package/quest/iconStatus/icon_status_1079.png,756,285,18,18,18,18,18,18,0.0,0.0,False,PNG,18,18,RGBA,1,True,F13E53F0F3F6EB4D9F999BB128E7B6A413C2C40D5542409F7AD99FCEC3515E4A,8F41AE37DC9B20BD42FB3DCE87E42E1E2947A34CF0321558334F2525E9259F92,B0E1CBBC623B0FCC,975
L-FRAME-00419,logical_frame,D:\magia\MyProducts\MagiaRe\Magia_CN_Project\dist\MagiaCN-r128-downloader-fix1.apk,assets/package/quest/iconStatus.plist,assets/package/quest/iconStatus.png,icon_status_1080.png,D:\magia\MyProducts\MagiaRe\Magia_CN_Project\dist\MagiaCN-r128-downloader-fix1.apk!/assets/package/quest/iconStatus.plist#frame:icon_status_1080.png,assets/package/quest/iconStatus.plist#frame:icon_status_1080.png,atlas-frames/assets/package/quest/iconStatus/icon_status_1080.png,756,266,18,18,18,18,18,18,0.0,0.0,False,PNG,18,18,RGBA,1,True,C79B3CC4413F2F2B9032FDD945DA4EF328F9B8AFE3D0FE80F9FEE01C44A73A23,F7A50ED4A3AC422E373827D105013A0C5E147EE58AAA6D48B51B616A101871E8,85C13E3E62CB6B6C,940
L-FRAME-00420,logical_frame,D:\magia\MyProducts\MagiaRe\Magia_CN_Project\dist\MagiaCN-r128-downloader-fix1.apk,assets/package/quest/iconStatus.plist,assets/package/quest/iconStatus.png,icon_status_1081.png,D:\magia\MyProducts\MagiaRe\Magia_CN_Project\dist\MagiaCN-r128-downloader-fix1.apk!/assets/package/quest/iconStatus.plist#frame:icon_status_1081.png,assets/package/quest/iconStatus.plist#frame:icon_status_1081.png,atlas-frames/assets/package/quest/iconStatus/icon_status_1081.png,756,247,18,18,18,18,18,18,0.0,0.0,False,PNG,18,18,RGBA,1,True,AF4F01076FC1AE425A7869AD21EEE1950435087EACAAF05BBBA58769B058A259,7ACFB40E155784C935B0E4933A7FF1BFBC774617D21FEFFDEE2690E7CE5CF50E,95C2383C63CD3F33,937
L-FRAME-00421,logical_frame,D:\magia\MyProducts\MagiaRe\Magia_CN_Project\dist\MagiaCN-r128-downloader-fix1.apk,assets/package/quest/iconStatus.plist,assets/package/quest/iconStatus.png,icon_status_1082.png,D:\magia\MyProducts\MagiaRe\Magia_CN_Project\dist\MagiaCN-r128-downloader-fix1.apk!/assets/package/quest/iconStatus.plist#frame:icon_status_1082.png,assets/package/quest/iconStatus.plist#frame:icon_status_1082.png,atlas-frames/assets/package/quest/iconStatus/icon_status_1082.png,756,228,18,18,18,18,18,18,0.0,0.0,False,PNG,18,18,RGBA,1,True,CD9E40BEDA82A6EE8A91C08F2157FF4347005B24D09FD26E55E73FDD75EBB155,48E1CC5D6D15A584B72C49CE392153C2EBE79502A1A0650B48381A3BF071B306,CEC9F90F461C1B36,942
L-FRAME-00422,logical_frame,D:\magia\MyProducts\MagiaRe\Magia_CN_Project\dist\MagiaCN-r128-downloader-fix1.apk,assets/package/quest/iconStatus.plist,assets/package/quest/iconStatus.png,icon_status_1083.png,D:\magia\MyProducts\MagiaRe\Magia_CN_Project\dist\MagiaCN-r128-downloader-fix1.apk!/assets/package/quest/iconStatus.plist#frame:icon_status_1083.png,assets/package/quest/iconStatus.plist#frame:icon_status_1083.png,atlas-frames/assets/package/quest/iconStatus/icon_status_1083.png,756,209,18,18,18,18,18,18,0.0,0.0,False,PNG,18,18,RGBA,1,True,CE9FD34E9CABA364F5BD0100F8B189A662A469B7EA12FA6CC6D9C8F9244BF98E,4AA513748E599D6F4F3CC6201CE6E23F370CAA07B6CA21318602B679AE09037C,D0D86F6731A46E63,891
L-FRAME-00423,logical_frame,D:\magia\MyProducts\MagiaRe\Magia_CN_Project\dist\MagiaCN-r128-downloader-fix1.apk,assets/package/quest/iconStatus.plist,assets/package/quest/iconStatus.png,icon_status_1084.png,D:\magia\MyProducts\MagiaRe\Magia_CN_Project\dist\MagiaCN-r128-downloader-fix1.apk!/assets/package/quest/iconStatus.plist#frame:icon_status_1084.png,assets/package/quest/iconStatus.plist#frame:icon_status_1084.png,atlas-frames/assets/package/quest/iconStatus/icon_status_1084.png,756,190,18,18,18,18,18,18,0.0,0.0,False,PNG,18,18,RGBA,1,True,E07E9B4CEE3531A34064823B6C6AFE68FFEAB93BC89D70028E40EAFC0D96CFE7,2C1BB903C4FC2FF097520BDC0E6E51327C7CCCE785A27C4B565AC8BE25DA9109,D0DA6F6725B42E43,893
L-FRAME-00424,logical_frame,D:\magia\MyProducts\MagiaRe\Magia_CN_Project\dist\MagiaCN-r128-downloader-fix1.apk,assets/package/quest/iconStatus.plist,assets/package/quest/iconStatus.png,icon_status_1085.png,D:\magia\MyProducts\MagiaRe\Magia_CN_Project\dist\MagiaCN-r128-downloader-fix1.apk!/assets/package/quest/iconStatus.plist#frame:icon_status_1085.png,assets/package/quest/iconStatus.plist#frame:icon_status_1085.png,atlas-frames/assets/package/quest/iconStatus/icon_status_1085.png,756,171,18,18,18,18,18,18,0.0,0.0,False,PNG,18,18,RGBA,1,True,6ED07BA78D04666888F4E5EADE3AEDA5A950B1C3E87E70475F7546D42BA44B9A,2CB95CB6623DCA57739D6EA3E78E76AE58C6AA0B4B7189F7A7D856939CA24E72,D0D86F23332C6F53,910
L-FRAME-00425,logical_frame,D:\magia\MyProducts\MagiaRe\Magia_CN_Project\dist\MagiaCN-r128-downloader-fix1.apk,assets/package/quest/iconStatus.plist,assets/package/quest/iconStatus.png,icon_status_1086.png,D:\magia\MyProducts\MagiaRe\Magia_CN_Project\dist\MagiaCN-r128-downloader-fix1.apk!/assets/package/quest/iconStatus.plist#frame:icon_status_1086.png,assets/package/quest/iconStatus.plist#frame:icon_status_1086.png,atlas-frames/assets/package/quest/iconStatus/icon_status_1086.png,756,152,18,18,18,18,18,18,0.0,0.0,False,PNG,18,18,RGBA,1,True,9D21FF6B219CB512A836EEC6964820DC01B568CF98E08FC71235DCD5AD6E4894,1654C60730FC15E18EB5C4F0096FA8D7E06FF32F8649EA71CB3FB1E8FD0527CD,D0D86F6731A46E63,875
L-FRAME-00426,logical_frame,D:\magia\MyProducts\MagiaRe\Magia_CN_Project\dist\MagiaCN-r128-downloader-fix1.apk,assets/package/quest/iconStatus.plist,assets/package/quest/iconStatus.png,icon_status_1087.png,D:\magia\MyProducts\MagiaRe\Magia_CN_Project\dist\MagiaCN-r128-downloader-fix1.apk!/assets/package/quest/iconStatus.plist#frame:icon_status_1087.png,assets/package/quest/iconStatus.plist#frame:icon_status_1087.png,atlas-frames/assets/package/quest/iconStatus/icon_status_1087.png,756,133,18,18,18,18,18,18,0.0,0.0,False,PNG,18,18,RGBA,1,True,7E8DB8BD987374465DD682FEDDA97940C4045DC3D0CC4DAE5454DB7394D9931A,E41BDA1FA7BF28D6B94385934707BCB522A0767129BED257DA5FEC1238E80657,D0D86F6735A46E43,872
L-FRAME-00427,logical_frame,D:\magia\MyProducts\MagiaRe\Magia_CN_Project\dist\MagiaCN-r128-downloader-fix1.apk,assets/package/quest/iconStatus.plist,assets/package/quest/iconStatus.png,icon_status_1088.png,D:\magia\MyProducts\MagiaRe\Magia_CN_Project\dist\MagiaCN-r128-downloader-fix1.apk!/assets/package/quest/iconStatus.plist#frame:icon_status_1088.png,assets/package/quest/iconStatus.plist#frame:icon_status_1088.png,atlas-frames/assets/package/quest/iconStatus/icon_status_1088.png,756,114,18,18,18,18,18,18,0.0,0.0,False,PNG,18,18,RGBA,1,True,BB600A879299317CA452056D527013DCF840C3DB1A755343D91CFDBD72E3837D,138B6921472A98F72E307529DAD304239F522DEBD69CFC9D23909956DAF5AC45,95C13C3E62CC6F69,940
L-FRAME-00428,logical_frame,D:\magia\MyProducts\MagiaRe\Magia_CN_Project\dist\MagiaCN-r128-downloader-fix1.apk,assets/package/quest/iconStatus.plist,assets/package/quest/iconStatus.png,icon_status_1089.png,D:\magia\MyProducts\MagiaRe\Magia_CN_Project\dist\MagiaCN-r128-downloader-fix1.apk!/assets/package/quest/iconStatus.plist#frame:icon_status_1089.png,assets/package/quest/iconStatus.plist#frame:icon_status_1089.png,atlas-frames/assets/package/quest/iconStatus/icon_status_1089.png,756,95,18,18,18,18,18,18,0.0,0.0,False,PNG,18,18,RGBA,1,True,EBD6CC69812980E74BA955FB24F87A6A8A7C759EF81D253ECD1808E78B219182,98B0C8DA63A3E78E9893161570B42DE727C033906E5A83708208288800D563CE,8DCF32323BC36399,815
L-FRAME-00429,logical_frame,D:\magia\MyProducts\MagiaRe\Magia_CN_Project\dist\MagiaCN-r128-downloader-fix1.apk,assets/package/quest/iconStatus.plist,assets/package/quest/iconStatus.png,icon_status_1090.png,D:\magia\MyProducts\MagiaRe\Magia_CN_Project\dist\MagiaCN-r128-downloader-fix1.apk!/assets/package/quest/iconStatus.plist#frame:icon_status_1090.png,assets/package/quest/iconStatus.plist#frame:icon_status_1090.png,atlas-frames/assets/package/quest/iconStatus/icon_status_1090.png,756,76,18,18,18,18,18,18,0.0,0.0,False,PNG,18,18,RGBA,1,True,5418B9259817BB2FACB746BBB7A031D3F648082F4D6CD042D7F01F61FDF1F9FC,FF8AB0A931DC1049EBF1E57E7493970B69F5F483DA40B163994F464AB2596D62,9D3C64C3C27C1F63,830
L-FRAME-00430,logical_frame,D:\magia\MyProducts\MagiaRe\Magia_CN_Project\dist\MagiaCN-r128-downloader-fix1.apk,assets/package/quest/iconStatus.plist,assets/package/quest/iconStatus.png,icon_status_1091.png,D:\magia\MyProducts\MagiaRe\Magia_CN_Project\dist\MagiaCN-r128-downloader-fix1.apk!/assets/package/quest/iconStatus.plist#frame:icon_status_1091.png,assets/package/quest/iconStatus.plist#frame:icon_status_1091.png,atlas-frames/assets/package/quest/iconStatus/icon_status_1091.png,756,57,18,18,18,18,18,18,0.0,0.0,False,PNG,18,18,RGBA,1,True,9AC0CD461859AF063337A2B5CDCB409E89BA6244FE2DB402E12D6005B679C4C4,F20F1B3292D852C850CC63632C51BB5937EA70ECFEE99C51B3E237D9A20019D6,C12B3EB43D4A6E4B,739
L-FRAME-00431,logical_frame,D:\magia\MyProducts\MagiaRe\Magia_CN_Project\dist\MagiaCN-r128-downloader-fix1.apk,assets/package/quest/iconStatus.plist,assets/package/quest/iconStatus.png,icon_status_1092.png,D:\magia\MyProducts\MagiaRe\Magia_CN_Project\dist\MagiaCN-r128-downloader-fix1.apk!/assets/package/quest/iconStatus.plist#frame:icon_status_1092.png,assets/package/quest/iconStatus.plist#frame:icon_status_1092.png,atlas-frames/assets/package/quest/iconStatus/icon_status_1092.png,756,38,18,18,18,18,18,18,0.0,0.0,False,PNG,18,18,RGBA,1,True,0098D07CBDF4CECDDE0E455621F05008504223E86F2256E413A34D3E4D135C18,6A70F5EDD5AF618081C28BDC06501E1F0A921732614E08B48897DE9F9B312AF9,D16D2C927B6F4B84,677
L-FRAME-00432,logical_frame,D:\magia\MyProducts\MagiaRe\Magia_CN_Project\dist\MagiaCN-r128-downloader-fix1.apk,assets/package/quest/iconStatus.plist,assets/package/quest/iconStatus.png,icon_status_1093.png,D:\magia\MyProducts\MagiaRe\Magia_CN_Project\dist\MagiaCN-r128-downloader-fix1.apk!/assets/package/quest/iconStatus.plist#frame:icon_status_1093.png,assets/package/quest/iconStatus.plist#frame:icon_status_1093.png,atlas-frames/assets/package/quest/iconStatus/icon_status_1093.png,756,19,18,18,18,18,18,18,0.0,0.0,False,PNG,18,18,RGBA,1,True,3EE654278FD5F6B8D5EB3F8CD355D52A2E7AC4BF4E8A86DBC977F4C4D687B0BF,D18DA661F0F1E0213A82E05B010D2D0B795DAFC851A00B2694C547CF030C9E4D,C5C13C3E62CE6E69,914
L-FRAME-00433,logical_frame,D:\magia\MyProducts\MagiaRe\Magia_CN_Project\dist\MagiaCN-r128-downloader-fix1.apk,assets/package/quest/iconStatus.plist,assets/package/quest/iconStatus.png,icon_status_1094.png,D:\magia\MyProducts\MagiaRe\Magia_CN_Project\dist\MagiaCN-r128-downloader-fix1.apk!/assets/package/quest/iconStatus.plist#frame:icon_status_1094.png,assets/package/quest/iconStatus.plist#frame:icon_status_1094.png,atlas-frames/assets/package/quest/iconStatus/icon_status_1094.png,756,0,18,18,18,18,18,18,0.0,0.0,False,PNG,18,18,RGBA,1,True,9FB6EC3560325A5BA1D161787461354215DF2316EB05703316350DC0FFC9DFB7,1757C31DC4787276509D6C954AEABA52911AC2B4E3CF7FD4F8849C17C3D701EB,C0B56D5A356C732D,865
L-FRAME-00434,logical_frame,D:\magia\MyProducts\MagiaRe\Magia_CN_Project\dist\MagiaCN-r128-downloader-fix1.apk,assets/package/quest/iconStatus.plist,assets/package/quest/iconStatus.png,icon_status_1095.png,D:\magia\MyProducts\MagiaRe\Magia_CN_Project\dist\MagiaCN-r128-downloader-fix1.apk!/assets/package/quest/iconStatus.plist#frame:icon_status_1095.png,assets/package/quest/iconStatus.plist#frame:icon_status_1095.png,atlas-frames/assets/package/quest/iconStatus/icon_status_1095.png,813,323,18,18,18,18,18,18,0.0,0.0,False,PNG,18,18,RGBA,1,True,D9016A5D8901D0EB3C154B704DA941F639DB732414405874799EA22F376C1A61,390CFCAC5A26437A0454125ABFB681EF95C11925922078B51C3C9AD1770DD129,C5CC763363CC5B43,968
L-FRAME-00435,logical_frame,D:\magia\MyProducts\MagiaRe\Magia_CN_Project\dist\MagiaCN-r128-downloader-fix1.apk,assets/package/quest/iconStatus.plist,assets/package/quest/iconStatus.png,icon_status_l_1000.png,D:\magia\MyProducts\MagiaRe\Magia_CN_Project\dist\MagiaCN-r128-downloader-fix1.apk!/assets/package/quest/iconStatus.plist#frame:icon_status_l_1000.png,assets/package/quest/iconStatus.plist#frame:icon_status_l_1000.png,atlas-frames/assets/package/quest/iconStatus/icon_status_l_1000.png,693,378,62,62,62,62,62,62,0.0,0.0,False,PNG,62,62,RGBA,1,True,3C07A43A21B0E708884BBF110D19E1FDEAC3E2786C0D201C53812C7A1478339B,54FD9F3716AE75857475F90B6711AC43F59AA3EAE082F73CA25F4D5239D04F93,95F04A1F2FE03B3C,1356
L-FRAME-00436,logical_frame,D:\magia\MyProducts\MagiaRe\Magia_CN_Project\dist\MagiaCN-r128-downloader-fix1.apk,assets/package/quest/iconStatus.plist,assets/package/quest/iconStatus.png,icon_status_l_1001.png,D:\magia\MyProducts\MagiaRe\Magia_CN_Project\dist\MagiaCN-r128-downloader-fix1.apk!/assets/package/quest/iconStatus.plist#frame:icon_status_l_1001.png,assets/package/quest/iconStatus.plist#frame:icon_status_l_1001.png,atlas-frames/assets/package/quest/iconStatus/icon_status_l_1001.png,693,315,62,62,62,62,62,62,0.0,0.0,False,PNG,62,62,RGBA,1,True,F9EE8C4766C6F2C96E788CEC7236A044C79701AE3B12B49C4FB3FD40B61B22F6,EAB753F202B10EA44D4874B809BB9D4771E4776276DDE7114E3FC2BD5EA6C1D2,C1CF72B21DA6364D,5067
L-FRAME-00437,logical_frame,D:\magia\MyProducts\MagiaRe\Magia_CN_Project\dist\MagiaCN-r128-downloader-fix1.apk,assets/package/quest/iconStatus.plist,assets/package/quest/iconStatus.png,icon_status_l_1002.png,D:\magia\MyProducts\MagiaRe\Magia_CN_Project\dist\MagiaCN-r128-downloader-fix1.apk!/assets/package/quest/iconStatus.plist#frame:icon_status_l_1002.png,assets/package/quest/iconStatus.plist#frame:icon_status_l_1002.png,atlas-frames/assets/package/quest/iconStatus/icon_status_l_1002.png,693,252,62,62,62,62,62,62,0.0,0.0,False,PNG,62,62,RGBA,1,True,55279D45ADA06AD73219AD49DB3EEF32A8F23FA57E2E2263431A80F71CDDD7AC,11F3A613E9750D6A3EB51826AF7AD881D3B698F4A63D4FFD75DB3611FC010650,CB6B699E3694164D,3649
L-FRAME-00438,logical_frame,D:\magia\MyProducts\MagiaRe\Magia_CN_Project\dist\MagiaCN-r128-downloader-fix1.apk,assets/package/quest/iconStatus.plist,assets/package/quest/iconStatus.png,icon_status_l_1003.png,D:\magia\MyProducts\MagiaRe\Magia_CN_Project\dist\MagiaCN-r128-downloader-fix1.apk!/assets/package/quest/iconStatus.plist#frame:icon_status_l_1003.png,assets/package/quest/iconStatus.plist#frame:icon_status_l_1003.png,atlas-frames/assets/package/quest/iconStatus/icon_status_l_1003.png,693,189,62,62,62,62,62,62,0.0,0.0,False,PNG,62,62,RGBA,1,True,BF6F8F26FE04FF8877F3B7625D6D8FE96DFA2C8C57DBE7133ABF0FBEC255A962,9A2D1B90119732FD05B543BF60472430F2F799A6B5FDF3F55C5364ED76B57270,C0CA63B11DB47779,6044
L-FRAME-00439,logical_frame,D:\magia\MyProducts\MagiaRe\Magia_CN_Project\dist\MagiaCN-r128-downloader-fix1.apk,assets/package/quest/iconStatus.plist,assets/package/quest/iconStatus.png,icon_status_l_1004.png,D:\magia\MyProducts\MagiaRe\Magia_CN_Project\dist\MagiaCN-r128-downloader-fix1.apk!/assets/package/quest/iconStatus.plist#frame:icon_status_l_1004.png,assets/package/quest/iconStatus.plist#frame:icon_status_l_1004.png,atlas-frames/assets/package/quest/iconStatus/icon_status_l_1004.png,693,126,62,62,62,62,62,62,0.0,0.0,False,PNG,62,62,RGBA,1,True,7B625D3DAA64F60F80E70D930935D2BB9520EAD01123E14D151CB44A8CDC6A21,D53FE4EF514695304A7D92DDFA308D6401AED906164CD96AD8EF0E565158B2A4,C5CB723219B476CB,5729
L-FRAME-00440,logical_frame,D:\magia\MyProducts\MagiaRe\Magia_CN_Project\dist\MagiaCN-r128-downloader-fix1.apk,assets/package/quest/iconStatus.plist,assets/package/quest/iconStatus.png,icon_status_l_1005.png,D:\magia\MyProducts\MagiaRe\Magia_CN_Project\dist\MagiaCN-r128-downloader-fix1.apk!/assets/package/quest/iconStatus.plist#frame:icon_status_l_1005.png,assets/package/quest/iconStatus.plist#frame:icon_status_l_1005.png,atlas-frames/assets/package/quest/iconStatus/icon_status_l_1005.png,693,63,62,62,62,62,62,62,0.0,0.0,False,PNG,62,62,RGBA,1,True,CE24DB020A11A2104279757496B71116E4174C3E60DCBE9798BD692C512CEB73,DF657431947BFCD9969CCC4A54525FFD0479EBD12E539177BBDBCA61F55B7B8D,C969639735B4365C,4360
L-FRAME-00441,logical_frame,D:\magia\MyProducts\MagiaRe\Magia_CN_Project\dist\MagiaCN-r128-downloader-fix1.apk,assets/package/quest/iconStatus.plist,assets/package/quest/iconStatus.png,icon_status_l_1006.png,D:\magia\MyProducts\MagiaRe\Magia_CN_Project\dist\MagiaCN-r128-downloader-fix1.apk!/assets/package/quest/iconStatus.plist#frame:icon_status_l_1006.png,assets/package/quest/iconStatus.plist#frame:icon_status_l_1006.png,atlas-frames/assets/package/quest/iconStatus/icon_status_l_1006.png,693,0,62,62,62,62,62,62,0.0,0.0,False,PNG,62,62,RGBA,1,True,D88C58994B28F1A8C4DF3A52AF3B4662E7321E2FC665DB237C167845140C580E,2F9187450A4A392BC2789F7DFCCF44430E06B786B6B4A2F4C00A77E565B331FD,C9496CB637B534CC,7273
L-FRAME-00442,logical_frame,D:\magia\MyProducts\MagiaRe\Magia_CN_Project\dist\MagiaCN-r128-downloader-fix1.apk,assets/package/quest/iconStatus.plist,assets/package/quest/iconStatus.png,icon_status_l_1007.png,D:\magia\MyProducts\MagiaRe\Magia_CN_Project\dist\MagiaCN-r128-downloader-fix1.apk!/assets/package/quest/iconStatus.plist#frame:icon_status_l_1007.png,assets/package/quest/iconStatus.plist#frame:icon_status_l_1007.png,atlas-frames/assets/package/quest/iconStatus/icon_status_l_1007.png,630,441,62,62,62,62,62,62,0.0,0.0,False,PNG,62,62,RGBA,1,True,11FB633E306B7FB2277DB8A13004827D85C55DF15E3F5EF126FA14231B4635FB,C5817D64111A9E6DF1537BE26BD41FEF0BC7439EB6A99BD89E94FAE55D84E07A,C06B59B536B5364E,7325
L-FRAME-00443,logical_frame,D:\magia\MyProducts\MagiaRe\Magia_CN_Project\dist\MagiaCN-r128-downloader-fix1.apk,assets/package/quest/iconStatus.plist,assets/package/quest/iconStatus.png,icon_status_l_1008.png,D:\magia\MyProducts\MagiaRe\Magia_CN_Project\dist\MagiaCN-r128-downloader-fix1.apk!/assets/package/quest/iconStatus.plist#frame:icon_status_l_1008.png,assets/package/quest/iconStatus.plist#frame:icon_status_l_1008.png,atlas-frames/assets/package/quest/iconStatus/icon_status_l_1008.png,630,378,62,62,62,62,62,62,0.0,0.0,False,PNG,62,62,RGBA,1,True,08398B1F74F6D9A2D02CAA51CBAA3EDB663BEDCB8350D3CDFA69A0DC0F59FDD2,B7710837821D708D04DEDA29A7E718CB8CFE1F7CA670016EA6729E9D44E3D1A3,C8CB59B436B5364E,7255
L-FRAME-00444,logical_frame,D:\magia\MyProducts\MagiaRe\Magia_CN_Project\dist\MagiaCN-r128-downloader-fix1.apk,assets/package/quest/iconStatus.plist,assets/package/quest/iconStatus.png,icon_status_l_1009.png,D:\magia\MyProducts\MagiaRe\Magia_CN_Project\dist\MagiaCN-r128-downloader-fix1.apk!/assets/package/quest/iconStatus.plist#frame:icon_status_l_1009.png,assets/package/quest/iconStatus.plist#frame:icon_status_l_1009.png,atlas-frames/assets/package/quest/iconStatus/icon_status_l_1009.png,630,315,62,62,62,62,62,62,0.0,0.0,False,PNG,62,62,RGBA,1,True,E191815EB3086DE6BCEC56F22F4637AB219FF1FC54304E82C37A3B60CFED7DA5,C87072A11B60384CAC6054A5E2BF68B2FBCDB08B5814D1D591108108EED215DA,C9CB63B59EB53C40,6064
L-FRAME-00445,logical_frame,D:\magia\MyProducts\MagiaRe\Magia_CN_Project\dist\MagiaCN-r128-downloader-fix1.apk,assets/package/quest/iconStatus.plist,assets/package/quest/iconStatus.png,icon_status_l_1010.png,D:\magia\MyProducts\MagiaRe\Magia_CN_Project\dist\MagiaCN-r128-downloader-fix1.apk!/assets/package/quest/iconStatus.plist#frame:icon_status_l_1010.png,assets/package/quest/iconStatus.plist#frame:icon_status_l_1010.png,atlas-frames/assets/package/quest/iconStatus/icon_status_l_1010.png,630,252,62,62,62,62,62,62,0.0,0.0,False,PNG,62,62,RGBA,1,True,5D98C241CF1E7B798204320FE1CDE6EC028B184E959D8CEC3CCAACC3694BA33B,E0EA70B826DDE531B68EC136E5A83370DD4DDC919A1CF0BB27CD7525CBBCB7FB,95C5363A491E73CD,4870
L-FRAME-00446,logical_frame,D:\magia\MyProducts\MagiaRe\Magia_CN_Project\dist\MagiaCN-r128-downloader-fix1.apk,assets/package/quest/iconStatus.plist,assets/package/quest/iconStatus.png,icon_status_l_1011.png,D:\magia\MyProducts\MagiaRe\Magia_CN_Project\dist\MagiaCN-r128-downloader-fix1.apk!/assets/package/quest/iconStatus.plist#frame:icon_status_l_1011.png,assets/package/quest/iconStatus.plist#frame:icon_status_l_1011.png,atlas-frames/assets/package/quest/iconStatus/icon_status_l_1011.png,630,189,62,62,62,62,62,62,0.0,0.0,False,PNG,62,62,RGBA,1,True,B14E8DCD3D33B3A00DD680F993BCD45A5AA6649A76D4D756420404C5B7EA15CB,A3E371307DF41F05E77D6D64E3C8E3F18E5F00C9F2BF069BDDCAB05E3277FFD2,96E36D1C631C53C7,3613
L-FRAME-00447,logical_frame,D:\magia\MyProducts\MagiaRe\Magia_CN_Project\dist\MagiaCN-r128-downloader-fix1.apk,assets/package/quest/iconStatus.plist,assets/package/quest/iconStatus.png,icon_status_l_1012.png,D:\magia\MyProducts\MagiaRe\Magia_CN_Project\dist\MagiaCN-r128-downloader-fix1.apk!/assets/package/quest/iconStatus.plist#frame:icon_status_l_1012.png,assets/package/quest/iconStatus.plist#frame:icon_status_l_1012.png,atlas-frames/assets/package/quest/iconStatus/icon_status_l_1012.png,630,126,62,62,62,62,62,62,0.0,0.0,False,PNG,62,62,RGBA,1,True,32C8DF0ED4189A49B5A7A6C9DA5531DDE3C4512DF4B01F1E015FF793C4A34F71,85C2D1173BA155B39570B5B2F1343814E5857311F4DA633078974D77C4FF3508,94C36739491E63F9,5902
L-FRAME-00448,logical_frame,D:\magia\MyProducts\MagiaRe\Magia_CN_Project\dist\MagiaCN-r128-downloader-fix1.apk,assets/package/quest/iconStatus.plist,assets/package/quest/iconStatus.png,icon_status_l_1013.png,D:\magia\MyProducts\MagiaRe\Magia_CN_Project\dist\MagiaCN-r128-downloader-fix1.apk!/assets/package/quest/iconStatus.plist#frame:icon_status_l_1013.png,assets/package/quest/iconStatus.plist#frame:icon_status_l_1013.png,atlas-frames/assets/package/quest/iconStatus/icon_status_l_1013.png,630,63,62,62,62,62,62,62,0.0,0.0,False,PNG,62,62,RGBA,1,True,AE7AA1534B77834DDD05E17372C63C95A3A7284F56095CE631D582881B0552D5,B6341A714048A750E8C4B6B9AD9CF5BF67A8E67E7667A4F27A6ED7AFB87BC008,95C336324B3C76CB,5524
L-FRAME-00449,logical_frame,D:\magia\MyProducts\MagiaRe\Magia_CN_Project\dist\MagiaCN-r128-downloader-fix1.apk,assets/package/quest/iconStatus.plist,assets/package/quest/iconStatus.png,icon_status_l_1014.png,D:\magia\MyProducts\MagiaRe\Magia_CN_Project\dist\MagiaCN-r128-downloader-fix1.apk!/assets/package/quest/iconStatus.plist#frame:icon_status_l_1014.png,assets/package/quest/iconStatus.plist#frame:icon_status_l_1014.png,atlas-frames/assets/package/quest/iconStatus/icon_status_l_1014.png,630,0,62,62,62,62,62,62,0.0,0.0,False,PNG,62,62,RGBA,1,True,2E9BA2203C782206E11EFF560F8E8935E295F276AAC7C784E0BF313D2441920C,A1C513E35FF50567D22C950B7B9739CE985D3ACB1650ABF80E2BE7B667805C8E,9CE1369E613E63CC,4223
L-FRAME-00450,logical_frame,D:\magia\MyProducts\MagiaRe\Magia_CN_Project\dist\MagiaCN-r128-downloader-fix1.apk,assets/package/quest/iconStatus.plist,assets/package/quest/iconStatus.png,icon_status_l_1015.png,D:\magia\MyProducts\MagiaRe\Magia_CN_Project\dist\MagiaCN-r128-downloader-fix1.apk!/assets/package/quest/iconStatus.plist#frame:icon_status_l_1015.png,assets/package/quest/iconStatus.plist#frame:icon_status_l_1015.png,atlas-frames/assets/package/quest/iconStatus/icon_status_l_1015.png,567,441,62,62,62,62,62,62,0.0,0.0,False,PNG,62,62,RGBA,1,True,80942F48DB1CFCCF180323FA7C675E4C9BE00EA384BD5EC984972E2457A5620C,9965952EC4A6CCC862E7C11AF79B2FA2452E1028D66AE5C6589786A2AEE6475F,99E16C36633D71CC,7212
L-FRAME-00451,logical_frame,D:\magia\MyProducts\MagiaRe\Magia_CN_Project\dist\MagiaCN-r128-downloader-fix1.apk,assets/package/quest/iconStatus.plist,assets/package/quest/iconStatus.png,icon_status_l_1016.png,D:\magia\MyProducts\MagiaRe\Magia_CN_Project\dist\MagiaCN-r128-downloader-fix1.apk!/assets/package/quest/iconStatus.plist#frame:icon_status_l_1016.png,assets/package/quest/iconStatus.plist#frame:icon_status_l_1016.png,atlas-frames/assets/package/quest/iconStatus/icon_status_l_1016.png,567,378,62,62,62,62,62,62,0.0,0.0,False,PNG,62,62,RGBA,1,True,6A7C0D14E82C01E987A316562391DA82598D65006E14430DA52EAC6F3496BEA3,54D0C85D9D1ED7B6A8980BB8F8E05CED5C9B627002784C3956D8B95B56A7182B,94E1193F671E32EC,7236
L-FRAME-00452,logical_frame,D:\magia\MyProducts\MagiaRe\Magia_CN_Project\dist\MagiaCN-r128-downloader-fix1.apk,assets/package/quest/iconStatus.plist,assets/package/quest/iconStatus.png,icon_status_l_1017.png,D:\magia\MyProducts\MagiaRe\Magia_CN_Project\dist\MagiaCN-r128-downloader-fix1.apk!/assets/package/quest/iconStatus.plist#frame:icon_status_l_1017.png,assets/package/quest/iconStatus.plist#frame:icon_status_l_1017.png,atlas-frames/assets/package/quest/iconStatus/icon_status_l_1017.png,567,315,62,62,62,62,62,62,0.0,0.0,False,PNG,62,62,RGBA,1,True,0C00E80AF74E6E3E638F21E29A6BE413061630420F9BFCF417773BD3FFD5BE1A,C548EDD38604DC003F8AE7DBE796883AFE18F4073E340668C7E1F608EC2AEADF,9CC1393E623E66EC,7296
L-FRAME-00453,logical_frame,D:\magia\MyProducts\MagiaRe\Magia_CN_Project\dist\MagiaCN-r128-downloader-fix1.apk,assets/package/quest/iconStatus.plist,assets/package/quest/iconStatus.png,icon_status_l_1018.png,D:\magia\MyProducts\MagiaRe\Magia_CN_Project\dist\MagiaCN-r128-downloader-fix1.apk!/assets/package/quest/iconStatus.plist#frame:icon_status_l_1018.png,assets/package/quest/iconStatus.plist#frame:icon_status_l_1018.png,atlas-frames/assets/package/quest/iconStatus/icon_status_l_1018.png,567,252,62,62,62,62,62,62,0.0,0.0,False,PNG,62,62,RGBA,1,True,D30F3E564FDEE03BA0D0DD6AF2DB090F87B15DFE905DD4332EEE1C524C50873B,D5DCAEEAA1D98B06FC13D6AB3CF37DC610AE653DD6608E0A88B2C74C69E99F4C,9CC1361FCB3E69C4,5890
L-FRAME-00454,logical_frame,D:\magia\MyProducts\MagiaRe\Magia_CN_Project\dist\MagiaCN-r128-downloader-fix1.apk,assets/package/quest/iconStatus.plist,assets/package/quest/iconStatus.png,icon_status_l_1019.png,D:\magia\MyProducts\MagiaRe\Magia_CN_Project\dist\MagiaCN-r128-downloader-fix1.apk!/assets/package/quest/iconStatus.plist#frame:icon_status_l_1019.png,assets/package/quest/iconStatus.plist#frame:icon_status_l_1019.png,atlas-frames/assets/package/quest/iconStatus/icon_status_l_1019.png,567,189,62,62,62,62,62,62,0.0,0.0,False,PNG,62,62,RGBA,1,True,0792386ED57CB8B832E80106DED2483EE52594C9483D4302DDAA99236B6429EA,C0711C340AFCD32EB1A0519340A43F2CAC5CEC4A0D22FEFC1ACB3C8C6E7652FE,D0C3373C4FF21C4E,4597
L-FRAME-00455,logical_frame,D:\magia\MyProducts\MagiaRe\Magia_CN_Project\dist\MagiaCN-r128-downloader-fix1.apk,assets/package/quest/iconStatus.plist,assets/package/quest/iconStatus.png,icon_status_l_1020.png,D:\magia\MyProducts\MagiaRe\Magia_CN_Project\dist\MagiaCN-r128-downloader-fix1.apk!/assets/package/quest/iconStatus.plist#frame:icon_status_l_1020.png,assets/package/quest/iconStatus.plist#frame:icon_status_l_1020.png,atlas-frames/assets/package/quest/iconStatus/icon_status_l_1020.png,567,126,62,62,62,62,62,62,0.0,0.0,False,PNG,62,62,RGBA,1,True,C7465F634DA8411FA301720D1A8AF513BCF584C92BB2CE8F9F98ACDB6D1D1E28,AFDDD779A93099776630A0A3782305B6B5156EE3978E241B6F362F89A50FCB2D,C4CB36364BB12E5B,4853
L-FRAME-00456,logical_frame,D:\magia\MyProducts\MagiaRe\Magia_CN_Project\dist\MagiaCN-r128-downloader-fix1.apk,assets/package/quest/iconStatus.plist,assets/package/quest/iconStatus.png,icon_status_l_1021.png,D:\magia\MyProducts\MagiaRe\Magia_CN_Project\dist\MagiaCN-r128-downloader-fix1.apk!/assets/package/quest/iconStatus.plist#frame:icon_status_l_1021.png,assets/package/quest/iconStatus.plist#frame:icon_status_l_1021.png,atlas-frames/assets/package/quest/iconStatus/icon_status_l_1021.png,567,63,62,62,62,62,62,62,0.0,0.0,False,PNG,62,62,RGBA,1,True,C2957EA066B847CAB942B88B771AD21D8BC5B00555EB8E70CF91836B21BBCECA,D961CAD5705B2962A1728BCCDA6AEA23F8C10EB0A2B885D0B10D444E0223B880,C5B55B726C633866,6731
L-FRAME-00457,logical_frame,D:\magia\MyProducts\MagiaRe\Magia_CN_Project\dist\MagiaCN-r128-downloader-fix1.apk,assets/package/quest/iconStatus.plist,assets/package/quest/iconStatus.png,icon_status_l_1022.png,D:\magia\MyProducts\MagiaRe\Magia_CN_Project\dist\MagiaCN-r128-downloader-fix1.apk!/assets/package/quest/iconStatus.plist#frame:icon_status_l_1022.png,assets/package/quest/iconStatus.plist#frame:icon_status_l_1022.png,atlas-frames/assets/package/quest/iconStatus/icon_status_l_1022.png,567,0,62,62,62,62,62,62,0.0,0.0,False,PNG,62,62,RGBA,1,True,E9AAB95E4BCCDA790691236757FF9199042E1A41107147B8E23ED8F9FD7A80D9,EA53D91CE5BFD9B30B5F86203AC74F4307B70CC9423C8818D4FB14B69E6557CF,C1CC3E376E937152,5178
L-FRAME-00458,logical_frame,D:\magia\MyProducts\MagiaRe\Magia_CN_Project\dist\MagiaCN-r128-downloader-fix1.apk,assets/package/quest/iconStatus.plist,assets/package/quest/iconStatus.png,icon_status_l_1023.png,D:\magia\MyProducts\MagiaRe\Magia_CN_Project\dist\MagiaCN-r128-downloader-fix1.apk!/assets/package/quest/iconStatus.plist#frame:icon_status_l_1023.png,assets/package/quest/iconStatus.plist#frame:icon_status_l_1023.png,atlas-frames/assets/package/quest/iconStatus/icon_status_l_1023.png,504,441,62,62,62,62,62,62,0.0,0.0,False,PNG,62,62,RGBA,1,True,C60BB15CD31FA04D155BC0C66FE00EF70037B11AD7CC0783D45791F2B8C715A7,2A0D8EC90B62ECA9287A91A6FE4037912F6565798AAAD3A84243C0FC2AA5CD82,94CD65965E373159,4817
L-FRAME-00459,logical_frame,D:\magia\MyProducts\MagiaRe\Magia_CN_Project\dist\MagiaCN-r128-downloader-fix1.apk,assets/package/quest/iconStatus.plist,assets/package/quest/iconStatus.png,icon_status_l_1024.png,D:\magia\MyProducts\MagiaRe\Magia_CN_Project\dist\MagiaCN-r128-downloader-fix1.apk!/assets/package/quest/iconStatus.plist#frame:icon_status_l_1024.png,assets/package/quest/iconStatus.plist#frame:icon_status_l_1024.png,atlas-frames/assets/package/quest/iconStatus/icon_status_l_1024.png,504,378,62,62,62,62,62,62,0.0,0.0,False,PNG,62,62,RGBA,1,True,AE21E7485B7E133D7771C9AEE7AD119474E4A1DDFE83F40138F03A91DA85C53F,20B7A1C5C8B7A95E05C190B0EB05E55DBC7BCBF1768A53CD4CD67EB1985BCACA,C1E53C97633C3663,4844
L-FRAME-00460,logical_frame,D:\magia\MyProducts\MagiaRe\Magia_CN_Project\dist\MagiaCN-r128-downloader-fix1.apk,assets/package/quest/iconStatus.plist,assets/package/quest/iconStatus.png,icon_status_l_1025.png,D:\magia\MyProducts\MagiaRe\Magia_CN_Project\dist\MagiaCN-r128-downloader-fix1.apk!/assets/package/quest/iconStatus.plist#frame:icon_status_l_1025.png,assets/package/quest/iconStatus.plist#frame:icon_status_l_1025.png,atlas-frames/assets/package/quest/iconStatus/icon_status_l_1025.png,504,315,62,62,62,62,62,62,0.0,0.0,False,PNG,62,62,RGBA,1,True,1CA68E81B0E7A8454D12F52D639D0680DB3F63C838B67CC19485AFAD31C88924,0B56006CE46B0EA3D57B7074E50C159890E88B93FC3AC37A8EA1C4F60326D3A1,D1947A4FA6724F16,3846
L-FRAME-00461,logical_frame,D:\magia\MyProducts\MagiaRe\Magia_CN_Project\dist\MagiaCN-r128-downloader-fix1.apk,assets/package/quest/iconStatus.plist,assets/package/quest/iconStatus.png,icon_status_l_1026.png,D:\magia\MyProducts\MagiaRe\Magia_CN_Project\dist\MagiaCN-r128-downloader-fix1.apk!/assets/package/quest/iconStatus.plist#frame:icon_status_l_1026.png,assets/package/quest/iconStatus.plist#frame:icon_status_l_1026.png,atlas-frames/assets/package/quest/iconStatus/icon_status_l_1026.png,504,252,62,62,62,62,62,62,0.0,0.0,False,PNG,62,62,RGBA,1,True,7ACFC61003CD0CBEAADBCDEC6DD92659AF0384BBE7E4C625F94601407557BEC8,289A00BDAE0775F0321052A73B69E3B4268ECC8BD704D202D38A510C4FFFB03B,94E54B9A2CCD7366,5462
L-FRAME-00462,logical_frame,D:\magia\MyProducts\MagiaRe\Magia_CN_Project\dist\MagiaCN-r128-downloader-fix1.apk,assets/package/quest/iconStatus.plist,assets/package/quest/iconStatus.png,icon_status_l_1027.png,D:\magia\MyProducts\MagiaRe\Magia_CN_Project\dist\MagiaCN-r128-downloader-fix1.apk!/assets/package/quest/iconStatus.plist#frame:icon_status_l_1027.png,assets/package/quest/iconStatus.plist#frame:icon_status_l_1027.png,atlas-frames/assets/package/quest/iconStatus/icon_status_l_1027.png,504,189,62,62,62,62,62,62,0.0,0.0,False,PNG,62,62,RGBA,1,True,C94CF2445C2BE0B43062AA08D65901A2FB674A96BFCCA15474C2DFFD024CAFC3,539EAFCA1B53C642754835B19BE379610CB79A4FE1EEAD58FABDCD138E8BA03E,C7B138DB336D4712,6286
L-FRAME-00463,logical_frame,D:\magia\MyProducts\MagiaRe\Magia_CN_Project\dist\MagiaCN-r128-downloader-fix1.apk,assets/package/quest/iconStatus.plist,assets/package/quest/iconStatus.png,icon_status_l_1028.png,D:\magia\MyProducts\MagiaRe\Magia_CN_Project\dist\MagiaCN-r128-downloader-fix1.apk!/assets/package/quest/iconStatus.plist#frame:icon_status_l_1028.png,assets/package/quest/iconStatus.plist#frame:icon_status_l_1028.png,atlas-frames/assets/package/quest/iconStatus/icon_status_l_1028.png,504,126,62,62,62,62,62,62,0.0,0.0,False,PNG,62,62,RGBA,1,True,CFC9C53DC5DAC804367CFFFACFF46569464A85B5741655756AEB69DF26C699BA,CE061D265B0CA87AD50C519B4EDF887EDBAB6EA1D50226A2B8F0B803853D0A49,D1C42B5B6431DED6,4446
L-FRAME-00464,logical_frame,D:\magia\MyProducts\MagiaRe\Magia_CN_Project\dist\MagiaCN-r128-downloader-fix1.apk,assets/package/quest/iconStatus.plist,assets/package/quest/iconStatus.png,icon_status_l_1029.png,D:\magia\MyProducts\MagiaRe\Magia_CN_Project\dist\MagiaCN-r128-downloader-fix1.apk!/assets/package/quest/iconStatus.plist#frame:icon_status_l_1029.png,assets/package/quest/iconStatus.plist#frame:icon_status_l_1029.png,atlas-frames/assets/package/quest/iconStatus/icon_status_l_1029.png,504,63,62,62,62,62,62,62,0.0,0.0,False,PNG,62,62,RGBA,1,True,803EC0F4A16A2AD0B605A2C14B75DF7244759EA58EB2B2EF84235E2A2CFD0106,F277A9B5CD987778E1C20F00D03479CF787474C60F9727EC13E1A0AF27575A43,95CB34364BAC7E43,5614
L-FRAME-00465,logical_frame,D:\magia\MyProducts\MagiaRe\Magia_CN_Project\dist\MagiaCN-r128-downloader-fix1.apk,assets/package/quest/iconStatus.plist,assets/package/quest/iconStatus.png,icon_status_l_1030.png,D:\magia\MyProducts\MagiaRe\Magia_CN_Project\dist\MagiaCN-r128-downloader-fix1.apk!/assets/package/quest/iconStatus.plist#frame:icon_status_l_1030.png,assets/package/quest/iconStatus.plist#frame:icon_status_l_1030.png,atlas-frames/assets/package/quest/iconStatus/icon_status_l_1030.png,504,0,62,62,62,62,62,62,0.0,0.0,False,PNG,62,62,RGBA,1,True,620776BB8C464AC396F1AB1FEEEB5BDE905AE52B63DD11168D718EFF83ACFC78,B4A0C56CB2BCC6751A35E6B09B52DAF6DF23E59F4FC7E3701C87A1622CB33B0A,95CC39364BCD3E23,5334
L-FRAME-00466,logical_frame,D:\magia\MyProducts\MagiaRe\Magia_CN_Project\dist\MagiaCN-r128-downloader-fix1.apk,assets/package/quest/iconStatus.plist,assets/package/quest/iconStatus.png,icon_status_l_1031.png,D:\magia\MyProducts\MagiaRe\Magia_CN_Project\dist\MagiaCN-r128-downloader-fix1.apk!/assets/package/quest/iconStatus.plist#frame:icon_status_l_1031.png,assets/package/quest/iconStatus.plist#frame:icon_status_l_1031.png,atlas-frames/assets/package/quest/iconStatus/icon_status_l_1031.png,441,441,62,62,62,62,62,62,0.0,0.0,False,PNG,62,62,RGBA,1,True,B077F5611FE843E600D7F6A1DD03025CD1A9F202C485D8D422ADA239262CFC6B,B1A76BC1DDC1991B703E632AE137D78DAA51FED5D3E28DE43FCDF39D87612871,99C0661FC37C7C33,5813
L-FRAME-00467,logical_frame,D:\magia\MyProducts\MagiaRe\Magia_CN_Project\dist\MagiaCN-r128-downloader-fix1.apk,assets/package/quest/iconStatus.plist,assets/package/quest/iconStatus.png,icon_status_l_1032.png,D:\magia\MyProducts\MagiaRe\Magia_CN_Project\dist\MagiaCN-r128-downloader-fix1.apk!/assets/package/quest/iconStatus.plist#frame:icon_status_l_1032.png,assets/package/quest/iconStatus.plist#frame:icon_status_l_1032.png,atlas-frames/assets/package/quest/iconStatus/icon_status_l_1032.png,441,378,62,62,62,62,62,62,0.0,0.0,False,PNG,62,62,RGBA,1,True,BEFD58430BA108BF02008C33F6B9A0626387139AF7E32CDB42A9EFE649DAFF70,E5ADA09B59FF6F7D21FF3E210C5D1B7B9EE93477BB173A54FA5B19F61F921227,94C365CC9A636F33,5695
L-FRAME-00468,logical_frame,D:\magia\MyProducts\MagiaRe\Magia_CN_Project\dist\MagiaCN-r128-downloader-fix1.apk,assets/package/quest/iconStatus.plist,assets/package/quest/iconStatus.png,icon_status_l_1033.png,D:\magia\MyProducts\MagiaRe\Magia_CN_Project\dist\MagiaCN-r128-downloader-fix1.apk!/assets/package/quest/iconStatus.plist#frame:icon_status_l_1033.png,assets/package/quest/iconStatus.plist#frame:icon_status_l_1033.png,atlas-frames/assets/package/quest/iconStatus/icon_status_l_1033.png,441,315,62,62,62,62,62,62,0.0,0.0,False,PNG,62,62,RGBA,1,True,D98F345EB371801B91CB57CE0A71AEB7707D9AA3D344E1D79270CCFA6ED79878,89F9F8AD5398ADB6FBB1944A20FCC73CB1F877673DD95A083B7E0FB64B0481BD,C5ED32325DC6726C,6448
L-FRAME-00469,logical_frame,D:\magia\MyProducts\MagiaRe\Magia_CN_Project\dist\MagiaCN-r128-downloader-fix1.apk,assets/package/quest/iconStatus.plist,assets/package/quest/iconStatus.png,icon_status_l_1034.png,D:\magia\MyProducts\MagiaRe\Magia_CN_Project\dist\MagiaCN-r128-downloader-fix1.apk!/assets/package/quest/iconStatus.plist#frame:icon_status_l_1034.png,assets/package/quest/iconStatus.plist#frame:icon_status_l_1034.png,atlas-frames/assets/package/quest/iconStatus/icon_status_l_1034.png,441,252,62,62,62,62,62,62,0.0,0.0,False,PNG,62,62,RGBA,1,True,C33F99A5C58D36EA73EB84BE4815321C5E1DAE03D7E86B57028215516FC2B7A6,030B8152B3CBD50C9A9922BC15EC9FC837FB8152B7611E5E5B3CEB426CA86905,D6E76118375916C7,3708
L-FRAME-00470,logical_frame,D:\magia\MyProducts\MagiaRe\Magia_CN_Project\dist\MagiaCN-r128-downloader-fix1.apk,assets/package/quest/iconStatus.plist,assets/package/quest/iconStatus.png,icon_status_l_1035.png,D:\magia\MyProducts\MagiaRe\Magia_CN_Project\dist\MagiaCN-r128-downloader-fix1.apk!/assets/package/quest/iconStatus.plist#frame:icon_status_l_1035.png,assets/package/quest/iconStatus.plist#frame:icon_status_l_1035.png,atlas-frames/assets/package/quest/iconStatus/icon_status_l_1035.png,441,189,62,62,62,62,62,62,0.0,0.0,False,PNG,62,62,RGBA,1,True,048D653A400F7DB055D4D4DBF4DF88E37C1035E6E91A2E54A7655C08717ADC96,165F6134154A6BEC0C8C66D375E03D4EFA5385F2DBB7306D2C60A5E45FA04971,C5B469CB33344D3B,4590
L-FRAME-00471,logical_frame,D:\magia\MyProducts\MagiaRe\Magia_CN_Project\dist\MagiaCN-r128-downloader-fix1.apk,assets/package/quest/iconStatus.plist,assets/package/quest/iconStatus.png,icon_status_l_1036.png,D:\magia\MyProducts\MagiaRe\Magia_CN_Project\dist\MagiaCN-r128-downloader-fix1.apk!/assets/package/quest/iconStatus.plist#frame:icon_status_l_1036.png,assets/package/quest/iconStatus.plist#frame:icon_status_l_1036.png,atlas-frames/assets/package/quest/iconStatus/icon_status_l_1036.png,441,126,62,62,62,62,62,62,0.0,0.0,False,PNG,62,62,RGBA,1,True,FD61F7B68EFC11D888DC2DACDFFBE23125D4FCA23A742675879A63C3C3E4FA06,5BAF810CC28229D5B48AFB95BF826DA74FF8687FF4C319079939E1A4FC4298A8,95E64B1D333E4C33,4930
L-FRAME-00472,logical_frame,D:\magia\MyProducts\MagiaRe\Magia_CN_Project\dist\MagiaCN-r128-downloader-fix1.apk,assets/package/quest/iconStatus.plist,assets/package/quest/iconStatus.png,icon_status_l_1037.png,D:\magia\MyProducts\MagiaRe\Magia_CN_Project\dist\MagiaCN-r128-downloader-fix1.apk!/assets/package/quest/iconStatus.plist#frame:icon_status_l_1037.png,assets/package/quest/iconStatus.plist#frame:icon_status_l_1037.png,atlas-frames/assets/package/quest/iconStatus/icon_status_l_1037.png,441,63,62,62,62,62,62,62,0.0,0.0,False,PNG,62,62,RGBA,1,True,38CCA3E8B2D4CD7C2CB3ADD7A448E8FAF502FD39EF4CE464E2DB5B7EC071078C,DB4D0AC72A4FA321FE0ADDE40C10BE56C61AC37E55310365FB8112D6A130AE51,C4CD31364FC9366E,5610
L-FRAME-00473,logical_frame,D:\magia\MyProducts\MagiaRe\Magia_CN_Project\dist\MagiaCN-r128-downloader-fix1.apk,assets/package/quest/iconStatus.plist,assets/package/quest/iconStatus.png,icon_status_l_1038.png,D:\magia\MyProducts\MagiaRe\Magia_CN_Project\dist\MagiaCN-r128-downloader-fix1.apk!/assets/package/quest/iconStatus.plist#frame:icon_status_l_1038.png,assets/package/quest/iconStatus.plist#frame:icon_status_l_1038.png,atlas-frames/assets/package/quest/iconStatus/icon_status_l_1038.png,441,0,62,62,62,62,62,62,0.0,0.0,False,PNG,62,62,RGBA,1,True,679A1C80B6C5693C3AE9CEBD6C338B3227F22D7A10790CBFCA9728020FBA73D4,0BAD379E3F798030D3A00993696162D2EF1881031A27E06F0C71C45EAA232585,C6B339CC67139A6C,4279
L-FRAME-00474,logical_frame,D:\magia\MyProducts\MagiaRe\Magia_CN_Project\dist\MagiaCN-r128-downloader-fix1.apk,assets/package/quest/iconStatus.plist,assets/package/quest/iconStatus.png,icon_status_l_1039.png,D:\magia\MyProducts\MagiaRe\Magia_CN_Project\dist\MagiaCN-r128-downloader-fix1.apk!/assets/package/quest/iconStatus.plist#frame:icon_status_l_1039.png,assets/package/quest/iconStatus.plist#frame:icon_status_l_1039.png,atlas-frames/assets/package/quest/iconStatus/icon_status_l_1039.png,378,441,62,62,62,62,62,62,0.0,0.0,False,PNG,62,62,RGBA,1,True,DE715F5F3E18E137673F73C7B9830D453715887BBE3207750BA399509A04E404,F7169CAA812F22E86552950FB1384125E41BE5DAE363E6DB0361CAA5A2378BD8,C6C6393B66CC136D,5042
L-FRAME-00475,logical_frame,D:\magia\MyProducts\MagiaRe\Magia_CN_Project\dist\MagiaCN-r128-downloader-fix1.apk,assets/package/quest/iconStatus.plist,assets/package/quest/iconStatus.png,icon_status_l_1040.png,D:\magia\MyProducts\MagiaRe\Magia_CN_Project\dist\MagiaCN-r128-downloader-fix1.apk!/assets/package/quest/iconStatus.plist#frame:icon_status_l_1040.png,assets/package/quest/iconStatus.plist#frame:icon_status_l_1040.png,atlas-frames/assets/package/quest/iconStatus/icon_status_l_1040.png,378,378,62,62,62,62,62,62,0.0,0.0,False,PNG,62,62,RGBA,1,True,1F1E2A6B659A4C09517CD10F97134A5F06DB523E5540A2B715ED3F56798A260D,11D78C1020D06B677716FE5FFC1C44B714776C64A7B23E7D1DD5E31A7C5884BF,D494796F41D38F1A,4851
L-FRAME-00476,logical_frame,D:\magia\MyProducts\MagiaRe\Magia_CN_Project\dist\MagiaCN-r128-downloader-fix1.apk,assets/package/quest/iconStatus.plist,assets/package/quest/iconStatus.png,icon_status_l_1041.png,D:\magia\MyProducts\MagiaRe\Magia_CN_Project\dist\MagiaCN-r128-downloader-fix1.apk!/assets/package/quest/iconStatus.plist#frame:icon_status_l_1041.png,assets/package/quest/iconStatus.plist#frame:icon_status_l_1041.png,atlas-frames/assets/package/quest/iconStatus/icon_status_l_1041.png,378,315,62,62,62,62,62,62,0.0,0.0,False,PNG,62,62,RGBA,1,True,E317F1882FB0D2D9D4EF804C43F0D74EBBC0E35B41BF59E449E91EDD2C29DA94,6298ABEC8117C6784F13DB176F47102AB94EEB130E7EC6423CE7C34EAB12BFAE,C1E4393C46F36D53,6048
L-FRAME-00477,logical_frame,D:\magia\MyProducts\MagiaRe\Magia_CN_Project\dist\MagiaCN-r128-downloader-fix1.apk,assets/package/quest/iconStatus.plist,assets/package/quest/iconStatus.png,icon_status_l_1042.png,D:\magia\MyProducts\MagiaRe\Magia_CN_Project\dist\MagiaCN-r128-downloader-fix1.apk!/assets/package/quest/iconStatus.plist#frame:icon_status_l_1042.png,assets/package/quest/iconStatus.plist#frame:icon_status_l_1042.png,atlas-frames/assets/package/quest/iconStatus/icon_status_l_1042.png,378,252,62,62,62,62,62,62,0.0,0.0,False,PNG,62,62,RGBA,1,True,9052C810B28CFFAC1D5E3D6E334AE394527AB5A7E94C9196D0251FEFFC859FB4,8C138F691EF2DB039B143CC74C29DA5913D4928FB8EE25569B87B1029F81F07A,91C46D3EC3CEDC13,5007
L-FRAME-00478,logical_frame,D:\magia\MyProducts\MagiaRe\Magia_CN_Project\dist\MagiaCN-r128-downloader-fix1.apk,assets/package/quest/iconStatus.plist,assets/package/quest/iconStatus.png,icon_status_l_1043.png,D:\magia\MyProducts\MagiaRe\Magia_CN_Project\dist\MagiaCN-r128-downloader-fix1.apk!/assets/package/quest/iconStatus.plist#frame:icon_status_l_1043.png,assets/package/quest/iconStatus.plist#frame:icon_status_l_1043.png,atlas-frames/assets/package/quest/iconStatus/icon_status_l_1043.png,378,189,62,62,62,62,62,62,0.0,0.0,False,PNG,62,62,RGBA,1,True,1F0382CD1C6B021377E04C274688F322B7621A4D1758672CF06D2784EED73E9D,2D368F5FDCABC7D951FE567376C05CA673E4C3C02AB4BC8C2614921169C51AE8,C5CD303359C536DB,6845
L-FRAME-00479,logical_frame,D:\magia\MyProducts\MagiaRe\Magia_CN_Project\dist\MagiaCN-r128-downloader-fix1.apk,assets/package/quest/iconStatus.plist,assets/package/quest/iconStatus.png,icon_status_l_1044.png,D:\magia\MyProducts\MagiaRe\Magia_CN_Project\dist\MagiaCN-r128-downloader-fix1.apk!/assets/package/quest/iconStatus.plist#frame:icon_status_l_1044.png,assets/package/quest/iconStatus.plist#frame:icon_status_l_1044.png,atlas-frames/assets/package/quest/iconStatus/icon_status_l_1044.png,378,126,62,62,62,62,62,62,0.0,0.0,False,PNG,62,62,RGBA,1,True,4781E7D3158B068712EF58DFF4196F3E45CFF348E4DB0CB63192F88AED6CB86C,0EB09CD431CDBAFEBF1F57CA3D1EF8F2D08226A17014DC2E131405ABD0BE8E8E,C897276D16967D68,5394
L-FRAME-00480,logical_frame,D:\magia\MyProducts\MagiaRe\Magia_CN_Project\dist\MagiaCN-r128-downloader-fix1.apk,assets/package/quest/iconStatus.plist,assets/package/quest/iconStatus.png,icon_status_l_1045.png,D:\magia\MyProducts\MagiaRe\Magia_CN_Project\dist\MagiaCN-r128-downloader-fix1.apk!/assets/package/quest/iconStatus.plist#frame:icon_status_l_1045.png,assets/package/quest/iconStatus.plist#frame:icon_status_l_1045.png,atlas-frames/assets/package/quest/iconStatus/icon_status_l_1045.png,378,63,62,62,62,62,62,62,0.0,0.0,False,PNG,62,62,RGBA,1,True,3F30D30D5C911B2B8FC8447F85F635B781475CE5E6FF9F5D4C0E9502DCFD27F3,2BDA4EE6905E385910A7478018DEFB07A466F6615BA68A200A3E30BC0C231E6D,C5B634C95B1E4736,4690
L-FRAME-00481,logical_frame,D:\magia\MyProducts\MagiaRe\Magia_CN_Project\dist\MagiaCN-r128-downloader-fix1.apk,assets/package/quest/iconStatus.plist,assets/package/quest/iconStatus.png,icon_status_l_1046.png,D:\magia\MyProducts\MagiaRe\Magia_CN_Project\dist\MagiaCN-r128-downloader-fix1.apk!/assets/package/quest/iconStatus.plist#frame:icon_status_l_1046.png,assets/package/quest/iconStatus.plist#frame:icon_status_l_1046.png,atlas-frames/assets/package/quest/iconStatus/icon_status_l_1046.png,378,0,62,62,62,62,62,62,0.0,0.0,False,PNG,62,62,RGBA,1,True,D75CBBABE06B2D83E60491B173AEC33AEDE5806DB069E3FEE98276DE65BD027C,56DDF193C3F1C6C558F34F5F9114CC7B5F68E0F506BDE3F80CC89AE441C5208C,D1A7659912CC3D73,5802
L-FRAME-00482,logical_frame,D:\magia\MyProducts\MagiaRe\Magia_CN_Project\dist\MagiaCN-r128-downloader-fix1.apk,assets/package/quest/iconStatus.plist,assets/package/quest/iconStatus.png,icon_status_l_1047.png,D:\magia\MyProducts\MagiaRe\Magia_CN_Project\dist\MagiaCN-r128-downloader-fix1.apk!/assets/package/quest/iconStatus.plist#frame:icon_status_l_1047.png,assets/package/quest/iconStatus.plist#frame:icon_status_l_1047.png,atlas-frames/assets/package/quest/iconStatus/icon_status_l_1047.png,693,441,62,62,62,62,62,62,0.0,0.0,False,PNG,62,62,RGBA,1,True,525229B3B697F1DDD397BFB7F551D86733F5C77A8B89D0F1AD7FBC1F7B70E9E0,8204DD36F420C1657EBB3A76640B24FFAB29F397C5F715D3F246F00BDC121686,D1AF3692496C3679,6682
L-FRAME-00483,logical_frame,D:\magia\MyProducts\MagiaRe\Magia_CN_Project\dist\MagiaCN-r128-downloader-fix1.apk,assets/package/quest/iconStatus.plist,assets/package/quest/iconStatus.png,icon_status_l_1048.png,D:\magia\MyProducts\MagiaRe\Magia_CN_Project\dist\MagiaCN-r128-downloader-fix1.apk!/assets/package/quest/iconStatus.plist#frame:icon_status_l_1048.png,assets/package/quest/iconStatus.plist#frame:icon_status_l_1048.png,atlas-frames/assets/package/quest/iconStatus/icon_status_l_1048.png,315,378,62,62,62,62,62,62,0.0,0.0,False,PNG,62,62,RGBA,1,True,C829C435CD718EF1C5832C5A6DC4EEB750A7F249E3834E80B3A0A8A23CCBEDC8,9D0C35E8E1158C7C422CF0AC8FCF02C505EE0E0927970D0CDE8948D86EBBBD30,D1E6662916C33D3D,6253
L-FRAME-00484,logical_frame,D:\magia\MyProducts\MagiaRe\Magia_CN_Project\dist\MagiaCN-r128-downloader-fix1.apk,assets/package/quest/iconStatus.plist,assets/package/quest/iconStatus.png,icon_status_l_1049.png,D:\magia\MyProducts\MagiaRe\Magia_CN_Project\dist\MagiaCN-r128-downloader-fix1.apk!/assets/package/quest/iconStatus.plist#frame:icon_status_l_1049.png,assets/package/quest/iconStatus.plist#frame:icon_status_l_1049.png,atlas-frames/assets/package/quest/iconStatus/icon_status_l_1049.png,315,315,62,62,62,62,62,62,0.0,0.0,False,PNG,62,62,RGBA,1,True,80F53C2CDC0FC4CF225342442D29A5B68A47E9C08721B0C93CA2BAB92F34CEC3,A06B430AFB948FC4CAC754B58670ACB31D5716A2CFBBB1F2213FE92B3A986F04,D9D526989A656D95,6174
L-FRAME-00485,logical_frame,D:\magia\MyProducts\MagiaRe\Magia_CN_Project\dist\MagiaCN-r128-downloader-fix1.apk,assets/package/quest/iconStatus.plist,assets/package/quest/iconStatus.png,icon_status_l_1050.png,D:\magia\MyProducts\MagiaRe\Magia_CN_Project\dist\MagiaCN-r128-downloader-fix1.apk!/assets/package/quest/iconStatus.plist#frame:icon_status_l_1050.png,assets/package/quest/iconStatus.plist#frame:icon_status_l_1050.png,atlas-frames/assets/package/quest/iconStatus/icon_status_l_1050.png,315,252,62,62,62,62,62,62,0.0,0.0,False,PNG,62,62,RGBA,1,True,2A9B0EE881F3CCEF6F4453156D13542B779B2064B23DA619CC86E85AAF32CE92,E6CDBDDAD22082AE9DF64380268C62DCA393BD8B496C1803799E8126395130A3,99C6743C43CEDC33,5195
L-FRAME-00486,logical_frame,D:\magia\MyProducts\MagiaRe\Magia_CN_Project\dist\MagiaCN-r128-downloader-fix1.apk,assets/package/quest/iconStatus.plist,assets/package/quest/iconStatus.png,icon_status_l_1051.png,D:\magia\MyProducts\MagiaRe\Magia_CN_Project\dist\MagiaCN-r128-downloader-fix1.apk!/assets/package/quest/iconStatus.plist#frame:icon_status_l_1051.png,assets/package/quest/iconStatus.plist#frame:icon_status_l_1051.png,atlas-frames/assets/package/quest/iconStatus/icon_status_l_1051.png,315,189,62,62,62,62,62,62,0.0,0.0,False,PNG,62,62,RGBA,1,True,E28A7A8DA80C750DDD81F4033A0E487BCF4232571EA73F9DF53B04A23CB58D3E,006D67F4254CB8143599D43B71047C13D84A94B8BDE5794E85EECD2A048DB8F5,D1E664481FC55E37,6505
L-FRAME-00487,logical_frame,D:\magia\MyProducts\MagiaRe\Magia_CN_Project\dist\MagiaCN-r128-downloader-fix1.apk,assets/package/quest/iconStatus.plist,assets/package/quest/iconStatus.png,icon_status_l_1052.png,D:\magia\MyProducts\MagiaRe\Magia_CN_Project\dist\MagiaCN-r128-downloader-fix1.apk!/assets/package/quest/iconStatus.plist#frame:icon_status_l_1052.png,assets/package/quest/iconStatus.plist#frame:icon_status_l_1052.png,atlas-frames/assets/package/quest/iconStatus/icon_status_l_1052.png,315,126,62,62,62,62,62,62,0.0,0.0,False,PNG,62,62,RGBA,1,True,52FEBD1D1C15A052BF2537732BED2760855195A113565A2CCF4CAB68F038A851,09C90AC520539A1349666FE57271496536C1AE7B426A061918A21DEC2BA43741,D4E675480FC55E17,6290
L-FRAME-00488,logical_frame,D:\magia\MyProducts\MagiaRe\Magia_CN_Project\dist\MagiaCN-r128-downloader-fix1.apk,assets/package/quest/iconStatus.plist,assets/package/quest/iconStatus.png,icon_status_l_1053.png,D:\magia\MyProducts\MagiaRe\Magia_CN_Project\dist\MagiaCN-r128-downloader-fix1.apk!/assets/package/quest/iconStatus.plist#frame:icon_status_l_1053.png,assets/package/quest/iconStatus.plist#frame:icon_status_l_1053.png,atlas-frames/assets/package/quest/iconStatus/icon_status_l_1053.png,315,63,62,62,62,62,62,62,0.0,0.0,False,PNG,62,62,RGBA,1,True,83D112E9A29B6612C575FF1936E8B50A8293298D42A348253D208A867D823761,F61DCBAAC1A6173E283FB2E5DB9C6AD1A4D19332900994BFCA18F36E849B7599,D4E665481FC55E17,6382
L-FRAME-00489,logical_frame,D:\magia\MyProducts\MagiaRe\Magia_CN_Project\dist\MagiaCN-r128-downloader-fix1.apk,assets/package/quest/iconStatus.plist,assets/package/quest/iconStatus.png,icon_status_l_1054.png,D:\magia\MyProducts\MagiaRe\Magia_CN_Project\dist\MagiaCN-r128-downloader-fix1.apk!/assets/package/quest/iconStatus.plist#frame:icon_status_l_1054.png,assets/package/quest/iconStatus.plist#frame:icon_status_l_1054.png,atlas-frames/assets/package/quest/iconStatus/icon_status_l_1054.png,315,0,62,62,62,62,62,62,0.0,0.0,False,PNG,62,62,RGBA,1,True,8F07C2DF47ACADB745E750BAA9A18F4B625AC834CA1138E4B40C875CF86BA96B,27FB5CB3263670DE71A7AA7DEB72763C077B5DAAF16B556BD9D73C2EDFC3AFEA,CD8732744F134DCE,5991
L-FRAME-00490,logical_frame,D:\magia\MyProducts\MagiaRe\Magia_CN_Project\dist\MagiaCN-r128-downloader-fix1.apk,assets/package/quest/iconStatus.plist,assets/package/quest/iconStatus.png,icon_status_l_1055.png,D:\magia\MyProducts\MagiaRe\Magia_CN_Project\dist\MagiaCN-r128-downloader-fix1.apk!/assets/package/quest/iconStatus.plist#frame:icon_status_l_1055.png,assets/package/quest/iconStatus.plist#frame:icon_status_l_1055.png,atlas-frames/assets/package/quest/iconStatus/icon_status_l_1055.png,252,441,62,62,62,62,62,62,0.0,0.0,False,PNG,62,62,RGBA,1,True,52E58DBB5131CBAB6C5960E774932053B9310D7D4858381FBC64D11196B08EA5,F5D775D970B2000F229F8FE769AE28F3D4C74B2C422186A10FB88F3E1E8AEC5A,D4F661CC17915C37,6177
L-FRAME-00491,logical_frame,D:\magia\MyProducts\MagiaRe\Magia_CN_Project\dist\MagiaCN-r128-downloader-fix1.apk,assets/package/quest/iconStatus.plist,assets/package/quest/iconStatus.png,icon_status_l_1056.png,D:\magia\MyProducts\MagiaRe\Magia_CN_Project\dist\MagiaCN-r128-downloader-fix1.apk!/assets/package/quest/iconStatus.plist#frame:icon_status_l_1056.png,assets/package/quest/iconStatus.plist#frame:icon_status_l_1056.png,atlas-frames/assets/package/quest/iconStatus/icon_status_l_1056.png,252,378,62,62,62,62,62,62,0.0,0.0,False,PNG,62,62,RGBA,1,True,3DD10A662209A81605B9F353C5C8466CB2ABCE419FA22C81DFC7C116DBAB411B,4D0D1C5A04D0DA8E242F981E6BAAB18847A99E13E08F2A38DA55A1E98E4652D8,D4C6656817CD5E27,5933
L-FRAME-00492,logical_frame,D:\magia\MyProducts\MagiaRe\Magia_CN_Project\dist\MagiaCN-r128-downloader-fix1.apk,assets/package/quest/iconStatus.plist,assets/package/quest/iconStatus.png,icon_status_l_1057.png,D:\magia\MyProducts\MagiaRe\Magia_CN_Project\dist\MagiaCN-r128-downloader-fix1.apk!/assets/package/quest/iconStatus.plist#frame:icon_status_l_1057.png,assets/package/quest/iconStatus.plist#frame:icon_status_l_1057.png,atlas-frames/assets/package/quest/iconStatus/icon_status_l_1057.png,252,315,62,62,62,62,62,62,0.0,0.0,False,PNG,62,62,RGBA,1,True,EC798D18B6A1F7DB35DC93725D98E113908F4C22B8D78FF6B981CD70FD420930,85A5C45B9AE53FECAF9D8F1E8EA948B3FB6EA2B149A09218B855CA8188ED4AAD,D0C665681FC75E0F,5930
L-FRAME-00493,logical_frame,D:\magia\MyProducts\MagiaRe\Magia_CN_Project\dist\MagiaCN-r128-downloader-fix1.apk,assets/package/quest/iconStatus.plist,assets/package/quest/iconStatus.png,icon_status_l_1058.png,D:\magia\MyProducts\MagiaRe\Magia_CN_Project\dist\MagiaCN-r128-downloader-fix1.apk!/assets/package/quest/iconStatus.plist#frame:icon_status_l_1058.png,assets/package/quest/iconStatus.plist#frame:icon_status_l_1058.png,atlas-frames/assets/package/quest/iconStatus/icon_status_l_1058.png,252,252,62,62,62,62,62,62,0.0,0.0,False,PNG,62,62,RGBA,1,True,F831DCE7E4ABA8CB078AC4A3557B4FB7C8EB157C1ED385E2698162C8B4C9700E,A61997C462E637585221FAD94712250AB87A912E831E9B28A66EA302E68764A0,D4C6656817C55E37,5850
L-FRAME-00494,logical_frame,D:\magia\MyProducts\MagiaRe\Magia_CN_Project\dist\MagiaCN-r128-downloader-fix1.apk,assets/package/quest/iconStatus.plist,assets/package/quest/iconStatus.png,icon_status_l_1059.png,D:\magia\MyProducts\MagiaRe\Magia_CN_Project\dist\MagiaCN-r128-downloader-fix1.apk!/assets/package/quest/iconStatus.plist#frame:icon_status_l_1059.png,assets/package/quest/iconStatus.plist#frame:icon_status_l_1059.png,atlas-frames/assets/package/quest/iconStatus/icon_status_l_1059.png,252,189,62,62,62,62,62,62,0.0,0.0,False,PNG,62,62,RGBA,1,True,1A7926F0985E706FED16D7099A779B959111BE0EC262051B3521D1CEF06DD1F7,87B76143B248F2E66404B5C750CEA058F4720302DADCFC65CFFA475ADD380C8C,C4E625681FC55E37,6224
L-FRAME-00495,logical_frame,D:\magia\MyProducts\MagiaRe\Magia_CN_Project\dist\MagiaCN-r128-downloader-fix1.apk,assets/package/quest/iconStatus.plist,assets/package/quest/iconStatus.png,icon_status_l_1060.png,D:\magia\MyProducts\MagiaRe\Magia_CN_Project\dist\MagiaCN-r128-downloader-fix1.apk!/assets/package/quest/iconStatus.plist#frame:icon_status_l_1060.png,assets/package/quest/iconStatus.plist#frame:icon_status_l_1060.png,atlas-frames/assets/package/quest/iconStatus/icon_status_l_1060.png,252,126,62,62,62,62,62,62,0.0,0.0,False,PNG,62,62,RGBA,1,True,0973D610986CFC96B437C35344EE71D5C463741C04A44BEA7E4AE68B96F30FCD,2CF68D8F12D3A946047965D04B4DB49E22AE12C81E15463BBCD3AD557E304722,D4C7656817915F27,6255
L-FRAME-00496,logical_frame,D:\magia\MyProducts\MagiaRe\Magia_CN_Project\dist\MagiaCN-r128-downloader-fix1.apk,assets/package/quest/iconStatus.plist,assets/package/quest/iconStatus.png,icon_status_l_1061.png,D:\magia\MyProducts\MagiaRe\Magia_CN_Project\dist\MagiaCN-r128-downloader-fix1.apk!/assets/package/quest/iconStatus.plist#frame:icon_status_l_1061.png,assets/package/quest/iconStatus.plist#frame:icon_status_l_1061.png,atlas-frames/assets/package/quest/iconStatus/icon_status_l_1061.png,252,63,62,62,62,62,62,62,0.0,0.0,False,PNG,62,62,RGBA,1,True,36BA6EECB0667DD6532CA49EFB5D839AABEDE662E9E3E902E7E1F89285583401,76A9BAD261F6B245E44CE4F7EDBB0D9FDAA68FE658C8306E959F61C1DF571F21,D4C6656817CD5E27,6317
L-FRAME-00497,logical_frame,D:\magia\MyProducts\MagiaRe\Magia_CN_Project\dist\MagiaCN-r128-downloader-fix1.apk,assets/package/quest/iconStatus.plist,assets/package/quest/iconStatus.png,icon_status_l_1062.png,D:\magia\MyProducts\MagiaRe\Magia_CN_Project\dist\MagiaCN-r128-downloader-fix1.apk!/assets/package/quest/iconStatus.plist#frame:icon_status_l_1062.png,assets/package/quest/iconStatus.plist#frame:icon_status_l_1062.png,atlas-frames/assets/package/quest/iconStatus/icon_status_l_1062.png,252,0,62,62,62,62,62,62,0.0,0.0,False,PNG,62,62,RGBA,1,True,AF6B5834F3D59946284E62DD18A96CFEB8E469B0B9BBD23FDE5BA49CF4FEE189,D35C9EFD171724E5A46AE0373886BB90F437F823392CD337BD3A62B41F970276,99C2653CC3DE6C33,5806
L-FRAME-00498,logical_frame,D:\magia\MyProducts\MagiaRe\Magia_CN_Project\dist\MagiaCN-r128-downloader-fix1.apk,assets/package/quest/iconStatus.plist,assets/package/quest/iconStatus.png,icon_status_l_1063.png,D:\magia\MyProducts\MagiaRe\Magia_CN_Project\dist\MagiaCN-r128-downloader-fix1.apk!/assets/package/quest/iconStatus.plist#frame:icon_status_l_1063.png,assets/package/quest/iconStatus.plist#frame:icon_status_l_1063.png,atlas-frames/assets/package/quest/iconStatus/icon_status_l_1063.png,189,441,62,62,62,62,62,62,0.0,0.0,False,PNG,62,62,RGBA,1,True,264DB0D1386B8131B038753EF1739418CB946EA234B04713FE9AFD28E9E32561,9870ADD41C9DB46DA0D4D5E084FC1A498F82E0C80F173C81CD8841902CE0DD1B,C491776661DE1CC7,6363
L-FRAME-00499,logical_frame,D:\magia\MyProducts\MagiaRe\Magia_CN_Project\dist\MagiaCN-r128-downloader-fix1.apk,assets/package/quest/iconStatus.plist,assets/package/quest/iconStatus.png,icon_status_l_1064.png,D:\magia\MyProducts\MagiaRe\Magia_CN_Project\dist\MagiaCN-r128-downloader-fix1.apk!/assets/package/quest/iconStatus.plist#frame:icon_status_l_1064.png,assets/package/quest/iconStatus.plist#frame:icon_status_l_1064.png,atlas-frames/assets/package/quest/iconStatus/icon_status_l_1064.png,189,378,62,62,62,62,62,62,0.0,0.0,False,PNG,62,62,RGBA,1,True,539A94D0E51B04B1EAF6DAE9D79C0E635F8474ACFC417987AB990D3F91C984F9,6FA5C629E7A444D15C2403806A49C4AB328FB383C9183EF4BA1EB16978CAD1F7,C1CB4E9637353659,7606
L-FRAME-00500,logical_frame,D:\magia\MyProducts\MagiaRe\Magia_CN_Project\dist\MagiaCN-r128-downloader-fix1.apk,assets/package/quest/iconStatus.plist,assets/package/quest/iconStatus.png,icon_status_l_1065.png,D:\magia\MyProducts\MagiaRe\Magia_CN_Project\dist\MagiaCN-r128-downloader-fix1.apk!/assets/package/quest/iconStatus.plist#frame:icon_status_l_1065.png,assets/package/quest/iconStatus.plist#frame:icon_status_l_1065.png,atlas-frames/assets/package/quest/iconStatus/icon_status_l_1065.png,189,315,62,62,62,62,62,62,0.0,0.0,False,PNG,62,62,RGBA,1,True,AFD25398235C67998EC26CA89E84E0C57506984F848672254DAF159D227E3C1C,D0000F2F7CC0182B417A9FF172D81DD2DD95A96410EDD4B1040FE68760C7C620,95C11C1E433F76D9,7528
L-FRAME-00501,logical_frame,D:\magia\MyProducts\MagiaRe\Magia_CN_Project\dist\MagiaCN-r128-downloader-fix1.apk,assets/package/quest/iconStatus.plist,assets/package/quest/iconStatus.png,icon_status_l_1066.png,D:\magia\MyProducts\MagiaRe\Magia_CN_Project\dist\MagiaCN-r128-downloader-fix1.apk!/assets/package/quest/iconStatus.plist#frame:icon_status_l_1066.png,assets/package/quest/iconStatus.plist#frame:icon_status_l_1066.png,atlas-frames/assets/package/quest/iconStatus/icon_status_l_1066.png,189,252,62,62,62,62,62,62,0.0,0.0,False,PNG,62,62,RGBA,1,True,FB768022984271A90859EDDE902E5768A137C471230818E82A9207730A344E21,FE0F85D3AF2F5B079DA24FE531F2DF82ACC5FF95257719E0007AEED6C5419F2E,C84A72979FA52DA5,5815
L-FRAME-00502,logical_frame,D:\magia\MyProducts\MagiaRe\Magia_CN_Project\dist\MagiaCN-r128-downloader-fix1.apk,assets/package/quest/iconStatus.plist,assets/package/quest/iconStatus.png,icon_status_l_1067.png,D:\magia\MyProducts\MagiaRe\Magia_CN_Project\dist\MagiaCN-r128-downloader-fix1.apk!/assets/package/quest/iconStatus.plist#frame:icon_status_l_1067.png,assets/package/quest/iconStatus.plist#frame:icon_status_l_1067.png,atlas-frames/assets/package/quest/iconStatus/icon_status_l_1067.png,189,189,62,62,62,62,62,62,0.0,0.0,False,PNG,62,62,RGBA,1,True,8066B9DEDD39681A68F8E301804E933DD841DC66A6967DDB4AC8CE2C349D500E,9660E6A11029235502005989469A8F618D2BBD401412DEA19394B9D2BF4FE303,E992B54952A51F7C,7671
L-FRAME-00503,logical_frame,D:\magia\MyProducts\MagiaRe\Magia_CN_Project\dist\MagiaCN-r128-downloader-fix1.apk,assets/package/quest/iconStatus.plist,assets/package/quest/iconStatus.png,icon_status_l_1068.png,D:\magia\MyProducts\MagiaRe\Magia_CN_Project\dist\MagiaCN-r128-downloader-fix1.apk!/assets/package/quest/iconStatus.plist#frame:icon_status_l_1068.png,assets/package/quest/iconStatus.plist#frame:icon_status_l_1068.png,atlas-frames/assets/package/quest/iconStatus/icon_status_l_1068.png,189,126,62,62,62,62,62,62,0.0,0.0,False,PNG,62,62,RGBA,1,True,451882B026424F36090DE61FDFA50F248DFC5A4A03310C7BD4B12287BC89E2E8,C1199E01603D5E504948D1465E34A6CF8E48CE6201E468E8B7E7E8657095E009,99E6F134639C5E13,6066
L-FRAME-00504,logical_frame,D:\magia\MyProducts\MagiaRe\Magia_CN_Project\dist\MagiaCN-r128-downloader-fix1.apk,assets/package/quest/iconStatus.plist,assets/package/quest/iconStatus.png,icon_status_l_1069.png,D:\magia\MyProducts\MagiaRe\Magia_CN_Project\dist\MagiaCN-r128-downloader-fix1.apk!/assets/package/quest/iconStatus.plist#frame:icon_status_l_1069.png,assets/package/quest/iconStatus.plist#frame:icon_status_l_1069.png,atlas-frames/assets/package/quest/iconStatus/icon_status_l_1069.png,189,63,62,62,62,62,62,62,0.0,0.0,False,PNG,62,62,RGBA,1,True,F2950FD9D11AF59E0F3A331B31F1A05524877FCF9CEBE545BFC4343D7D5C6CA8,B5774C67357BC6BAAC07FCA9335B79D340C739DDF90824EC7B66F3009CDF3158,9DE63619C39E1E23,4987
L-FRAME-00505,logical_frame,D:\magia\MyProducts\MagiaRe\Magia_CN_Project\dist\MagiaCN-r128-downloader-fix1.apk,assets/package/quest/iconStatus.plist,assets/package/quest/iconStatus.png,icon_status_l_1070.png,D:\magia\MyProducts\MagiaRe\Magia_CN_Project\dist\MagiaCN-r128-downloader-fix1.apk!/assets/package/quest/iconStatus.plist#frame:icon_status_l_1070.png,assets/package/quest/iconStatus.plist#frame:icon_status_l_1070.png,atlas-frames/assets/package/quest/iconStatus/icon_status_l_1070.png,189,0,62,62,62,62,62,62,0.0,0.0,False,PNG,62,62,RGBA,1,True,E204AA5383DECC20A9ECDE45F7F31FFA56201F16D9FEB5F6BA95879E61D820D1,38FD2FB1B9F0CB2B4B6783ADDA319E042969C745BCD377DACF7156E55870A0A8,CC6B31B6369C1F70,5148
L-FRAME-00506,logical_frame,D:\magia\MyProducts\MagiaRe\Magia_CN_Project\dist\MagiaCN-r128-downloader-fix1.apk,assets/package/quest/iconStatus.plist,assets/package/quest/iconStatus.png,icon_status_l_1071.png,D:\magia\MyProducts\MagiaRe\Magia_CN_Project\dist\MagiaCN-r128-downloader-fix1.apk!/assets/package/quest/iconStatus.plist#frame:icon_status_l_1071.png,assets/package/quest/iconStatus.plist#frame:icon_status_l_1071.png,atlas-frames/assets/package/quest/iconStatus/icon_status_l_1071.png,126,441,62,62,62,62,62,62,0.0,0.0,False,PNG,62,62,RGBA,1,True,EA48714E8DF59FC7FD526B8B94E723DE4F14E7FC14AD7493A14C99F228CCAC4F,FAD140EEDBA043A126EE4936E3045D379098C839E1148647EEFECA42538A9F94,C59A2A65E49ABB69,842
L-FRAME-00507,logical_frame,D:\magia\MyProducts\MagiaRe\Magia_CN_Project\dist\MagiaCN-r128-downloader-fix1.apk,assets/package/quest/iconStatus.plist,assets/package/quest/iconStatus.png,icon_status_l_1072.png,D:\magia\MyProducts\MagiaRe\Magia_CN_Project\dist\MagiaCN-r128-downloader-fix1.apk!/assets/package/quest/iconStatus.plist#frame:icon_status_l_1072.png,assets/package/quest/iconStatus.plist#frame:icon_status_l_1072.png,atlas-frames/assets/package/quest/iconStatus/icon_status_l_1072.png,126,378,62,62,62,62,62,62,0.0,0.0,False,PNG,62,62,RGBA,1,True,050135DACC61BD999FFC9875E4CC7487D290BE7AA2B32BE0A3A1795E577F6F36,09230EF53CF8E04F435342E0A9D937EADBA16B5F033881BA9E8A8F85CBB4166A,C4C33D3E63CC4E69,6843
L-FRAME-00508,logical_frame,D:\magia\MyProducts\MagiaRe\Magia_CN_Project\dist\MagiaCN-r128-downloader-fix1.apk,assets/package/quest/iconStatus.plist,assets/package/quest/iconStatus.png,icon_status_l_1073.png,D:\magia\MyProducts\MagiaRe\Magia_CN_Project\dist\MagiaCN-r128-downloader-fix1.apk!/assets/package/quest/iconStatus.plist#frame:icon_status_l_1073.png,assets/package/quest/iconStatus.plist#frame:icon_status_l_1073.png,atlas-frames/assets/package/quest/iconStatus/icon_status_l_1073.png,126,315,62,62,62,62,62,62,0.0,0.0,False,PNG,62,62,RGBA,1,True,7442CEF58E892124D0E452017AA8D51611B353D34FC2D3F3855F69B92B89E302,AB7B847D6EC5C0E5E96AA2BC9074B363B93138DE75C3B299C6D1998702C24190,C4C33D3E63CC4B69,6822
L-FRAME-00509,logical_frame,D:\magia\MyProducts\MagiaRe\Magia_CN_Project\dist\MagiaCN-r128-downloader-fix1.apk,assets/package/quest/iconStatus.plist,assets/package/quest/iconStatus.png,icon_status_l_1074.png,D:\magia\MyProducts\MagiaRe\Magia_CN_Project\dist\MagiaCN-r128-downloader-fix1.apk!/assets/package/quest/iconStatus.plist#frame:icon_status_l_1074.png,assets/package/quest/iconStatus.plist#frame:icon_status_l_1074.png,atlas-frames/assets/package/quest/iconStatus/icon_status_l_1074.png,126,252,62,62,62,62,62,62,0.0,0.0,False,PNG,62,62,RGBA,1,True,C5ED5C4239F15A3363205A827111033A337DD2841B64C4D64F888EC00297359D,A3BCDC3F5E8208202458D5468D9D55E0CD9F4765FA701A214AA1116586CC5262,D59B2A24F4DB6B24,991
L-FRAME-00510,logical_frame,D:\magia\MyProducts\MagiaRe\Magia_CN_Project\dist\MagiaCN-r128-downloader-fix1.apk,assets/package/quest/iconStatus.plist,assets/package/quest/iconStatus.png,icon_status_l_1075.png,D:\magia\MyProducts\MagiaRe\Magia_CN_Project\dist\MagiaCN-r128-downloader-fix1.apk!/assets/package/quest/iconStatus.plist#frame:icon_status_l_1075.png,assets/package/quest/iconStatus.plist#frame:icon_status_l_1075.png,atlas-frames/assets/package/quest/iconStatus/icon_status_l_1075.png,126,189,62,62,62,62,62,62,0.0,0.0,False,PNG,62,62,RGBA,1,True,D1588180B7BBC284614F42B22ABBE79D4405840546216A6E64F5589B6633286B,A938440F43E06E8C32AB55587CE4C0EA916D901393A154711ADF0032C1022276,B197C4FC1CC34763,7683
L-FRAME-00511,logical_frame,D:\magia\MyProducts\MagiaRe\Magia_CN_Project\dist\MagiaCN-r128-downloader-fix1.apk,assets/package/quest/iconStatus.plist,assets/package/quest/iconStatus.png,icon_status_l_1076.png,D:\magia\MyProducts\MagiaRe\Magia_CN_Project\dist\MagiaCN-r128-downloader-fix1.apk!/assets/package/quest/iconStatus.plist#frame:icon_status_l_1076.png,assets/package/quest/iconStatus.plist#frame:icon_status_l_1076.png,atlas-frames/assets/package/quest/iconStatus/icon_status_l_1076.png,126,126,62,62,62,62,62,62,0.0,0.0,False,PNG,62,62,RGBA,1,True,26CF67CEE4A00CCEFD85E202FF112E2777364A9D48B424ABC93130229975D2D0,3A9382B7A02DC28DB4A5663FE9A8F0D6AD981A3F9273B7544DD585E654552762,85C33D3E62D64E69,6429
L-FRAME-00512,logical_frame,D:\magia\MyProducts\MagiaRe\Magia_CN_Project\dist\MagiaCN-r128-downloader-fix1.apk,assets/package/quest/iconStatus.plist,assets/package/quest/iconStatus.png,icon_status_l_1077.png,D:\magia\MyProducts\MagiaRe\Magia_CN_Project\dist\MagiaCN-r128-downloader-fix1.apk!/assets/package/quest/iconStatus.plist#frame:icon_status_l_1077.png,assets/package/quest/iconStatus.plist#frame:icon_status_l_1077.png,atlas-frames/assets/package/quest/iconStatus/icon_status_l_1077.png,126,63,62,62,62,62,62,62,0.0,0.0,False,PNG,62,62,RGBA,1,True,0E97F4E1FABC9D533DC08C8ACFE6DBCEC4767E14A06D7AECD17F3F75ECD71978,B563388A5BAAAF2518CB277F6A1B858180A029738185D977E388E4CF38A54801,D8CA67A58D2D2D96,6248
L-FRAME-00513,logical_frame,D:\magia\MyProducts\MagiaRe\Magia_CN_Project\dist\MagiaCN-r128-downloader-fix1.apk,assets/package/quest/iconStatus.plist,assets/package/quest/iconStatus.png,icon_status_l_1078.png,D:\magia\MyProducts\MagiaRe\Magia_CN_Project\dist\MagiaCN-r128-downloader-fix1.apk!/assets/package/quest/iconStatus.plist#frame:icon_status_l_1078.png,assets/package/quest/iconStatus.plist#frame:icon_status_l_1078.png,atlas-frames/assets/package/quest/iconStatus/icon_status_l_1078.png,126,0,62,62,62,62,62,62,0.0,0.0,False,PNG,62,62,RGBA,1,True,E854373C9D68D081F2574A9A5BF611F9D029CE931E02FC54F1DF8DA1024D2481,4889984FB12B6EA8D17E570E093F2C3C85CE7A8DB5ECF4EEE6CC1614EDC4A3E1,D5C33C3E62CC6C69,6665
L-FRAME-00514,logical_frame,D:\magia\MyProducts\MagiaRe\Magia_CN_Project\dist\MagiaCN-r128-downloader-fix1.apk,assets/package/quest/iconStatus.plist,assets/package/quest/iconStatus.png,icon_status_l_1079.png,D:\magia\MyProducts\MagiaRe\Magia_CN_Project\dist\MagiaCN-r128-downloader-fix1.apk!/assets/package/quest/iconStatus.plist#frame:icon_status_l_1079.png,assets/package/quest/iconStatus.plist#frame:icon_status_l_1079.png,atlas-frames/assets/package/quest/iconStatus/icon_status_l_1079.png,63,441,62,62,62,62,62,62,0.0,0.0,False,PNG,62,62,RGBA,1,True,1D2E24C9B7AC9E023C1CBE9CA38B7D2ECD4FD91CB474004F197E1C2494BC77F9,C37245CF365A1524819E06B13C225F95E76436979F158CC7B4930F48C8B01A89,B5E592B866331E8D,8293
L-FRAME-00515,logical_frame,D:\magia\MyProducts\MagiaRe\Magia_CN_Project\dist\MagiaCN-r128-downloader-fix1.apk,assets/package/quest/iconStatus.plist,assets/package/quest/iconStatus.png,icon_status_l_1080.png,D:\magia\MyProducts\MagiaRe\Magia_CN_Project\dist\MagiaCN-r128-downloader-fix1.apk!/assets/package/quest/iconStatus.plist#frame:icon_status_l_1080.png,assets/package/quest/iconStatus.plist#frame:icon_status_l_1080.png,atlas-frames/assets/package/quest/iconStatus/icon_status_l_1080.png,63,378,62,62,62,62,62,62,0.0,0.0,False,PNG,62,62,RGBA,1,True,B736662FDD1669065B0639609E4CD57575F3B29A442A4C8A7C79440EC49585E7,B61499256B5E702387807296159407DB7CE691803C454BB504A90E385455AB5A,95C33C3E62CC4D6D,6628
L-FRAME-00516,logical_frame,D:\magia\MyProducts\MagiaRe\Magia_CN_Project\dist\MagiaCN-r128-downloader-fix1.apk,assets/package/quest/iconStatus.plist,assets/package/quest/iconStatus.png,icon_status_l_1081.png,D:\magia\MyProducts\MagiaRe\Magia_CN_Project\dist\MagiaCN-r128-downloader-fix1.apk!/assets/package/quest/iconStatus.plist#frame:icon_status_l_1081.png,assets/package/quest/iconStatus.plist#frame:icon_status_l_1081.png,atlas-frames/assets/package/quest/iconStatus/icon_status_l_1081.png,63,315,62,62,62,62,62,62,0.0,0.0,False,PNG,62,62,RGBA,1,True,C3C9E39F28E5B3676E9BC0512C77CE25817E5B5022626CD28B4184AC283683D6,C325A8FD62B53578B5FB35CBCA218191B82186279184F8382876A813F3F60A59,95C6193D63EE5C29,5922
L-FRAME-00517,logical_frame,D:\magia\MyProducts\MagiaRe\Magia_CN_Project\dist\MagiaCN-r128-downloader-fix1.apk,assets/package/quest/iconStatus.plist,assets/package/quest/iconStatus.png,icon_status_l_1082.png,D:\magia\MyProducts\MagiaRe\Magia_CN_Project\dist\MagiaCN-r128-downloader-fix1.apk!/assets/package/quest/iconStatus.plist#frame:icon_status_l_1082.png,assets/package/quest/iconStatus.plist#frame:icon_status_l_1082.png,atlas-frames/assets/package/quest/iconStatus/icon_status_l_1082.png,63,252,62,62,62,62,62,62,0.0,0.0,False,PNG,62,62,RGBA,1,True,A919DD1134C47B9D15BCA68E8162AE0B636802BB6DD402D9C5E4AA7E91053780,3AABC163047C408D5743FECA37049CEB429636FAF544FD32B8A26CB327D4B6D9,D6C2B8AF251D133D,6685
L-FRAME-00518,logical_frame,D:\magia\MyProducts\MagiaRe\Magia_CN_Project\dist\MagiaCN-r128-downloader-fix1.apk,assets/package/quest/iconStatus.plist,assets/package/quest/iconStatus.png,icon_status_l_1083.png,D:\magia\MyProducts\MagiaRe\Magia_CN_Project\dist\MagiaCN-r128-downloader-fix1.apk!/assets/package/quest/iconStatus.plist#frame:icon_status_l_1083.png,assets/package/quest/iconStatus.plist#frame:icon_status_l_1083.png,atlas-frames/assets/package/quest/iconStatus/icon_status_l_1083.png,63,189,62,62,62,62,62,62,0.0,0.0,False,PNG,62,62,RGBA,1,True,913EE3259F07F1CBAB7BFF12FC61372B7BF580A38B5134F47981F9D1CAA4409F,D14A4B902BE8611FC3A87D0B0BDB83E331E70FBFAE2DF7DF5ED5ED1001CB7731,C1D96A6334A763DC,6348
L-FRAME-00519,logical_frame,D:\magia\MyProducts\MagiaRe\Magia_CN_Project\dist\MagiaCN-r128-downloader-fix1.apk,assets/package/quest/iconStatus.plist,assets/package/quest/iconStatus.png,icon_status_l_1084.png,D:\magia\MyProducts\MagiaRe\Magia_CN_Project\dist\MagiaCN-r128-downloader-fix1.apk!/assets/package/quest/iconStatus.plist#frame:icon_status_l_1084.png,assets/package/quest/iconStatus.plist#frame:icon_status_l_1084.png,atlas-frames/assets/package/quest/iconStatus/icon_status_l_1084.png,63,126,62,62,62,62,62,62,0.0,0.0,False,PNG,62,62,RGBA,1,True,231CF38EE1827494E7F5A73F05C5C31BB9C827FFB5CAD5B6600A7FB5A90541DB,506109251F128A441B96AD572857960477821AC564865EA7B183B5EA2774243F,C0DB6A6334B633EC,6458
L-FRAME-00520,logical_frame,D:\magia\MyProducts\MagiaRe\Magia_CN_Project\dist\MagiaCN-r128-downloader-fix1.apk,assets/package/quest/iconStatus.plist,assets/package/quest/iconStatus.png,icon_status_l_1085.png,D:\magia\MyProducts\MagiaRe\Magia_CN_Project\dist\MagiaCN-r128-downloader-fix1.apk!/assets/package/quest/iconStatus.plist#frame:icon_status_l_1085.png,assets/package/quest/iconStatus.plist#frame:icon_status_l_1085.png,atlas-frames/assets/package/quest/iconStatus/icon_status_l_1085.png,63,63,62,62,62,62,62,62,0.0,0.0,False,PNG,62,62,RGBA,1,True,D91255A97D6BED08DB683461DBCF237E56383C347323FA5F2C9CD50CA3A0FB7C,F1A2FBCF5EA2C6C921FB26C741913D554D173C6347F0DCB5C497005DFAB75F8E,C0D96BE3342763DC,6574
L-FRAME-00521,logical_frame,D:\magia\MyProducts\MagiaRe\Magia_CN_Project\dist\MagiaCN-r128-downloader-fix1.apk,assets/package/quest/iconStatus.plist,assets/package/quest/iconStatus.png,icon_status_l_1086.png,D:\magia\MyProducts\MagiaRe\Magia_CN_Project\dist\MagiaCN-r128-downloader-fix1.apk!/assets/package/quest/iconStatus.plist#frame:icon_status_l_1086.png,assets/package/quest/iconStatus.plist#frame:icon_status_l_1086.png,atlas-frames/assets/package/quest/iconStatus/icon_status_l_1086.png,63,0,62,62,62,62,62,62,0.0,0.0,False,PNG,62,62,RGBA,1,True,B8051CD426682F73132AD79CACC78F7FAC507AB73D1CF5CFC317FDE43C81BD97,28F15B6FAD61695B29C16D13CE9F686E07DCE61273A274F4CA2C048E79FA5DDF,D0D96E63B0B6674C,6063
L-FRAME-00522,logical_frame,D:\magia\MyProducts\MagiaRe\Magia_CN_Project\dist\MagiaCN-r128-downloader-fix1.apk,assets/package/quest/iconStatus.plist,assets/package/quest/iconStatus.png,icon_status_l_1087.png,D:\magia\MyProducts\MagiaRe\Magia_CN_Project\dist\MagiaCN-r128-downloader-fix1.apk!/assets/package/quest/iconStatus.plist#frame:icon_status_l_1087.png,assets/package/quest/iconStatus.plist#frame:icon_status_l_1087.png,atlas-frames/assets/package/quest/iconStatus/icon_status_l_1087.png,0,441,62,62,62,62,62,62,0.0,0.0,False,PNG,62,62,RGBA,1,True,5BCEBA9BFB17E28DA7936959BC355DE4E3DB0567505277FAC36D66ACAA775F92,B8515FFBF25F622E845BCBAF6CD0A33F2CD1EE6EC6486FFEDBE0A5C88E199639,C0D96E6334B6676C,6124
L-FRAME-00523,logical_frame,D:\magia\MyProducts\MagiaRe\Magia_CN_Project\dist\MagiaCN-r128-downloader-fix1.apk,assets/package/quest/iconStatus.plist,assets/package/quest/iconStatus.png,icon_status_l_1088.png,D:\magia\MyProducts\MagiaRe\Magia_CN_Project\dist\MagiaCN-r128-downloader-fix1.apk!/assets/package/quest/iconStatus.plist#frame:icon_status_l_1088.png,assets/package/quest/iconStatus.plist#frame:icon_status_l_1088.png,atlas-frames/assets/package/quest/iconStatus/icon_status_l_1088.png,0,378,62,62,62,62,62,62,0.0,0.0,False,PNG,62,62,RGBA,1,True,198EBF15DD706378C306F0F760A77DFED5CBA7BCA9AD4ACBF333E5EEFDDCFC72,CE25BAB3C7225299039233EB744EC02486068AB75ADD3EEB4C9667F7A999A624,95D33C3E62CC4E69,6391
L-FRAME-00524,logical_frame,D:\magia\MyProducts\MagiaRe\Magia_CN_Project\dist\MagiaCN-r128-downloader-fix1.apk,assets/package/quest/iconStatus.plist,assets/package/quest/iconStatus.png,icon_status_l_1089.png,D:\magia\MyProducts\MagiaRe\Magia_CN_Project\dist\MagiaCN-r128-downloader-fix1.apk!/assets/package/quest/iconStatus.plist#frame:icon_status_l_1089.png,assets/package/quest/iconStatus.plist#frame:icon_status_l_1089.png,atlas-frames/assets/package/quest/iconStatus/icon_status_l_1089.png,0,315,62,62,62,62,62,62,0.0,0.0,False,PNG,62,62,RGBA,1,True,43355627A1F3E07D465EE4B8AF798C045CF7FD609BF51DD68BADE3C9820100AF,42E28CF00BEA59D8049AA29ED16A87F5DEACEFF8DC9EE3034DE9EBCF69CB3A6F,CDCF323033C619F3,5221
L-FRAME-00525,logical_frame,D:\magia\MyProducts\MagiaRe\Magia_CN_Project\dist\MagiaCN-r128-downloader-fix1.apk,assets/package/quest/iconStatus.plist,assets/package/quest/iconStatus.png,icon_status_l_1090.png,D:\magia\MyProducts\MagiaRe\Magia_CN_Project\dist\MagiaCN-r128-downloader-fix1.apk!/assets/package/quest/iconStatus.plist#frame:icon_status_l_1090.png,assets/package/quest/iconStatus.plist#frame:icon_status_l_1090.png,atlas-frames/assets/package/quest/iconStatus/icon_status_l_1090.png,0,252,62,62,62,62,62,62,0.0,0.0,False,PNG,62,62,RGBA,1,True,F945C9B6A69B7A133DBB0DB5080DD97ED27D098C2A48F512113B943EEF9CDF95,07CADF41C0415F2DEFF8F9EE46F02E4B2201CA0714CEBCACCD647E10C2698F4B,9C1E69C3E3E8163E,4585
L-FRAME-00526,logical_frame,D:\magia\MyProducts\MagiaRe\Magia_CN_Project\dist\MagiaCN-r128-downloader-fix1.apk,assets/package/quest/iconStatus.plist,assets/package/quest/iconStatus.png,icon_status_l_1091.png,D:\magia\MyProducts\MagiaRe\Magia_CN_Project\dist\MagiaCN-r128-downloader-fix1.apk!/assets/package/quest/iconStatus.plist#frame:icon_status_l_1091.png,assets/package/quest/iconStatus.plist#frame:icon_status_l_1091.png,atlas-frames/assets/package/quest/iconStatus/icon_status_l_1091.png,0,189,62,62,62,62,62,62,0.0,0.0,False,PNG,62,62,RGBA,1,True,F7478B2683099CDD2C318C0DB54990B40FF4D3E4FE9CC9081282F118F7720D5D,65696C922DC66D1FB5F9C460B1DE18228D1807CF8219472CCEF4832228BEA354,D0CA24B7196F62F9,5898
L-FRAME-00527,logical_frame,D:\magia\MyProducts\MagiaRe\Magia_CN_Project\dist\MagiaCN-r128-downloader-fix1.apk,assets/package/quest/iconStatus.plist,assets/package/quest/iconStatus.png,icon_status_l_1092.png,D:\magia\MyProducts\MagiaRe\Magia_CN_Project\dist\MagiaCN-r128-downloader-fix1.apk!/assets/package/quest/iconStatus.plist#frame:icon_status_l_1092.png,assets/package/quest/iconStatus.plist#frame:icon_status_l_1092.png,atlas-frames/assets/package/quest/iconStatus/icon_status_l_1092.png,0,126,62,62,62,62,62,62,0.0,0.0,False,PNG,62,62,RGBA,1,True,F1E089BA4F629D88F3EE5369F70E03ACA167B00E43258839D1A062FFE46AE570,D85F9826A0B04BE20B2520AA319AB076D101EE2F6043D98973E2B0943AC8A71C,906A66953D5B6BE2,4971
L-FRAME-00528,logical_frame,D:\magia\MyProducts\MagiaRe\Magia_CN_Project\dist\MagiaCN-r128-downloader-fix1.apk,assets/package/quest/iconStatus.plist,assets/package/quest/iconStatus.png,icon_status_l_1093.png,D:\magia\MyProducts\MagiaRe\Magia_CN_Project\dist\MagiaCN-r128-downloader-fix1.apk!/assets/package/quest/iconStatus.plist#frame:icon_status_l_1093.png,assets/package/quest/iconStatus.plist#frame:icon_status_l_1093.png,atlas-frames/assets/package/quest/iconStatus/icon_status_l_1093.png,0,63,62,62,62,62,62,62,0.0,0.0,False,PNG,62,62,RGBA,1,True,2476834E8549C6C565BA0783362F03C4818C62FC15177A168621343F48BA64B2,8B169C64C4F96E6882BBAF5A07B5B58C191699DDC6C18408CDECB3BA7DE34F07,95C33C3E62CC6D69,6328
L-FRAME-00529,logical_frame,D:\magia\MyProducts\MagiaRe\Magia_CN_Project\dist\MagiaCN-r128-downloader-fix1.apk,assets/package/quest/iconStatus.plist,assets/package/quest/iconStatus.png,icon_status_l_1094.png,D:\magia\MyProducts\MagiaRe\Magia_CN_Project\dist\MagiaCN-r128-downloader-fix1.apk!/assets/package/quest/iconStatus.plist#frame:icon_status_l_1094.png,assets/package/quest/iconStatus.plist#frame:icon_status_l_1094.png,atlas-frames/assets/package/quest/iconStatus/icon_status_l_1094.png,0,0,62,62,62,62,62,62,0.0,0.0,False,PNG,62,62,RGBA,1,True,6A76B2777334C5677C9F6096CE9E2094DB98A4B9EE955D43CEDBEC1706874854,869B634BD0A60C9D6357B9B19C368784B090F0A0BC900752BE36961CC570ED29,E497CD4A316D52B5,6197
L-FRAME-00530,logical_frame,D:\magia\MyProducts\MagiaRe\Magia_CN_Project\dist\MagiaCN-r128-downloader-fix1.apk,assets/package/quest/iconStatus.plist,assets/package/quest/iconStatus.png,icon_status_l_1095.png,D:\magia\MyProducts\MagiaRe\Magia_CN_Project\dist\MagiaCN-r128-downloader-fix1.apk!/assets/package/quest/iconStatus.plist#frame:icon_status_l_1095.png,assets/package/quest/iconStatus.plist#frame:icon_status_l_1095.png,atlas-frames/assets/package/quest/iconStatus/icon_status_l_1095.png,315,441,62,62,62,62,62,62,0.0,0.0,False,PNG,62,62,RGBA,1,True,DEBE0FC6DE6DE6C19F47C105716862296787760185A29CF40BA37D497180DCEC,64312A673F3F0CC7B0F227C142D78C1201BBB0CF236B096A0129DD730F9B7C1B,C4CC323371CE5B75,6161
L-FRAME-00531,logical_frame,D:\magia\MyProducts\MagiaRe\Magia_CN_Project\dist\MagiaCN-r128-downloader-fix1.apk,assets/package/quest/qb_auto_settings/qb_auto_settings0.plist,assets/package/quest/qb_auto_settings/qb_auto_settings0.png,qb_auto_settings_img01.png,D:\magia\MyProducts\MagiaRe\Magia_CN_Project\dist\MagiaCN-r128-downloader-fix1.apk!/assets/package/quest/qb_auto_settings/qb_auto_settings0.plist#frame:qb_auto_settings_img01.png,assets/package/quest/qb_auto_settings/qb_auto_settings0.plist#frame:qb_auto_settings_img01.png,atlas-frames/assets/package/quest/qb_auto_settings/qb_auto_settings0/qb_auto_settings_img01.png,2,57,738,53,738,53,738,53,0.0,0.0,False,PNG,738,53,RGBA,1,True,F79C4193F3FCB07F3B236EFA129D749A3F19B1A04EC560C206693BED21E81C93,C5756F6267C03050BF207EBE55C4C0501E48D1A6B24E20840DE939F5B56BF8BD,B25F1561744B4B75,7781
L-FRAME-00532,logical_frame,D:\magia\MyProducts\MagiaRe\Magia_CN_Project\dist\MagiaCN-r128-downloader-fix1.apk,assets/package/quest/qb_auto_settings/qb_auto_settings0.plist,assets/package/quest/qb_auto_settings/qb_auto_settings0.png,qb_auto_settings_img02.png,D:\magia\MyProducts\MagiaRe\Magia_CN_Project\dist\MagiaCN-r128-downloader-fix1.apk!/assets/package/quest/qb_auto_settings/qb_auto_settings0.plist#frame:qb_auto_settings_img02.png,assets/package/quest/qb_auto_settings/qb_auto_settings0.plist#frame:qb_auto_settings_img02.png,atlas-frames/assets/package/quest/qb_auto_settings/qb_auto_settings0/qb_auto_settings_img02.png,2,112,738,53,738,53,738,53,0.0,0.0,False,PNG,738,53,RGBA,1,True,CF06B974EA8FC19D8E638AFB2FFBEBBCA4F727B39EDE070EE515E3C07B61CA81,AAAEF8ACB8ED1BEC70AAA9CC0117C89C359A2A453A9D392DC6FA7FED5E24E87D,F01F0F60600F7E3F,4200
L-FRAME-00533,logical_frame,D:\magia\MyProducts\MagiaRe\Magia_CN_Project\dist\MagiaCN-r128-downloader-fix1.apk,assets/package/quest/qb_auto_settings/qb_auto_settings0.plist,assets/package/quest/qb_auto_settings/qb_auto_settings0.png,qb_auto_settings_img03.png,D:\magia\MyProducts\MagiaRe\Magia_CN_Project\dist\MagiaCN-r128-downloader-fix1.apk!/assets/package/quest/qb_auto_settings/qb_auto_settings0.plist#frame:qb_auto_settings_img03.png,assets/package/quest/qb_auto_settings/qb_auto_settings0.plist#frame:qb_auto_settings_img03.png,atlas-frames/assets/package/quest/qb_auto_settings/qb_auto_settings0/qb_auto_settings_img03.png,2,2,738,53,738,53,738,53,0.0,0.0,False,PNG,738,53,RGBA,1,True,154C4DE0B5D64679FE673120ED6F44D38666A491C3CDFA422B2F5FE704B22D59,38E86A2C42DC05A4F69D394D999B45E660E096535177DA425477CC23D97EEAC3,F13F0E40601E7A7F,3884
L-FRAME-00534,logical_frame,D:\magia\MyProducts\MagiaRe\Magia_CN_Project\dist\MagiaCN-r128-downloader-fix1.apk,assets/package/quest/qb_auto_settings/qb_auto_settings0.plist,assets/package/quest/qb_auto_settings/qb_auto_settings0.png,qb_auto_settings_img04.png,D:\magia\MyProducts\MagiaRe\Magia_CN_Project\dist\MagiaCN-r128-downloader-fix1.apk!/assets/package/quest/qb_auto_settings/qb_auto_settings0.plist#frame:qb_auto_settings_img04.png,assets/package/quest/qb_auto_settings/qb_auto_settings0.plist#frame:qb_auto_settings_img04.png,atlas-frames/assets/package/quest/qb_auto_settings/qb_auto_settings0/qb_auto_settings_img04.png,2,167,40,40,40,40,40,40,0.0,0.0,False,PNG,40,40,RGBA,1,True,A6D4D61E9C40AE0094A1DAD4D9F5D234F6217AA582756C5905293408EA0CD50F,4649B2781F89657B8708ECF3F18BB6AAE3A531B2AB4C7BCCD2D0D21569A774E6,80552A553F557F55,475
L-FRAME-00535,logical_frame,D:\magia\MyProducts\MagiaRe\Magia_CN_Project\dist\MagiaCN-r128-downloader-fix1.apk,assets/package/quest/qb_auto_settings/qb_auto_settings0.plist,assets/package/quest/qb_auto_settings/qb_auto_settings0.png,qb_auto_settings_img05.png,D:\magia\MyProducts\MagiaRe\Magia_CN_Project\dist\MagiaCN-r128-downloader-fix1.apk!/assets/package/quest/qb_auto_settings/qb_auto_settings0.plist#frame:qb_auto_settings_img05.png,assets/package/quest/qb_auto_settings/qb_auto_settings0.plist#frame:qb_auto_settings_img05.png,atlas-frames/assets/package/quest/qb_auto_settings/qb_auto_settings0/qb_auto_settings_img05.png,2,209,27,21,27,21,27,21,0.0,0.0,False,PNG,27,21,RGBA,1,True,51AEC96F0ACD2038F42A1C454738807928D7AFD605C3468C2A858509D563B730,2853624B4094DA99F135B645E62EFA23FCB50A76A062CBE4C3BC7E506525E1E3,91350DCB7ADF5407,473
L-FRAME-00536,logical_frame,D:\magia\MyProducts\MagiaRe\Magia_CN_Project\dist\MagiaCN-r128-downloader-fix1.apk,assets/package/quest/qb_continue/qb_continue.plist,assets/package/quest/qb_continue/qb_continue.png,arrow_gray.png,D:\magia\MyProducts\MagiaRe\Magia_CN_Project\dist\MagiaCN-r128-downloader-fix1.apk!/assets/package/quest/qb_continue/qb_continue.plist#frame:arrow_gray.png,assets/package/quest/qb_continue/qb_continue.plist#frame:arrow_gray.png,atlas-frames/assets/package/quest/qb_continue/qb_continue/arrow_gray.png,308,134,12,16,12,16,12,16,0.0,0.0,False,PNG,12,16,RGBA,1,True,FD4612A1B913D9C96B3763F8F8B05614D9B574D27AE69B11CD8723A6F707D675,F00ABB2D510A3DF65D6EBE5904601E7A0BBB9396AC8F3975CCB63450A9B5C7B6,A9ECC279E732B20D,220
L-FRAME-00537,logical_frame,D:\magia\MyProducts\MagiaRe\Magia_CN_Project\dist\MagiaCN-r128-downloader-fix1.apk,assets/package/quest/qb_continue/qb_continue.plist,assets/package/quest/qb_continue/qb_continue.png,arrow_pink.png,D:\magia\MyProducts\MagiaRe\Magia_CN_Project\dist\MagiaCN-r128-downloader-fix1.apk!/assets/package/quest/qb_continue/qb_continue.plist#frame:arrow_pink.png,assets/package/quest/qb_continue/qb_continue.plist#frame:arrow_pink.png,atlas-frames/assets/package/quest/qb_continue/qb_continue/arrow_pink.png,308,116,12,16,12,16,12,16,0.0,0.0,False,PNG,12,16,RGBA,1,True,24417B5183D582A5EDA9D7D679A7A660EBEE0DCE3DC0C0AFA18BB36714F0C047,6692F8CBDE4619B492BBF5C2FFA4DF87F8B41276600EB3E6E09BE3179F59BDD9,DD0C3E9397474EE0,258
L-FRAME-00538,logical_frame,D:\magia\MyProducts\MagiaRe\Magia_CN_Project\dist\MagiaCN-r128-downloader-fix1.apk,assets/package/quest/qb_continue/qb_continue.plist,assets/package/quest/qb_continue/qb_continue.png,magiastone_info.png,D:\magia\MyProducts\MagiaRe\Magia_CN_Project\dist\MagiaCN-r128-downloader-fix1.apk!/assets/package/quest/qb_continue/qb_continue.plist#frame:magiastone_info.png,assets/package/quest/qb_continue/qb_continue.plist#frame:magiastone_info.png,atlas-frames/assets/package/quest/qb_continue/qb_continue/magiastone_info.png,2,2,728,40,728,40,728,40,0.0,0.0,False,PNG,728,40,RGBA,1,True,324ED4A46E215958DC64F31496C8CD9798C03BE24251CC001D47B07FBE6A80F8,C13E1A2B467EAB2A68DC014148A480B107216A28B4D82BF8B69EBAC37801B083,C15F7E007FA980AF,5478
L-FRAME-00539,logical_frame,D:\magia\MyProducts\MagiaRe\Magia_CN_Project\dist\MagiaCN-r128-downloader-fix1.apk,assets/package/quest/qb_continue/qb_continue.plist,assets/package/quest/qb_continue/qb_continue.png,qb_continue_01.png,D:\magia\MyProducts\MagiaRe\Magia_CN_Project\dist\MagiaCN-r128-downloader-fix1.apk!/assets/package/quest/qb_continue/qb_continue.plist#frame:qb_continue_01.png,assets/package/quest/qb_continue/qb_continue.plist#frame:qb_continue_01.png,atlas-frames/assets/package/quest/qb_continue/qb_continue/qb_continue_01.png,2,44,304,108,304,108,304,108,0.0,0.0,False,PNG,304,108,RGBA,1,True,ACB003297FFF411115082D55BDE72BC7ADE5F3EC6F84FADA054806868D5369AB,5028058DF5070C2DE52DCDC6A06428608EEED5AFEB6068EFC84542506633BE1A,8E95E06F9D621F91,11681
L-FRAME-00540,logical_frame,D:\magia\MyProducts\MagiaRe\Magia_CN_Project\dist\MagiaCN-r128-downloader-fix1.apk,assets/package/quest/qb_continue/qb_continue.plist,assets/package/quest/qb_continue/qb_continue.png,qb_continue_02_01.png,D:\magia\MyProducts\MagiaRe\Magia_CN_Project\dist\MagiaCN-r128-downloader-fix1.apk!/assets/package/quest/qb_continue/qb_continue.plist#frame:qb_continue_02_01.png,assets/package/quest/qb_continue/qb_continue.plist#frame:qb_continue_02_01.png,atlas-frames/assets/package/quest/qb_continue/qb_continue/qb_continue_02_01.png,512,44,202,70,202,70,202,70,0.0,0.0,False,PNG,202,70,RGBA,1,True,CE087609905485C2EC63464D3C92C103945E03EAD2E17032F2A53E099E7A388E,0CBD8D273A2ECC01C9CE189BDEC293CB07363BBBFBA279E73EF26E9A9FA78EC1,9EDD055F9E65051A,9862
L-FRAME-00541,logical_frame,D:\magia\MyProducts\MagiaRe\Magia_CN_Project\dist\MagiaCN-r128-downloader-fix1.apk,assets/package/quest/qb_continue/qb_continue.plist,assets/package/quest/qb_continue/qb_continue.png,qb_continue_02_02.png,D:\magia\MyProducts\MagiaRe\Magia_CN_Project\dist\MagiaCN-r128-downloader-fix1.apk!/assets/package/quest/qb_continue/qb_continue.plist#frame:qb_continue_02_02.png,assets/package/quest/qb_continue/qb_continue.plist#frame:qb_continue_02_02.png,atlas-frames/assets/package/quest/qb_continue/qb_continue/qb_continue_02_02.png,206,154,202,70,202,70,202,70,0.0,0.0,False,PNG,202,70,RGBA,1,True,9446F276960A458CE62A95452919B7981B57F16EDD5DA07DC3174E065808DC7C,605939C6B10C0AD03D3598EAAD56A810B56DA0DA6E09A7E0783E07CAF1CFD033,9AD5053B9E65853E,9197
L-FRAME-00542,logical_frame,D:\magia\MyProducts\MagiaRe\Magia_CN_Project\dist\MagiaCN-r128-downloader-fix1.apk,assets/package/quest/qb_continue/qb_continue.plist,assets/package/quest/qb_continue/qb_continue.png,qb_continue_02_03.png,D:\magia\MyProducts\MagiaRe\Magia_CN_Project\dist\MagiaCN-r128-downloader-fix1.apk!/assets/package/quest/qb_continue/qb_continue.plist#frame:qb_continue_02_03.png,assets/package/quest/qb_continue/qb_continue.plist#frame:qb_continue_02_03.png,atlas-frames/assets/package/quest/qb_continue/qb_continue/qb_continue_02_03.png,308,44,202,70,202,70,202,70,0.0,0.0,False,PNG,202,70,RGBA,1,True,3C072972DB1F450F3CA1EB43557260094687E5AE16D4F24E5C6B46ACBAA0D99A,107D6735BEFC966DE50F45C2D251B1D5A4671FE8C3F8F0193495EB046B6069FA,9EDD055F9E65051A,6715
L-FRAME-00543,logical_frame,D:\magia\MyProducts\MagiaRe\Magia_CN_Project\dist\MagiaCN-r128-downloader-fix1.apk,assets/package/quest/qb_continue/qb_continue.plist,assets/package/quest/qb_continue/qb_continue.png,qb_continue_03_01.png,D:\magia\MyProducts\MagiaRe\Magia_CN_Project\dist\MagiaCN-r128-downloader-fix1.apk!/assets/package/quest/qb_continue/qb_continue.plist#frame:qb_continue_03_01.png,assets/package/quest/qb_continue/qb_continue.plist#frame:qb_continue_03_01.png,atlas-frames/assets/package/quest/qb_continue/qb_continue/qb_continue_03_01.png,410,116,202,70,202,70,202,70,0.0,0.0,False,PNG,202,70,RGBA,1,True,49C932140991AD974641E962F2B05C331F61B592F00D6EA4923DC366DAD97A49,B735643EEA4D1FF1A7F309F0B85355EA812D2C3BA908EF6D51AF3C45AEC32CB3,91D11E6F311B1E67,6133
L-FRAME-00544,logical_frame,D:\magia\MyProducts\MagiaRe\Magia_CN_Project\dist\MagiaCN-r128-downloader-fix1.apk,assets/package/quest/qb_continue/qb_continue.plist,assets/package/quest/qb_continue/qb_continue.png,qb_continue_03_02.png,D:\magia\MyProducts\MagiaRe\Magia_CN_Project\dist\MagiaCN-r128-downloader-fix1.apk!/assets/package/quest/qb_continue/qb_continue.plist#frame:qb_continue_03_02.png,assets/package/quest/qb_continue/qb_continue.plist#frame:qb_continue_03_02.png,atlas-frames/assets/package/quest/qb_continue/qb_continue/qb_continue_03_02.png,818,116,202,70,202,70,202,70,0.0,0.0,False,PNG,202,70,RGBA,1,True,E9E2482FA4D60B3AD05ACF8A7D5410A5506956AF23F5849670468F2E65C39624,0195BA8D2AB0B93BCF2B498EDE0D38C52D2227AD87CD131A81B1B97ECE202933,95D51E67311A1E67,5528
L-FRAME-00545,logical_frame,D:\magia\MyProducts\MagiaRe\Magia_CN_Project\dist\MagiaCN-r128-downloader-fix1.apk,assets/package/quest/qb_continue/qb_continue.plist,assets/package/quest/qb_continue/qb_continue.png,qb_continue_03_03.png,D:\magia\MyProducts\MagiaRe\Magia_CN_Project\dist\MagiaCN-r128-downloader-fix1.apk!/assets/package/quest/qb_continue/qb_continue.plist#frame:qb_continue_03_03.png,assets/package/quest/qb_continue/qb_continue.plist#frame:qb_continue_03_03.png,atlas-frames/assets/package/quest/qb_continue/qb_continue/qb_continue_03_03.png,716,44,202,70,202,70,202,70,0.0,0.0,False,PNG,202,70,RGBA,1,True,D96E025CE6A0375CE1D4BB953CD4A758758C7D5C8FAA6A057541A339345E5403,8AE592F4EB9CE74A753A8E7420C60703C5621539709DB6C475E04E9537EC0C52,91D51E6F311A1E67,4902
L-FRAME-00546,logical_frame,D:\magia\MyProducts\MagiaRe\Magia_CN_Project\dist\MagiaCN-r128-downloader-fix1.apk,assets/package/quest/qb_continue/qb_continue.plist,assets/package/quest/qb_continue/qb_continue.png,qb_continue_04_01.png,D:\magia\MyProducts\MagiaRe\Magia_CN_Project\dist\MagiaCN-r128-downloader-fix1.apk!/assets/package/quest/qb_continue/qb_continue.plist#frame:qb_continue_04_01.png,assets/package/quest/qb_continue/qb_continue.plist#frame:qb_continue_04_01.png,atlas-frames/assets/package/quest/qb_continue/qb_continue/qb_continue_04_01.png,2,226,202,70,202,70,202,70,0.0,0.0,False,PNG,202,70,RGBA,1,True,9AB06E0ED6CC1FC98585B42B0FF79AFE43BAB66E95104F4AF6147FAD23ABDD5F,D48BA7B331B5B7DBAE238C1A46BB6A227496D8D81D2B450FFD05C6DEFABA5AD1,9CD591798E769159,9415
L-FRAME-00547,logical_frame,D:\magia\MyProducts\MagiaRe\Magia_CN_Project\dist\MagiaCN-r128-downloader-fix1.apk,assets/package/quest/qb_continue/qb_continue.plist,assets/package/quest/qb_continue/qb_continue.png,qb_continue_04_02.png,D:\magia\MyProducts\MagiaRe\Magia_CN_Project\dist\MagiaCN-r128-downloader-fix1.apk!/assets/package/quest/qb_continue/qb_continue.plist#frame:qb_continue_04_02.png,assets/package/quest/qb_continue/qb_continue.plist#frame:qb_continue_04_02.png,atlas-frames/assets/package/quest/qb_continue/qb_continue/qb_continue_04_02.png,2,154,202,70,202,70,202,70,0.0,0.0,False,PNG,202,70,RGBA,1,True,B120092684B81F5B13928448AFD09156F7B64DED4EB79CADBDE7E6C3F38C7E00,2C94C5D718F113C1F6633377F03A3209EDEE970A4E70580902C4F7A517F8E66A,DCD4117B8C66917B,8530
L-FRAME-00548,logical_frame,D:\magia\MyProducts\MagiaRe\Magia_CN_Project\dist\MagiaCN-r128-downloader-fix1.apk,assets/package/quest/qb_continue/qb_continue.plist,assets/package/quest/qb_continue/qb_continue.png,qb_continue_04_03.png,D:\magia\MyProducts\MagiaRe\Magia_CN_Project\dist\MagiaCN-r128-downloader-fix1.apk!/assets/package/quest/qb_continue/qb_continue.plist#frame:qb_continue_04_03.png,assets/package/quest/qb_continue/qb_continue.plist#frame:qb_continue_04_03.png,atlas-frames/assets/package/quest/qb_continue/qb_continue/qb_continue_04_03.png,614,116,202,70,202,70,202,70,0.0,0.0,False,PNG,202,70,RGBA,1,True,9B039A3E11A197906C44062D6EB84B43F5104BC4AA7DE84E1B6ABA393CD0B8EC,AF5F0FFFE8FCB154F0A32BE820BA78D7FBA2139A191BE838347679CF9CAB06DC,9CD5117D8E769159,6358
L-FRAME-00549,logical_frame,D:\magia\MyProducts\MagiaRe\Magia_CN_Project\dist\MagiaCN-r128-downloader-fix1.apk,assets/package/quest/qb_ef_sp_combo/qb_ef_sp_combo0.plist,assets/package/quest/qb_ef_sp_combo/qb_ef_sp_combo0.png,accele_mark.png,D:\magia\MyProducts\MagiaRe\Magia_CN_Project\dist\MagiaCN-r128-downloader-fix1.apk!/assets/package/quest/qb_ef_sp_combo/qb_ef_sp_combo0.plist#frame:accele_mark.png,assets/package/quest/qb_ef_sp_combo/qb_ef_sp_combo0.plist#frame:accele_mark.png,atlas-frames/assets/package/quest/qb_ef_sp_combo/qb_ef_sp_combo0/accele_mark.png,251,821,98,95,98,95,98,95,0.0,0.0,False,PNG,98,95,RGBA,1,True,18E4EE99914C26E676C4469A39C358B92536427ED12618B98C758054518DAC2E,EE91B9E8EDAC332E655F866CA7C9A886570F3EAA986AB0AD497D962DF3C75F64,9B932E6769C9343C,5619
L-FRAME-00550,logical_frame,D:\magia\MyProducts\MagiaRe\Magia_CN_Project\dist\MagiaCN-r128-downloader-fix1.apk,assets/package/quest/qb_ef_sp_combo/qb_ef_sp_combo0.plist,assets/package/quest/qb_ef_sp_combo/qb_ef_sp_combo0.png,accele_tx01.png,D:\magia\MyProducts\MagiaRe\Magia_CN_Project\dist\MagiaCN-r128-downloader-fix1.apk!/assets/package/quest/qb_ef_sp_combo/qb_ef_sp_combo0.plist#frame:accele_tx01.png,assets/package/quest/qb_ef_sp_combo/qb_ef_sp_combo0.plist#frame:accele_tx01.png,atlas-frames/assets/package/quest/qb_ef_sp_combo/qb_ef_sp_combo0/accele_tx01.png,136,301,311,41,311,41,311,41,0.0,0.0,False,PNG,311,41,RGBA,1,True,F8B94053A25E59F50F99226BD7A92AAA789D7F4FB1C85EE820C9EC42A16888B3,53A388266E9742DFBA1C5F5681604A4F46F724E07A33700E60B48BE712F6D2C0,EABB2BC4943BC153,5792
L-FRAME-00551,logical_frame,D:\magia\MyProducts\MagiaRe\Magia_CN_Project\dist\MagiaCN-r128-downloader-fix1.apk,assets/package/quest/qb_ef_sp_combo/qb_ef_sp_combo0.plist,assets/package/quest/qb_ef_sp_combo/qb_ef_sp_combo0.png,accele_tx02.png,D:\magia\MyProducts\MagiaRe\Magia_CN_Project\dist\MagiaCN-r128-downloader-fix1.apk!/assets/package/quest/qb_ef_sp_combo/qb_ef_sp_combo0.plist#frame:accele_tx02.png,assets/package/quest/qb_ef_sp_combo/qb_ef_sp_combo0.plist#frame:accele_tx02.png,atlas-frames/assets/package/quest/qb_ef_sp_combo/qb_ef_sp_combo0/accele_tx02.png,136,344,286,82,286,82,286,82,0.0,0.0,False,PNG,286,82,RGBA,1,True,C2E7FAA3A288FFE34E3153CE42E40B3007F7E0E7B82730D502D563F85ADE65F7,459D2AD4BB451CFCC353CA38AAB6C2837B39CE93659DF7F8327C7CAC39648285,D0326EE1398FCE78,12574
L-FRAME-00552,logical_frame,D:\magia\MyProducts\MagiaRe\Magia_CN_Project\dist\MagiaCN-r128-downloader-fix1.apk,assets/package/quest/qb_ef_sp_combo/qb_ef_sp_combo0.plist,assets/package/quest/qb_ef_sp_combo/qb_ef_sp_combo0.png,accele_tx03.png,D:\magia\MyProducts\MagiaRe\Magia_CN_Project\dist\MagiaCN-r128-downloader-fix1.apk!/assets/package/quest/qb_ef_sp_combo/qb_ef_sp_combo0.plist#frame:accele_tx03.png,assets/package/quest/qb_ef_sp_combo/qb_ef_sp_combo0.plist#frame:accele_tx03.png,atlas-frames/assets/package/quest/qb_ef_sp_combo/qb_ef_sp_combo0/accele_tx03.png,768,322,222,63,222,63,222,63,0.0,0.0,False,PNG,222,63,RGBA,1,True,84C3E2A439FCC3D060AB51DAE98E78E8C6F7E892DD1F21B07CD765CBA93B312D,76A2088C9DF65D7407F37BB4DCE40D8ADEC46938F17AA2BA823588E0CF598D2E,933A78D50F85C76A,9280
L-FRAME-00553,logical_frame,D:\magia\MyProducts\MagiaRe\Magia_CN_Project\dist\MagiaCN-r128-downloader-fix1.apk,assets/package/quest/qb_ef_sp_combo/qb_ef_sp_combo0.plist,assets/package/quest/qb_ef_sp_combo/qb_ef_sp_combo0.png,blast_01.png,D:\magia\MyProducts\MagiaRe\Magia_CN_Project\dist\MagiaCN-r128-downloader-fix1.apk!/assets/package/quest/qb_ef_sp_combo/qb_ef_sp_combo0.plist#frame:blast_01.png,assets/package/quest/qb_ef_sp_combo/qb_ef_sp_combo0.plist#frame:blast_01.png,atlas-frames/assets/package/quest/qb_ef_sp_combo/qb_ef_sp_combo0/blast_01.png,896,604,120,110,120,110,120,110,0.0,0.0,False,PNG,120,110,RGBA,1,True,B4B5C4CF7649FFDAEC2EF5A6099C6D833907AE7420277A5256AEAE7E13A9012E,83A6E73D18DBC7BFD45BB7DE88927D57180C71642B9F2A22F1BD05FCF0934959,D72929D639D6D729,131
L-FRAME-00554,logical_frame,D:\magia\MyProducts\MagiaRe\Magia_CN_Project\dist\MagiaCN-r128-downloader-fix1.apk,assets/package/quest/qb_ef_sp_combo/qb_ef_sp_combo0.plist,assets/package/quest/qb_ef_sp_combo/qb_ef_sp_combo0.png,blast_mark.png,D:\magia\MyProducts\MagiaRe\Magia_CN_Project\dist\MagiaCN-r128-downloader-fix1.apk!/assets/package/quest/qb_ef_sp_combo/qb_ef_sp_combo0.plist#frame:blast_mark.png,assets/package/quest/qb_ef_sp_combo/qb_ef_sp_combo0.plist#frame:blast_mark.png,atlas-frames/assets/package/quest/qb_ef_sp_combo/qb_ef_sp_combo0/blast_mark.png,136,821,113,118,113,118,113,118,0.0,0.0,False,PNG,113,118,RGBA,1,True,8A6FAD788F7D5E921996EF5111FA6D85395A7DAFD18DA720EABABF20545788F3,5BCB0A98465A817B62FF816DECF8FAD2B27CF3BED9334A1E20F4420EC3C2FEC5,D8C63778698D3762,6919
L-FRAME-00555,logical_frame,D:\magia\MyProducts\MagiaRe\Magia_CN_Project\dist\MagiaCN-r128-downloader-fix1.apk,assets/package/quest/qb_ef_sp_combo/qb_ef_sp_combo0.plist,assets/package/quest/qb_ef_sp_combo/qb_ef_sp_combo0.png,blast_tx01.png,D:\magia\MyProducts\MagiaRe\Magia_CN_Project\dist\MagiaCN-r128-downloader-fix1.apk!/assets/package/quest/qb_ef_sp_combo/qb_ef_sp_combo0.plist#frame:blast_tx01.png,assets/package/quest/qb_ef_sp_combo/qb_ef_sp_combo0.plist#frame:blast_tx01.png,atlas-frames/assets/package/quest/qb_ef_sp_combo/qb_ef_sp_combo0/blast_tx01.png,136,215,311,41,311,41,311,41,0.0,0.0,False,PNG,311,41,RGBA,1,True,47BBF43F0CDFE145C0F9ECDAE570BECA926FEB0E1A684A4C97BAA6739C13F417,393259B681E4487E07AD9DE97E6B20B78A07F4E4C429CCFEABE5758F6D396D1C,EBC93C169369C467,5236
L-FRAME-00556,logical_frame,D:\magia\MyProducts\MagiaRe\Magia_CN_Project\dist\MagiaCN-r128-downloader-fix1.apk,assets/package/quest/qb_ef_sp_combo/qb_ef_sp_combo0.plist,assets/package/quest/qb_ef_sp_combo/qb_ef_sp_combo0.png,blast_tx02.png,D:\magia\MyProducts\MagiaRe\Magia_CN_Project\dist\MagiaCN-r128-downloader-fix1.apk!/assets/package/quest/qb_ef_sp_combo/qb_ef_sp_combo0.plist#frame:blast_tx02.png,assets/package/quest/qb_ef_sp_combo/qb_ef_sp_combo0.plist#frame:blast_tx02.png,atlas-frames/assets/package/quest/qb_ef_sp_combo/qb_ef_sp_combo0/blast_tx02.png,136,428,210,80,210,80,210,80,0.0,0.0,False,PNG,210,80,RGBA,1,True,23DFA85D9611021EEA3EB89D5BDED2D81899AB75FA2885CEAD6C26AFC11A000B,6A81200177FF05F9DB4B16D54476ADEE28BA0B7EE986AE272E33ACBCBAF71736,C1673ED83B95846B,10341
L-FRAME-00557,logical_frame,D:\magia\MyProducts\MagiaRe\Magia_CN_Project\dist\MagiaCN-r128-downloader-fix1.apk,assets/package/quest/qb_ef_sp_combo/qb_ef_sp_combo0.plist,assets/package/quest/qb_ef_sp_combo/qb_ef_sp_combo0.png,blast_tx03.png,D:\magia\MyProducts\MagiaRe\Magia_CN_Project\dist\MagiaCN-r128-downloader-fix1.apk!/assets/package/quest/qb_ef_sp_combo/qb_ef_sp_combo0.plist#frame:blast_tx03.png,assets/package/quest/qb_ef_sp_combo/qb_ef_sp_combo0.plist#frame:blast_tx03.png,atlas-frames/assets/package/quest/qb_ef_sp_combo/qb_ef_sp_combo0/blast_tx03.png,768,257,222,63,222,63,222,63,0.0,0.0,False,PNG,222,63,RGBA,1,True,51EADFB15A94CDAC5C40028EAB90BF7C5B0335EACFBFECD6F9B6A4B4E310C848,74B61737FC17D04E702C7557CF36B1A0C1597C38111DEA37A9345F2626317CCC,933A78D50F85C76A,9163
L-FRAME-00558,logical_frame,D:\magia\MyProducts\MagiaRe\Magia_CN_Project\dist\MagiaCN-r128-downloader-fix1.apk,assets/package/quest/qb_ef_sp_combo/qb_ef_sp_combo0.plist,assets/package/quest/qb_ef_sp_combo/qb_ef_sp_combo0.png,chara_damageup.png,D:\magia\MyProducts\MagiaRe\Magia_CN_Project\dist\MagiaCN-r128-downloader-fix1.apk!/assets/package/quest/qb_ef_sp_combo/qb_ef_sp_combo0.plist#frame:chara_damageup.png,assets/package/quest/qb_ef_sp_combo/qb_ef_sp_combo0.plist#frame:chara_damageup.png,atlas-frames/assets/package/quest/qb_ef_sp_combo/qb_ef_sp_combo0/chara_damageup.png,2,55,450,58,450,58,450,58,0.0,0.0,False,PNG,450,58,RGBA,1,True,40F9570B445F4A085F834D6D5482579F18576F86F5AC31609C63520D83A797E6,36CAFE9D656171FA60DF0B2EF589DAEB3F5D4FA736C48353BCE5D5D6DFAD6790,E37F0D6F6681F090,9491
L-FRAME-00559,logical_frame,D:\magia\MyProducts\MagiaRe\Magia_CN_Project\dist\MagiaCN-r128-downloader-fix1.apk,assets/package/quest/qb_ef_sp_combo/qb_ef_sp_combo0.plist,assets/package/quest/qb_ef_sp_combo/qb_ef_sp_combo0.png,chara_damageup_bg.png,D:\magia\MyProducts\MagiaRe\Magia_CN_Project\dist\MagiaCN-r128-downloader-fix1.apk!/assets/package/quest/qb_ef_sp_combo/qb_ef_sp_combo0.plist#frame:chara_damageup_bg.png,assets/package/quest/qb_ef_sp_combo/qb_ef_sp_combo0.plist#frame:chara_damageup_bg.png,atlas-frames/assets/package/quest/qb_ef_sp_combo/qb_ef_sp_combo0/chara_damageup_bg.png,500,2,496,51,496,51,496,51,0.0,0.0,False,PNG,496,51,RGBA,1,True,7E4B3487FBC00AC5EBF42739B1500DAF3BBD508CBC4A62DAB758EB9235430591,0100FB8C44225CCAF79B9E1823A8822E0B984F4D8FBE76A6238F48649119AE9B,D5FE0000AAFE553F,1548
L-FRAME-00560,logical_frame,D:\magia\MyProducts\MagiaRe\Magia_CN_Project\dist\MagiaCN-r128-downloader-fix1.apk,assets/package/quest/qb_ef_sp_combo/qb_ef_sp_combo0.plist,assets/package/quest/qb_ef_sp_combo/qb_ef_sp_combo0.png,charar_damageup_bg.png,D:\magia\MyProducts\MagiaRe\Magia_CN_Project\dist\MagiaCN-r128-downloader-fix1.apk!/assets/package/quest/qb_ef_sp_combo/qb_ef_sp_combo0.plist#frame:charar_damageup_bg.png,assets/package/quest/qb_ef_sp_combo/qb_ef_sp_combo0.plist#frame:charar_damageup_bg.png,atlas-frames/assets/package/quest/qb_ef_sp_combo/qb_ef_sp_combo0/charar_damageup_bg.png,2,2,496,51,496,51,496,51,0.0,0.0,False,PNG,496,51,RGBA,1,True,5440D09086AFC079C6CF351928FD2FE90C1BD0095E921738F9A3F30C5965862A,7A4F00D050809C9533666D68DDCD66E16FBFA2BA4825F0373F61C65650DD3CB3,D45551FEEA5501FE,1624
L-FRAME-00561,logical_frame,D:\magia\MyProducts\MagiaRe\Magia_CN_Project\dist\MagiaCN-r128-downloader-fix1.apk,assets/package/quest/qb_ef_sp_combo/qb_ef_sp_combo0.plist,assets/package/quest/qb_ef_sp_combo/qb_ef_sp_combo0.png,charge_mark.png,D:\magia\MyProducts\MagiaRe\Magia_CN_Project\dist\MagiaCN-r128-downloader-fix1.apk!/assets/package/quest/qb_ef_sp_combo/qb_ef_sp_combo0.plist#frame:charge_mark.png,assets/package/quest/qb_ef_sp_combo/qb_ef_sp_combo0.plist#frame:charge_mark.png,atlas-frames/assets/package/quest/qb_ef_sp_combo/qb_ef_sp_combo0/charge_mark.png,896,716,120,120,120,120,120,120,0.0,0.0,False,PNG,120,120,RGBA,1,True,B6FE341D73E4E10F77D627585F2D6388435A15D60069E0FD8DDDD484012A2C62,075A53C623FB0F210FC589C68354D25B6E0B687FFB3CF1F3F34A7C7B2C67576D,C9D93F2DE0D03743,6813
L-FRAME-00562,logical_frame,D:\magia\MyProducts\MagiaRe\Magia_CN_Project\dist\MagiaCN-r128-downloader-fix1.apk,assets/package/quest/qb_ef_sp_combo/qb_ef_sp_combo0.plist,assets/package/quest/qb_ef_sp_combo/qb_ef_sp_combo0.png,charge_tx01.png,D:\magia\MyProducts\MagiaRe\Magia_CN_Project\dist\MagiaCN-r128-downloader-fix1.apk!/assets/package/quest/qb_ef_sp_combo/qb_ef_sp_combo0.plist#frame:charge_tx01.png,assets/package/quest/qb_ef_sp_combo/qb_ef_sp_combo0.plist#frame:charge_tx01.png,atlas-frames/assets/package/quest/qb_ef_sp_combo/qb_ef_sp_combo0/charge_tx01.png,136,258,311,41,311,41,311,41,0.0,0.0,False,PNG,311,41,RGBA,1,True,3155C28C10FA8AB5F9B02C956F35309E558606EA7802C4697553713AA5F70FC9,191898669EFFC462327ABFE381EB5704CE1DC608081A5840222020CD854A71B3,EEB3B14CCC33C632,4338
L-FRAME-00563,logical_frame,D:\magia\MyProducts\MagiaRe\Magia_CN_Project\dist\MagiaCN-r128-downloader-fix1.apk,assets/package/quest/qb_ef_sp_combo/qb_ef_sp_combo0.plist,assets/package/quest/qb_ef_sp_combo/qb_ef_sp_combo0.png,charge_tx02.png,D:\magia\MyProducts\MagiaRe\Magia_CN_Project\dist\MagiaCN-r128-downloader-fix1.apk!/assets/package/quest/qb_ef_sp_combo/qb_ef_sp_combo0.plist#frame:charge_tx02.png,assets/package/quest/qb_ef_sp_combo/qb_ef_sp_combo0.plist#frame:charge_tx02.png,atlas-frames/assets/package/quest/qb_ef_sp_combo/qb_ef_sp_combo0/charge_tx02.png,768,55,247,90,247,90,247,90,0.0,0.0,False,PNG,247,90,RGBA,1,True,D0FEA5EEE68236C80DE8C9FD1A42288E06785B7A275BF44411FAF2E760A9BE50,DEC4B6E2D8A47D4E27DAD7BEF43FB40B9CB14CDF707EA55D59B7A12A50F9BB10,94696B8CBD97C172,12253
L-FRAME-00564,logical_frame,D:\magia\MyProducts\MagiaRe\Magia_CN_Project\dist\MagiaCN-r128-downloader-fix1.apk,assets/package/quest/qb_ef_sp_combo/qb_ef_sp_combo0.plist,assets/package/quest/qb_ef_sp_combo/qb_ef_sp_combo0.png,charge_tx03.png,D:\magia\MyProducts\MagiaRe\Magia_CN_Project\dist\MagiaCN-r128-downloader-fix1.apk!/assets/package/quest/qb_ef_sp_combo/qb_ef_sp_combo0.plist#frame:charge_tx03.png,assets/package/quest/qb_ef_sp_combo/qb_ef_sp_combo0.plist#frame:charge_tx03.png,atlas-frames/assets/package/quest/qb_ef_sp_combo/qb_ef_sp_combo0/charge_tx03.png,768,192,222,63,222,63,222,63,0.0,0.0,False,PNG,222,63,RGBA,1,True,C9156AD5C3132A6E71A8D609162FF1B03D0DCA5A6C441143E4C525AB5AF0DCB2,A8CA5E0298C007B1011DC6DB047D720E36C0CC0232968D546CAF8EEA6E785DC7,913A78F50F85C56E,9022
L-FRAME-00565,logical_frame,D:\magia\MyProducts\MagiaRe\Magia_CN_Project\dist\MagiaCN-r128-downloader-fix1.apk,assets/package/quest/qb_ef_sp_combo/qb_ef_sp_combo0.plist,assets/package/quest/qb_ef_sp_combo/qb_ef_sp_combo0.png,charra_tx01.png,D:\magia\MyProducts\MagiaRe\Magia_CN_Project\dist\MagiaCN-r128-downloader-fix1.apk!/assets/package/quest/qb_ef_sp_combo/qb_ef_sp_combo0.plist#frame:charra_tx01.png,assets/package/quest/qb_ef_sp_combo/qb_ef_sp_combo0.plist#frame:charra_tx01.png,atlas-frames/assets/package/quest/qb_ef_sp_combo/qb_ef_sp_combo0/charra_tx01.png,2,960,311,41,311,41,311,41,0.0,0.0,False,PNG,311,41,RGBA,1,True,AFC1E3C345242A4DBECDABB0251554388B6C2B212559B4212518458B90A27718,38F854DB04E53C360A05FC68A01599769B2068B5F58515F031DFB1C2E2020B59,AB967A798497C166,6424
L-FRAME-00566,logical_frame,D:\magia\MyProducts\MagiaRe\Magia_CN_Project\dist\MagiaCN-r128-downloader-fix1.apk,assets/package/quest/qb_ef_sp_combo/qb_ef_sp_combo0.plist,assets/package/quest/qb_ef_sp_combo/qb_ef_sp_combo0.png,ef_accele_01.png,D:\magia\MyProducts\MagiaRe\Magia_CN_Project\dist\MagiaCN-r128-downloader-fix1.apk!/assets/package/quest/qb_ef_sp_combo/qb_ef_sp_combo0.plist#frame:ef_accele_01.png,assets/package/quest/qb_ef_sp_combo/qb_ef_sp_combo0.plist#frame:ef_accele_01.png,atlas-frames/assets/package/quest/qb_ef_sp_combo/qb_ef_sp_combo0/ef_accele_01.png,500,55,132,490,132,490,132,490,0.0,0.0,False,PNG,132,490,RGBA,1,True,145675D98E516646C6A79BF9AFEB857B54B1576B7324DFEA76145FAC8DB6CCBE,CE9AC4BB7B62CA11B003E4D1461916F10DFA545B68003FB82A2D1BBD596506F5,E62639C996B634CE,27957
L-FRAME-00567,logical_frame,D:\magia\MyProducts\MagiaRe\Magia_CN_Project\dist\MagiaCN-r128-downloader-fix1.apk,assets/package/quest/qb_ef_sp_combo/qb_ef_sp_combo0.plist,assets/package/quest/qb_ef_sp_combo/qb_ef_sp_combo0.png,ef_accele_02.png,D:\magia\MyProducts\MagiaRe\Magia_CN_Project\dist\MagiaCN-r128-downloader-fix1.apk!/assets/package/quest/qb_ef_sp_combo/qb_ef_sp_combo0.plist#frame:ef_accele_02.png,assets/package/quest/qb_ef_sp_combo/qb_ef_sp_combo0.plist#frame:ef_accele_02.png,atlas-frames/assets/package/quest/qb_ef_sp_combo/qb_ef_sp_combo0/ef_accele_02.png,352,547,214,215,214,215,214,215,0.0,0.0,False,PNG,214,215,RGBA,1,True,AEED03A4092CADCB7F9D8ABC18DE39F9AA17BF1C4ADA7B490D2FE3C1B24912F4,D6F18F477F816178E9568CCA4D09F15D0D0DC566492D2E0F6BFD9C05B329E422,CDD9332EC9C33499,27352
L-FRAME-00568,logical_frame,D:\magia\MyProducts\MagiaRe\Magia_CN_Project\dist\MagiaCN-r128-downloader-fix1.apk,assets/package/quest/qb_ef_sp_combo/qb_ef_sp_combo0.plist,assets/package/quest/qb_ef_sp_combo/qb_ef_sp_combo0.png,ef_accele_03.png,D:\magia\MyProducts\MagiaRe\Magia_CN_Project\dist\MagiaCN-r128-downloader-fix1.apk!/assets/package/quest/qb_ef_sp_combo/qb_ef_sp_combo0.plist#frame:ef_accele_03.png,assets/package/quest/qb_ef_sp_combo/qb_ef_sp_combo0.plist#frame:ef_accele_03.png,atlas-frames/assets/package/quest/qb_ef_sp_combo/qb_ef_sp_combo0/ef_accele_03.png,732,604,162,163,162,163,162,163,0.0,0.0,False,PNG,162,163,RGBA,1,True,CFACE087A1C6DB95C8FF6921FA6114B5859272C61C2F6186992A986C2073692D,8259BB5731AD10027419C0F295B1A6A6785888F2E65D35593624FEB2CF651CD5,CC71338ECD63349B,18630
L-FRAME-00569,logical_frame,D:\magia\MyProducts\MagiaRe\Magia_CN_Project\dist\MagiaCN-r128-downloader-fix1.apk,assets/package/quest/qb_ef_sp_combo/qb_ef_sp_combo0.plist,assets/package/quest/qb_ef_sp_combo/qb_ef_sp_combo0.png,ef_blast_01.png,D:\magia\MyProducts\MagiaRe\Magia_CN_Project\dist\MagiaCN-r128-downloader-fix1.apk!/assets/package/quest/qb_ef_sp_combo/qb_ef_sp_combo0.plist#frame:ef_blast_01.png,assets/package/quest/qb_ef_sp_combo/qb_ef_sp_combo0.plist#frame:ef_blast_01.png,atlas-frames/assets/package/quest/qb_ef_sp_combo/qb_ef_sp_combo0/ef_blast_01.png,634,55,132,490,132,490,132,490,0.0,0.0,False,PNG,132,490,RGBA,1,True,CA83BC761DFBA49C03F74E5BE5AB809523CE410814C029260B7F55ED7CF1C1E1,7C4291935AEF47D2236DF904F53F8CED2C15966732FB423C3236AB60CB6AB1F9,E66759CB96B4314A,32433
L-FRAME-00570,logical_frame,D:\magia\MyProducts\MagiaRe\Magia_CN_Project\dist\MagiaCN-r128-downloader-fix1.apk,assets/package/quest/qb_ef_sp_combo/qb_ef_sp_combo0.plist,assets/package/quest/qb_ef_sp_combo/qb_ef_sp_combo0.png,ef_blast_02.png,D:\magia\MyProducts\MagiaRe\Magia_CN_Project\dist\MagiaCN-r128-downloader-fix1.apk!/assets/package/quest/qb_ef_sp_combo/qb_ef_sp_combo0.plist#frame:ef_blast_02.png,assets/package/quest/qb_ef_sp_combo/qb_ef_sp_combo0.plist#frame:ef_blast_02.png,atlas-frames/assets/package/quest/qb_ef_sp_combo/qb_ef_sp_combo0/ef_blast_02.png,768,387,215,215,215,215,215,215,0.0,0.0,False,PNG,215,215,RGBA,1,True,6EE5CE2A28BFD3898354F9B82784E01581306FB2326E76E83FA0EAA6FF72DF79,6F47960E5D8DFD8520243877E6A1BFBD18965AE79071B7C6D1F582C9B491AA08,CCD93326CDE33499,27845
L-FRAME-00571,logical_frame,D:\magia\MyProducts\MagiaRe\Magia_CN_Project\dist\MagiaCN-r128-downloader-fix1.apk,assets/package/quest/qb_ef_sp_combo/qb_ef_sp_combo0.plist,assets/package/quest/qb_ef_sp_combo/qb_ef_sp_combo0.png,ef_blast_03.png,D:\magia\MyProducts\MagiaRe\Magia_CN_Project\dist\MagiaCN-r128-downloader-fix1.apk!/assets/package/quest/qb_ef_sp_combo/qb_ef_sp_combo0.plist#frame:ef_blast_03.png,assets/package/quest/qb_ef_sp_combo/qb_ef_sp_combo0.plist#frame:ef_blast_03.png,atlas-frames/assets/package/quest/qb_ef_sp_combo/qb_ef_sp_combo0/ef_blast_03.png,568,547,162,163,162,163,162,163,0.0,0.0,False,PNG,162,163,RGBA,1,True,6D6A654EB34B500C52DA444BB235D93F96F0CACBF65AABE30839D6BE0A37AE54,CB02F672BDEA60B56D7C944694CC2F1088C4C8335B460063A686A2D9DCA3F5DA,CC71338ECD673499,18530
L-FRAME-00572,logical_frame,D:\magia\MyProducts\MagiaRe\Magia_CN_Project\dist\MagiaCN-r128-downloader-fix1.apk,assets/package/quest/qb_ef_sp_combo/qb_ef_sp_combo0.plist,assets/package/quest/qb_ef_sp_combo/qb_ef_sp_combo0.png,ef_charge_01.png,D:\magia\MyProducts\MagiaRe\Magia_CN_Project\dist\MagiaCN-r128-downloader-fix1.apk!/assets/package/quest/qb_ef_sp_combo/qb_ef_sp_combo0.plist#frame:ef_charge_01.png,assets/package/quest/qb_ef_sp_combo/qb_ef_sp_combo0.plist#frame:ef_charge_01.png,atlas-frames/assets/package/quest/qb_ef_sp_combo/qb_ef_sp_combo0/ef_charge_01.png,2,547,132,411,132,411,132,411,0.0,0.0,False,PNG,132,411,RGBA,1,True,90A65ECED4300FA22DC3C7C5100A7C09DA56D7BE96B3F0E335B0DB5389E8F698,7FE07A883B03C1A7F908C790023EB8F70B0138B9942AFE01DDE5867E82BC8FA8,C6963969C69670CF,28263
L-FRAME-00573,logical_frame,D:\magia\MyProducts\MagiaRe\Magia_CN_Project\dist\MagiaCN-r128-downloader-fix1.apk,assets/package/quest/qb_ef_sp_combo/qb_ef_sp_combo0.plist,assets/package/quest/qb_ef_sp_combo/qb_ef_sp_combo0.png,ef_charge_02.png,D:\magia\MyProducts\MagiaRe\Magia_CN_Project\dist\MagiaCN-r128-downloader-fix1.apk!/assets/package/quest/qb_ef_sp_combo/qb_ef_sp_combo0.plist#frame:ef_charge_02.png,assets/package/quest/qb_ef_sp_combo/qb_ef_sp_combo0.plist#frame:ef_charge_02.png,atlas-frames/assets/package/quest/qb_ef_sp_combo/qb_ef_sp_combo0/ef_charge_02.png,564,764,162,163,162,163,162,163,0.0,0.0,False,PNG,162,163,RGBA,1,True,40284ED9F867AB1BC775FFB7CF7F4BE9B2DDCF348299D4A29DFCFFEC10BB0214,8F69E5F092F9CBD5A1B14019A08DC849B760B178ED92333038459DDB1EE88C53,CD31338ECBE53C19,20303
L-FRAME-00574,logical_frame,D:\magia\MyProducts\MagiaRe\Magia_CN_Project\dist\MagiaCN-r128-downloader-fix1.apk,assets/package/quest/qb_ef_sp_combo/qb_ef_sp_combo0.plist,assets/package/quest/qb_ef_sp_combo/qb_ef_sp_combo0.png,ef_charge_03.png,D:\magia\MyProducts\MagiaRe\Magia_CN_Project\dist\MagiaCN-r128-downloader-fix1.apk!/assets/package/quest/qb_ef_sp_combo/qb_ef_sp_combo0.plist#frame:ef_charge_03.png,assets/package/quest/qb_ef_sp_combo/qb_ef_sp_combo0.plist#frame:ef_charge_03.png,atlas-frames/assets/package/quest/qb_ef_sp_combo/qb_ef_sp_combo0/ef_charge_03.png,136,604,214,215,214,215,214,215,0.0,0.0,False,PNG,214,215,RGBA,1,True,4E0A33CFE6BFA8B5B589CC1665C57F9CC15AB42359F8654A0D8D1390ACCE2FE0,BF71AE3164C19896843D18AE4BD00D0CBE3E6F2C9311ABDA0786DA0E9F1B3B54,CD993726DBC32C19,30334
L-FRAME-00575,logical_frame,D:\magia\MyProducts\MagiaRe\Magia_CN_Project\dist\MagiaCN-r128-downloader-fix1.apk,assets/package/quest/qb_ef_sp_combo/qb_ef_sp_combo0.plist,assets/package/quest/qb_ef_sp_combo/qb_ef_sp_combo0.png,icon_light.png,D:\magia\MyProducts\MagiaRe\Magia_CN_Project\dist\MagiaCN-r128-downloader-fix1.apk!/assets/package/quest/qb_ef_sp_combo/qb_ef_sp_combo0.plist#frame:icon_light.png,assets/package/quest/qb_ef_sp_combo/qb_ef_sp_combo0.plist#frame:icon_light.png,atlas-frames/assets/package/quest/qb_ef_sp_combo/qb_ef_sp_combo0/icon_light.png,992,192,26,26,26,26,26,26,0.0,0.0,False,PNG,26,26,RGBA,1,True,F70F125A51DA5A1DEAFAFB5D139293901869BB7B6FD1C97D16ABCEA850138F3F,2E93CDD87C4447B4C70D5706424982311CE05FFE1A04E400F6C38A19E81F4A5E,D72929D639D6D729,83
L-FRAME-00576,logical_frame,D:\magia\MyProducts\MagiaRe\Magia_CN_Project\dist\MagiaCN-r128-downloader-fix1.apk,assets/package/quest/qb_ef_sp_combo/qb_ef_sp_combo0.plist,assets/package/quest/qb_ef_sp_combo/qb_ef_sp_combo0.png,mini_200300_d.png,D:\magia\MyProducts\MagiaRe\Magia_CN_Project\dist\MagiaCN-r128-downloader-fix1.apk!/assets/package/quest/qb_ef_sp_combo/qb_ef_sp_combo0.plist#frame:mini_200300_d.png,assets/package/quest/qb_ef_sp_combo/qb_ef_sp_combo0.plist#frame:mini_200300_d.png,atlas-frames/assets/package/quest/qb_ef_sp_combo/qb_ef_sp_combo0/mini_200300_d.png,2,115,130,140,130,140,130,140,0.0,0.0,False,PNG,130,140,RGBA,1,True,BE2605148CBDA1BD5696A3D1FA01DEDEF23190ACEA85543C420791A72F1EEA9C,E00D6A3F400F347CA1DF22BECC0C2EABEAAD7D71D114FD2FA58094D57B5263BD,D72929D639D6D729,151
L-FRAME-00577,logical_frame,D:\magia\MyProducts\MagiaRe\Magia_CN_Project\dist\MagiaCN-r128-downloader-fix1.apk,assets/package/quest/qb_ef_sp_combo/qb_ef_sp_combo0.plist,assets/package/quest/qb_ef_sp_combo/qb_ef_sp_combo0.png,mini_20300_d.png,D:\magia\MyProducts\MagiaRe\Magia_CN_Project\dist\MagiaCN-r128-downloader-fix1.apk!/assets/package/quest/qb_ef_sp_combo/qb_ef_sp_combo0.plist#frame:mini_20300_d.png,assets/package/quest/qb_ef_sp_combo/qb_ef_sp_combo0.plist#frame:mini_20300_d.png,atlas-frames/assets/package/quest/qb_ef_sp_combo/qb_ef_sp_combo0/mini_20300_d.png,728,769,130,140,130,140,130,140,0.0,0.0,False,PNG,130,140,RGBA,1,True,BE2605148CBDA1BD5696A3D1FA01DEDEF23190ACEA85543C420791A72F1EEA9C,E00D6A3F400F347CA1DF22BECC0C2EABEAAD7D71D114FD2FA58094D57B5263BD,D72929D639D6D729,151
L-FRAME-00578,logical_frame,D:\magia\MyProducts\MagiaRe\Magia_CN_Project\dist\MagiaCN-r128-downloader-fix1.apk,assets/package/quest/qb_ef_sp_combo/qb_ef_sp_combo0.plist,assets/package/quest/qb_ef_sp_combo/qb_ef_sp_combo0.png,qb_cg_ef_02.png,D:\magia\MyProducts\MagiaRe\Magia_CN_Project\dist\MagiaCN-r128-downloader-fix1.apk!/assets/package/quest/qb_ef_sp_combo/qb_ef_sp_combo0.plist#frame:qb_cg_ef_02.png,assets/package/quest/qb_ef_sp_combo/qb_ef_sp_combo0.plist#frame:qb_cg_ef_02.png,atlas-frames/assets/package/quest/qb_ef_sp_combo/qb_ef_sp_combo0/qb_cg_ef_02.png,352,764,210,204,210,204,210,204,0.0,0.0,False,PNG,210,204,RGBA,1,True,10B759B806C0220ED562B92A998FE40BF6A336B7B9FA2B49C0297E5FADD1ACC8,2046B413A220246BC4C3BD7985D635A03EC7061B10B4617E046E46A4943BEE43,999B666698CF6523,15782
L-FRAME-00579,logical_frame,D:\magia\MyProducts\MagiaRe\Magia_CN_Project\dist\MagiaCN-r128-downloader-fix1.apk,assets/package/quest/qb_ef_sp_combo/qb_ef_sp_combo0.plist,assets/package/quest/qb_ef_sp_combo/qb_ef_sp_combo0.png,sp_chara_dummy.png,D:\magia\MyProducts\MagiaRe\Magia_CN_Project\dist\MagiaCN-r128-downloader-fix1.apk!/assets/package/quest/qb_ef_sp_combo/qb_ef_sp_combo0.plist#frame:sp_chara_dummy.png,assets/package/quest/qb_ef_sp_combo/qb_ef_sp_combo0.plist#frame:sp_chara_dummy.png,atlas-frames/assets/package/quest/qb_ef_sp_combo/qb_ef_sp_combo0/sp_chara_dummy.png,2,344,130,159,130,159,130,159,0.0,0.0,False,PNG,130,159,RGBA,1,True,5A05194E5B42DED68DB00F006549D792E2FE33E80D906D5DD3B56D2948FAE86F,2941C28B556D65B92B07B64B511797CDD03C81C8B19786C7D765AA8613D69D11,D72929D639D6D729,160
L-FRAME-00580,logical_frame,D:\magia\MyProducts\MagiaRe\Magia_CN_Project\dist\MagiaCN-r128-downloader-fix1.apk,assets/package/quest/qb_ef_sp_combo/qb_ef_sp_combo0.plist,assets/package/quest/qb_ef_sp_combo/qb_ef_sp_combo0.png,sp_cm_dummy.png,D:\magia\MyProducts\MagiaRe\Magia_CN_Project\dist\MagiaCN-r128-downloader-fix1.apk!/assets/package/quest/qb_ef_sp_combo/qb_ef_sp_combo0.plist#frame:sp_cm_dummy.png,assets/package/quest/qb_ef_sp_combo/qb_ef_sp_combo0.plist#frame:sp_cm_dummy.png,atlas-frames/assets/package/quest/qb_ef_sp_combo/qb_ef_sp_combo0/sp_cm_dummy.png,251,918,40,40,40,40,40,40,0.0,0.0,False,PNG,40,40,RGBA,1,True,CF3FB28BE6CBBFE13EEA5BC9552760927DD6C8F704A05FE0E8F4A03762455198,7DEFD5AEEE7287972CAAF3FF063C19B98256467B1751254D34A38FB4F1BA85FC,C6D6D68629D6D629,147
L-FRAME-00581,logical_frame,D:\magia\MyProducts\MagiaRe\Magia_CN_Project\dist\MagiaCN-r128-downloader-fix1.apk,assets/package/quest/qb_ef_sp_combo/qb_ef_sp_combo0.plist,assets/package/quest/qb_ef_sp_combo/qb_ef_sp_combo0.png,sp_damageup.png,D:\magia\MyProducts\MagiaRe\Magia_CN_Project\dist\MagiaCN-r128-downloader-fix1.apk!/assets/package/quest/qb_ef_sp_combo/qb_ef_sp_combo0.plist#frame:sp_damageup.png,assets/package/quest/qb_ef_sp_combo/qb_ef_sp_combo0.plist#frame:sp_damageup.png,atlas-frames/assets/package/quest/qb_ef_sp_combo/qb_ef_sp_combo0/sp_damageup.png,768,147,230,43,230,43,230,43,0.0,0.0,False,PNG,230,43,RGBA,1,True,28C4E2DE1FD23AE68EEAD1D3903DDFAEE04E2023BA8C8EAF8DE5C357A04ABC64,60053A25DC4BB33A8BE5DD919CC44FB540243EC588F6D8B8377023B8ACBCA411,C9A73FB63618A619,6052
L-FRAME-00582,logical_frame,D:\magia\MyProducts\MagiaRe\Magia_CN_Project\dist\MagiaCN-r128-downloader-fix1.apk,assets/package/quest/qb_ef_sp_combo/qb_ef_sp_combo0.plist,assets/package/quest/qb_ef_sp_combo/qb_ef_sp_combo0.png,sp_damageup_bg.png,D:\magia\MyProducts\MagiaRe\Magia_CN_Project\dist\MagiaCN-r128-downloader-fix1.apk!/assets/package/quest/qb_ef_sp_combo/qb_ef_sp_combo0.plist#frame:sp_damageup_bg.png,assets/package/quest/qb_ef_sp_combo/qb_ef_sp_combo0.plist#frame:sp_damageup_bg.png,atlas-frames/assets/package/quest/qb_ef_sp_combo/qb_ef_sp_combo0/sp_damageup_bg.png,136,165,361,48,361,48,361,48,0.0,0.0,False,PNG,361,48,RGBA,1,True,6CDD6B4C3ACEE8E7311D4C1049C97DF25E2967F9C55D3BF22CDBEB1AB457F788,21C221BD2A0C01DFFFC6ACBBFEC17968003559CB60FB58F85E3047ECC3642BD9,810354FEFF0301FF,1439
L-FRAME-00583,logical_frame,D:\magia\MyProducts\MagiaRe\Magia_CN_Project\dist\MagiaCN-r128-downloader-fix1.apk,assets/package/quest/qb_ef_sp_combo/qb_ef_sp_combo0.plist,assets/package/quest/qb_ef_sp_combo/qb_ef_sp_combo0.png,sp_damegeup_bg.png,D:\magia\MyProducts\MagiaRe\Magia_CN_Project\dist\MagiaCN-r128-downloader-fix1.apk!/assets/package/quest/qb_ef_sp_combo/qb_ef_sp_combo0.plist#frame:sp_damegeup_bg.png,assets/package/quest/qb_ef_sp_combo/qb_ef_sp_combo0.plist#frame:sp_damegeup_bg.png,atlas-frames/assets/package/quest/qb_ef_sp_combo/qb_ef_sp_combo0/sp_damegeup_bg.png,136,115,361,48,361,48,361,48,0.0,0.0,False,PNG,361,48,RGBA,1,True,267C1ADF02A0EE1F8BE232BBDD8216D2EA4DFA336B29D3B830C27B1B19E3E661,6E78CF291009BF65300692D1ECA176A09727E1ED23987930A4AF526CF54FE269,D5D44157AAD5017F,1313
L-FRAME-00584,logical_frame,D:\magia\MyProducts\MagiaRe\Magia_CN_Project\dist\MagiaCN-r128-downloader-fix1.apk,assets/package/quest/qb_ef_sp_combo/qb_ef_sp_combo0.plist,assets/package/quest/qb_ef_sp_combo/qb_ef_sp_combo0.png,sp_rrow.png,D:\magia\MyProducts\MagiaRe\Magia_CN_Project\dist\MagiaCN-r128-downloader-fix1.apk!/assets/package/quest/qb_ef_sp_combo/qb_ef_sp_combo0.plist#frame:sp_rrow.png,assets/package/quest/qb_ef_sp_combo/qb_ef_sp_combo0.plist#frame:sp_rrow.png,atlas-frames/assets/package/quest/qb_ef_sp_combo/qb_ef_sp_combo0/sp_rrow.png,424,344,69,56,69,56,69,56,0.0,0.0,False,PNG,69,56,RGBA,1,True,68E0867DF58EBB16A0437A21FDC6AF205DE58CEB0E192B0E6A0E6ED732A3CC38,ECF230088B8E17E77CFC3EE083D62654D5984388987E0FF36F10522F13646321,8DCE583836C36B9D,2120
L-FRAME-00585,logical_frame,D:\magia\MyProducts\MagiaRe\Magia_CN_Project\dist\MagiaCN-r128-downloader-fix1.apk,assets/package/quest/qb_ef_sp_combo/qb_ef_sp_combo0.plist,assets/package/quest/qb_ef_sp_combo/qb_ef_sp_combo0.png,ui_command_tx_02_2.png,D:\magia\MyProducts\MagiaRe\Magia_CN_Project\dist\MagiaCN-r128-downloader-fix1.apk!/assets/package/quest/qb_ef_sp_combo/qb_ef_sp_combo0.plist#frame:ui_command_tx_02_2.png,assets/package/quest/qb_ef_sp_combo/qb_ef_sp_combo0.plist#frame:ui_command_tx_02_2.png,atlas-frames/assets/package/quest/qb_ef_sp_combo/qb_ef_sp_combo0/ui_command_tx_02_2.png,2,257,93,69,93,69,93,69,0.0,0.0,False,PNG,93,69,RGBA,1,True,AD3F8A35A4F9629FCD393A874E42BFD15CE6E332B4DEA442CD59494819B06431,0DDBA7CE210D7CDEB83F10F7E4ECB2EEC72A7F2F0F970C16ED2D3CC93B7807B4,D72929D639D6D729,105
L-FRAME-00586,logical_frame,D:\magia\MyProducts\MagiaRe\Magia_CN_Project\dist\MagiaCN-r128-downloader-fix1.apk,assets/package/quest/qb_ef_sp_combo/qb_ef_sp_combo1.plist,assets/package/quest/qb_ef_sp_combo/qb_ef_sp_combo1.png,ef_accele_02.png,D:\magia\MyProducts\MagiaRe\Magia_CN_Project\dist\MagiaCN-r128-downloader-fix1.apk!/assets/package/quest/qb_ef_sp_combo/qb_ef_sp_combo1.plist#frame:ef_accele_02.png,assets/package/quest/qb_ef_sp_combo/qb_ef_sp_combo1.plist#frame:ef_accele_02.png,atlas-frames/assets/package/quest/qb_ef_sp_combo/qb_ef_sp_combo1/ef_accele_02.png,0,0,500,500,500,500,500,500,0.0,0.0,False,PNG,500,500,RGBA,1,True,08324046B95550BED7C9BF9B0A87193FA408F54D591835289A8139A6C3F511B3,48AACDB212C7DE00029B43D544F2242E3F120491BF8B3DE47F7460D4173A4054,8FE075CED08FC20F,126481
L-FRAME-00587,logical_frame,D:\magia\MyProducts\MagiaRe\Magia_CN_Project\dist\MagiaCN-r128-downloader-fix1.apk,assets/package/quest/qb_ef_sp_combo/qb_ef_sp_combo1.plist,assets/package/quest/qb_ef_sp_combo/qb_ef_sp_combo1.png,ef_accele_03.png,D:\magia\MyProducts\MagiaRe\Magia_CN_Project\dist\MagiaCN-r128-downloader-fix1.apk!/assets/package/quest/qb_ef_sp_combo/qb_ef_sp_combo1.plist#frame:ef_accele_03.png,assets/package/quest/qb_ef_sp_combo/qb_ef_sp_combo1.plist#frame:ef_accele_03.png,atlas-frames/assets/package/quest/qb_ef_sp_combo/qb_ef_sp_combo1/ef_accele_03.png,502,0,372,365,372,365,372,365,0.0,0.0,False,PNG,372,365,RGBA,1,True,4D24655FBCDF7E23F2489D581AFEECB90AAD367B1AD45975AF5BE2B0E3062B9B,03C52F41CB6AF92B723AA2B5628E6C3DB0893A81591CB4ADEB8969A7C9D35849,8FF035CCD08FC41F,73449
L-FRAME-00588,logical_frame,D:\magia\MyProducts\MagiaRe\Magia_CN_Project\dist\MagiaCN-r128-downloader-fix1.apk,assets/package/quest/qb_ef_sp_combo/qb_ef_sp_combo1.plist,assets/package/quest/qb_ef_sp_combo/qb_ef_sp_combo1.png,ef_blast_02.png,D:\magia\MyProducts\MagiaRe\Magia_CN_Project\dist\MagiaCN-r128-downloader-fix1.apk!/assets/package/quest/qb_ef_sp_combo/qb_ef_sp_combo1.plist#frame:ef_blast_02.png,assets/package/quest/qb_ef_sp_combo/qb_ef_sp_combo1.plist#frame:ef_blast_02.png,atlas-frames/assets/package/quest/qb_ef_sp_combo/qb_ef_sp_combo1/ef_blast_02.png,0,502,500,500,500,500,500,500,0.0,0.0,False,PNG,500,500,RGBA,1,True,C573A4EB062ABA8D8FA4AD1497626895A490093E87703E11583F08E5718C804E,E109342B9940A9D9183DC564141EE0FAA3FAD9371142B048DFD915A15BD1B6F3,8FE075CCD08FC21F,120732
L-FRAME-00589,logical_frame,D:\magia\MyProducts\MagiaRe\Magia_CN_Project\dist\MagiaCN-r128-downloader-fix1.apk,assets/package/quest/qb_ef_sp_combo/qb_ef_sp_combo1.plist,assets/package/quest/qb_ef_sp_combo/qb_ef_sp_combo1.png,ef_blast_03.png,D:\magia\MyProducts\MagiaRe\Magia_CN_Project\dist\MagiaCN-r128-downloader-fix1.apk!/assets/package/quest/qb_ef_sp_combo/qb_ef_sp_combo1.plist#frame:ef_blast_03.png,assets/package/quest/qb_ef_sp_combo/qb_ef_sp_combo1.plist#frame:ef_blast_03.png,atlas-frames/assets/package/quest/qb_ef_sp_combo/qb_ef_sp_combo1/ef_blast_03.png,502,367,340,340,340,340,340,340,0.0,0.0,False,PNG,340,340,RGBA,1,True,22F021D4908862F7BF6F564EE0E5D10F048E9F2DC992A9E491B9C79FAF681BF0,E52D59A717CAC87C96FE89E1A4AF348CFF6E371D0AFEF464170100B1E131F281,CB58346CD56FC41D,63704
L-FRAME-00590,logical_frame,D:\magia\MyProducts\MagiaRe\Magia_CN_Project\dist\MagiaCN-r128-downloader-fix1.apk,assets/package/quest/qb_ef_sp_combo/qb_ef_sp_combo2.plist,assets/package/quest/qb_ef_sp_combo/qb_ef_sp_combo2.png,ef_charge_03.png,D:\magia\MyProducts\MagiaRe\Magia_CN_Project\dist\MagiaCN-r128-downloader-fix1.apk!/assets/package/quest/qb_ef_sp_combo/qb_ef_sp_combo2.plist#frame:ef_charge_03.png,assets/package/quest/qb_ef_sp_combo/qb_ef_sp_combo2.plist#frame:ef_charge_03.png,atlas-frames/assets/package/quest/qb_ef_sp_combo/qb_ef_sp_combo2/ef_charge_03.png,0,0,500,500,500,500,500,500,0.0,0.0,False,PNG,500,500,RGBA,1,True,E5481DD61EBA64AC5B961E7B11DD29BC2CFE1A0F156783AD95F20E88596801F8,06202851B9AB9F315211ED6B26D0F603772BF35335D0FD8979E26D34524925F7,8F7035CFD08DC437,139919
L-FRAME-00591,logical_frame,D:\magia\MyProducts\MagiaRe\Magia_CN_Project\dist\MagiaCN-r128-downloader-fix1.apk,assets/package/quest/qb_help/qb_help.plist,assets/package/quest/qb_help/qb_help.png,qb_help_01_01.png,D:\magia\MyProducts\MagiaRe\Magia_CN_Project\dist\MagiaCN-r128-downloader-fix1.apk!/assets/package/quest/qb_help/qb_help.plist#frame:qb_help_01_01.png,assets/package/quest/qb_help/qb_help.plist#frame:qb_help_01_01.png,atlas-frames/assets/package/quest/qb_help/qb_help/qb_help_01_01.png,194,758,185,74,185,74,185,74,0.0,0.0,False,PNG,185,74,RGBA,1,True,73A24B5AAC2C0C43CAF3BFA7BF585C03C112A6F188C63F392B03A65FC3B392DF,D1382A3B485E58F21F8BCFF8898D88E1DD79C83ECC74BE677B081FF909D448E1,80D44C77735C4E77,5394
L-FRAME-00592,logical_frame,D:\magia\MyProducts\MagiaRe\Magia_CN_Project\dist\MagiaCN-r128-downloader-fix1.apk,assets/package/quest/qb_help/qb_help.plist,assets/package/quest/qb_help/qb_help.png,qb_help_01_02.png,D:\magia\MyProducts\MagiaRe\Magia_CN_Project\dist\MagiaCN-r128-downloader-fix1.apk!/assets/package/quest/qb_help/qb_help.plist#frame:qb_help_01_02.png,assets/package/quest/qb_help/qb_help.plist#frame:qb_help_01_02.png,atlas-frames/assets/package/quest/qb_help/qb_help/qb_help_01_02.png,2,890,185,74,185,74,185,74,0.0,0.0,False,PNG,185,74,RGBA,1,True,E4D486CEDB5BBBA42F111B94DA887AE1594FB3DE4BF2D383E55F000A967AD961,939A98DF998F903F311BE690A41C72A02BDC14AEBDF7527AEF637FA191018551,80D44C77735C4E77,4671
L-FRAME-00593,logical_frame,D:\magia\MyProducts\MagiaRe\Magia_CN_Project\dist\MagiaCN-r128-downloader-fix1.apk,assets/package/quest/qb_help/qb_help.plist,assets/package/quest/qb_help/qb_help.png,qb_help_01_03.png,D:\magia\MyProducts\MagiaRe\Magia_CN_Project\dist\MagiaCN-r128-downloader-fix1.apk!/assets/package/quest/qb_help/qb_help.plist#frame:qb_help_01_03.png,assets/package/quest/qb_help/qb_help.plist#frame:qb_help_01_03.png,atlas-frames/assets/package/quest/qb_help/qb_help/qb_help_01_03.png,189,890,185,74,185,74,185,74,0.0,0.0,False,PNG,185,74,RGBA,1,True,08086300F82324FAE8A1703CD7A240564F254237B3EBA13C389E83162F3354E8,EC90A6509C34342B381AA7130350C4E308C7BC011B80AE207241778BD3C84CFF,D5D50E6F33084E67,5687
L-FRAME-00594,logical_frame,D:\magia\MyProducts\MagiaRe\Magia_CN_Project\dist\MagiaCN-r128-downloader-fix1.apk,assets/package/quest/qb_help/qb_help.plist,assets/package/quest/qb_help/qb_help.png,qb_help_02_01.png,D:\magia\MyProducts\MagiaRe\Magia_CN_Project\dist\MagiaCN-r128-downloader-fix1.apk!/assets/package/quest/qb_help/qb_help.plist#frame:qb_help_02_01.png,assets/package/quest/qb_help/qb_help.plist#frame:qb_help_02_01.png,atlas-frames/assets/package/quest/qb_help/qb_help/qb_help_02_01.png,1808,200,190,64,190,64,190,64,0.0,0.0,False,PNG,190,64,RGBA,1,True,11390CFCB5AD0DD0A9B4C02A527A388BC5B5FCB0622ABE95B3A1FBFAC0BA6294,652942B6EB1F456A1F7BCF8D6AA9FAED15FE34B9228665A47A5EBF645AE501CE,D5D4106B7B3D34C6,8001
L-FRAME-00595,logical_frame,D:\magia\MyProducts\MagiaRe\Magia_CN_Project\dist\MagiaCN-r128-downloader-fix1.apk,assets/package/quest/qb_help/qb_help.plist,assets/package/quest/qb_help/qb_help.png,qb_help_02_02.png,D:\magia\MyProducts\MagiaRe\Magia_CN_Project\dist\MagiaCN-r128-downloader-fix1.apk!/assets/package/quest/qb_help/qb_help.plist#frame:qb_help_02_02.png,assets/package/quest/qb_help/qb_help.plist#frame:qb_help_02_02.png,atlas-frames/assets/package/quest/qb_help/qb_help/qb_help_02_02.png,1808,332,190,64,190,64,190,64,0.0,0.0,False,PNG,190,64,RGBA,1,True,38E904C4B9CE9D6D1B210D7B390CECF7316A91E87C6C852FE00D79B8681D6B1C,E1BBA0DBEC79746A487FB32838BF7B4503BBFB83E9303E4CE0C6AE414F4DAE1D,D46E03B13EC66B39,6376
L-FRAME-00596,logical_frame,D:\magia\MyProducts\MagiaRe\Magia_CN_Project\dist\MagiaCN-r128-downloader-fix1.apk,assets/package/quest/qb_help/qb_help.plist,assets/package/quest/qb_help/qb_help.png,qb_help_03_01.png,D:\magia\MyProducts\MagiaRe\Magia_CN_Project\dist\MagiaCN-r128-downloader-fix1.apk!/assets/package/quest/qb_help/qb_help.plist#frame:qb_help_03_01.png,assets/package/quest/qb_help/qb_help.plist#frame:qb_help_03_01.png,atlas-frames/assets/package/quest/qb_help/qb_help/qb_help_03_01.png,1808,266,190,64,190,64,190,64,0.0,0.0,False,PNG,190,64,RGBA,1,True,1C5A5CFA6CE1BA8C50DE2363F9CEAB4F4837E282EC9091FDBD56218852979EB7,35D940073DD55068214D591AAD24AA762D5E6E4CA3147D241DB7642BDC7A86B0,D1D4143E3B3F0FC1,8737
L-FRAME-00597,logical_frame,D:\magia\MyProducts\MagiaRe\Magia_CN_Project\dist\MagiaCN-r128-downloader-fix1.apk,assets/package/quest/qb_help/qb_help.plist,assets/package/quest/qb_help/qb_help.png,qb_help_03_02.png,D:\magia\MyProducts\MagiaRe\Magia_CN_Project\dist\MagiaCN-r128-downloader-fix1.apk!/assets/package/quest/qb_help/qb_help.plist#frame:qb_help_03_02.png,assets/package/quest/qb_help/qb_help.plist#frame:qb_help_03_02.png,atlas-frames/assets/package/quest/qb_help/qb_help/qb_help_03_02.png,1808,68,190,64,190,64,190,64,0.0,0.0,False,PNG,190,64,RGBA,1,True,4E3733650E085951ADB0D5927A98390E59A32AA01047CB15E97DBDEAE9335595,A66A4ED3F22CE0531537215D0C3D278F6B2C8545A52DA621084E665454F0D82D,D56B10942FC17B3E,6692
L-FRAME-00598,logical_frame,D:\magia\MyProducts\MagiaRe\Magia_CN_Project\dist\MagiaCN-r128-downloader-fix1.apk,assets/package/quest/qb_help/qb_help.plist,assets/package/quest/qb_help/qb_help.png,qb_help_04_01.png,D:\magia\MyProducts\MagiaRe\Magia_CN_Project\dist\MagiaCN-r128-downloader-fix1.apk!/assets/package/quest/qb_help/qb_help.plist#frame:qb_help_04_01.png,assets/package/quest/qb_help/qb_help.plist#frame:qb_help_04_01.png,atlas-frames/assets/package/quest/qb_help/qb_help/qb_help_04_01.png,2,824,190,64,190,64,190,64,0.0,0.0,False,PNG,190,64,RGBA,1,True,09A7713E410FFCCB5509FBF1E0785E79EDEF0EF69DE9ABF070768AB3EC291CD8,66FCEA40FCAEF7FED9B3C49FE3188DA09E60BDA3184AF78B9ABC6A13721322E2,9095156B7B3E1DC3,8561
L-FRAME-00599,logical_frame,D:\magia\MyProducts\MagiaRe\Magia_CN_Project\dist\MagiaCN-r128-downloader-fix1.apk,assets/package/quest/qb_help/qb_help.plist,assets/package/quest/qb_help/qb_help.png,qb_help_04_02.png,D:\magia\MyProducts\MagiaRe\Magia_CN_Project\dist\MagiaCN-r128-downloader-fix1.apk!/assets/package/quest/qb_help/qb_help.plist#frame:qb_help_04_02.png,assets/package/quest/qb_help/qb_help.plist#frame:qb_help_04_02.png,atlas-frames/assets/package/quest/qb_help/qb_help/qb_help_04_02.png,2,758,190,64,190,64,190,64,0.0,0.0,False,PNG,190,64,RGBA,1,True,C0605A9067E2B930A3871599DEA43F191B63281F445F81B8A53A9C10D7BDCFC3,1C5BAC93AAB50549A9CACDD27711AB7C549EFB05069ACA4BB69B9E6D5354F0F3,D53B12E42F937A2C,6624
L-FRAME-00600,logical_frame,D:\magia\MyProducts\MagiaRe\Magia_CN_Project\dist\MagiaCN-r128-downloader-fix1.apk,assets/package/quest/qb_help/qb_help.plist,assets/package/quest/qb_help/qb_help.png,qb_help_05_01.png,D:\magia\MyProducts\MagiaRe\Magia_CN_Project\dist\MagiaCN-r128-downloader-fix1.apk!/assets/package/quest/qb_help/qb_help.plist#frame:qb_help_05_01.png,assets/package/quest/qb_help/qb_help.plist#frame:qb_help_05_01.png,atlas-frames/assets/package/quest/qb_help/qb_help/qb_help_05_01.png,1808,2,190,64,190,64,190,64,0.0,0.0,False,PNG,190,64,RGBA,1,True,EC701C0568E231AF1C83BB658D71C82D1DFBFBDA6AA5B71EC11F3E6C3F8EC364,7241596543CA144B9FA8B41C14F212E5E57D5FCDCC7FFB1132C4FFA49C97F8B9,91C1453F3B6A0FB5,8983
L-FRAME-00601,logical_frame,D:\magia\MyProducts\MagiaRe\Magia_CN_Project\dist\MagiaCN-r128-downloader-fix1.apk,assets/package/quest/qb_help/qb_help.plist,assets/package/quest/qb_help/qb_help.png,qb_help_05_02.png,D:\magia\MyProducts\MagiaRe\Magia_CN_Project\dist\MagiaCN-r128-downloader-fix1.apk!/assets/package/quest/qb_help/qb_help.plist#frame:qb_help_05_02.png,assets/package/quest/qb_help/qb_help.plist#frame:qb_help_05_02.png,atlas-frames/assets/package/quest/qb_help/qb_help/qb_help_05_02.png,1808,134,190,64,190,64,190,64,0.0,0.0,False,PNG,190,64,RGBA,1,True,30E116F53E1569525F2E5FC8E6A8A51998B62BF1982BCA5ECE438FAFE78B73C3,3DA4250817F669557E08DF34B61B45F1BA36BE9BD7BDDA2A591E47ED426A4808,803F15CA6F857A7A,6949
L-FRAME-00602,logical_frame,D:\magia\MyProducts\MagiaRe\Magia_CN_Project\dist\MagiaCN-r128-downloader-fix1.apk,assets/package/quest/qb_help/qb_help.plist,assets/package/quest/qb_help/qb_help.png,qb_help_06.png,D:\magia\MyProducts\MagiaRe\Magia_CN_Project\dist\MagiaCN-r128-downloader-fix1.apk!/assets/package/quest/qb_help/qb_help.plist#frame:qb_help_06.png,assets/package/quest/qb_help/qb_help.plist#frame:qb_help_06.png,atlas-frames/assets/package/quest/qb_help/qb_help/qb_help_06.png,2,380,600,376,600,376,600,376,0.0,0.0,False,PNG,600,376,RGBA,1,True,8456291D6574BD6F8C79731516019934F194A3DF5FE812C1DA9DA11D7AFB58D0,C6B39A29C5628B6C2D61AAA161789B47357C9C907E332BEBEF32DD84F8CFCBAB,9E37A12DA13FE152,85468
L-FRAME-00603,logical_frame,D:\magia\MyProducts\MagiaRe\Magia_CN_Project\dist\MagiaCN-r128-downloader-fix1.apk,assets/package/quest/qb_help/qb_help.plist,assets/package/quest/qb_help/qb_help.png,qb_help_07.png,D:\magia\MyProducts\MagiaRe\Magia_CN_Project\dist\MagiaCN-r128-downloader-fix1.apk!/assets/package/quest/qb_help/qb_help.plist#frame:qb_help_07.png,assets/package/quest/qb_help/qb_help.plist#frame:qb_help_07.png,atlas-frames/assets/package/quest/qb_help/qb_help/qb_help_07.png,604,2,600,376,600,376,600,376,0.0,0.0,False,PNG,600,376,RGBA,1,True,05B07D0658C957E3B8EA57E22677C300E957F055439B3695ADF7840B4643294F,A1F246D0E39989A5E0FD77B83EDF68B715BAB28F353631071255F5BB3C204E8D,9F35C00E3FD2CA35,62288
L-FRAME-00604,logical_frame,D:\magia\MyProducts\MagiaRe\Magia_CN_Project\dist\MagiaCN-r128-downloader-fix1.apk,assets/package/quest/qb_help/qb_help.plist,assets/package/quest/qb_help/qb_help.png,qb_help_08.png,D:\magia\MyProducts\MagiaRe\Magia_CN_Project\dist\MagiaCN-r128-downloader-fix1.apk!/assets/package/quest/qb_help/qb_help.plist#frame:qb_help_08.png,assets/package/quest/qb_help/qb_help.plist#frame:qb_help_08.png,atlas-frames/assets/package/quest/qb_help/qb_help/qb_help_08.png,1206,2,600,376,600,376,600,376,0.0,0.0,False,PNG,600,376,RGBA,1,True,FB84FA4F0682E3479D41B728E0AC782E1B0BA620963524C1F714784F753635BC,3B500C65B8A707E14C883D5A89F6D632DD14879C51A4BA8C590208B19E1491AE,BFBC0181A04E3F3F,154379
L-FRAME-00605,logical_frame,D:\magia\MyProducts\MagiaRe\Magia_CN_Project\dist\MagiaCN-r128-downloader-fix1.apk,assets/package/quest/qb_help/qb_help.plist,assets/package/quest/qb_help/qb_help.png,qb_help_09.png,D:\magia\MyProducts\MagiaRe\Magia_CN_Project\dist\MagiaCN-r128-downloader-fix1.apk!/assets/package/quest/qb_help/qb_help.plist#frame:qb_help_09.png,assets/package/quest/qb_help/qb_help.plist#frame:qb_help_09.png,atlas-frames/assets/package/quest/qb_help/qb_help/qb_help_09.png,2,2,600,376,600,376,600,376,0.0,0.0,False,PNG,600,376,RGBA,1,True,0A7F9FC95D671CAD71B71601D010B56FFD032A45754D408D59A90D3A8224AEB7,4B2E51B1781A7B62AB89B1F1D87953CCB2862AC647AA82CD9947179EA6F7DA1B,8F1EB0A537921F0F,85741
L-FRAME-00606,logical_frame,D:\magia\MyProducts\MagiaRe\Magia_CN_Project\dist\MagiaCN-r128-downloader-fix1.apk,assets/package/quest/qb_menu_top/qb_menu_top0.plist,assets/package/quest/qb_menu_top/qb_menu_top0.png,qb_menu_top_01.png,D:\magia\MyProducts\MagiaRe\Magia_CN_Project\dist\MagiaCN-r128-downloader-fix1.apk!/assets/package/quest/qb_menu_top/qb_menu_top0.plist#frame:qb_menu_top_01.png,assets/package/quest/qb_menu_top/qb_menu_top0.plist#frame:qb_menu_top_01.png,atlas-frames/assets/package/quest/qb_menu_top/qb_menu_top0/qb_menu_top_01.png,938,2,61,77,61,77,61,77,0.0,0.0,False,PNG,61,77,RGBA,1,True,78FA614875120FC7FC944826DCB4AB1EB5ACC814E8A51BBF5FAE197CDD39B95A,E01B2AD22A5543515D8F8BAF5C292BDB50953424E8B631DB50A67C9EA80D94A4,D9C962379F9642C9,3433
L-FRAME-00607,logical_frame,D:\magia\MyProducts\MagiaRe\Magia_CN_Project\dist\MagiaCN-r128-downloader-fix1.apk,assets/package/quest/qb_menu_top/qb_menu_top0.plist,assets/package/quest/qb_menu_top/qb_menu_top0.png,qb_menu_top_02.png,D:\magia\MyProducts\MagiaRe\Magia_CN_Project\dist\MagiaCN-r128-downloader-fix1.apk!/assets/package/quest/qb_menu_top/qb_menu_top0.plist#frame:qb_menu_top_02.png,assets/package/quest/qb_menu_top/qb_menu_top0.plist#frame:qb_menu_top_02.png,atlas-frames/assets/package/quest/qb_menu_top/qb_menu_top0/qb_menu_top_02.png,236,844,54,73,54,73,54,73,0.0,0.0,False,PNG,54,73,RGBA,1,True,7FD45BF17A8F5CB60B8BD3FA51B56A7ADE63F1C2A32EE30C90CC62B353679E50,D641966FFA127724B6581942347E2CF04183A1D604B79FE0CA22F3CF465CFFEB,C0C1793E96B7374C,3146
L-FRAME-00608,logical_frame,D:\magia\MyProducts\MagiaRe\Magia_CN_Project\dist\MagiaCN-r128-downloader-fix1.apk,assets/package/quest/qb_menu_top/qb_menu_top0.plist,assets/package/quest/qb_menu_top/qb_menu_top0.png,qb_menu_top_03.png,D:\magia\MyProducts\MagiaRe\Magia_CN_Project\dist\MagiaCN-r128-downloader-fix1.apk!/assets/package/quest/qb_menu_top/qb_menu_top0.plist#frame:qb_menu_top_03.png,assets/package/quest/qb_menu_top/qb_menu_top0.plist#frame:qb_menu_top_03.png,atlas-frames/assets/package/quest/qb_menu_top/qb_menu_top0/qb_menu_top_03.png,938,157,62,73,62,73,62,73,0.0,0.0,False,PNG,62,73,RGBA,1,True,DDA66F5E6DC1223A1B37EAFAACFFAC1553A6DADC9ED05980AB0C1979C8F89221,B46F30BC76EEE49CD473DF7CB151A09285B5F94C8852F94913D77E550040889C,94943F0BC9696BDA,3001
L-FRAME-00609,logical_frame,D:\magia\MyProducts\MagiaRe\Magia_CN_Project\dist\MagiaCN-r128-downloader-fix1.apk,assets/package/quest/qb_menu_top/qb_menu_top0.plist,assets/package/quest/qb_menu_top/qb_menu_top0.png,qb_menu_top_04.png,D:\magia\MyProducts\MagiaRe\Magia_CN_Project\dist\MagiaCN-r128-downloader-fix1.apk!/assets/package/quest/qb_menu_top/qb_menu_top0.plist#frame:qb_menu_top_04.png,assets/package/quest/qb_menu_top/qb_menu_top0.plist#frame:qb_menu_top_04.png,atlas-frames/assets/package/quest/qb_menu_top/qb_menu_top0/qb_menu_top_04.png,938,81,48,74,48,74,48,74,0.0,0.0,False,PNG,48,74,RGBA,1,True,B787C2E60D3EFAD2F56A1F4CEF1AE10F1E957F6A8F302B2C4D3BD5C453CEEADF,BE7B76D61F691B8DE77CF09CF7F6324D654CFB6FFEAA3EA85EA28B394D8BCAF8,96973373666E4C49,2678
L-FRAME-00610,logical_frame,D:\magia\MyProducts\MagiaRe\Magia_CN_Project\dist\MagiaCN-r128-downloader-fix1.apk,assets/package/quest/qb_menu_top/qb_menu_top0.plist,assets/package/quest/qb_menu_top/qb_menu_top0.png,qb_menu_top_05.png,D:\magia\MyProducts\MagiaRe\Magia_CN_Project\dist\MagiaCN-r128-downloader-fix1.apk!/assets/package/quest/qb_menu_top/qb_menu_top0.plist#frame:qb_menu_top_05.png,assets/package/quest/qb_menu_top/qb_menu_top0.plist#frame:qb_menu_top_05.png,atlas-frames/assets/package/quest/qb_menu_top/qb_menu_top0/qb_menu_top_05.png,158,844,76,68,76,68,76,68,0.0,0.0,False,PNG,76,68,RGBA,1,True,CF433D236A2C88BF745CA3CD1C7D42DFDED1B8B7FC975B07AA34661FADCD96D1,1C36FB54FC6C8DBCA502C7DCEBA95FE80F0CA0908E46247626D53CE292A413C4,8FC37273872D2C78,4201
L-FRAME-00611,logical_frame,D:\magia\MyProducts\MagiaRe\Magia_CN_Project\dist\MagiaCN-r128-downloader-fix1.apk,assets/package/quest/qb_menu_top/qb_menu_top0.plist,assets/package/quest/qb_menu_top/qb_menu_top0.png,qb_menu_top_06.png,D:\magia\MyProducts\MagiaRe\Magia_CN_Project\dist\MagiaCN-r128-downloader-fix1.apk!/assets/package/quest/qb_menu_top/qb_menu_top0.plist#frame:qb_menu_top_06.png,assets/package/quest/qb_menu_top/qb_menu_top0.plist#frame:qb_menu_top_06.png,atlas-frames/assets/package/quest/qb_menu_top/qb_menu_top0/qb_menu_top_06.png,938,232,69,73,69,73,69,73,0.0,0.0,False,PNG,69,73,RGBA,1,True,E6FDD71797EE86DB4C24A3B8E2527002D1567289611001CC3C7A589FBC42A6BC,860C568B39979A0B45C002961D9E30906EF4AF562F2FA4DC225FB440DD2A20FF,CAC262373F9D6968,3997
L-FRAME-00612,logical_frame,D:\magia\MyProducts\MagiaRe\Magia_CN_Project\dist\MagiaCN-r128-downloader-fix1.apk,assets/package/quest/qb_menu_top/qb_menu_top0.plist,assets/package/quest/qb_menu_top/qb_menu_top0.png,qb_menu_top_07.png,D:\magia\MyProducts\MagiaRe\Magia_CN_Project\dist\MagiaCN-r128-downloader-fix1.apk!/assets/package/quest/qb_menu_top/qb_menu_top0.plist#frame:qb_menu_top_07.png,assets/package/quest/qb_menu_top/qb_menu_top0.plist#frame:qb_menu_top_07.png,atlas-frames/assets/package/quest/qb_menu_top/qb_menu_top0/qb_menu_top_07.png,1002,2,14,18,14,18,14,18,0.0,0.0,False,PNG,14,18,RGBA,1,True,54BCE433D1454D3AAC24E5409C9FF4BAC1B15F11CC12F5AA0BF2BF9F209BE4A9,88993E7C30DBB67D2B736187B980455FF39FEB3A85FA81EC4C4084403A1A37A0,9965659AC66D1C76,363
L-FRAME-00613,logical_frame,D:\magia\MyProducts\MagiaRe\Magia_CN_Project\dist\MagiaCN-r128-downloader-fix1.apk,assets/package/quest/qb_menu_top/qb_menu_top0.plist,assets/package/quest/qb_menu_top/qb_menu_top0.png,qb_menu_top_08.png,D:\magia\MyProducts\MagiaRe\Magia_CN_Project\dist\MagiaCN-r128-downloader-fix1.apk!/assets/package/quest/qb_menu_top/qb_menu_top0.plist#frame:qb_menu_top_08.png,assets/package/quest/qb_menu_top/qb_menu_top0.plist#frame:qb_menu_top_08.png,atlas-frames/assets/package/quest/qb_menu_top/qb_menu_top0/qb_menu_top_08.png,312,302,132,27,132,27,132,27,0.0,0.0,False,PNG,132,27,RGBA,1,True,F274FD87DB7979D6B9BF2AC37FFCCCD55DC3CDDA0DB953B2F01D4A65B1978456,EF928EB1E27E33470734D16329538FDF9C644613C01EE2D37DDA375D10F1581E,AFD0D43BC02FD03D,1438
L-FRAME-00614,logical_frame,D:\magia\MyProducts\MagiaRe\Magia_CN_Project\dist\MagiaCN-r128-downloader-fix1.apk,assets/package/quest/qb_menu_top/qb_menu_top0.plist,assets/package/quest/qb_menu_top/qb_menu_top0.png,qb_menu_top_09_01.png,D:\magia\MyProducts\MagiaRe\Magia_CN_Project\dist\MagiaCN-r128-downloader-fix1.apk!/assets/package/quest/qb_menu_top/qb_menu_top0.plist#frame:qb_menu_top_09_01.png,assets/package/quest/qb_menu_top/qb_menu_top0.plist#frame:qb_menu_top_09_01.png,atlas-frames/assets/package/quest/qb_menu_top/qb_menu_top0/qb_menu_top_09_01.png,312,227,154,73,154,73,154,73,0.0,0.0,False,PNG,154,73,RGBA,1,True,A2BC687B56B6595BD6CE039C13C3EACDE8AD434797C4003FB997531373682175,E14784FD8D68BCEFD4F31C22D8EF4659B9D57F0BBAE4EED9C879D9CD97F42832,D1D44EC779B01ECC,5537
L-FRAME-00615,logical_frame,D:\magia\MyProducts\MagiaRe\Magia_CN_Project\dist\MagiaCN-r128-downloader-fix1.apk,assets/package/quest/qb_menu_top/qb_menu_top0.plist,assets/package/quest/qb_menu_top/qb_menu_top0.png,qb_menu_top_09_02.png,D:\magia\MyProducts\MagiaRe\Magia_CN_Project\dist\MagiaCN-r128-downloader-fix1.apk!/assets/package/quest/qb_menu_top/qb_menu_top0.plist#frame:qb_menu_top_09_02.png,assets/package/quest/qb_menu_top/qb_menu_top0.plist#frame:qb_menu_top_09_02.png,atlas-frames/assets/package/quest/qb_menu_top/qb_menu_top0/qb_menu_top_09_02.png,312,152,154,73,154,73,154,73,0.0,0.0,False,PNG,154,73,RGBA,1,True,25752293C34B35E749B4A99694A1BE4413C00F46A8372AB513E013F82D4621F3,4019697F61988159729A81045DB263FEEDD2D0041C8863A9437BBA8B61BDAB94,D1944ECF79301ECE,4913
L-FRAME-00616,logical_frame,D:\magia\MyProducts\MagiaRe\Magia_CN_Project\dist\MagiaCN-r128-downloader-fix1.apk,assets/package/quest/qb_menu_top/qb_menu_top0.plist,assets/package/quest/qb_menu_top/qb_menu_top0.png,qb_menu_top_09_03.png,D:\magia\MyProducts\MagiaRe\Magia_CN_Project\dist\MagiaCN-r128-downloader-fix1.apk!/assets/package/quest/qb_menu_top/qb_menu_top0.plist#frame:qb_menu_top_09_03.png,assets/package/quest/qb_menu_top/qb_menu_top0.plist#frame:qb_menu_top_09_03.png,atlas-frames/assets/package/quest/qb_menu_top/qb_menu_top0/qb_menu_top_09_03.png,2,919,154,73,154,73,154,73,0.0,0.0,False,PNG,154,73,RGBA,1,True,C59AEBEAF44F5D95E7B658BF51CB895B05DB3ACCB734626EECC13BC8223CB465,79D0B50AD0D4DEE8D242C7944FBC2CF0D24372D2EE79A1EB3C3E45B35DB3C0C4,D1D44EC779B01ECC,5177
L-FRAME-00617,logical_frame,D:\magia\MyProducts\MagiaRe\Magia_CN_Project\dist\MagiaCN-r128-downloader-fix1.apk,assets/package/quest/qb_menu_top/qb_menu_top0.plist,assets/package/quest/qb_menu_top/qb_menu_top0.png,qb_menu_top_10_01.png,D:\magia\MyProducts\MagiaRe\Magia_CN_Project\dist\MagiaCN-r128-downloader-fix1.apk!/assets/package/quest/qb_menu_top/qb_menu_top0.plist#frame:qb_menu_top_10_01.png,assets/package/quest/qb_menu_top/qb_menu_top0.plist#frame:qb_menu_top_10_01.png,atlas-frames/assets/package/quest/qb_menu_top/qb_menu_top0/qb_menu_top_10_01.png,312,77,154,73,154,73,154,73,0.0,0.0,False,PNG,154,73,RGBA,1,True,28028E86C636AD7773E5EE97930A5F991A6BF8FCA6979C5DF614F6B4A4BEB158,731261545D5C8BBA1F453F2FC283EDE3BF656CE37F4EDC0FD077BB8B1B3BA652,DE95115FCE6F4190,7252
L-FRAME-00618,logical_frame,D:\magia\MyProducts\MagiaRe\Magia_CN_Project\dist\MagiaCN-r128-downloader-fix1.apk,assets/package/quest/qb_menu_top/qb_menu_top0.plist,assets/package/quest/qb_menu_top/qb_menu_top0.png,qb_menu_top_10_02.png,D:\magia\MyProducts\MagiaRe\Magia_CN_Project\dist\MagiaCN-r128-downloader-fix1.apk!/assets/package/quest/qb_menu_top/qb_menu_top0.plist#frame:qb_menu_top_10_02.png,assets/package/quest/qb_menu_top/qb_menu_top0.plist#frame:qb_menu_top_10_02.png,atlas-frames/assets/package/quest/qb_menu_top/qb_menu_top0/qb_menu_top_10_02.png,312,2,154,73,154,73,154,73,0.0,0.0,False,PNG,154,73,RGBA,1,True,9DC8C4C39DB6732AD54BFA3FA754B8C7AAF233C6AF88EABD8E3A8109949E96AA,279FF06A28DABC28BDEA71D78D4C586A225A190858B6AAF7412F13F982D5B3CA,DC95417F5E6D5190,6661
L-FRAME-00619,logical_frame,D:\magia\MyProducts\MagiaRe\Magia_CN_Project\dist\MagiaCN-r128-downloader-fix1.apk,assets/package/quest/qb_menu_top/qb_menu_top0.plist,assets/package/quest/qb_menu_top/qb_menu_top0.png,qb_menu_top_10_03.png,D:\magia\MyProducts\MagiaRe\Magia_CN_Project\dist\MagiaCN-r128-downloader-fix1.apk!/assets/package/quest/qb_menu_top/qb_menu_top0.plist#frame:qb_menu_top_10_03.png,assets/package/quest/qb_menu_top/qb_menu_top0.plist#frame:qb_menu_top_10_03.png,atlas-frames/assets/package/quest/qb_menu_top/qb_menu_top0/qb_menu_top_10_03.png,2,844,154,73,154,73,154,73,0.0,0.0,False,PNG,154,73,RGBA,1,True,BCA5F9B2876DD3576D3266C904DF24290C94ACD99376108BFB23698A35268A19,D9D9F7DFF19D088C1A9DCFB3CCD8D1C53AFD905ED9B08609AD07EA826D46291B,DE91117ECE6F5190,5645
L-FRAME-00620,logical_frame,D:\magia\MyProducts\MagiaRe\Magia_CN_Project\dist\MagiaCN-r128-downloader-fix1.apk,assets/package/quest/qb_menu_top/qb_menu_top0.plist,assets/package/quest/qb_menu_top/qb_menu_top0.png,qb_menu_top_11.png,D:\magia\MyProducts\MagiaRe\Magia_CN_Project\dist\MagiaCN-r128-downloader-fix1.apk!/assets/package/quest/qb_menu_top/qb_menu_top0.plist#frame:qb_menu_top_11.png,assets/package/quest/qb_menu_top/qb_menu_top0.plist#frame:qb_menu_top_11.png,atlas-frames/assets/package/quest/qb_menu_top/qb_menu_top0/qb_menu_top_11.png,938,307,69,70,69,70,69,70,0.0,0.0,False,PNG,69,70,RGBA,1,True,0B51E52DC83A7E8FC8A727CE7C818CED4661FF68D5CFC24FD150795693EDA50F,B00402CCB30A4ADC8F09A46CD09490D5691E5B39DD0A3D998A10407F6219710B,C5C054071B976FDE,5647
L-FRAME-00621,logical_frame,D:\magia\MyProducts\MagiaRe\Magia_CN_Project\dist\MagiaCN-r128-downloader-fix1.apk,assets/package/quest/qb_menu_top/qb_menu_top0.plist,assets/package/quest/qb_menu_top/qb_menu_top0.png,qb_menu_top_12.png,D:\magia\MyProducts\MagiaRe\Magia_CN_Project\dist\MagiaCN-r128-downloader-fix1.apk!/assets/package/quest/qb_menu_top/qb_menu_top0.plist#frame:qb_menu_top_12.png,assets/package/quest/qb_menu_top/qb_menu_top0.plist#frame:qb_menu_top_12.png,atlas-frames/assets/package/quest/qb_menu_top/qb_menu_top0/qb_menu_top_12.png,158,919,93,93,93,93,93,93,0.0,0.0,False,PNG,93,93,RGBA,1,True,AAD8C038821A5C4CB81C050FA53D89931E75CFE6A39B55D276276B4C42702DB0,46B65804F773D660FD2F9A2743BA5B7050C80C152215205B3C7EDA8A72DE590A,A97BD5A89AD52B82,6954
L-FRAME-00622,logical_frame,D:\magia\MyProducts\MagiaRe\Magia_CN_Project\dist\MagiaCN-r128-downloader-fix1.apk,assets/package/quest/qb_menu_top/qb_menu_top0.plist,assets/package/quest/qb_menu_top/qb_menu_top0.png,qb_menu_top_13.png,D:\magia\MyProducts\MagiaRe\Magia_CN_Project\dist\MagiaCN-r128-downloader-fix1.apk!/assets/package/quest/qb_menu_top/qb_menu_top0.plist#frame:qb_menu_top_13.png,assets/package/quest/qb_menu_top/qb_menu_top0.plist#frame:qb_menu_top_13.png,atlas-frames/assets/package/quest/qb_menu_top/qb_menu_top0/qb_menu_top_13.png,2,2,308,484,308,484,308,484,0.0,0.0,False,PNG,308,484,RGBA,1,True,6EA12A7FBEB85EE5222CD1822355464611F5450C5B5AD761716DF3A7AE1ED8D4,602412DD59735D6DBBCE5FD0499CA38AA6E32E2C7A30A7B30D4A9983E3644675,D14C483F2CBB35F2,47784
L-FRAME-00623,logical_frame,D:\magia\MyProducts\MagiaRe\Magia_CN_Project\dist\MagiaCN-r128-downloader-fix1.apk,assets/package/quest/qb_menu_top/qb_menu_top0.plist,assets/package/quest/qb_menu_top/qb_menu_top0.png,qb_menu_top_14.png,D:\magia\MyProducts\MagiaRe\Magia_CN_Project\dist\MagiaCN-r128-downloader-fix1.apk!/assets/package/quest/qb_menu_top/qb_menu_top0.plist#frame:qb_menu_top_14.png,assets/package/quest/qb_menu_top/qb_menu_top0.plist#frame:qb_menu_top_14.png,atlas-frames/assets/package/quest/qb_menu_top/qb_menu_top0/qb_menu_top_14.png,470,2,466,341,466,341,466,341,0.0,0.0,False,PNG,466,341,RGBA,1,True,E79353C46F5E86C02AF20E457BC49F9E03912D480B60181F5340C65971B4215B,5C3F6344EAE9B7874CBA8F27D798D742194E1D182013D530CCB1AD7DE7BBF6BB,87787878783F7207,28493
L-FRAME-00624,logical_frame,D:\magia\MyProducts\MagiaRe\Magia_CN_Project\dist\MagiaCN-r128-downloader-fix1.apk,assets/package/quest/qb_menu_top/qb_menu_top0.plist,assets/package/quest/qb_menu_top/qb_menu_top0.png,qb_menu_top_15.png,D:\magia\MyProducts\MagiaRe\Magia_CN_Project\dist\MagiaCN-r128-downloader-fix1.apk!/assets/package/quest/qb_menu_top/qb_menu_top0.plist#frame:qb_menu_top_15.png,assets/package/quest/qb_menu_top/qb_menu_top0.plist#frame:qb_menu_top_15.png,atlas-frames/assets/package/quest/qb_menu_top/qb_menu_top0/qb_menu_top_15.png,312,345,197,78,197,78,197,78,0.0,0.0,False,PNG,197,78,RGBA,1,True,FB34D2A6DCABA87849A58A6DE6039DEFF0288A2D9FE49F5EB6C904698D244CED,058B6660E2F20049C72F72448DDE3A2F2351B3CEA9F5B20842008C6A6B6FB4F8,CCF33C0F9337CCC0,3232
L-FRAME-00625,logical_frame,D:\magia\MyProducts\MagiaRe\Magia_CN_Project\dist\MagiaCN-r128-downloader-fix1.apk,assets/package/quest/qb_menu_top/qb_menu_top0.plist,assets/package/quest/qb_menu_top/qb_menu_top0.png,qb_menu_top_16.png,D:\magia\MyProducts\MagiaRe\Magia_CN_Project\dist\MagiaCN-r128-downloader-fix1.apk!/assets/package/quest/qb_menu_top/qb_menu_top0.plist#frame:qb_menu_top_16.png,assets/package/quest/qb_menu_top/qb_menu_top0.plist#frame:qb_menu_top_16.png,atlas-frames/assets/package/quest/qb_menu_top/qb_menu_top0/qb_menu_top_16.png,253,919,69,70,69,70,69,70,0.0,0.0,False,PNG,69,70,RGBA,1,True,D581C4F98197FA81BE82F636DA3B63A8BE5AAE3FB2D4261A31CE689561D5FE2F,E832411552F562B51C6D4CA28DDE066BE2A902A5DA5AE460A6A16D6FA28D7FFE,C4CA55851B1F7F92,6282
L-FRAME-00626,logical_frame,D:\magia\MyProducts\MagiaRe\Magia_CN_Project\dist\MagiaCN-r128-downloader-fix1.apk,assets/package/quest/qb_menu_top/qb_menu_top0.plist,assets/package/quest/qb_menu_top/qb_menu_top0.png,qb_menu_top_17.png,D:\magia\MyProducts\MagiaRe\Magia_CN_Project\dist\MagiaCN-r128-downloader-fix1.apk!/assets/package/quest/qb_menu_top/qb_menu_top0.plist#frame:qb_menu_top_17.png,assets/package/quest/qb_menu_top/qb_menu_top0.plist#frame:qb_menu_top_17.png,atlas-frames/assets/package/quest/qb_menu_top/qb_menu_top0/qb_menu_top_17.png,2,488,466,354,466,354,466,354,0.0,0.0,False,PNG,466,354,RGBA,1,True,3B50CFB8CE822AA1C64C585517BC2DB255E3387E5495C2D153774D135EFF67F5,8BEF90C0EAEDC9047EBB566342D6F349467323F507B72B62AD730FDE355BB462,B96F6C3A3B445691,19941
L-FRAME-00627,logical_frame,D:\magia\MyProducts\MagiaRe\Magia_CN_Project\dist\MagiaCN-r128-downloader-fix1.apk,assets/package/quest/qb_number/qb_number0.plist,assets/package/quest/qb_number/qb_number0.png,da_b_nm00.png,D:\magia\MyProducts\MagiaRe\Magia_CN_Project\dist\MagiaCN-r128-downloader-fix1.apk!/assets/package/quest/qb_number/qb_number0.plist#frame:da_b_nm00.png,assets/package/quest/qb_number/qb_number0.plist#frame:da_b_nm00.png,atlas-frames/assets/package/quest/qb_number/qb_number0/da_b_nm00.png,0,0,33,52,33,52,33,52,0.0,0.0,False,PNG,33,52,RGBA,1,True,5C25F0FBF2E6C37C6E4B02FD1DB494EAC160CE7FF5844E126310D9CE6A702D25,5E476EADF68A3EC973E0747615D0E612C50B00DBDBD54DB9CE60A022592D4480,8792FA6885979E78,2198
L-FRAME-00628,logical_frame,D:\magia\MyProducts\MagiaRe\Magia_CN_Project\dist\MagiaCN-r128-downloader-fix1.apk,assets/package/quest/qb_number/qb_number0.plist,assets/package/quest/qb_number/qb_number0.png,da_b_nm01.png,D:\magia\MyProducts\MagiaRe\Magia_CN_Project\dist\MagiaCN-r128-downloader-fix1.apk!/assets/package/quest/qb_number/qb_number0.plist#frame:da_b_nm01.png,assets/package/quest/qb_number/qb_number0.plist#frame:da_b_nm01.png,atlas-frames/assets/package/quest/qb_number/qb_number0/da_b_nm01.png,35,0,33,52,33,52,33,52,0.0,0.0,False,PNG,33,52,RGBA,1,True,1ACC5316FD097A052BB8DAD89CC91381DCC0585C6A0D8640E8835E1CA8C5E03E,4F7A056A03EF9EF4F2C1ED2A3FA7549567079486FA50576FD07670AA2C7472F0,99A5E672D11F8E25,1290
L-FRAME-00629,logical_frame,D:\magia\MyProducts\MagiaRe\Magia_CN_Project\dist\MagiaCN-r128-downloader-fix1.apk,assets/package/quest/qb_number/qb_number0.plist,assets/package/quest/qb_number/qb_number0.png,da_b_nm02.png,D:\magia\MyProducts\MagiaRe\Magia_CN_Project\dist\MagiaCN-r128-downloader-fix1.apk!/assets/package/quest/qb_number/qb_number0.plist#frame:da_b_nm02.png,assets/package/quest/qb_number/qb_number0.plist#frame:da_b_nm02.png,atlas-frames/assets/package/quest/qb_number/qb_number0/da_b_nm02.png,70,0,33,52,33,52,33,52,0.0,0.0,False,PNG,33,52,RGBA,1,True,A62A479F83473639E770CEFBD4A83750DAA824435DA9876E24834A4B9B9B0EDE,6FE9B3C34C7EBDD050D720EA39D64714563DC15FE66A79AF7131A18C1915DAD6,9BABE444D2138F6D,1946
L-FRAME-00630,logical_frame,D:\magia\MyProducts\MagiaRe\Magia_CN_Project\dist\MagiaCN-r128-downloader-fix1.apk,assets/package/quest/qb_number/qb_number0.plist,assets/package/quest/qb_number/qb_number0.png,da_b_nm03.png,D:\magia\MyProducts\MagiaRe\Magia_CN_Project\dist\MagiaCN-r128-downloader-fix1.apk!/assets/package/quest/qb_number/qb_number0.plist#frame:da_b_nm03.png,assets/package/quest/qb_number/qb_number0.plist#frame:da_b_nm03.png,atlas-frames/assets/package/quest/qb_number/qb_number0/da_b_nm03.png,0,54,33,52,33,52,33,52,0.0,0.0,False,PNG,33,52,RGBA,1,True,BB6313532E108D2BF43431AA4DBEB257837DB03477A73231CFFDFFBD0A3D2C2A,5FE431CEC8082AA8DA988D280AF8EFF0F56120E56E2E6E8BA0A0C1A3655C6267,9AC96DF49A9385C9,2770
L-FRAME-00631,logical_frame,D:\magia\MyProducts\MagiaRe\Magia_CN_Project\dist\MagiaCN-r128-downloader-fix1.apk,assets/package/quest/qb_number/qb_number0.plist,assets/package/quest/qb_number/qb_number0.png,da_b_nm04.png,D:\magia\MyProducts\MagiaRe\Magia_CN_Project\dist\MagiaCN-r128-downloader-fix1.apk!/assets/package/quest/qb_number/qb_number0.plist#frame:da_b_nm04.png,assets/package/quest/qb_number/qb_number0.plist#frame:da_b_nm04.png,atlas-frames/assets/package/quest/qb_number/qb_number0/da_b_nm04.png,35,54,33,52,33,52,33,52,0.0,0.0,False,PNG,33,52,RGBA,1,True,37D5877371C2BA9D9E33C1BECB1782CB93DAA1314D6BEB2F863C08F8FCED97EE,37CAC3ECD76CC4B536807D894F932FF8F9427D0612CC470FEF0F364E21A4ADF6,D3BC6D858E9AC163,2084
L-FRAME-00632,logical_frame,D:\magia\MyProducts\MagiaRe\Magia_CN_Project\dist\MagiaCN-r128-downloader-fix1.apk,assets/package/quest/qb_number/qb_number0.plist,assets/package/quest/qb_number/qb_number0.png,da_b_nm05.png,D:\magia\MyProducts\MagiaRe\Magia_CN_Project\dist\MagiaCN-r128-downloader-fix1.apk!/assets/package/quest/qb_number/qb_number0.plist#frame:da_b_nm05.png,assets/package/quest/qb_number/qb_number0.plist#frame:da_b_nm05.png,atlas-frames/assets/package/quest/qb_number/qb_number0/da_b_nm05.png,70,54,33,52,33,52,33,52,0.0,0.0,False,PNG,33,52,RGBA,1,True,03C1DD09867384C79A1A8AF564D04A412FE051A40EE9D2E0AADE200EF2BC9F86,EE2B1F5A63F40882AECA9C6102B6975A16407E9076EFA3BFEFAFDAB26D496B0B,CBCD3CB08DC3969A,2399
L-FRAME-00633,logical_frame,D:\magia\MyProducts\MagiaRe\Magia_CN_Project\dist\MagiaCN-r128-downloader-fix1.apk,assets/package/quest/qb_number/qb_number0.plist,assets/package/quest/qb_number/qb_number0.png,da_b_nm06.png,D:\magia\MyProducts\MagiaRe\Magia_CN_Project\dist\MagiaCN-r128-downloader-fix1.apk!/assets/package/quest/qb_number/qb_number0.plist#frame:da_b_nm06.png,assets/package/quest/qb_number/qb_number0.plist#frame:da_b_nm06.png,atlas-frames/assets/package/quest/qb_number/qb_number0/da_b_nm06.png,105,0,33,52,33,52,33,52,0.0,0.0,False,PNG,33,52,RGBA,1,True,7BA7724151B5E69E843563008281143459040695B4E23CF3A0A0BA404F7A5D26,041AF1987AD9A52AC95F1652C53ADAD50C77B6B287007A3D37FD5546C488A467,C74E7A38B172C267,2842
L-FRAME-00634,logical_frame,D:\magia\MyProducts\MagiaRe\Magia_CN_Project\dist\MagiaCN-r128-downloader-fix1.apk,assets/package/quest/qb_number/qb_number0.plist,assets/package/quest/qb_number/qb_number0.png,da_b_nm07.png,D:\magia\MyProducts\MagiaRe\Magia_CN_Project\dist\MagiaCN-r128-downloader-fix1.apk!/assets/package/quest/qb_number/qb_number0.plist#frame:da_b_nm07.png,assets/package/quest/qb_number/qb_number0.plist#frame:da_b_nm07.png,atlas-frames/assets/package/quest/qb_number/qb_number0/da_b_nm07.png,140,0,33,52,33,52,33,52,0.0,0.0,False,PNG,33,52,RGBA,1,True,4782EBF3F1D0DA17D743AED1365DAAF9FAAE46AD46F15B5C42605A2F6713B1FF,58650FEABA1A36A5B9ECD8051A261B72D20D03D3445B1D47B2332EE7A5E40C1E,B6C3ACE93284D1CF,2105
L-FRAME-00635,logical_frame,D:\magia\MyProducts\MagiaRe\Magia_CN_Project\dist\MagiaCN-r128-downloader-fix1.apk,assets/package/quest/qb_number/qb_number0.plist,assets/package/quest/qb_number/qb_number0.png,da_b_nm08.png,D:\magia\MyProducts\MagiaRe\Magia_CN_Project\dist\MagiaCN-r128-downloader-fix1.apk!/assets/package/quest/qb_number/qb_number0.plist#frame:da_b_nm08.png,assets/package/quest/qb_number/qb_number0.plist#frame:da_b_nm08.png,atlas-frames/assets/package/quest/qb_number/qb_number0/da_b_nm08.png,105,54,33,52,33,52,33,52,0.0,0.0,False,PNG,33,52,RGBA,1,True,2A742A0AAF18D86C4FC02CD8AD8076417D450A71C2A0B9A108FF61AD859B592A,7DA551946B7AFC7324F45FF12873A80A9999A7F71D4519A9AD4CB6EE75F81355,97967A69395A5A61,3109
L-FRAME-00636,logical_frame,D:\magia\MyProducts\MagiaRe\Magia_CN_Project\dist\MagiaCN-r128-downloader-fix1.apk,assets/package/quest/qb_number/qb_number0.plist,assets/package/quest/qb_number/qb_number0.png,da_b_nm09.png,D:\magia\MyProducts\MagiaRe\Magia_CN_Project\dist\MagiaCN-r128-downloader-fix1.apk!/assets/package/quest/qb_number/qb_number0.plist#frame:da_b_nm09.png,assets/package/quest/qb_number/qb_number0.plist#frame:da_b_nm09.png,atlas-frames/assets/package/quest/qb_number/qb_number0/da_b_nm09.png,175,0,33,52,33,52,33,52,0.0,0.0,False,PNG,33,52,RGBA,1,True,944BFC93DEFDE20561DF3B678647DDA8F637150C843B0AA36EE467D16C0A9070,2E4980D26ECB709DD0387FCBDDA4BBEA4BAA416EEFB1BDFD8A870A63A211B6C7,97E02AD4A5D29F4D,2900
L-FRAME-00637,logical_frame,D:\magia\MyProducts\MagiaRe\Magia_CN_Project\dist\MagiaCN-r128-downloader-fix1.apk,assets/package/quest/qb_number/qb_number0.plist,assets/package/quest/qb_number/qb_number0.png,da_mp_nm00.png,D:\magia\MyProducts\MagiaRe\Magia_CN_Project\dist\MagiaCN-r128-downloader-fix1.apk!/assets/package/quest/qb_number/qb_number0.plist#frame:da_mp_nm00.png,assets/package/quest/qb_number/qb_number0.plist#frame:da_mp_nm00.png,atlas-frames/assets/package/quest/qb_number/qb_number0/da_mp_nm00.png,140,54,33,52,33,52,33,52,0.0,0.0,False,PNG,33,52,RGBA,1,True,BC31B3F24537E40577AF3280E24CD6A3505F21F6E11F6F4252F159BD3A88BC17,BCF3F8B76B43B098F944D03151A4CB7C5E5A5567F324FB63733DE04904B0E79A,F796A82985971E78,2258
L-FRAME-00638,logical_frame,D:\magia\MyProducts\MagiaRe\Magia_CN_Project\dist\MagiaCN-r128-downloader-fix1.apk,assets/package/quest/qb_number/qb_number0.plist,assets/package/quest/qb_number/qb_number0.png,da_mp_nm01.png,D:\magia\MyProducts\MagiaRe\Magia_CN_Project\dist\MagiaCN-r128-downloader-fix1.apk!/assets/package/quest/qb_number/qb_number0.plist#frame:da_mp_nm01.png,assets/package/quest/qb_number/qb_number0.plist#frame:da_mp_nm01.png,atlas-frames/assets/package/quest/qb_number/qb_number0/da_mp_nm01.png,210,0,33,52,33,52,33,52,0.0,0.0,False,PNG,33,52,RGBA,1,True,2C38767CE6554E8C88FEAC5744676BC53B46724681F1F8DE7CAFCD9D0A13A90D,5C25D058E81AE7E3013FF5D19DBB2E703531F641FE31C70B5818E3B0ABEC43EE,BD95C672D11D1E25,1351
L-FRAME-00639,logical_frame,D:\magia\MyProducts\MagiaRe\Magia_CN_Project\dist\MagiaCN-r128-downloader-fix1.apk,assets/package/quest/qb_number/qb_number0.plist,assets/package/quest/qb_number/qb_number0.png,da_mp_nm02.png,D:\magia\MyProducts\MagiaRe\Magia_CN_Project\dist\MagiaCN-r128-downloader-fix1.apk!/assets/package/quest/qb_number/qb_number0.plist#frame:da_mp_nm02.png,assets/package/quest/qb_number/qb_number0.plist#frame:da_mp_nm02.png,atlas-frames/assets/package/quest/qb_number/qb_number0/da_mp_nm02.png,175,54,33,52,33,52,33,52,0.0,0.0,False,PNG,33,52,RGBA,1,True,0470B791C0DA89B4EEDB1C313F7EABE0817DC5FC1CB625F572B02F210D31F109,A4513228CBBEBA371C3EA21A64763AA231DB521220002D7C2A8DCB1C2C87F544,BBA3A444D21B8F6D,2013
L-FRAME-00640,logical_frame,D:\magia\MyProducts\MagiaRe\Magia_CN_Project\dist\MagiaCN-r128-downloader-fix1.apk,assets/package/quest/qb_number/qb_number0.plist,assets/package/quest/qb_number/qb_number0.png,da_mp_nm03.png,D:\magia\MyProducts\MagiaRe\Magia_CN_Project\dist\MagiaCN-r128-downloader-fix1.apk!/assets/package/quest/qb_number/qb_number0.plist#frame:da_mp_nm03.png,assets/package/quest/qb_number/qb_number0.plist#frame:da_mp_nm03.png,atlas-frames/assets/package/quest/qb_number/qb_number0/da_mp_nm03.png,210,54,33,52,33,52,33,52,0.0,0.0,False,PNG,33,52,RGBA,1,True,8C6868578CE35383480445258A8E481C3167CFF6FCF616EC068265565714F678,8B206F930A702417553F90BCC88723FA2761C69754CC9292687D5DD3373560A5,FA91A5F49AD28D49,2874
L-FRAME-00641,logical_frame,D:\magia\MyProducts\MagiaRe\Magia_CN_Project\dist\MagiaCN-r128-downloader-fix1.apk,assets/package/quest/qb_number/qb_number0.plist,assets/package/quest/qb_number/qb_number0.png,da_mp_nm04.png,D:\magia\MyProducts\MagiaRe\Magia_CN_Project\dist\MagiaCN-r128-downloader-fix1.apk!/assets/package/quest/qb_number/qb_number0.plist#frame:da_mp_nm04.png,assets/package/quest/qb_number/qb_number0.plist#frame:da_mp_nm04.png,atlas-frames/assets/package/quest/qb_number/qb_number0/da_mp_nm04.png,0,108,33,52,33,52,33,52,0.0,0.0,False,PNG,33,52,RGBA,1,True,5CD9C06D4FB54CF546363A25E5466B62122498FB528F7412BF7A1CED2CDBD953,52FC7EB759B0D2696FAAF125510B614792B83E81003253156FFA4CCA44312A0F,EB98E515BA9A5163,2179
L-FRAME-00642,logical_frame,D:\magia\MyProducts\MagiaRe\Magia_CN_Project\dist\MagiaCN-r128-downloader-fix1.apk,assets/package/quest/qb_number/qb_number0.plist,assets/package/quest/qb_number/qb_number0.png,da_mp_nm05.png,D:\magia\MyProducts\MagiaRe\Magia_CN_Project\dist\MagiaCN-r128-downloader-fix1.apk!/assets/package/quest/qb_number/qb_number0.plist#frame:da_mp_nm05.png,assets/package/quest/qb_number/qb_number0.plist#frame:da_mp_nm05.png,atlas-frames/assets/package/quest/qb_number/qb_number0/da_mp_nm05.png,35,108,33,52,33,52,33,52,0.0,0.0,False,PNG,33,52,RGBA,1,True,2C5288510A64355077C1A96AC7EBEDCA300FED8528D17D474A19F0EBED413BBD,3C1C0C1AEC2BBD99D5D1D3F56C0F19A8D2FA928182E9A267D9453E6F3979262E,EFD9B4D085C3961A,2494
L-FRAME-00643,logical_frame,D:\magia\MyProducts\MagiaRe\Magia_CN_Project\dist\MagiaCN-r128-downloader-fix1.apk,assets/package/quest/qb_number/qb_number0.plist,assets/package/quest/qb_number/qb_number0.png,da_mp_nm06.png,D:\magia\MyProducts\MagiaRe\Magia_CN_Project\dist\MagiaCN-r128-downloader-fix1.apk!/assets/package/quest/qb_number/qb_number0.plist#frame:da_mp_nm06.png,assets/package/quest/qb_number/qb_number0.plist#frame:da_mp_nm06.png,atlas-frames/assets/package/quest/qb_number/qb_number0/da_mp_nm06.png,0,162,33,52,33,52,33,52,0.0,0.0,False,PNG,33,52,RGBA,1,True,69B3793F5C3A9F9A7A51BEB69215E8BEED3A4F1BB87332367B5128222DBCFC49,1EF626BCC0597B4A8E2C8176B3D3954FF15A10584DC6204D69C99FB7E2F8EEF9,C74EF87851F24267,2955
L-FRAME-00644,logical_frame,D:\magia\MyProducts\MagiaRe\Magia_CN_Project\dist\MagiaCN-r128-downloader-fix1.apk,assets/package/quest/qb_number/qb_number0.plist,assets/package/quest/qb_number/qb_number0.png,da_mp_nm07.png,D:\magia\MyProducts\MagiaRe\Magia_CN_Project\dist\MagiaCN-r128-downloader-fix1.apk!/assets/package/quest/qb_number/qb_number0.plist#frame:da_mp_nm07.png,assets/package/quest/qb_number/qb_number0.plist#frame:da_mp_nm07.png,atlas-frames/assets/package/quest/qb_number/qb_number0/da_mp_nm07.png,70,108,33,52,33,52,33,52,0.0,0.0,False,PNG,33,52,RGBA,1,True,ECD9FD90184B43B0FA48640B9997824A2F79E8146C87A905657EC996E3269534,919447CD852DB813E2E6D96CAFE7A6DC3AE085D4BE004F6D24AC5CD19896FCF5,B6C7BCE99284C14F,2162
L-FRAME-00645,logical_frame,D:\magia\MyProducts\MagiaRe\Magia_CN_Project\dist\MagiaCN-r128-downloader-fix1.apk,assets/package/quest/qb_number/qb_number0.plist,assets/package/quest/qb_number/qb_number0.png,da_mp_nm08.png,D:\magia\MyProducts\MagiaRe\Magia_CN_Project\dist\MagiaCN-r128-downloader-fix1.apk!/assets/package/quest/qb_number/qb_number0.plist#frame:da_mp_nm08.png,assets/package/quest/qb_number/qb_number0.plist#frame:da_mp_nm08.png,atlas-frames/assets/package/quest/qb_number/qb_number0/da_mp_nm08.png,35,162,33,52,33,52,33,52,0.0,0.0,False,PNG,33,52,RGBA,1,True,79E5E962625A177B87E4E9823FE2316C6BDF3DE0554149ACE2E949D09D8C73E6,B818160B6E2B69429074565AEC60834FB9C2B16F7597053AAEA491187A4FB33B,D756E869B9585A61,3231
L-FRAME-00646,logical_frame,D:\magia\MyProducts\MagiaRe\Magia_CN_Project\dist\MagiaCN-r128-downloader-fix1.apk,assets/package/quest/qb_number/qb_number0.plist,assets/package/quest/qb_number/qb_number0.png,da_mp_nm09.png,D:\magia\MyProducts\MagiaRe\Magia_CN_Project\dist\MagiaCN-r128-downloader-fix1.apk!/assets/package/quest/qb_number/qb_number0.plist#frame:da_mp_nm09.png,assets/package/quest/qb_number/qb_number0.plist#frame:da_mp_nm09.png,atlas-frames/assets/package/quest/qb_number/qb_number0/da_mp_nm09.png,105,108,33,52,33,52,33,52,0.0,0.0,False,PNG,33,52,RGBA,1,True,1B52E28AB400CBCDB7BBE7AD9AB6295E7F1468699781ACDA26FED62E5422DE10,22E8D6AC00E710478746CBBDCE2522DC580921B1E5A463CF9DE7818C87CD0306,B7C0AAD185C21F6F,3008
L-FRAME-00647,logical_frame,D:\magia\MyProducts\MagiaRe\Magia_CN_Project\dist\MagiaCN-r128-downloader-fix1.apk,assets/package/quest/qb_number/qb_number0.plist,assets/package/quest/qb_number/qb_number0.png,da_nm00.png,D:\magia\MyProducts\MagiaRe\Magia_CN_Project\dist\MagiaCN-r128-downloader-fix1.apk!/assets/package/quest/qb_number/qb_number0.plist#frame:da_nm00.png,assets/package/quest/qb_number/qb_number0.plist#frame:da_nm00.png,atlas-frames/assets/package/quest/qb_number/qb_number0/da_nm00.png,70,162,33,52,33,52,33,52,0.0,0.0,False,PNG,33,52,RGBA,1,True,CF61741F5A3AC084DA0AD5A144BEE7DBC310F34A39EBDA46AE449BB3D2C44498,491FF227842284749A36A55AA2AE30F5F47238C546E4112F9FBE78480943FC0B,8792FA6885979E78,2422
L-FRAME-00648,logical_frame,D:\magia\MyProducts\MagiaRe\Magia_CN_Project\dist\MagiaCN-r128-downloader-fix1.apk,assets/package/quest/qb_number/qb_number0.plist,assets/package/quest/qb_number/qb_number0.png,da_nm01.png,D:\magia\MyProducts\MagiaRe\Magia_CN_Project\dist\MagiaCN-r128-downloader-fix1.apk!/assets/package/quest/qb_number/qb_number0.plist#frame:da_nm01.png,assets/package/quest/qb_number/qb_number0.plist#frame:da_nm01.png,atlas-frames/assets/package/quest/qb_number/qb_number0/da_nm01.png,140,108,33,52,33,52,33,52,0.0,0.0,False,PNG,33,52,RGBA,1,True,97F64EE57119295936201557F2701706A50CBE1A6C95BE56AE2618FBFFB5DFBF,4B6ACAF88A54E1E700513B67514C84E4805572CBFA2FF3074A9ED4A2AF239629,99A5E672D11F8E25,1426
L-FRAME-00649,logical_frame,D:\magia\MyProducts\MagiaRe\Magia_CN_Project\dist\MagiaCN-r128-downloader-fix1.apk,assets/package/quest/qb_number/qb_number0.plist,assets/package/quest/qb_number/qb_number0.png,da_nm02.png,D:\magia\MyProducts\MagiaRe\Magia_CN_Project\dist\MagiaCN-r128-downloader-fix1.apk!/assets/package/quest/qb_number/qb_number0.plist#frame:da_nm02.png,assets/package/quest/qb_number/qb_number0.plist#frame:da_nm02.png,atlas-frames/assets/package/quest/qb_number/qb_number0/da_nm02.png,105,162,33,52,33,52,33,52,0.0,0.0,False,PNG,33,52,RGBA,1,True,7000BE6AB94AE24249995D1B6BC3B5BBCBA67150A6A662FA07560010BAAD5860,3BBAE79CA39004FF31DACB259A607CEE2ED9C1322A19BA88FEDFE75DC825A65D,9BABE444D2138F6D,2170
L-FRAME-00650,logical_frame,D:\magia\MyProducts\MagiaRe\Magia_CN_Project\dist\MagiaCN-r128-downloader-fix1.apk,assets/package/quest/qb_number/qb_number0.plist,assets/package/quest/qb_number/qb_number0.png,da_nm03.png,D:\magia\MyProducts\MagiaRe\Magia_CN_Project\dist\MagiaCN-r128-downloader-fix1.apk!/assets/package/quest/qb_number/qb_number0.plist#frame:da_nm03.png,assets/package/quest/qb_number/qb_number0.plist#frame:da_nm03.png,atlas-frames/assets/package/quest/qb_number/qb_number0/da_nm03.png,175,108,33,52,33,52,33,52,0.0,0.0,False,PNG,33,52,RGBA,1,True,725C67A07455065993C6934BC4C3D5A570DA27AB8B508EFC826EDEE72A845BC6,CE011DE74FEF529D0D08DAEE4D10A222D153C8B001879E4F8CB2853AB0E1571D,9AC96DF49A9385C9,3039
L-FRAME-00651,logical_frame,D:\magia\MyProducts\MagiaRe\Magia_CN_Project\dist\MagiaCN-r128-downloader-fix1.apk,assets/package/quest/qb_number/qb_number0.plist,assets/package/quest/qb_number/qb_number0.png,da_nm04.png,D:\magia\MyProducts\MagiaRe\Magia_CN_Project\dist\MagiaCN-r128-downloader-fix1.apk!/assets/package/quest/qb_number/qb_number0.plist#frame:da_nm04.png,assets/package/quest/qb_number/qb_number0.plist#frame:da_nm04.png,atlas-frames/assets/package/quest/qb_number/qb_number0/da_nm04.png,140,162,33,52,33,52,33,52,0.0,0.0,False,PNG,33,52,RGBA,1,True,D9D567EB0C21F167B85105E6AE92C6ADBC84DCF44F076198A5A30304A1EAF234,8A6F5D924C020D6DD95574DDC3416238E3AB7DAFA629453957B336ACA2F193EA,D3BC6D858E9AC163,2287
L-FRAME-00652,logical_frame,D:\magia\MyProducts\MagiaRe\Magia_CN_Project\dist\MagiaCN-r128-downloader-fix1.apk,assets/package/quest/qb_number/qb_number0.plist,assets/package/quest/qb_number/qb_number0.png,da_nm05.png,D:\magia\MyProducts\MagiaRe\Magia_CN_Project\dist\MagiaCN-r128-downloader-fix1.apk!/assets/package/quest/qb_number/qb_number0.plist#frame:da_nm05.png,assets/package/quest/qb_number/qb_number0.plist#frame:da_nm05.png,atlas-frames/assets/package/quest/qb_number/qb_number0/da_nm05.png,210,108,33,52,33,52,33,52,0.0,0.0,False,PNG,33,52,RGBA,1,True,68F7C3C0160547C67E6AE856D8143DC084D36A89FC241706475245C1007AB656,C4F887215655E387E3D6CC1AE1E539D241E76A8D50225B76F43A64279D417AAC,CBCD3CB08DC3969A,2597
L-FRAME-00653,logical_frame,D:\magia\MyProducts\MagiaRe\Magia_CN_Project\dist\MagiaCN-r128-downloader-fix1.apk,assets/package/quest/qb_number/qb_number0.plist,assets/package/quest/qb_number/qb_number0.png,da_nm06.png,D:\magia\MyProducts\MagiaRe\Magia_CN_Project\dist\MagiaCN-r128-downloader-fix1.apk!/assets/package/quest/qb_number/qb_number0.plist#frame:da_nm06.png,assets/package/quest/qb_number/qb_number0.plist#frame:da_nm06.png,atlas-frames/assets/package/quest/qb_number/qb_number0/da_nm06.png,175,162,33,52,33,52,33,52,0.0,0.0,False,PNG,33,52,RGBA,1,True,66C10DE9F1DFE3BB64A9E353DE7779C6526877072A84E0C271FE2A4D63CE0FC9,581FC97F21A5E9ABE2F0AA4113F7E8A6368858DAE6E09BF6D5CCFC0FE634AAFA,C74E7A38B172C267,3218
L-FRAME-00654,logical_frame,D:\magia\MyProducts\MagiaRe\Magia_CN_Project\dist\MagiaCN-r128-downloader-fix1.apk,assets/package/quest/qb_number/qb_number0.plist,assets/package/quest/qb_number/qb_number0.png,da_nm07.png,D:\magia\MyProducts\MagiaRe\Magia_CN_Project\dist\MagiaCN-r128-downloader-fix1.apk!/assets/package/quest/qb_number/qb_number0.plist#frame:da_nm07.png,assets/package/quest/qb_number/qb_number0.plist#frame:da_nm07.png,atlas-frames/assets/package/quest/qb_number/qb_number0/da_nm07.png,210,162,33,52,33,52,33,52,0.0,0.0,False,PNG,33,52,RGBA,1,True,F9955406AC062BCF3C730B93D5C961534210D1F7201BA978806E0BA9B09EF132,8F78507BD7A2678D17BBDC10ABF82FB5AA1657728DD3C8F1A74E0950068124F3,B6C3ACE93284D1CF,2320
L-FRAME-00655,logical_frame,D:\magia\MyProducts\MagiaRe\Magia_CN_Project\dist\MagiaCN-r128-downloader-fix1.apk,assets/package/quest/qb_number/qb_number0.plist,assets/package/quest/qb_number/qb_number0.png,da_nm08.png,D:\magia\MyProducts\MagiaRe\Magia_CN_Project\dist\MagiaCN-r128-downloader-fix1.apk!/assets/package/quest/qb_number/qb_number0.plist#frame:da_nm08.png,assets/package/quest/qb_number/qb_number0.plist#frame:da_nm08.png,atlas-frames/assets/package/quest/qb_number/qb_number0/da_nm08.png,245,0,33,52,33,52,33,52,0.0,0.0,False,PNG,33,52,RGBA,1,True,CDD9DF8F6530495797F5270D1BFA8F8EDEC9D76EFD538C2E780FE4CCDA30BBFE,C6EA8CE2B43E99CDF1FC0407B03C632034DDF3CF0F8AD99BBC29FC8F037DEAF3,97967A69395A5A61,3463
L-FRAME-00656,logical_frame,D:\magia\MyProducts\MagiaRe\Magia_CN_Project\dist\MagiaCN-r128-downloader-fix1.apk,assets/package/quest/qb_number/qb_number0.plist,assets/package/quest/qb_number/qb_number0.png,da_nm09.png,D:\magia\MyProducts\MagiaRe\Magia_CN_Project\dist\MagiaCN-r128-downloader-fix1.apk!/assets/package/quest/qb_number/qb_number0.plist#frame:da_nm09.png,assets/package/quest/qb_number/qb_number0.plist#frame:da_nm09.png,atlas-frames/assets/package/quest/qb_number/qb_number0/da_nm09.png,280,0,33,52,33,52,33,52,0.0,0.0,False,PNG,33,52,RGBA,1,True,E511DF0A333BA894BD09F0839CFF563CEE60630F555B271970FF17E833C50DE6,D9D03F7CF15FF2A1691F50747219FA05A4281E8155427E2772FE3691F1ECAC77,97C02AD5A5D29F4D,3258
L-FRAME-00657,logical_frame,D:\magia\MyProducts\MagiaRe\Magia_CN_Project\dist\MagiaCN-r128-downloader-fix1.apk,assets/package/quest/qb_number/qb_number0.plist,assets/package/quest/qb_number/qb_number0.png,ef_blue_03.png,D:\magia\MyProducts\MagiaRe\Magia_CN_Project\dist\MagiaCN-r128-downloader-fix1.apk!/assets/package/quest/qb_number/qb_number0.plist#frame:ef_blue_03.png,assets/package/quest/qb_number/qb_number0.plist#frame:ef_blue_03.png,atlas-frames/assets/package/quest/qb_number/qb_number0/ef_blue_03.png,0,216,294,136,294,136,294,136,0.0,0.0,False,PNG,294,136,RGBA,1,True,AF3255715E1BD5943FD06F3299E6D9D84DF22ADFDFA5635F8A6F8E718ECDA7E4,3C99A392C04112FB8358AEDDDC7366A0EC8B0C4282FB6CCE3028B03F39187A92,D4D52B2BD5D50A4B,51176
L-FRAME-00658,logical_frame,D:\magia\MyProducts\MagiaRe\Magia_CN_Project\dist\MagiaCN-r128-downloader-fix1.apk,assets/package/quest/qb_number/qb_number0.plist,assets/package/quest/qb_number/qb_number0.png,ef_red_03.png,D:\magia\MyProducts\MagiaRe\Magia_CN_Project\dist\MagiaCN-r128-downloader-fix1.apk!/assets/package/quest/qb_number/qb_number0.plist#frame:ef_red_03.png,assets/package/quest/qb_number/qb_number0.plist#frame:ef_red_03.png,atlas-frames/assets/package/quest/qb_number/qb_number0/ef_red_03.png,0,354,294,136,294,136,294,136,0.0,0.0,False,PNG,294,136,RGBA,1,True,9EA1823252724BF4CABB4664464391580D851EF1FDA34AADC9BD5CE31632E65E,2AAAAACFDE2C102B598C94EA795B412A21CF6997053437F51A1DD29C2F2597EE,D0D12F3ED4D50B4B,51388
L-FRAME-00659,logical_frame,D:\magia\MyProducts\MagiaRe\Magia_CN_Project\dist\MagiaCN-r128-downloader-fix1.apk,assets/package/quest/qb_number/qb_number0.plist,assets/package/quest/qb_number/qb_number0.png,kai_nm00.png,D:\magia\MyProducts\MagiaRe\Magia_CN_Project\dist\MagiaCN-r128-downloader-fix1.apk!/assets/package/quest/qb_number/qb_number0.plist#frame:kai_nm00.png,assets/package/quest/qb_number/qb_number0.plist#frame:kai_nm00.png,atlas-frames/assets/package/quest/qb_number/qb_number0/kai_nm00.png,245,54,33,52,33,52,33,52,0.0,0.0,False,PNG,33,52,RGBA,1,True,FDDBDBECFD9592416F0C9A2B0272E674CCE13E9CA4EAA291C28110A51D3A0FDF,B10C79CA1334DFDB4CC4E1CF9A080B83CA08EFDFBF4F5590B54A846BBC0310C9,87967A68A5979E38,2638
L-FRAME-00660,logical_frame,D:\magia\MyProducts\MagiaRe\Magia_CN_Project\dist\MagiaCN-r128-downloader-fix1.apk,assets/package/quest/qb_number/qb_number0.plist,assets/package/quest/qb_number/qb_number0.png,kai_nm01.png,D:\magia\MyProducts\MagiaRe\Magia_CN_Project\dist\MagiaCN-r128-downloader-fix1.apk!/assets/package/quest/qb_number/qb_number0.plist#frame:kai_nm01.png,assets/package/quest/qb_number/qb_number0.plist#frame:kai_nm01.png,atlas-frames/assets/package/quest/qb_number/qb_number0/kai_nm01.png,315,0,33,52,33,52,33,52,0.0,0.0,False,PNG,33,52,RGBA,1,True,AEFBB53A26F43165F12300D727D39605C816D1ABB4C34EEF65B644F1B80D7498,51B2FAE04FB86E06CBC73F55380F060FBBE4B5996E078BDA767FFF01AC541485,9985E672D99D1E25,1419
L-FRAME-00661,logical_frame,D:\magia\MyProducts\MagiaRe\Magia_CN_Project\dist\MagiaCN-r128-downloader-fix1.apk,assets/package/quest/qb_number/qb_number0.plist,assets/package/quest/qb_number/qb_number0.png,kai_nm02.png,D:\magia\MyProducts\MagiaRe\Magia_CN_Project\dist\MagiaCN-r128-downloader-fix1.apk!/assets/package/quest/qb_number/qb_number0.plist#frame:kai_nm02.png,assets/package/quest/qb_number/qb_number0.plist#frame:kai_nm02.png,atlas-frames/assets/package/quest/qb_number/qb_number0/kai_nm02.png,280,54,33,52,33,52,33,52,0.0,0.0,False,PNG,33,52,RGBA,1,True,E60652F9E4856E6AD773E99412842ED6B0335F7289DFB99DCCF01E6811E79E29,E1FF3F7374A21D1AE2006A55E720A623C33551F9FD326E223370F0E37520E129,9B9BE46492938D6D,2185
L-FRAME-00662,logical_frame,D:\magia\MyProducts\MagiaRe\Magia_CN_Project\dist\MagiaCN-r128-downloader-fix1.apk,assets/package/quest/qb_number/qb_number0.plist,assets/package/quest/qb_number/qb_number0.png,kai_nm03.png,D:\magia\MyProducts\MagiaRe\Magia_CN_Project\dist\MagiaCN-r128-downloader-fix1.apk!/assets/package/quest/qb_number/qb_number0.plist#frame:kai_nm03.png,assets/package/quest/qb_number/qb_number0.plist#frame:kai_nm03.png,atlas-frames/assets/package/quest/qb_number/qb_number0/kai_nm03.png,350,0,33,52,33,52,33,52,0.0,0.0,False,PNG,33,52,RGBA,1,True,BCC4012DD66156AABECCE36728A8B94F5D31F1B6775667F86541A55552B5DAF1,5240D443E1F591860E41E4A25349BE1BD4AE7A8984D739A74C1AFE39552CE5D4,9AC965F49A928FC9,3049
L-FRAME-00663,logical_frame,D:\magia\MyProducts\MagiaRe\Magia_CN_Project\dist\MagiaCN-r128-downloader-fix1.apk,assets/package/quest/qb_number/qb_number0.plist,assets/package/quest/qb_number/qb_number0.png,kai_nm04.png,D:\magia\MyProducts\MagiaRe\Magia_CN_Project\dist\MagiaCN-r128-downloader-fix1.apk!/assets/package/quest/qb_number/qb_number0.plist#frame:kai_nm04.png,assets/package/quest/qb_number/qb_number0.plist#frame:kai_nm04.png,atlas-frames/assets/package/quest/qb_number/qb_number0/kai_nm04.png,245,108,33,52,33,52,33,52,0.0,0.0,False,PNG,33,52,RGBA,1,True,E5972F39F5AFFDC298EEEFA39544B32A45DE0C841C3E2E222093F15B4BB8554C,99E2CABE27CF9BBC53811BA2F969A3A1B6B660DE7C43C7D7FBAC3443D53ADF06,D3EC6485DA9AD163,2400
L-FRAME-00664,logical_frame,D:\magia\MyProducts\MagiaRe\Magia_CN_Project\dist\MagiaCN-r128-downloader-fix1.apk,assets/package/quest/qb_number/qb_number0.plist,assets/package/quest/qb_number/qb_number0.png,kai_nm05.png,D:\magia\MyProducts\MagiaRe\Magia_CN_Project\dist\MagiaCN-r128-downloader-fix1.apk!/assets/package/quest/qb_number/qb_number0.plist#frame:kai_nm05.png,assets/package/quest/qb_number/qb_number0.plist#frame:kai_nm05.png,atlas-frames/assets/package/quest/qb_number/qb_number0/kai_nm05.png,315,54,33,52,33,52,33,52,0.0,0.0,False,PNG,33,52,RGBA,1,True,0A875D74C9637D7BB032251146299AD9BF1DE64EA738F4E2E2569E1AD07C8AD2,69ADE77C4996BBA929B1F85388C75C0A1092EFFA9FBC97FE0BB0A6AB8121643F,C3ED3CB0C9C3969A,2768
L-FRAME-00665,logical_frame,D:\magia\MyProducts\MagiaRe\Magia_CN_Project\dist\MagiaCN-r128-downloader-fix1.apk,assets/package/quest/qb_number/qb_number0.plist,assets/package/quest/qb_number/qb_number0.png,kai_nm06.png,D:\magia\MyProducts\MagiaRe\Magia_CN_Project\dist\MagiaCN-r128-downloader-fix1.apk!/assets/package/quest/qb_number/qb_number0.plist#frame:kai_nm06.png,assets/package/quest/qb_number/qb_number0.plist#frame:kai_nm06.png,atlas-frames/assets/package/quest/qb_number/qb_number0/kai_nm06.png,385,0,33,52,33,52,33,52,0.0,0.0,False,PNG,33,52,RGBA,1,True,FF05235CCAF1B483839EC7DF239A37160D5BA39CC657A42427571DD0906BF71F,3CB6234AB47B40A99D2319FA6A021E20F42EB5E29A1F7E95623C694986D2BE01,C7C27A3CB1F0C267,3358
L-FRAME-00666,logical_frame,D:\magia\MyProducts\MagiaRe\Magia_CN_Project\dist\MagiaCN-r128-downloader-fix1.apk,assets/package/quest/qb_number/qb_number0.plist,assets/package/quest/qb_number/qb_number0.png,kai_nm07.png,D:\magia\MyProducts\MagiaRe\Magia_CN_Project\dist\MagiaCN-r128-downloader-fix1.apk!/assets/package/quest/qb_number/qb_number0.plist#frame:kai_nm07.png,assets/package/quest/qb_number/qb_number0.plist#frame:kai_nm07.png,atlas-frames/assets/package/quest/qb_number/qb_number0/kai_nm07.png,280,108,33,52,33,52,33,52,0.0,0.0,False,PNG,33,52,RGBA,1,True,2DC11C4259561A3B1684E694E6389D14AF21F60F75882E9B33DA60D0088F00FA,F9A7FAB473D4A1C509B8811AFFED9C40E8331AB91889DE48739BA11868E7E714,92D36C7932C4D1CF,2520
L-FRAME-00667,logical_frame,D:\magia\MyProducts\MagiaRe\Magia_CN_Project\dist\MagiaCN-r128-downloader-fix1.apk,assets/package/quest/qb_number/qb_number0.plist,assets/package/quest/qb_number/qb_number0.png,kai_nm08.png,D:\magia\MyProducts\MagiaRe\Magia_CN_Project\dist\MagiaCN-r128-downloader-fix1.apk!/assets/package/quest/qb_number/qb_number0.plist#frame:kai_nm08.png,assets/package/quest/qb_number/qb_number0.plist#frame:kai_nm08.png,atlas-frames/assets/package/quest/qb_number/qb_number0/kai_nm08.png,350,54,33,52,33,52,33,52,0.0,0.0,False,PNG,33,52,RGBA,1,True,7A99CC66496F8410BA503CE863B51731CE13C7A3CE35CD0AB842201035919F1A,7115CF6FA1DFF0BCF4D7188C31E76FC51707C42BA0BC97707572A341DA5383DA,97967A61395ADA61,3693
L-FRAME-00668,logical_frame,D:\magia\MyProducts\MagiaRe\Magia_CN_Project\dist\MagiaCN-r128-downloader-fix1.apk,assets/package/quest/qb_number/qb_number0.plist,assets/package/quest/qb_number/qb_number0.png,kai_nm09.png,D:\magia\MyProducts\MagiaRe\Magia_CN_Project\dist\MagiaCN-r128-downloader-fix1.apk!/assets/package/quest/qb_number/qb_number0.plist#frame:kai_nm09.png,assets/package/quest/qb_number/qb_number0.plist#frame:kai_nm09.png,atlas-frames/assets/package/quest/qb_number/qb_number0/kai_nm09.png,245,162,33,52,33,52,33,52,0.0,0.0,False,PNG,33,52,RGBA,1,True,8E1AAFA845373F6D4BD78D76B55EE9897802282050D7411BBD88D2821E21B65F,3C3F6588EFCAE981DF6E129E659B4628921C57437865EC7AD30EAF3C9F2524CE,93E02A9DE4929FCD,3499
L-FRAME-00669,logical_frame,D:\magia\MyProducts\MagiaRe\Magia_CN_Project\dist\MagiaCN-r128-downloader-fix1.apk,assets/package/quest/qb_number/qb_number0.plist,assets/package/quest/qb_number/qb_number0.png,qb_cg_ef_01.png,D:\magia\MyProducts\MagiaRe\Magia_CN_Project\dist\MagiaCN-r128-downloader-fix1.apk!/assets/package/quest/qb_number/qb_number0.plist#frame:qb_cg_ef_01.png,assets/package/quest/qb_number/qb_number0.plist#frame:qb_cg_ef_01.png,atlas-frames/assets/package/quest/qb_number/qb_number0/qb_cg_ef_01.png,420,0,416,416,416,416,416,416,0.0,0.0,False,PNG,416,416,RGBA,1,True,5C2D752244869D4E4D57BF724B6E199BC68C5ECC24EC3A201A2B68DCEFD084E9,2F9ADE137FCB028FE320F6BF86ECD5CF2C91049444B13C59DC7F43DD674667B5,CC993326CFE53499,184730
L-FRAME-00670,logical_frame,D:\magia\MyProducts\MagiaRe\Magia_CN_Project\dist\MagiaCN-r128-downloader-fix1.apk,assets/package/quest/qb_number/qb_number0.plist,assets/package/quest/qb_number/qb_number0.png,wave_item1.png,D:\magia\MyProducts\MagiaRe\Magia_CN_Project\dist\MagiaCN-r128-downloader-fix1.apk!/assets/package/quest/qb_number/qb_number0.plist#frame:wave_item1.png,assets/package/quest/qb_number/qb_number0.plist#frame:wave_item1.png,atlas-frames/assets/package/quest/qb_number/qb_number0/wave_item1.png,0,492,200,200,200,200,200,200,0.0,0.0,False,PNG,200,200,RGBA,1,True,EA4F857B6C04C1C5C5998D83F9B99352D33405D16FEDB5B1AFA00835CAB1D14D,1EB811E779FF7FCA3396A3901A555E410D18BCF68BA19B3A330F5BD4A83E9E29,993366CC9A3C66CD,21277
L-FRAME-00671,logical_frame,D:\magia\MyProducts\MagiaRe\Magia_CN_Project\dist\MagiaCN-r128-downloader-fix1.apk,assets/package/quest/qb_number/qb_number0.plist,assets/package/quest/qb_number/qb_number0.png,z_mark_effect01.png,D:\magia\MyProducts\MagiaRe\Magia_CN_Project\dist\MagiaCN-r128-downloader-fix1.apk!/assets/package/quest/qb_number/qb_number0.plist#frame:z_mark_effect01.png,assets/package/quest/qb_number/qb_number0.plist#frame:z_mark_effect01.png,atlas-frames/assets/package/quest/qb_number/qb_number0/z_mark_effect01.png,0,694,141,43,141,43,141,43,0.0,0.0,False,PNG,141,43,RGBA,1,True,715353F5A09FB7029452102DD301246619362C8C8467234FC05A8FA1E05FAAFA,DAA3AECB81EB394FDA4B4794CBBEF9D28873391B458405851721BE8DED5A0196,92356DC61C736D99,4262
L-FRAME-00672,logical_frame,D:\magia\MyProducts\MagiaRe\Magia_CN_Project\dist\MagiaCN-r128-downloader-fix1.apk,assets/package/quest/qb_number/qb_number0.plist,assets/package/quest/qb_number/qb_number0.png,z_mark_effect02.png,D:\magia\MyProducts\MagiaRe\Magia_CN_Project\dist\MagiaCN-r128-downloader-fix1.apk!/assets/package/quest/qb_number/qb_number0.plist#frame:z_mark_effect02.png,assets/package/quest/qb_number/qb_number0.plist#frame:z_mark_effect02.png,atlas-frames/assets/package/quest/qb_number/qb_number0/z_mark_effect02.png,202,492,141,43,141,43,141,43,0.0,0.0,False,PNG,141,43,RGBA,1,True,7674BD26333638B1C693E9FC9DB830D514D289E74571BB84E0ACA8C41ED51BE1,5E6A92B9BC5B9B269FAC517FE570AEBD39030BB1DDF28130D01EA0AB9D38C03D,94376BCC3B33C86C,7628
L-FRAME-00673,logical_frame,D:\magia\MyProducts\MagiaRe\Magia_CN_Project\dist\MagiaCN-r128-downloader-fix1.apk,assets/package/quest/qb_result/qb_result0.plist,assets/package/quest/qb_result/qb_result0.png,ef_adv_black.png,D:\magia\MyProducts\MagiaRe\Magia_CN_Project\dist\MagiaCN-r128-downloader-fix1.apk!/assets/package/quest/qb_result/qb_result0.plist#frame:ef_adv_black.png,assets/package/quest/qb_result/qb_result0.plist#frame:ef_adv_black.png,atlas-frames/assets/package/quest/qb_result/qb_result0/ef_adv_black.png,0,0,10,10,10,10,10,10,0.0,0.0,False,PNG,10,10,RGBA,1,True,0639D2BE9848B6CF788E5DFBD3921F6B4D21AB9E2475CC0A69F67784F6937399,DFA5FABDA2D37052E04251B1C438C159BEB2245D5646E28DE4C69F64180E55BF,FFFFFFFFFFFFFFFF,84
L-FRAME-00674,logical_frame,D:\magia\MyProducts\MagiaRe\Magia_CN_Project\dist\MagiaCN-r128-downloader-fix1.apk,assets/package/quest/quest_image0.plist,assets/package/quest/quest_image0.png,boss_hp_bar01.png,D:\magia\MyProducts\MagiaRe\Magia_CN_Project\dist\MagiaCN-r128-downloader-fix1.apk!/assets/package/quest/quest_image0.plist#frame:boss_hp_bar01.png,assets/package/quest/quest_image0.plist#frame:boss_hp_bar01.png,atlas-frames/assets/package/quest/quest_image0/boss_hp_bar01.png,2,949,320,20,320,20,320,20,0.0,0.0,False,PNG,320,20,RGBA,1,True,0BC7043FD459629742033A0D534DE3868D071971D923C28EA57A641DDFAA2DD7,4C64853EC7092EFFA1E4955354FE6D3A9414D7167B4F0A514D3B03A1F29B6D83,D4D42B2B2BD5D42B,212
L-FRAME-00675,logical_frame,D:\magia\MyProducts\MagiaRe\Magia_CN_Project\dist\MagiaCN-r128-downloader-fix1.apk,assets/package/quest/quest_image0.plist,assets/package/quest/quest_image0.png,boss_hp_bar01_ex.png,D:\magia\MyProducts\MagiaRe\Magia_CN_Project\dist\MagiaCN-r128-downloader-fix1.apk!/assets/package/quest/quest_image0.plist#frame:boss_hp_bar01_ex.png,assets/package/quest/quest_image0.plist#frame:boss_hp_bar01_ex.png,atlas-frames/assets/package/quest/quest_image0/boss_hp_bar01_ex.png,2,927,320,20,320,20,320,20,0.0,0.0,False,PNG,320,20,RGBA,1,True,39475CFA7464D80F67ACA3563088715C91482F0027C48D07C03942680302CA9C,6265B2A667480112E1BCD15C6F17966DBBC46670BCB48F3EA69BB410D9B13B3F,D53B2B2B3BD4D42B,241
L-FRAME-00676,logical_frame,D:\magia\MyProducts\MagiaRe\Magia_CN_Project\dist\MagiaCN-r128-downloader-fix1.apk,assets/package/quest/quest_image0.plist,assets/package/quest/quest_image0.png,boss_hp_bar02.png,D:\magia\MyProducts\MagiaRe\Magia_CN_Project\dist\MagiaCN-r128-downloader-fix1.apk!/assets/package/quest/quest_image0.plist#frame:boss_hp_bar02.png,assets/package/quest/quest_image0.plist#frame:boss_hp_bar02.png,atlas-frames/assets/package/quest/quest_image0/boss_hp_bar02.png,2,997,290,20,290,20,290,20,0.0,0.0,False,PNG,290,20,RGBA,1,True,005F1BA98A440C30FD6CDF9365ACE380680A3495130A0207E7874698692D6049,8E4F389D8B2BE0EE6FE829D7F074F4A6273F97CFC43BFAEC7D6393AC29D2FC73,D4D42B2B2BD4D52B,210
L-FRAME-00677,logical_frame,D:\magia\MyProducts\MagiaRe\Magia_CN_Project\dist\MagiaCN-r128-downloader-fix1.apk,assets/package/quest/quest_image0.plist,assets/package/quest/quest_image0.png,boss_hp_bar03.png,D:\magia\MyProducts\MagiaRe\Magia_CN_Project\dist\MagiaCN-r128-downloader-fix1.apk!/assets/package/quest/quest_image0.plist#frame:boss_hp_bar03.png,assets/package/quest/quest_image0.plist#frame:boss_hp_bar03.png,atlas-frames/assets/package/quest/quest_image0/boss_hp_bar03.png,1032,526,290,20,290,20,290,20,0.0,0.0,False,PNG,290,20,RGBA,1,True,19029E1FE61F6F238A10D550FC6BDA48518BEC5B672DC6B02AE6BBD11DE61AE1,571F6F65462451E2AC47741E5E87962681C2CCE2D6BD4B6EC80ECD848A67350D,D4D42B2B2BD4D52B,215
L-FRAME-00678,logical_frame,D:\magia\MyProducts\MagiaRe\Magia_CN_Project\dist\MagiaCN-r128-downloader-fix1.apk,assets/package/quest/quest_image0.plist,assets/package/quest/quest_image0.png,boss_hp_bg.png,D:\magia\MyProducts\MagiaRe\Magia_CN_Project\dist\MagiaCN-r128-downloader-fix1.apk!/assets/package/quest/quest_image0.plist#frame:boss_hp_bg.png,assets/package/quest/quest_image0.plist#frame:boss_hp_bg.png,atlas-frames/assets/package/quest/quest_image0/boss_hp_bg.png,2,550,424,82,424,82,424,82,0.0,0.0,False,PNG,424,82,RGBA,1,True,F1EC86DB565996ACA108454FB194F27B38FC966650E5D74B79579DDC6F781299,0FFD5C5C8E2406F62CA98FC82AD57CB581D012571355831595941FFA493B20D1,AA97D529DE6A8585,5636
L-FRAME-00679,logical_frame,D:\magia\MyProducts\MagiaRe\Magia_CN_Project\dist\MagiaCN-r128-downloader-fix1.apk,assets/package/quest/quest_image0.plist,assets/package/quest/quest_image0.png,boss_hp_bg_02.png,D:\magia\MyProducts\MagiaRe\Magia_CN_Project\dist\MagiaCN-r128-downloader-fix1.apk!/assets/package/quest/quest_image0.plist#frame:boss_hp_bg_02.png,assets/package/quest/quest_image0.plist#frame:boss_hp_bg_02.png,atlas-frames/assets/package/quest/quest_image0/boss_hp_bg_02.png,2,466,424,82,424,82,424,82,0.0,0.0,False,PNG,424,82,RGBA,1,True,F54F359CED2ABB06F9A7C2614E066012B365A0A9D8E91AFA0704D0F9F9829A4B,47B60E3E00F6EAAD1841C6F79658AFE76D378DDF0B12196B73FFDC1AAA1382AF,8B6AD5957A7A8585,4809
L-FRAME-00680,logical_frame,D:\magia\MyProducts\MagiaRe\Magia_CN_Project\dist\MagiaCN-r128-downloader-fix1.apk,assets/package/quest/quest_image0.plist,assets/package/quest/quest_image0.png,boss_hp_name.png,D:\magia\MyProducts\MagiaRe\Magia_CN_Project\dist\MagiaCN-r128-downloader-fix1.apk!/assets/package/quest/quest_image0.plist#frame:boss_hp_name.png,assets/package/quest/quest_image0.plist#frame:boss_hp_name.png,atlas-frames/assets/package/quest/quest_image0/boss_hp_name.png,304,971,300,39,300,39,300,39,0.0,0.0,False,PNG,300,39,RGBA,1,True,36105659E41817287C827FFE2B4D11971AC1446E179B9302C4F205028D7E698D,368260885EE6259261D24E468478A37DD778E8536AA63C49B6A4DA176326455D,AA79D53BD591D580,1511
L-FRAME-00681,logical_frame,D:\magia\MyProducts\MagiaRe\Magia_CN_Project\dist\MagiaCN-r128-downloader-fix1.apk,assets/package/quest/quest_image0.plist,assets/package/quest/quest_image0.png,connect_00.png,D:\magia\MyProducts\MagiaRe\Magia_CN_Project\dist\MagiaCN-r128-downloader-fix1.apk!/assets/package/quest/quest_image0.plist#frame:connect_00.png,assets/package/quest/quest_image0.plist#frame:connect_00.png,atlas-frames/assets/package/quest/quest_image0/connect_00.png,1500,108,37,58,37,58,37,58,0.0,0.0,False,PNG,37,58,RGBA,1,True,89A5D43E88D6CC84A85CEF39734D7751656F8F614A22621B5746D463BB1057CA,0022F39D5248D0400CE42B22F14324F5314CD7014F87BA372E92CE2AEAB5EEED,C21A796D47F1949E,2380
L-FRAME-00682,logical_frame,D:\magia\MyProducts\MagiaRe\Magia_CN_Project\dist\MagiaCN-r128-downloader-fix1.apk,assets/package/quest/quest_image0.plist,assets/package/quest/quest_image0.png,connect_01.png,D:\magia\MyProducts\MagiaRe\Magia_CN_Project\dist\MagiaCN-r128-downloader-fix1.apk!/assets/package/quest/quest_image0.plist#frame:connect_01.png,assets/package/quest/quest_image0.plist#frame:connect_01.png,atlas-frames/assets/package/quest/quest_image0/connect_01.png,1761,2,37,58,37,58,37,58,0.0,0.0,False,PNG,37,58,RGBA,1,True,88F1BF37647F1C77CA664710472D2D615B7283C75F1E8E8C94C373B5BC99C2C1,2F09CC8FE53972137FC80918D8AA3C28375C94010AD5622477C7B1D1B9FFA9CF,C21A796D46F1B49E,2592
L-FRAME-00683,logical_frame,D:\magia\MyProducts\MagiaRe\Magia_CN_Project\dist\MagiaCN-r128-downloader-fix1.apk,assets/package/quest/quest_image0.plist,assets/package/quest/quest_image0.png,connect_02.png,D:\magia\MyProducts\MagiaRe\Magia_CN_Project\dist\MagiaCN-r128-downloader-fix1.apk!/assets/package/quest/quest_image0.plist#frame:connect_02.png,assets/package/quest/quest_image0.plist#frame:connect_02.png,atlas-frames/assets/package/quest/quest_image0/connect_02.png,1665,586,37,58,37,58,37,58,0.0,0.0,False,PNG,37,58,RGBA,1,True,14685DCF43893277E4A0657EDF00EC43B6257E8C8B1CBCFAF0B4E2843972C39B,04EB3BDFADBC12CD3BAEA176871D8125A6261BE94A229DD41B0BEE351C103AEC,C21A796D46F5349E,2552
L-FRAME-00684,logical_frame,D:\magia\MyProducts\MagiaRe\Magia_CN_Project\dist\MagiaCN-r128-downloader-fix1.apk,assets/package/quest/quest_image0.plist,assets/package/quest/quest_image0.png,connect_03.png,D:\magia\MyProducts\MagiaRe\Magia_CN_Project\dist\MagiaCN-r128-downloader-fix1.apk!/assets/package/quest/quest_image0.plist#frame:connect_03.png,assets/package/quest/quest_image0.plist#frame:connect_03.png,atlas-frames/assets/package/quest/quest_image0/connect_03.png,1419,282,37,58,37,58,37,58,0.0,0.0,False,PNG,37,58,RGBA,1,True,B5248E0953D48DB51698178A8D3ED31DC1B7FCB6C40795A506FFF9643C389406,054F0027726D0666CF5606B85567F3434984FA7204C8940EBE50512E483D60D6,C21A796D46F5349E,2196
L-FRAME-00685,logical_frame,D:\magia\MyProducts\MagiaRe\Magia_CN_Project\dist\MagiaCN-r128-downloader-fix1.apk,assets/package/quest/quest_image0.plist,assets/package/quest/quest_image0.png,connect_bg.png,D:\magia\MyProducts\MagiaRe\Magia_CN_Project\dist\MagiaCN-r128-downloader-fix1.apk!/assets/package/quest/quest_image0.plist#frame:connect_bg.png,assets/package/quest/quest_image0.plist#frame:connect_bg.png,atlas-frames/assets/package/quest/quest_image0/connect_bg.png,2,2,824,98,824,98,824,98,0.0,0.0,False,PNG,824,98,RGBA,1,True,69B53B728B3FF926DA74B4AB668E82E05873D670EFC2DB81D3F2ABBFFCA25EC2,CCF2C938E42FCEA22B9288BA5DA2A36595153FCCFCDD332EAA66E30933D45C82,F5558AAB8ACA7C8A,37810
L-FRAME-00686,logical_frame,D:\magia\MyProducts\MagiaRe\Magia_CN_Project\dist\MagiaCN-r128-downloader-fix1.apk,assets/package/quest/quest_image0.plist,assets/package/quest/quest_image0.png,connect_text.png,D:\magia\MyProducts\MagiaRe\Magia_CN_Project\dist\MagiaCN-r128-downloader-fix1.apk!/assets/package/quest/quest_image0.plist#frame:connect_text.png,assets/package/quest/quest_image0.plist#frame:connect_text.png,atlas-frames/assets/package/quest/quest_image0/connect_text.png,606,927,283,55,283,55,283,55,0.0,0.0,False,PNG,283,55,RGBA,1,True,117DD3CCAE32C89F0908EC8ABB28C06D8FDDDA1A1B470084612DD7B571D18BD2,9B8BF6E0D90037483C2C9580AC004A017381D01D75AC1115E1AA33817CE55C83,A5C7CF307072CE4D,11613
L-FRAME-00687,logical_frame,D:\magia\MyProducts\MagiaRe\Magia_CN_Project\dist\MagiaCN-r128-downloader-fix1.apk,assets/package/quest/quest_image0.plist,assets/package/quest/quest_image0.png,connect_title.png,D:\magia\MyProducts\MagiaRe\Magia_CN_Project\dist\MagiaCN-r128-downloader-fix1.apk!/assets/package/quest/quest_image0.plist#frame:connect_title.png,assets/package/quest/quest_image0.plist#frame:connect_title.png,atlas-frames/assets/package/quest/quest_image0/connect_title.png,1117,320,279,57,279,57,279,57,0.0,0.0,False,PNG,279,57,RGBA,1,True,2EFEE94BE7F04839DBF694F87B61832A9EE1B2277FDEE34700EA8A788F245BEB,17FFC0EF2B265C2804BB3F8A99960F2DB2ABC155EBC3C13222FB27C43148BCE6,D5D4006F2B3F2AD5,2973
L-FRAME-00688,logical_frame,D:\magia\MyProducts\MagiaRe\Magia_CN_Project\dist\MagiaCN-r128-downloader-fix1.apk,assets/package/quest/quest_image0.plist,assets/package/quest/quest_image0.png,doppel_d_01.png,D:\magia\MyProducts\MagiaRe\Magia_CN_Project\dist\MagiaCN-r128-downloader-fix1.apk!/assets/package/quest/quest_image0.plist#frame:doppel_d_01.png,assets/package/quest/quest_image0.plist#frame:doppel_d_01.png,atlas-frames/assets/package/quest/quest_image0/doppel_d_01.png,738,784,140,130,140,130,140,130,0.0,0.0,False,PNG,140,130,RGBA,1,True,DBFCBD1603B7B03946689CA188E2F3EC0A855AD4ED22D470415A4CFAF689815C,93D522BE45AEA762A3269EEC357F78F5B84CDC15DBF42B10371F453A5BF2EEE7,8ECF6138A7C79A1A,11955
L-FRAME-00689,logical_frame,D:\magia\MyProducts\MagiaRe\Magia_CN_Project\dist\MagiaCN-r128-downloader-fix1.apk,assets/package/quest/quest_image0.plist,assets/package/quest/quest_image0.png,doppel_d_02.png,D:\magia\MyProducts\MagiaRe\Magia_CN_Project\dist\MagiaCN-r128-downloader-fix1.apk!/assets/package/quest/quest_image0.plist#frame:doppel_d_02.png,assets/package/quest/quest_image0.plist#frame:doppel_d_02.png,atlas-frames/assets/package/quest/quest_image0/doppel_d_02.png,1820,157,34,34,34,34,34,34,0.0,0.0,False,PNG,34,34,RGBA,1,True,2DAD32A08C1C2E506D7A7BF32346E23F4D54083800BB27F6D58CEDE243E8596B,4EEC90220DA889A58573E92BD22E6B3D9B87B6A42E5743687DDE912AB7929A04,EA37A5D296C0DA8E,1367
L-FRAME-00690,logical_frame,D:\magia\MyProducts\MagiaRe\Magia_CN_Project\dist\MagiaCN-r128-downloader-fix1.apk,assets/package/quest/quest_image0.plist,assets/package/quest/quest_image0.png,hd_battle.png,D:\magia\MyProducts\MagiaRe\Magia_CN_Project\dist\MagiaCN-r128-downloader-fix1.apk!/assets/package/quest/quest_image0.plist#frame:hd_battle.png,assets/package/quest/quest_image0.plist#frame:hd_battle.png,atlas-frames/assets/package/quest/quest_image0/hd_battle.png,1426,862,127,27,127,27,127,27,0.0,0.0,False,PNG,127,27,RGBA,1,True,51DC78068A94865F58A34DFEACE6FB4397340BFC256CF61CC4143CFC8138B3AC,3BA1B57FA9B5D81F535525E89122F0302CB4411FA5FCB9748146BF86A045414B,EEC4B93BC7C6C414,2453
L-FRAME-00691,logical_frame,D:\magia\MyProducts\MagiaRe\Magia_CN_Project\dist\MagiaCN-r128-downloader-fix1.apk,assets/package/quest/quest_image0.plist,assets/package/quest/quest_image0.png,hd_menu_auto_disable.png,D:\magia\MyProducts\MagiaRe\Magia_CN_Project\dist\MagiaCN-r128-downloader-fix1.apk!/assets/package/quest/quest_image0.plist#frame:hd_menu_auto_disable.png,assets/package/quest/quest_image0.plist#frame:hd_menu_auto_disable.png,atlas-frames/assets/package/quest/quest_image0/hd_menu_auto_disable.png,1689,330,84,38,84,38,84,38,0.0,0.0,False,PNG,84,38,RGBA,1,True,3155019D479C95E1CD0A9D47C4F0D0817F9D608B758C2A8A22022C2E693F6134,C05A6492B465179DEB20188A43D1B34A0E57583EE4A910463ECB7AF597837D62,AA42FF2BB82EC139,1267
L-FRAME-00692,logical_frame,D:\magia\MyProducts\MagiaRe\Magia_CN_Project\dist\MagiaCN-r128-downloader-fix1.apk,assets/package/quest/quest_image0.plist,assets/package/quest/quest_image0.png,hd_menu_auto_off.png,D:\magia\MyProducts\MagiaRe\Magia_CN_Project\dist\MagiaCN-r128-downloader-fix1.apk!/assets/package/quest/quest_image0.plist#frame:hd_menu_auto_off.png,assets/package/quest/quest_image0.plist#frame:hd_menu_auto_off.png,atlas-frames/assets/package/quest/quest_image0/hd_menu_auto_off.png,1551,664,84,38,84,38,84,38,0.0,0.0,False,PNG,84,38,RGBA,1,True,5A507B626AD907757BD1710DA3A6A0FA2C9C60AB65FD82E565144A9BD3B558E2,62970161ACB22694C29B5E34BBF46D72CA17E303FE6EE293D2AA1B4D1185A91F,D4C04B5B3A2E6B3D,2984
L-FRAME-00693,logical_frame,D:\magia\MyProducts\MagiaRe\Magia_CN_Project\dist\MagiaCN-r128-downloader-fix1.apk,assets/package/quest/quest_image0.plist,assets/package/quest/quest_image0.png,hd_menu_auto_on.png,D:\magia\MyProducts\MagiaRe\Magia_CN_Project\dist\MagiaCN-r128-downloader-fix1.apk!/assets/package/quest/quest_image0.plist#frame:hd_menu_auto_on.png,assets/package/quest/quest_image0.plist#frame:hd_menu_auto_on.png,atlas-frames/assets/package/quest/quest_image0/hd_menu_auto_on.png,1565,60,84,38,84,38,84,38,0.0,0.0,False,PNG,84,38,RGBA,1,True,BDD8F5E179DE12EEC762BE7416B7345D6C2D7E46D3BCCA7630C47040829D871F,67EBDE2211F0195C00203055F0FE9525734B7BDC3EC729306E281019322369A3,D5C17C6E43397A94,2955
L-FRAME-00694,logical_frame,D:\magia\MyProducts\MagiaRe\Magia_CN_Project\dist\MagiaCN-r128-downloader-fix1.apk,assets/package/quest/quest_image0.plist,assets/package/quest/quest_image0.png,hd_treasure.png,D:\magia\MyProducts\MagiaRe\Magia_CN_Project\dist\MagiaCN-r128-downloader-fix1.apk!/assets/package/quest/quest_image0.plist#frame:hd_treasure.png,assets/package/quest/quest_image0.plist#frame:hd_treasure.png,atlas-frames/assets/package/quest/quest_image0/hd_treasure.png,1144,171,115,32,115,32,115,32,0.0,0.0,False,PNG,115,32,RGBA,1,True,C730F477AA3A44481B3B397E67245B0A2E5F89E199B83B802FB351CE7494BFB2,FFDD118078B99E21D0D8A30751833AB5FC2C530A4879815636483A293E74A39A,EA6A85699796A897,1255
L-FRAME-00695,logical_frame,D:\magia\MyProducts\MagiaRe\Magia_CN_Project\dist\MagiaCN-r128-downloader-fix1.apk,assets/package/quest/quest_image0.plist,assets/package/quest/quest_image0.png,hd_treasure_box0.png,D:\magia\MyProducts\MagiaRe\Magia_CN_Project\dist\MagiaCN-r128-downloader-fix1.apk!/assets/package/quest/quest_image0.plist#frame:hd_treasure_box0.png,assets/package/quest/quest_image0.plist#frame:hd_treasure_box0.png,atlas-frames/assets/package/quest/quest_image0/hd_treasure_box0.png,1817,257,44,32,44,32,44,32,0.0,0.0,False,PNG,44,32,RGBA,1,True,DFBCBE680D1119BFA80756EA25881C187417273F8BBB23A785DF3C15DFC2E9AE,A83336B9B1828598DBA9A85B1B2FB0D89B8D23E9D23023A9D1FEA137A5F40C6F,95D77E98306A4FA1,2424
L-FRAME-00696,logical_frame,D:\magia\MyProducts\MagiaRe\Magia_CN_Project\dist\MagiaCN-r128-downloader-fix1.apk,assets/package/quest/quest_image0.plist,assets/package/quest/quest_image0.png,hd_treasure_box1.png,D:\magia\MyProducts\MagiaRe\Magia_CN_Project\dist\MagiaCN-r128-downloader-fix1.apk!/assets/package/quest/quest_image0.plist#frame:hd_treasure_box1.png,assets/package/quest/quest_image0.plist#frame:hd_treasure_box1.png,atlas-frames/assets/package/quest/quest_image0/hd_treasure_box1.png,1771,257,44,32,44,32,44,32,0.0,0.0,False,PNG,44,32,RGBA,1,True,F272797D1359B682A897F26E39F37530B4620B2F92F5828D5AE1D8BC26290AC9,17F3D11D182BD0B260C8A1E0A49F6A1B62C0D9A3BA0AEEB557C82BA9CA1BAB9E,D3C66E98307F4B83,2415
L-FRAME-00697,logical_frame,D:\magia\MyProducts\MagiaRe\Magia_CN_Project\dist\MagiaCN-r128-downloader-fix1.apk,assets/package/quest/quest_image0.plist,assets/package/quest/quest_image0.png,hd_treasure_box2.png,D:\magia\MyProducts\MagiaRe\Magia_CN_Project\dist\MagiaCN-r128-downloader-fix1.apk!/assets/package/quest/quest_image0.plist#frame:hd_treasure_box2.png,assets/package/quest/quest_image0.plist#frame:hd_treasure_box2.png,atlas-frames/assets/package/quest/quest_image0/hd_treasure_box2.png,1398,342,44,32,44,32,44,32,0.0,0.0,False,PNG,44,32,RGBA,1,True,3F5C59568701FF1EBD7248F2CA3CA22A542F87821467315F089B17CDD9CE91F7,30E1249BF800D7CE700117CBBA63643E591A6D628772464E3D481E3DC6E06A35,D3C66F98306F4B83,2591
L-FRAME-00698,logical_frame,D:\magia\MyProducts\MagiaRe\Magia_CN_Project\dist\MagiaCN-r128-downloader-fix1.apk,assets/package/quest/quest_image0.plist,assets/package/quest/quest_image0.png,hd_turn.png,D:\magia\MyProducts\MagiaRe\Magia_CN_Project\dist\MagiaCN-r128-downloader-fix1.apk!/assets/package/quest/quest_image0.plist#frame:hd_turn.png,assets/package/quest/quest_image0.plist#frame:hd_turn.png,atlas-frames/assets/package/quest/quest_image0/hd_turn.png,1287,862,137,27,137,27,137,27,0.0,0.0,False,PNG,137,27,RGBA,1,True,6EE765D04A0CA4AC9571D26FB574D1470B1F33C9F8057ADC8A917024701DF016,51628DA6399712722A69479BF62B601686801D69D40203552E50B08EABC0C851,A7C2983FC7C7C071,2043
L-FRAME-00699,logical_frame,D:\magia\MyProducts\MagiaRe\Magia_CN_Project\dist\MagiaCN-r128-downloader-fix1.apk,assets/package/quest/quest_image0.plist,assets/package/quest/quest_image0.png,hd_turn_ex1.png,D:\magia\MyProducts\MagiaRe\Magia_CN_Project\dist\MagiaCN-r128-downloader-fix1.apk!/assets/package/quest/quest_image0.plist#frame:hd_turn_ex1.png,assets/package/quest/quest_image0.plist#frame:hd_turn_ex1.png,atlas-frames/assets/package/quest/quest_image0/hd_turn_ex1.png,1117,379,154,27,154,27,154,27,0.0,0.0,False,PNG,154,27,RGBA,1,True,978FA88927E7FF664FC80F3DECA9D3C5925EBB30C5BFD8BE362882C2AF85F901,92AF86C3271201D90164667F7ACAD061F81DD266A61E3A3A6996CE8A8BC00995,AFC2983DC3C7C278,2166
L-FRAME-00700,logical_frame,D:\magia\MyProducts\MagiaRe\Magia_CN_Project\dist\MagiaCN-r128-downloader-fix1.apk,assets/package/quest/quest_image0.plist,assets/package/quest/quest_image0.png,hd_turn_ex2.png,D:\magia\MyProducts\MagiaRe\Magia_CN_Project\dist\MagiaCN-r128-downloader-fix1.apk!/assets/package/quest/quest_image0.plist#frame:hd_turn_ex2.png,assets/package/quest/quest_image0.plist#frame:hd_turn_ex2.png,atlas-frames/assets/package/quest/quest_image0/hd_turn_ex2.png,540,314,154,27,154,27,154,27,0.0,0.0,False,PNG,154,27,RGBA,1,True,E926D85087A4FEA5D2D2CFAFD2F43DFE7CD6D3C71BC78148E06CB87E4CEDF3A7,0EA647E763EB19126389E8C097A3E36020119529F1D46AFAB58A0FC030F7D381,EBC19C3DC7C7C070,2191
L-FRAME-00701,logical_frame,D:\magia\MyProducts\MagiaRe\Magia_CN_Project\dist\MagiaCN-r128-downloader-fix1.apk,assets/package/quest/quest_image0.plist,assets/package/quest/quest_image0.png,hp_bar01.png,D:\magia\MyProducts\MagiaRe\Magia_CN_Project\dist\MagiaCN-r128-downloader-fix1.apk!/assets/package/quest/quest_image0.plist#frame:hp_bar01.png,assets/package/quest/quest_image0.plist#frame:hp_bar01.png,atlas-frames/assets/package/quest/quest_image0/hp_bar01.png,1079,1004,100,14,100,14,100,14,0.0,0.0,False,PNG,100,14,RGBA,1,True,59F776D9357A55CD10893E48458817E0420DC120B75CFBA0CAFBCD7D89872A3A,E532946D26661AA2C515B195572B4AD84A6BD7CB6BAECBD8FFCF8A28F7C15FF8,D4D42B2B2BD5D42B,175
L-FRAME-00702,logical_frame,D:\magia\MyProducts\MagiaRe\Magia_CN_Project\dist\MagiaCN-r128-downloader-fix1.apk,assets/package/quest/quest_image0.plist,assets/package/quest/quest_image0.png,hp_bar01_ex.png,D:\magia\MyProducts\MagiaRe\Magia_CN_Project\dist\MagiaCN-r128-downloader-fix1.apk!/assets/package/quest/quest_image0.plist#frame:hp_bar01_ex.png,assets/package/quest/quest_image0.plist#frame:hp_bar01_ex.png,atlas-frames/assets/package/quest/quest_image0/hp_bar01_ex.png,434,953,100,14,100,14,100,14,0.0,0.0,False,PNG,100,14,RGBA,1,True,428719C8C491D5B54E6F275C83203A167330B7772798DC38C81FC21E40583AF7,3C72DB21BD119E25D0553317FA79A07CD66066CBCE436EEE5E944EBA9A75A57F,85C57A7A2F85D07A,193
L-FRAME-00703,logical_frame,D:\magia\MyProducts\MagiaRe\Magia_CN_Project\dist\MagiaCN-r128-downloader-fix1.apk,assets/package/quest/quest_image0.plist,assets/package/quest/quest_image0.png,hp_bar02.png,D:\magia\MyProducts\MagiaRe\Magia_CN_Project\dist\MagiaCN-r128-downloader-fix1.apk!/assets/package/quest/quest_image0.plist#frame:hp_bar02.png,assets/package/quest/quest_image0.plist#frame:hp_bar02.png,atlas-frames/assets/package/quest/quest_image0/hp_bar02.png,1032,548,79,14,79,14,79,14,0.0,0.0,False,PNG,79,14,RGBA,1,True,D0D5D037635CD4B978F275123E8F01AA6618506F417A1C1246E89A23691A371E,C01BE7FDD96FBDD358184C803294BB15649761767CD2C871F827152AF5E8D74E,D5D52B2B2BD4D42B,173
L-FRAME-00704,logical_frame,D:\magia\MyProducts\MagiaRe\Magia_CN_Project\dist\MagiaCN-r128-downloader-fix1.apk,assets/package/quest/quest_image0.plist,assets/package/quest/quest_image0.png,hp_bar03.png,D:\magia\MyProducts\MagiaRe\Magia_CN_Project\dist\MagiaCN-r128-downloader-fix1.apk!/assets/package/quest/quest_image0.plist#frame:hp_bar03.png,assets/package/quest/quest_image0.plist#frame:hp_bar03.png,atlas-frames/assets/package/quest/quest_image0/hp_bar03.png,1181,1004,79,14,79,14,79,14,0.0,0.0,False,PNG,79,14,RGBA,1,True,23B03F1AA62AD42AF4E5A20945D96D12A3FA819EDA20F5F706AA9F8A30920A15,1D7BD4D89B9E9D6EF0D893BF2E6EF59D509041CB8404FC1F145E5007BDD5325F,D5D52B2B2BD5D42B,176
L-FRAME-00705,logical_frame,D:\magia\MyProducts\MagiaRe\Magia_CN_Project\dist\MagiaCN-r128-downloader-fix1.apk,assets/package/quest/quest_image0.plist,assets/package/quest/quest_image0.png,hp_bg01.png,D:\magia\MyProducts\MagiaRe\Magia_CN_Project\dist\MagiaCN-r128-downloader-fix1.apk!/assets/package/quest/quest_image0.plist#frame:hp_bg01.png,assets/package/quest/quest_image0.plist#frame:hp_bg01.png,atlas-frames/assets/package/quest/quest_image0/hp_bg01.png,1144,108,176,61,176,61,176,61,0.0,0.0,False,PNG,176,61,RGBA,1,True,1CAC22C4127063BDC331377250354AA31DF412EECB11BE3FA227AD104BFE1A4D,597BBB6A62C5BD89AF94A79D84E8EBD854617D542C5C34AB47E15C97226E929F,AF9AD06578639C9C,3462
L-FRAME-00706,logical_frame,D:\magia\MyProducts\MagiaRe\Magia_CN_Project\dist\MagiaCN-r128-downloader-fix1.apk,assets/package/quest/quest_image0.plist,assets/package/quest/quest_image0.png,hp_bg02.png,D:\magia\MyProducts\MagiaRe\Magia_CN_Project\dist\MagiaCN-r128-downloader-fix1.apk!/assets/package/quest/quest_image0.plist#frame:hp_bg02.png,assets/package/quest/quest_image0.plist#frame:hp_bg02.png,atlas-frames/assets/package/quest/quest_image0/hp_bg02.png,1322,108,176,61,176,61,176,61,0.0,0.0,False,PNG,176,61,RGBA,1,True,C3F8D53B593B7A67BB10BED1CD0A756B186F02D639B42419CD8109F1C379605B,D708300AE28AEF86E1915D326D7E6C1D7707AFE493ABA609D01A969F567B874F,AF6BD095606B9595,3024
L-FRAME-00707,logical_frame,D:\magia\MyProducts\MagiaRe\Magia_CN_Project\dist\MagiaCN-r128-downloader-fix1.apk,assets/package/quest/quest_image0.plist,assets/package/quest/quest_image0.png,hp_sp_mark.png,D:\magia\MyProducts\MagiaRe\Magia_CN_Project\dist\MagiaCN-r128-downloader-fix1.apk!/assets/package/quest/quest_image0.plist#frame:hp_sp_mark.png,assets/package/quest/quest_image0.plist#frame:hp_sp_mark.png,atlas-frames/assets/package/quest/quest_image0/hp_sp_mark.png,1769,291,69,34,69,34,69,34,0.0,0.0,False,PNG,69,34,RGBA,1,True,A10A6A1C94EDEBD0C671FD52FFC6AC4F1B560ED7656A41E15F04E081572336C1,7FD601BBAA9C88A7B55C68D7CD179B248F33BEEBB8D7C94568A32D46842407A1,946C1B936F9838E7,1681
L-FRAME-00708,logical_frame,D:\magia\MyProducts\MagiaRe\Magia_CN_Project\dist\MagiaCN-r128-downloader-fix1.apk,assets/package/quest/quest_image0.plist,assets/package/quest/quest_image0.png,icon_bg.png,D:\magia\MyProducts\MagiaRe\Magia_CN_Project\dist\MagiaCN-r128-downloader-fix1.apk!/assets/package/quest/quest_image0.plist#frame:icon_bg.png,assets/package/quest/quest_image0.plist#frame:icon_bg.png,atlas-frames/assets/package/quest/quest_image0/icon_bg.png,891,946,35,36,35,36,35,36,0.0,0.0,False,PNG,35,36,RGBA,1,True,ECA4697C9005031F573536E2E43B5EA970678636FBA98E57777731EA975B774D,3A9A80895E0F7DA12085D0CC2B4B4D9984F48C09C4E73497DDD88B319ED8F499,E19C96C34A1F6D78,1635
L-FRAME-00709,logical_frame,D:\magia\MyProducts\MagiaRe\Magia_CN_Project\dist\MagiaCN-r128-downloader-fix1.apk,assets/package/quest/quest_image0.plist,assets/package/quest/quest_image0.png,icon_dark.png,D:\magia\MyProducts\MagiaRe\Magia_CN_Project\dist\MagiaCN-r128-downloader-fix1.apk!/assets/package/quest/quest_image0.plist#frame:icon_dark.png,assets/package/quest/quest_image0.plist#frame:icon_dark.png,atlas-frames/assets/package/quest/quest_image0/icon_dark.png,1904,2,26,26,26,26,26,26,0.0,0.0,False,PNG,26,26,RGBA,1,True,D0053129A9BA0E31C473A9F79E8E34C5830AD0540EA435594C7B40D01E96AD63,890754E901F667DDFFB068CAF8BE1057C1575C855C117AF70555250A2252C690,CF6790904FC31ECE,1269
L-FRAME-00710,logical_frame,D:\magia\MyProducts\MagiaRe\Magia_CN_Project\dist\MagiaCN-r128-downloader-fix1.apk,assets/package/quest/quest_image0.plist,assets/package/quest/quest_image0.png,icon_fire.png,D:\magia\MyProducts\MagiaRe\Magia_CN_Project\dist\MagiaCN-r128-downloader-fix1.apk!/assets/package/quest/quest_image0.plist#frame:icon_fire.png,assets/package/quest/quest_image0.plist#frame:icon_fire.png,atlas-frames/assets/package/quest/quest_image0/icon_fire.png,1903,48,26,26,26,26,26,26,0.0,0.0,False,PNG,26,26,RGBA,1,True,75909F6EC21E7B60072B5FE68D36D466D3DF1DD8CAE0D4BEEFC2CB68474E5002,F875A87209D2ACCBDE68476DF574A915B95B047BA1FDEFAED03C5D349557C3DE,986907F64E9969CE,1218
L-FRAME-00711,logical_frame,D:\magia\MyProducts\MagiaRe\Magia_CN_Project\dist\MagiaCN-r128-downloader-fix1.apk,assets/package/quest/quest_image0.plist,assets/package/quest/quest_image0.png,icon_green.png,D:\magia\MyProducts\MagiaRe\Magia_CN_Project\dist\MagiaCN-r128-downloader-fix1.apk!/assets/package/quest/quest_image0.plist#frame:icon_green.png,assets/package/quest/quest_image0.plist#frame:icon_green.png,atlas-frames/assets/package/quest/quest_image0/icon_green.png,1903,76,26,26,26,26,26,26,0.0,0.0,False,PNG,26,26,RGBA,1,True,B44680ABB22C4C0502A4FF05130B2E8928805F5B8330CAF6D7510A7CB1AB0FDF,BF1942439D8B31968393730B570A70A8B298CDB4183680C0BBE0DDAD5BAD662D,D96516924BCE3C9E,1115
L-FRAME-00712,logical_frame,D:\magia\MyProducts\MagiaRe\Magia_CN_Project\dist\MagiaCN-r128-downloader-fix1.apk,assets/package/quest/quest_image0.plist,assets/package/quest/quest_image0.png,icon_light.png,D:\magia\MyProducts\MagiaRe\Magia_CN_Project\dist\MagiaCN-r128-downloader-fix1.apk!/assets/package/quest/quest_image0.plist#frame:icon_light.png,assets/package/quest/quest_image0.plist#frame:icon_light.png,atlas-frames/assets/package/quest/quest_image0/icon_light.png,1647,763,26,26,26,26,26,26,0.0,0.0,False,PNG,26,26,RGBA,1,True,816079BDB8F86D81A53E88662B6617FF6DE62544F76D5C2637FAA767402858D7,846C36FD1458EF0CCB5CF1CDC623EAF18C09DC0B71CDF529308187914BF6C415,916D06B54B967A97,1285
L-FRAME-00713,logical_frame,D:\magia\MyProducts\MagiaRe\Magia_CN_Project\dist\MagiaCN-r128-downloader-fix1.apk,assets/package/quest/quest_image0.plist,assets/package/quest/quest_image0.png,icon_void.png,D:\magia\MyProducts\MagiaRe\Magia_CN_Project\dist\MagiaCN-r128-downloader-fix1.apk!/assets/package/quest/quest_image0.plist#frame:icon_void.png,assets/package/quest/quest_image0.plist#frame:icon_void.png,atlas-frames/assets/package/quest/quest_image0/icon_void.png,1601,828,26,26,26,26,26,26,0.0,0.0,False,PNG,26,26,RGBA,1,True,7F57200A0F2F8FADF3BCDE16E405473EB67EA362632EDCF2E9DA9B87C23454CF,D29B7ED422EA0FF73CC7322C85C34A556BD8DD4D23698AAD9D66BFF4740F8421,CB3B94E4C6864BCD,1506
L-FRAME-00714,logical_frame,D:\magia\MyProducts\MagiaRe\Magia_CN_Project\dist\MagiaCN-r128-downloader-fix1.apk,assets/package/quest/quest_image0.plist,assets/package/quest/quest_image0.png,icon_water.png,D:\magia\MyProducts\MagiaRe\Magia_CN_Project\dist\MagiaCN-r128-downloader-fix1.apk!/assets/package/quest/quest_image0.plist#frame:icon_water.png,assets/package/quest/quest_image0.plist#frame:icon_water.png,atlas-frames/assets/package/quest/quest_image0/icon_water.png,1629,828,26,26,26,26,26,26,0.0,0.0,False,PNG,26,26,RGBA,1,True,8B978B7187C45469F1CD7B92449651F98BFF16097D0E7FB145B42864EBC7C7A8,790505325CAF831A6CE41826DB92217E8305BB8A734A60A939A7EC2DBC1C755C,996746924BA779CA,1069
L-FRAME-00715,logical_frame,D:\magia\MyProducts\MagiaRe\Magia_CN_Project\dist\MagiaCN-r128-downloader-fix1.apk,assets/package/quest/quest_image0.plist,assets/package/quest/quest_image0.png,magia_b.png,D:\magia\MyProducts\MagiaRe\Magia_CN_Project\dist\MagiaCN-r128-downloader-fix1.apk!/assets/package/quest/quest_image0.plist#frame:magia_b.png,assets/package/quest/quest_image0.plist#frame:magia_b.png,atlas-frames/assets/package/quest/quest_image0/magia_b.png,1155,730,130,160,130,160,130,160,0.0,0.0,False,PNG,130,160,RGBA,1,True,B7D562E5203D2058669B14ED998BC18DFE373798D690F172649D71831404DE02,A29431F33BBBEAAF01A391DCA20275C2CB4DB01B12AD2E035B3D9855C6F43282,CDCE3E3160B6C5CC,15733
L-FRAME-00716,logical_frame,D:\magia\MyProducts\MagiaRe\Magia_CN_Project\dist\MagiaCN-r128-downloader-fix1.apk,assets/package/quest/quest_image0.plist,assets/package/quest/quest_image0.png,magia_b_back.png,D:\magia\MyProducts\MagiaRe\Magia_CN_Project\dist\MagiaCN-r128-downloader-fix1.apk!/assets/package/quest/quest_image0.plist#frame:magia_b_back.png,assets/package/quest/quest_image0.plist#frame:magia_b_back.png,atlas-frames/assets/package/quest/quest_image0/magia_b_back.png,1023,784,130,160,130,160,130,160,0.0,0.0,False,PNG,130,160,RGBA,1,True,4A094FCAEF88A24E8403423CDE16F8298CF0D275275E253D7AE633EE201CA7FE,39CFAE5099724CD56CA6504FB78FA91EF206B87EB7F15E295FAC3207BD5890D2,C5963E696133C7CC,14437
L-FRAME-00717,logical_frame,D:\magia\MyProducts\MagiaRe\Magia_CN_Project\dist\MagiaCN-r128-downloader-fix1.apk,assets/package/quest/quest_image0.plist,assets/package/quest/quest_image0.png,magia_b_g.png,D:\magia\MyProducts\MagiaRe\Magia_CN_Project\dist\MagiaCN-r128-downloader-fix1.apk!/assets/package/quest/quest_image0.plist#frame:magia_b_g.png,assets/package/quest/quest_image0.plist#frame:magia_b_g.png,atlas-frames/assets/package/quest/quest_image0/magia_b_g.png,891,784,130,160,130,160,130,160,0.0,0.0,False,PNG,130,160,RGBA,1,True,78868E47E7F0832A7515D5961DBA3ECFCAE5FCA93A76B2807B70446CA67F6B16,9E399B531E6ECB6000B81ED3FB7B228CF3E929DA7A26AF87FA3BE1AEFDBEE9CD,CDCE3E3160A6CDCC,13223
L-FRAME-00718,logical_frame,D:\magia\MyProducts\MagiaRe\Magia_CN_Project\dist\MagiaCN-r128-downloader-fix1.apk,assets/package/quest/quest_image0.plist,assets/package/quest/quest_image0.png,magia_d_01.png,D:\magia\MyProducts\MagiaRe\Magia_CN_Project\dist\MagiaCN-r128-downloader-fix1.apk!/assets/package/quest/quest_image0.plist#frame:magia_d_01.png,assets/package/quest/quest_image0.plist#frame:magia_d_01.png,atlas-frames/assets/package/quest/quest_image0/magia_d_01.png,1287,730,140,130,140,130,140,130,0.0,0.0,False,PNG,140,130,RGBA,1,True,E0E5EB11722279D881EC259AF5B5509C1180819917E06547056170D8A3F59BC1,5D568C605CE36FD55D3BC42717F529B7C2DD78A18A733AE2AB3161C1F571F8FC,8ECF6138A7C7929A,12464
L-FRAME-00719,logical_frame,D:\magia\MyProducts\MagiaRe\Magia_CN_Project\dist\MagiaCN-r128-downloader-fix1.apk,assets/package/quest/quest_image0.plist,assets/package/quest/quest_image0.png,magia_d_02.png,D:\magia\MyProducts\MagiaRe\Magia_CN_Project\dist\MagiaCN-r128-downloader-fix1.apk!/assets/package/quest/quest_image0.plist#frame:magia_d_02.png,assets/package/quest/quest_image0.plist#frame:magia_d_02.png,atlas-frames/assets/package/quest/quest_image0/magia_d_02.png,1856,157,34,34,34,34,34,34,0.0,0.0,False,PNG,34,34,RGBA,1,True,62EA97B5176D4A2842FD14A8D77A22FA73E0F7DB28A6111076D6E11DE19EBA94,4FED10384506F352D67A6AEBAE406B38C613618D17143E4D4E3E3D3BFDD05EC8,EA37B5C690C2DA8E,1385
L-FRAME-00720,logical_frame,D:\magia\MyProducts\MagiaRe\Magia_CN_Project\dist\MagiaCN-r128-downloader-fix1.apk,assets/package/quest/quest_image0.plist,assets/package/quest/quest_image0.png,magicsqbase.png,D:\magia\MyProducts\MagiaRe\Magia_CN_Project\dist\MagiaCN-r128-downloader-fix1.apk!/assets/package/quest/quest_image0.plist#frame:magicsqbase.png,assets/package/quest/quest_image0.plist#frame:magicsqbase.png,atlas-frames/assets/package/quest/quest_image0/magicsqbase.png,2,102,536,250,536,250,536,250,0.0,0.0,False,PNG,536,250,RGBA,1,True,C4231A690DF143844B9CFA0E79FC0E68711178018BEF015A6039AB3B6AF136B4,6C3B48A78ACF34EF0B1EDB8D86E55E4F9A45156B816C77DAB43DFD27649F2249,956E07277E9D70B0,20457
L-FRAME-00721,logical_frame,D:\magia\MyProducts\MagiaRe\Magia_CN_Project\dist\MagiaCN-r128-downloader-fix1.apk,assets/package/quest/quest_image0.plist,assets/package/quest/quest_image0.png,magicsqunit1.png,D:\magia\MyProducts\MagiaRe\Magia_CN_Project\dist\MagiaCN-r128-downloader-fix1.apk!/assets/package/quest/quest_image0.plist#frame:magicsqunit1.png,assets/package/quest/quest_image0.plist#frame:magicsqunit1.png,atlas-frames/assets/package/quest/quest_image0/magicsqunit1.png,1310,548,160,56,160,56,160,56,0.0,0.0,False,PNG,160,56,RGBA,1,True,D14EFCADBA52941399E84E44302A1C55D2AFAEC81F8402E65180CDC373E224D8,0D9CA616211E4DC53504C0EE1228920C2362D0D59FA404D8024F90EA0BEE2888,91D47A8F7DAC6609,2951
L-FRAME-00722,logical_frame,D:\magia\MyProducts\MagiaRe\Magia_CN_Project\dist\MagiaCN-r128-downloader-fix1.apk,assets/package/quest/quest_image0.plist,assets/package/quest/quest_image0.png,magicsqunit2.png,D:\magia\MyProducts\MagiaRe\Magia_CN_Project\dist\MagiaCN-r128-downloader-fix1.apk!/assets/package/quest/quest_image0.plist#frame:magicsqunit2.png,assets/package/quest/quest_image0.plist#frame:magicsqunit2.png,atlas-frames/assets/package/quest/quest_image0/magicsqunit2.png,1310,606,160,56,160,56,160,56,0.0,0.0,False,PNG,160,56,RGBA,1,True,309DA1EA0A163B2E194A92540D72C43A710DD5DC7169E2FE197A534B516B9AEC,A62E480E55756005A510619C24D7195ED4DAE510B039E336EFAA7B9F694BA7B3,91D47A8F7DAC6609,2944
L-FRAME-00723,logical_frame,D:\magia\MyProducts\MagiaRe\Magia_CN_Project\dist\MagiaCN-r128-downloader-fix1.apk,assets/package/quest/quest_image0.plist,assets/package/quest/quest_image0.png,magicsqunit3.png,D:\magia\MyProducts\MagiaRe\Magia_CN_Project\dist\MagiaCN-r128-downloader-fix1.apk!/assets/package/quest/quest_image0.plist#frame:magicsqunit3.png,assets/package/quest/quest_image0.plist#frame:magicsqunit3.png,atlas-frames/assets/package/quest/quest_image0/magicsqunit3.png,955,946,160,56,160,56,160,56,0.0,0.0,False,PNG,160,56,RGBA,1,True,3F7D7E223C24A138BF23F42D2FEB3F987D30ACA9851F6EFE5E55E381B37E5886,665FB6D66A9437D149E7F28992CC608B874D97DA794AEC5D08784F1625FB116D,91D47A8F7DAC6609,2928
L-FRAME-00724,logical_frame,D:\magia\MyProducts\MagiaRe\Magia_CN_Project\dist\MagiaCN-r128-downloader-fix1.apk,assets/package/quest/quest_image0.plist,assets/package/quest/quest_image0.png,magicsqunit4.png,D:\magia\MyProducts\MagiaRe\Magia_CN_Project\dist\MagiaCN-r128-downloader-fix1.apk!/assets/package/quest/quest_image0.plist#frame:magicsqunit4.png,assets/package/quest/quest_image0.plist#frame:magicsqunit4.png,atlas-frames/assets/package/quest/quest_image0/magicsqunit4.png,1279,950,160,56,160,56,160,56,0.0,0.0,False,PNG,160,56,RGBA,1,True,41939D829C31B275D8F2153E9E5D2EBE08DF495C9784CDCC968C2B8E0A96FC09,425E3E9E37EDA3F396C4210459AAA6E52E9C9807037AD59B883EFD090984F3AE,91D47A8F7DAC6609,2946
L-FRAME-00725,logical_frame,D:\magia\MyProducts\MagiaRe\Magia_CN_Project\dist\MagiaCN-r128-downloader-fix1.apk,assets/package/quest/quest_image0.plist,assets/package/quest/quest_image0.png,magicsqunit5.png,D:\magia\MyProducts\MagiaRe\Magia_CN_Project\dist\MagiaCN-r128-downloader-fix1.apk!/assets/package/quest/quest_image0.plist#frame:magicsqunit5.png,assets/package/quest/quest_image0.plist#frame:magicsqunit5.png,atlas-frames/assets/package/quest/quest_image0/magicsqunit5.png,1279,892,160,56,160,56,160,56,0.0,0.0,False,PNG,160,56,RGBA,1,True,30E180D23BA41C396A60FA2DE14A927A2F40F9D321638AFF80EAFE6F776B7ABA,1CC391571C118EFB2FD82BCF4302F48510E68FBF8E0A3915FC5EBF4D3E6082FE,91D47A8F7DAC6609,2919
L-FRAME-00726,logical_frame,D:\magia\MyProducts\MagiaRe\Magia_CN_Project\dist\MagiaCN-r128-downloader-fix1.apk,assets/package/quest/quest_image0.plist,assets/package/quest/quest_image0.png,magicsqunit6.png,D:\magia\MyProducts\MagiaRe\Magia_CN_Project\dist\MagiaCN-r128-downloader-fix1.apk!/assets/package/quest/quest_image0.plist#frame:magicsqunit6.png,assets/package/quest/quest_image0.plist#frame:magicsqunit6.png,atlas-frames/assets/package/quest/quest_image0/magicsqunit6.png,1202,672,160,56,160,56,160,56,0.0,0.0,False,PNG,160,56,RGBA,1,True,A3ADF0F3636ABB41942BE6726775953987835DEC56FBE6A8CF70E80A98F6A786,80FF4C5D32725D2B4EB3C1F886AB3910C9663264820551104C8FDACD70647E46,91D47A8F7DAC6609,2943
L-FRAME-00727,logical_frame,D:\magia\MyProducts\MagiaRe\Magia_CN_Project\dist\MagiaCN-r128-downloader-fix1.apk,assets/package/quest/quest_image0.plist,assets/package/quest/quest_image0.png,magicsqunit7.png,D:\magia\MyProducts\MagiaRe\Magia_CN_Project\dist\MagiaCN-r128-downloader-fix1.apk!/assets/package/quest/quest_image0.plist#frame:magicsqunit7.png,assets/package/quest/quest_image0.plist#frame:magicsqunit7.png,atlas-frames/assets/package/quest/quest_image0/magicsqunit7.png,1117,946,160,56,160,56,160,56,0.0,0.0,False,PNG,160,56,RGBA,1,True,FFB44BCFFFC32AE33E04121FE1745DDF90E48ACEF8F1BC4CD7F34D0BED50FF4D,ADCFA6AC5E80F07F93A579093F0F025BA9E395CA6DA27AB6C27DAE3ACCE4FDBD,91D47A8F7DAC6609,2940
L-FRAME-00728,logical_frame,D:\magia\MyProducts\MagiaRe\Magia_CN_Project\dist\MagiaCN-r128-downloader-fix1.apk,assets/package/quest/quest_image0.plist,assets/package/quest/quest_image0.png,magicsqunit8.png,D:\magia\MyProducts\MagiaRe\Magia_CN_Project\dist\MagiaCN-r128-downloader-fix1.apk!/assets/package/quest/quest_image0.plist#frame:magicsqunit8.png,assets/package/quest/quest_image0.plist#frame:magicsqunit8.png,atlas-frames/assets/package/quest/quest_image0/magicsqunit8.png,1446,2,160,56,160,56,160,56,0.0,0.0,False,PNG,160,56,RGBA,1,True,945CE64B401333720895A6AC56A3DAA31F7179869E01D363806F276B61035B4E,B00283F2A7F51EEBE9C6F9EF0B646B6B637B49ACFA864379181E6D76B45D2810,91D47A8F7DAC6609,2951
L-FRAME-00729,logical_frame,D:\magia\MyProducts\MagiaRe\Magia_CN_Project\dist\MagiaCN-r128-downloader-fix1.apk,assets/package/quest/quest_image0.plist,assets/package/quest/quest_image0.png,magicsqunit9.png,D:\magia\MyProducts\MagiaRe\Magia_CN_Project\dist\MagiaCN-r128-downloader-fix1.apk!/assets/package/quest/quest_image0.plist#frame:magicsqunit9.png,assets/package/quest/quest_image0.plist#frame:magicsqunit9.png,atlas-frames/assets/package/quest/quest_image0/magicsqunit9.png,1040,672,160,56,160,56,160,56,0.0,0.0,False,PNG,160,56,RGBA,1,True,2C310E771039BC5DA06A07C67F508353E295B2A7BA6CCA75E46AE36DF5A88E07,4C7A156B25AAC36E41514604DE2530F131F8B19F13401753D6F991AE02E261EB,D1D47A8F7CAC6609,2960
L-FRAME-00730,logical_frame,D:\magia\MyProducts\MagiaRe\Magia_CN_Project\dist\MagiaCN-r128-downloader-fix1.apk,assets/package/quest/quest_image0.plist,assets/package/quest/quest_image0.png,mp_nm00.png,D:\magia\MyProducts\MagiaRe\Magia_CN_Project\dist\MagiaCN-r128-downloader-fix1.apk!/assets/package/quest/quest_image0.plist#frame:mp_nm00.png,assets/package/quest/quest_image0.plist#frame:mp_nm00.png,atlas-frames/assets/package/quest/quest_image0/mp_nm00.png,999,420,22,29,22,29,22,29,0.0,0.0,False,PNG,22,29,RGBA,1,True,09762979B0A222120AF8D3BB5F1D28F9744A45DB2F23DEB027FABAC3D812B5C6,C7B72979ED3828CAE8EABA2D424F27FD21C5355495BDEC92564C794E4535D472,E0C37F1F3D3C3430,988
L-FRAME-00731,logical_frame,D:\magia\MyProducts\MagiaRe\Magia_CN_Project\dist\MagiaCN-r128-downloader-fix1.apk,assets/package/quest/quest_image0.plist,assets/package/quest/quest_image0.png,mp_nm01.png,D:\magia\MyProducts\MagiaRe\Magia_CN_Project\dist\MagiaCN-r128-downloader-fix1.apk!/assets/package/quest/quest_image0.plist#frame:mp_nm01.png,assets/package/quest/quest_image0.plist#frame:mp_nm01.png,atlas-frames/assets/package/quest/quest_image0/mp_nm01.png,1410,664,16,29,16,29,16,29,0.0,0.0,False,PNG,16,29,RGBA,1,True,5C6C462E13180DF217BD28D913CB42DB35DA98D06DBA9DFEBE3378A115BDFB28,AF4B961489EE5D9CE73B0DDE7AC100319698E8DA4E66C979CDB5432169B9A73C,D69E496168636F47,610
L-FRAME-00732,logical_frame,D:\magia\MyProducts\MagiaRe\Magia_CN_Project\dist\MagiaCN-r128-downloader-fix1.apk,assets/package/quest/quest_image0.plist,assets/package/quest/quest_image0.png,mp_nm02.png,D:\magia\MyProducts\MagiaRe\Magia_CN_Project\dist\MagiaCN-r128-downloader-fix1.apk!/assets/package/quest/quest_image0.plist#frame:mp_nm02.png,assets/package/quest/quest_image0.plist#frame:mp_nm02.png,atlas-frames/assets/package/quest/quest_image0/mp_nm02.png,975,420,22,29,22,29,22,29,0.0,0.0,False,PNG,22,29,RGBA,1,True,64B3589EA677AB8D0DFE334026D7AB24CC0C7FA57CA93F1779A0AF330BB44C0D,3673DF7BA3D93B6EAB6F9902F3DF814A3E40B0C50CD4A3D75808EC22295638A9,B6920DE979662C3D,901
L-FRAME-00733,logical_frame,D:\magia\MyProducts\MagiaRe\Magia_CN_Project\dist\MagiaCN-r128-downloader-fix1.apk,assets/package/quest/quest_image0.plist,assets/package/quest/quest_image0.png,mp_nm03.png,D:\magia\MyProducts\MagiaRe\Magia_CN_Project\dist\MagiaCN-r128-downloader-fix1.apk!/assets/package/quest/quest_image0.plist#frame:mp_nm03.png,assets/package/quest/quest_image0.plist#frame:mp_nm03.png,atlas-frames/assets/package/quest/quest_image0/mp_nm03.png,1084,245,22,29,22,29,22,29,0.0,0.0,False,PNG,22,29,RGBA,1,True,9AD6031B95C656D7EAB336554201A8147E06ED2DC5B3A9D8F45B7D5DD2B17760,66A37A4269F0440067D22AF8AE1D8312D81498E2B4814464C347A2572871909A,B69621CD6B697474,1074
L-FRAME-00734,logical_frame,D:\magia\MyProducts\MagiaRe\Magia_CN_Project\dist\MagiaCN-r128-downloader-fix1.apk,assets/package/quest/quest_image0.plist,assets/package/quest/quest_image0.png,mp_nm04.png,D:\magia\MyProducts\MagiaRe\Magia_CN_Project\dist\MagiaCN-r128-downloader-fix1.apk!/assets/package/quest/quest_image0.plist#frame:mp_nm04.png,assets/package/quest/quest_image0.plist#frame:mp_nm04.png,atlas-frames/assets/package/quest/quest_image0/mp_nm04.png,706,678,24,29,24,29,24,29,0.0,0.0,False,PNG,24,29,RGBA,1,True,7F0AB2D726ED611986CB5EB26E8E3E1AD5CC1C5AD927202E74DD0209B653F022,31161D0F7C1263ADEDB6BA77D722E00F1FCC7D08FB140CF9CDB4C880074C41ED,D29BED01676ECC68,790
L-FRAME-00735,logical_frame,D:\magia\MyProducts\MagiaRe\Magia_CN_Project\dist\MagiaCN-r128-downloader-fix1.apk,assets/package/quest/quest_image0.plist,assets/package/quest/quest_image0.png,mp_nm05.png,D:\magia\MyProducts\MagiaRe\Magia_CN_Project\dist\MagiaCN-r128-downloader-fix1.apk!/assets/package/quest/quest_image0.plist#frame:mp_nm05.png,assets/package/quest/quest_image0.plist#frame:mp_nm05.png,atlas-frames/assets/package/quest/quest_image0/mp_nm05.png,1273,379,21,29,21,29,21,29,0.0,0.0,False,PNG,21,29,RGBA,1,True,909694AB271C79AC653EB5EB18D6460FA3A8E1CB956D43B7A673A2507190A210,DA5694433160BC698141AF8F78105267314E392C43E352CE9C97F96E3083CAA4,C2CB2BDE3E286D31,882
L-FRAME-00736,logical_frame,D:\magia\MyProducts\MagiaRe\Magia_CN_Project\dist\MagiaCN-r128-downloader-fix1.apk,assets/package/quest/quest_image0.plist,assets/package/quest/quest_image0.png,mp_nm06.png,D:\magia\MyProducts\MagiaRe\Magia_CN_Project\dist\MagiaCN-r128-downloader-fix1.apk!/assets/package/quest/quest_image0.plist#frame:mp_nm06.png,assets/package/quest/quest_image0.plist#frame:mp_nm06.png,atlas-frames/assets/package/quest/quest_image0/mp_nm06.png,1131,730,22,29,22,29,22,29,0.0,0.0,False,PNG,22,29,RGBA,1,True,20679E87FC4E35A99B1ACD00862AE6A5CC16A860BC80C6673DB63B6F7BCAC744,D5BE4D9AF69290FDC1912231CB013BBC5F37F6B92B57C8B6310991F961EE6E21,E3CA7E14F05A6167,1071
L-FRAME-00737,logical_frame,D:\magia\MyProducts\MagiaRe\Magia_CN_Project\dist\MagiaCN-r128-downloader-fix1.apk,assets/package/quest/quest_image0.plist,assets/package/quest/quest_image0.png,mp_nm07.png,D:\magia\MyProducts\MagiaRe\Magia_CN_Project\dist\MagiaCN-r128-downloader-fix1.apk!/assets/package/quest/quest_image0.plist#frame:mp_nm07.png,assets/package/quest/quest_image0.plist#frame:mp_nm07.png,atlas-frames/assets/package/quest/quest_image0/mp_nm07.png,928,946,22,29,22,29,22,29,0.0,0.0,False,PNG,22,29,RGBA,1,True,DBAB3CBACB489ACFC8BAC2CA247D34F7B7A41D7AB377460C080AF1687A0AA162,11E2C4DC7FAA5EBF2CB5F91A680635AAD7880ACBBE12EE158202356ADB4BDC52,B2C214496B6E7E2F,764
L-FRAME-00738,logical_frame,D:\magia\MyProducts\MagiaRe\Magia_CN_Project\dist\MagiaCN-r128-downloader-fix1.apk,assets/package/quest/quest_image0.plist,assets/package/quest/quest_image0.png,mp_nm08.png,D:\magia\MyProducts\MagiaRe\Magia_CN_Project\dist\MagiaCN-r128-downloader-fix1.apk!/assets/package/quest/quest_image0.plist#frame:mp_nm08.png,assets/package/quest/quest_image0.plist#frame:mp_nm08.png,atlas-frames/assets/package/quest/quest_image0/mp_nm08.png,706,709,22,29,22,29,22,29,0.0,0.0,False,PNG,22,29,RGBA,1,True,C5AB31C1149CDE0D7EEB71166BB2E644150DA6E4AFDBAF933669EC96DFA110A8,A101CA243FA5565A4851BA144DFE94B3C68DA472B45A8AFDD0539150AEAB4AB4,83833C3D6F4F3472,1119
L-FRAME-00739,logical_frame,D:\magia\MyProducts\MagiaRe\Magia_CN_Project\dist\MagiaCN-r128-downloader-fix1.apk,assets/package/quest/quest_image0.plist,assets/package/quest/quest_image0.png,mp_nm09.png,D:\magia\MyProducts\MagiaRe\Magia_CN_Project\dist\MagiaCN-r128-downloader-fix1.apk!/assets/package/quest/quest_image0.plist#frame:mp_nm09.png,assets/package/quest/quest_image0.plist#frame:mp_nm09.png,atlas-frames/assets/package/quest/quest_image0/mp_nm09.png,1084,214,22,29,22,29,22,29,0.0,0.0,False,PNG,22,29,RGBA,1,True,DA1425E9716AE73495DF965DFB132BCC64BF4066A12DABD448A65723D3DB8DAD,9EE599E7CDADC73F1C8765DCFA5CE3F8C6E2EAF5D1566B69AE511988FC702463,B6C02B7E2D6834ED,1115
L-FRAME-00740,logical_frame,D:\magia\MyProducts\MagiaRe\Magia_CN_Project\dist\MagiaCN-r128-downloader-fix1.apk,assets/package/quest/quest_image0.plist,assets/package/quest/quest_image0.png,qb_menu_01.png,D:\magia\MyProducts\MagiaRe\Magia_CN_Project\dist\MagiaCN-r128-downloader-fix1.apk!/assets/package/quest/quest_image0.plist#frame:qb_menu_01.png,assets/package/quest/quest_image0.plist#frame:qb_menu_01.png,atlas-frames/assets/package/quest/quest_image0/qb_menu_01.png,1429,816,84,38,84,38,84,38,0.0,0.0,False,PNG,84,38,RGBA,1,True,5F9E3DB354132EE534A44B3D0C782EAFC90FF6E36DFA90CD46B78FE4F3E2D294,082C1A3EF20F0748CF544DBD331FEB5A0C4A3D949A69785066955E16395926D5,D4C04B693E3E4B3D,2905
L-FRAME-00741,logical_frame,D:\magia\MyProducts\MagiaRe\Magia_CN_Project\dist\MagiaCN-r128-downloader-fix1.apk,assets/package/quest/quest_image0.plist,assets/package/quest/quest_image0.png,qb_menu_02.png,D:\magia\MyProducts\MagiaRe\Magia_CN_Project\dist\MagiaCN-r128-downloader-fix1.apk!/assets/package/quest/quest_image0.plist#frame:qb_menu_02.png,assets/package/quest/quest_image0.plist#frame:qb_menu_02.png,atlas-frames/assets/package/quest/quest_image0/qb_menu_02.png,1579,616,84,38,84,38,84,38,0.0,0.0,False,PNG,84,38,RGBA,1,True,D3908C75A0B27D9C7370D25924359FD843149E5483CEA0E18C8F5C6EBF13F756,E51C86D97F8592AC0FBFE911CDA0E323519DE15F0D88010EE4755F1C12AA4C37,94C06B6B3C3FC13D,2555
L-FRAME-00742,logical_frame,D:\magia\MyProducts\MagiaRe\Magia_CN_Project\dist\MagiaCN-r128-downloader-fix1.apk,assets/package/quest/quest_image0.plist,assets/package/quest/quest_image0.png,qb_menu_03.png,D:\magia\MyProducts\MagiaRe\Magia_CN_Project\dist\MagiaCN-r128-downloader-fix1.apk!/assets/package/quest/quest_image0.plist#frame:qb_menu_03.png,assets/package/quest/quest_image0.plist#frame:qb_menu_03.png,atlas-frames/assets/package/quest/quest_image0/qb_menu_03.png,1515,776,84,38,84,38,84,38,0.0,0.0,False,PNG,84,38,RGBA,1,True,3B269B8988BBE6E46B309DE8F912A855AFEA10FFF7CEB5F7CCA902EB86018EF1,AA1AB8C249069394F97636B34AE7C0903EE5C56C65D6176B7E3449E373C8E6AB,90C04F6B3C3FC33D,2168
L-FRAME-00743,logical_frame,D:\magia\MyProducts\MagiaRe\Magia_CN_Project\dist\MagiaCN-r128-downloader-fix1.apk,assets/package/quest/quest_image0.plist,assets/package/quest/quest_image0.png,quest_number0.png,D:\magia\MyProducts\MagiaRe\Magia_CN_Project\dist\MagiaCN-r128-downloader-fix1.apk!/assets/package/quest/quest_image0.plist#frame:quest_number0.png,assets/package/quest/quest_image0.plist#frame:quest_number0.png,atlas-frames/assets/package/quest/quest_image0/quest_number0.png,1597,704,44,60,44,60,44,60,0.0,0.0,False,PNG,44,60,RGBA,1,True,65D4D34338BF3AE010A46051233AB091967B52DFBD5C665A5229FD8F3AC21041,93E1BCE82E706B6E86326450A74B57E6920A5C244F00BD4951BC13EE0391E299,87695A97699E6598,2377
L-FRAME-00744,logical_frame,D:\magia\MyProducts\MagiaRe\Magia_CN_Project\dist\MagiaCN-r128-downloader-fix1.apk,assets/package/quest/quest_image0.plist,assets/package/quest/quest_image0.png,quest_number1.png,D:\magia\MyProducts\MagiaRe\Magia_CN_Project\dist\MagiaCN-r128-downloader-fix1.apk!/assets/package/quest/quest_image0.plist#frame:quest_number1.png,assets/package/quest/quest_image0.plist#frame:quest_number1.png,atlas-frames/assets/package/quest/quest_image0/quest_number1.png,671,572,33,59,33,59,33,59,0.0,0.0,False,PNG,33,59,RGBA,1,True,BFBFEF302255CB13E81FFF31CDFD3642D398DAB3D678AC787257589E2309E280,81C947BC0F49CEF72529E552EF98DD94C6EDCA2037A7C568F2E6A1D276996BB2,924D6DB2693367C6,1412
L-FRAME-00745,logical_frame,D:\magia\MyProducts\MagiaRe\Magia_CN_Project\dist\MagiaCN-r128-downloader-fix1.apk,assets/package/quest/quest_image0.plist,assets/package/quest/quest_image0.png,quest_number2.png,D:\magia\MyProducts\MagiaRe\Magia_CN_Project\dist\MagiaCN-r128-downloader-fix1.apk!/assets/package/quest/quest_image0.plist#frame:quest_number2.png,assets/package/quest/quest_image0.plist#frame:quest_number2.png,atlas-frames/assets/package/quest/quest_image0/quest_number2.png,1771,196,44,59,44,59,44,59,0.0,0.0,False,PNG,44,59,RGBA,1,True,7A55FCEBF2C51002317CF7EF958BEA70360DA2592893752A0FACE371AF950B04,6CD6CDBAA580EEBB8D8DF88557E3E75E9BFDBEF210861FAB1E0DE12B24AA2629,D63A65CD39E62C91,2090
L-FRAME-00746,logical_frame,D:\magia\MyProducts\MagiaRe\Magia_CN_Project\dist\MagiaCN-r128-downloader-fix1.apk,assets/package/quest/quest_image0.plist,assets/package/quest/quest_image0.png,quest_number3.png,D:\magia\MyProducts\MagiaRe\Magia_CN_Project\dist\MagiaCN-r128-downloader-fix1.apk!/assets/package/quest/quest_image0.plist#frame:quest_number3.png,assets/package/quest/quest_image0.plist#frame:quest_number3.png,atlas-frames/assets/package/quest/quest_image0/quest_number3.png,1551,704,44,60,44,60,44,60,0.0,0.0,False,PNG,44,60,RGBA,1,True,6073019A7256932CA0D4B2B40922A90C216E62F2FCADA7B74870FAD0D5170120,23CF07992BDF36897FA9F5C88DFE8FF0D97060D5F4F9D0C84D781C6EE69C9238,966B69B469CB34C3,2612
L-FRAME-00747,logical_frame,D:\magia\MyProducts\MagiaRe\Magia_CN_Project\dist\MagiaCN-r128-downloader-fix1.apk,assets/package/quest/quest_image0.plist,assets/package/quest/quest_image0.png,quest_number4.png,D:\magia\MyProducts\MagiaRe\Magia_CN_Project\dist\MagiaCN-r128-downloader-fix1.apk!/assets/package/quest/quest_image0.plist#frame:quest_number4.png,assets/package/quest/quest_image0.plist#frame:quest_number4.png,atlas-frames/assets/package/quest/quest_image0/quest_number4.png,1643,656,46,59,46,59,46,59,0.0,0.0,False,PNG,46,59,RGBA,1,True,86CC556864D0E678D13264E2CDC6C4CB013151D8E27E4C2BEE37B04BDB6AEF9F,DAE45E5B00616442C2DAA2E0E50FB1BA90D44C7EE3DF5CC234B8B998DA27EE26,926D2DC1673ECC71,2002
L-FRAME-00748,logical_frame,D:\magia\MyProducts\MagiaRe\Magia_CN_Project\dist\MagiaCN-r128-downloader-fix1.apk,assets/package/quest/quest_image0.plist,assets/package/quest/quest_image0.png,quest_number5.png,D:\magia\MyProducts\MagiaRe\Magia_CN_Project\dist\MagiaCN-r128-downloader-fix1.apk!/assets/package/quest/quest_image0.plist#frame:quest_number5.png,assets/package/quest/quest_image0.plist#frame:quest_number5.png,atlas-frames/assets/package/quest/quest_image0/quest_number5.png,1541,219,43,60,43,60,43,60,0.0,0.0,False,PNG,43,60,RGBA,1,True,263647C044962B402C927F9C6BDB4B45D4ADD8C705942B2FB2431E395789A1BA,C8DECA1653D1BB50130795AB3436D3BEB438D10A67B4C4CB359885F230A41CC0,926B69B63DC93469,2383
L-FRAME-00749,logical_frame,D:\magia\MyProducts\MagiaRe\Magia_CN_Project\dist\MagiaCN-r128-downloader-fix1.apk,assets/package/quest/quest_image0.plist,assets/package/quest/quest_image0.png,quest_number6.png,D:\magia\MyProducts\MagiaRe\Magia_CN_Project\dist\MagiaCN-r128-downloader-fix1.apk!/assets/package/quest/quest_image0.plist#frame:quest_number6.png,assets/package/quest/quest_image0.plist#frame:quest_number6.png,atlas-frames/assets/package/quest/quest_image0/quest_number6.png,1601,766,44,60,44,60,44,60,0.0,0.0,False,PNG,44,60,RGBA,1,True,653432A6A9CA97ECB57C89264FD085E4EE77DDFC8D7A728981F192533B0C8B79,1149A1510F36AAEC59B18916BF59120EF1AA8005639C930F3A184757612417CF,C3691EB478CB616D,2757
L-FRAME-00750,logical_frame,D:\magia\MyProducts\MagiaRe\Magia_CN_Project\dist\MagiaCN-r128-downloader-fix1.apk,assets/package/quest/quest_image0.plist,assets/package/quest/quest_image0.png,quest_number7.png,D:\magia\MyProducts\MagiaRe\Magia_CN_Project\dist\MagiaCN-r128-downloader-fix1.apk!/assets/package/quest/quest_image0.plist#frame:quest_number7.png,assets/package/quest/quest_image0.plist#frame:quest_number7.png,atlas-frames/assets/package/quest/quest_image0/quest_number7.png,1817,196,45,59,45,59,45,59,0.0,0.0,False,PNG,45,59,RGBA,1,True,C0818C0022B1AD3F35F3A45B0AD7DAC40F7ECE62CB7606D6FE900A29A5D10E14,F68FC87AC056BC211E5E6C8B4A8F72BA974DDD98D7AD118B0E52BD64DD4369EE,9C3364C9736E382F,1670
L-FRAME-00751,logical_frame,D:\magia\MyProducts\MagiaRe\Magia_CN_Project\dist\MagiaCN-r128-downloader-fix1.apk,assets/package/quest/quest_image0.plist,assets/package/quest/quest_image0.png,quest_number8.png,D:\magia\MyProducts\MagiaRe\Magia_CN_Project\dist\MagiaCN-r128-downloader-fix1.apk!/assets/package/quest/quest_image0.plist#frame:quest_number8.png,assets/package/quest/quest_image0.plist#frame:quest_number8.png,atlas-frames/assets/package/quest/quest_image0/quest_number8.png,1364,664,44,60,44,60,44,60,0.0,0.0,False,PNG,44,60,RGBA,1,True,63C253D3271449220E304ABC38FA6DB73C7BF3733A2AB81395D5FD19B257B5E5,74E73EC259484E5639C7901D9BC7340700500869CFD4928491C0C2333BDD4BEA,C33F3CB00BCF3493,2685
L-FRAME-00752,logical_frame,D:\magia\MyProducts\MagiaRe\Magia_CN_Project\dist\MagiaCN-r128-downloader-fix1.apk,assets/package/quest/quest_image0.plist,assets/package/quest/quest_image0.png,quest_number9.png,D:\magia\MyProducts\MagiaRe\Magia_CN_Project\dist\MagiaCN-r128-downloader-fix1.apk!/assets/package/quest/quest_image0.plist#frame:quest_number9.png,assets/package/quest/quest_image0.plist#frame:quest_number9.png,atlas-frames/assets/package/quest/quest_image0/quest_number9.png,1608,2,41,54,41,54,41,54,0.0,0.0,False,PNG,41,54,RGBA,1,True,C3C0D90C6824B38CB8776BFF1ACD414F3A2FBACEECD9092F03B1772CBB7CED24,F2ECA0F435CA7A159DEEB1462BBC0F8AF32BFFB0A89E0AA1E2ED3E084579147E,95614A9ECD7334CD,2575
L-FRAME-00753,logical_frame,D:\magia\MyProducts\MagiaRe\Magia_CN_Project\dist\MagiaCN-r128-downloader-fix1.apk,assets/package/quest/quest_image0.plist,assets/package/quest/quest_image0.png,qus_ability_base.png,D:\magia\MyProducts\MagiaRe\Magia_CN_Project\dist\MagiaCN-r128-downloader-fix1.apk!/assets/package/quest/quest_image0.plist#frame:qus_ability_base.png,assets/package/quest/quest_image0.plist#frame:qus_ability_base.png,atlas-frames/assets/package/quest/quest_image0/qus_ability_base.png,815,314,300,104,300,104,300,104,0.0,0.0,False,PNG,300,104,RGBA,1,True,193DB947D190ED858E76A4FE9F7D9E6642A80FF8058BC12DD6185C9BD332992A,9BD4E616CF5461DFCC0407091EFC0974659ACBDA56EC4A055AA63244C4430CF1,800007FFF7E7C1E3,4498
L-FRAME-00754,logical_frame,D:\magia\MyProducts\MagiaRe\Magia_CN_Project\dist\MagiaCN-r128-downloader-fix1.apk,assets/package/quest/quest_image0.plist,assets/package/quest/quest_image0.png,qus_att_dark.png,D:\magia\MyProducts\MagiaRe\Magia_CN_Project\dist\MagiaCN-r128-downloader-fix1.apk!/assets/package/quest/quest_image0.plist#frame:qus_att_dark.png,assets/package/quest/quest_image0.plist#frame:qus_att_dark.png,atlas-frames/assets/package/quest/quest_image0/qus_att_dark.png,1643,717,44,44,44,44,44,44,0.0,0.0,False,PNG,44,44,RGBA,1,True,946FB93FED7D3112FCB585D50EA2327BD63294EB4C097C7D521C60DF37060BE6,F27B9BEC53B8718A31FAFE7C93C2A950CFEA05855B962716C6EF744CC83BF454,EF679498C391CE46,2641
L-FRAME-00755,logical_frame,D:\magia\MyProducts\MagiaRe\Magia_CN_Project\dist\MagiaCN-r128-downloader-fix1.apk,assets/package/quest/quest_image0.plist,assets/package/quest/quest_image0.png,qus_att_fire.png,D:\magia\MyProducts\MagiaRe\Magia_CN_Project\dist\MagiaCN-r128-downloader-fix1.apk!/assets/package/quest/quest_image0.plist#frame:qus_att_fire.png,assets/package/quest/quest_image0.plist#frame:qus_att_fire.png,atlas-frames/assets/package/quest/quest_image0/qus_att_fire.png,1858,2,44,44,44,44,44,44,0.0,0.0,False,PNG,44,44,RGBA,1,True,D56B28BAF9C39DDFCA3C6AA4302C66C8966F48A8388033D70A96364A2C43BE4B,2BC526D548DC73AF43061BBDB8E2342F8200A3AFD9DEE40FF72EBB5EADB6C1D5,9A6905B6CE99CB96,2155
L-FRAME-00756,logical_frame,D:\magia\MyProducts\MagiaRe\Magia_CN_Project\dist\MagiaCN-r128-downloader-fix1.apk,assets/package/quest/quest_image0.plist,assets/package/quest/quest_image0.png,qus_att_light.png,D:\magia\MyProducts\MagiaRe\Magia_CN_Project\dist\MagiaCN-r128-downloader-fix1.apk!/assets/package/quest/quest_image0.plist#frame:qus_att_light.png,assets/package/quest/quest_image0.plist#frame:qus_att_light.png,atlas-frames/assets/package/quest/quest_image0/qus_att_light.png,1820,111,44,44,44,44,44,44,0.0,0.0,False,PNG,44,44,RGBA,1,True,514F3A1554E01DB7A02F0F852A974F834368768371834414332F8C61F0611E71,180908FA2AA5D8630CB417EF5531F468D800B6B9608EAFC22A9CE632943A2F03,D86F14B0CB961EC7,2542
L-FRAME-00757,logical_frame,D:\magia\MyProducts\MagiaRe\Magia_CN_Project\dist\MagiaCN-r128-downloader-fix1.apk,assets/package/quest/quest_image0.plist,assets/package/quest/quest_image0.png,qus_att_timber.png,D:\magia\MyProducts\MagiaRe\Magia_CN_Project\dist\MagiaCN-r128-downloader-fix1.apk!/assets/package/quest/quest_image0.plist#frame:qus_att_timber.png,assets/package/quest/quest_image0.plist#frame:qus_att_timber.png,atlas-frames/assets/package/quest/quest_image0/qus_att_timber.png,1857,60,44,44,44,44,44,44,0.0,0.0,False,PNG,44,44,RGBA,1,True,EF6A6047A0D4E0E8AA4020705B2A728F97BC4FF88A6A5D091D503D2F593632E2,A567BA665E92D3BBDDAA57A37729118C432C583F818A20BE17B8C453DADDEFA1,996514B2CB955ACF,1986
L-FRAME-00758,logical_frame,D:\magia\MyProducts\MagiaRe\Magia_CN_Project\dist\MagiaCN-r128-downloader-fix1.apk,assets/package/quest/quest_image0.plist,assets/package/quest/quest_image0.png,qus_att_void.png,D:\magia\MyProducts\MagiaRe\Magia_CN_Project\dist\MagiaCN-r128-downloader-fix1.apk!/assets/package/quest/quest_image0.plist#frame:qus_att_void.png,assets/package/quest/quest_image0.plist#frame:qus_att_void.png,atlas-frames/assets/package/quest/quest_image0/qus_att_void.png,1775,327,44,44,44,44,44,44,0.0,0.0,False,PNG,44,44,RGBA,1,True,3CE32072492BEA4C8B2008F038EC9D76907DA95067B88EE4FA1E3EC9C58C95A4,6B02C6957716C581208C929996EEA9EDBBA0959CCEF7D16520E30366EDC74B6B,CB3B94C44E964BCD,3012
L-FRAME-00759,logical_frame,D:\magia\MyProducts\MagiaRe\Magia_CN_Project\dist\MagiaCN-r128-downloader-fix1.apk,assets/package/quest/quest_image0.plist,assets/package/quest/quest_image0.png,qus_att_water.png,D:\magia\MyProducts\MagiaRe\Magia_CN_Project\dist\MagiaCN-r128-downloader-fix1.apk!/assets/package/quest/quest_image0.plist#frame:qus_att_water.png,assets/package/quest/quest_image0.plist#frame:qus_att_water.png,atlas-frames/assets/package/quest/quest_image0/qus_att_water.png,1037,265,44,44,44,44,44,44,0.0,0.0,False,PNG,44,44,RGBA,1,True,8B18F674B6F99BDFA317E92446192C885317615703B974C8F3CDC6B1F93267E5,3683117678FAA6FF0B92F03EE8840A8370CC5CB54B13394EBF22E3D8C1021ED4,9C63149ECBB4CAD3,2182
L-FRAME-00760,logical_frame,D:\magia\MyProducts\MagiaRe\Magia_CN_Project\dist\MagiaCN-r128-downloader-fix1.apk,assets/package/quest/quest_image0.plist,assets/package/quest/quest_image0.png,qus_btn_back.png,D:\magia\MyProducts\MagiaRe\Magia_CN_Project\dist\MagiaCN-r128-downloader-fix1.apk!/assets/package/quest/quest_image0.plist#frame:qus_btn_back.png,assets/package/quest/quest_image0.plist#frame:qus_btn_back.png,atlas-frames/assets/package/quest/quest_image0/qus_btn_back.png,946,265,89,43,89,43,89,43,0.0,0.0,False,PNG,89,43,RGBA,1,True,4275616987E7C93A53F3897A013C399D0FDFC001F783448676B0AE272E49822B,8DCD717280CA51D8A850BCB8E4EAC7A2FAFFE69D042AA2015F4B4B8B748ED561,85C63F877A3B7821,3414
L-FRAME-00761,logical_frame,D:\magia\MyProducts\MagiaRe\Magia_CN_Project\dist\MagiaCN-r128-downloader-fix1.apk,assets/package/quest/quest_image0.plist,assets/package/quest/quest_image0.png,qus_btn_back_push.png,D:\magia\MyProducts\MagiaRe\Magia_CN_Project\dist\MagiaCN-r128-downloader-fix1.apk!/assets/package/quest/quest_image0.plist#frame:qus_btn_back_push.png,assets/package/quest/quest_image0.plist#frame:qus_btn_back_push.png,atlas-frames/assets/package/quest/quest_image0/qus_btn_back_push.png,1040,730,89,43,89,43,89,43,0.0,0.0,False,PNG,89,43,RGBA,1,True,68AD06320F8831DCB16D68892137E6DC77CCB36BB546F56CA7C72219C6EE0BC6,39C72B5E0DC45ACBCC484D3315148C0A8AD2D6C0B7BD0417E376ECD9AE91CCD8,85D02F8F7ABF7820,3456
L-FRAME-00762,logical_frame,D:\magia\MyProducts\MagiaRe\Magia_CN_Project\dist\MagiaCN-r128-downloader-fix1.apk,assets/package/quest/quest_image0.plist,assets/package/quest/quest_image0.png,qus_chara_arrow_l.png,D:\magia\MyProducts\MagiaRe\Magia_CN_Project\dist\MagiaCN-r128-downloader-fix1.apk!/assets/package/quest/quest_image0.plist#frame:qus_chara_arrow_l.png,assets/package/quest/quest_image0.plist#frame:qus_chara_arrow_l.png,atlas-frames/assets/package/quest/quest_image0/qus_chara_arrow_l.png,1697,207,72,82,72,82,72,82,0.0,0.0,False,PNG,72,82,RGBA,1,True,79DE53C2270119457833CEAFDCDF509BA1A063A028DD8E51B558EB92B90CE7AC,7CBFC14895733D65383A592108819515067E4EB13D6B6612B6041CB82F0D3300,9A643B9BE6934D13,3356
L-FRAME-00763,logical_frame,D:\magia\MyProducts\MagiaRe\Magia_CN_Project\dist\MagiaCN-r128-downloader-fix1.apk,assets/package/quest/quest_image0.plist,assets/package/quest/quest_image0.png,qus_chara_arrow_r.png,D:\magia\MyProducts\MagiaRe\Magia_CN_Project\dist\MagiaCN-r128-downloader-fix1.apk!/assets/package/quest/quest_image0.plist#frame:qus_chara_arrow_r.png,assets/package/quest/quest_image0.plist#frame:qus_chara_arrow_r.png,atlas-frames/assets/package/quest/quest_image0/qus_chara_arrow_r.png,1746,112,72,82,72,82,72,82,0.0,0.0,False,PNG,72,82,RGBA,1,True,A02A941DDA14B9F7E6DF6F342E0E94D47F8F8EF45FFFC513ABE5F1C5F837EB00,B7F385120BE65418275948E921375674AA90EF6B2391AE17D44DAC4E4EA0222D,CF316ECEB3C61846,3256
L-FRAME-00764,logical_frame,D:\magia\MyProducts\MagiaRe\Magia_CN_Project\dist\MagiaCN-r128-downloader-fix1.apk,assets/package/quest/quest_image0.plist,assets/package/quest/quest_image0.png,qus_chara_base.png,D:\magia\MyProducts\MagiaRe\Magia_CN_Project\dist\MagiaCN-r128-downloader-fix1.apk!/assets/package/quest/quest_image0.plist#frame:qus_chara_base.png,assets/package/quest/quest_image0.plist#frame:qus_chara_base.png,atlas-frames/assets/package/quest/quest_image0/qus_chara_base.png,394,745,342,180,342,180,342,180,0.0,0.0,False,PNG,342,180,RGBA,1,True,84F3609FA0745F7F2E2BC59B1E9CD86EE65923D4F2C2E01E5ECCA2024E14D2B4,74FE0810C70CBE17389434714A2FD533BA9424D32786D538243C0F6F8737202D,815E297427F27727,9716
L-FRAME-00765,logical_frame,D:\magia\MyProducts\MagiaRe\Magia_CN_Project\dist\MagiaCN-r128-downloader-fix1.apk,assets/package/quest/quest_image0.plist,assets/package/quest/quest_image0.png,qus_chara_hp_gauge.png,D:\magia\MyProducts\MagiaRe\Magia_CN_Project\dist\MagiaCN-r128-downloader-fix1.apk!/assets/package/quest/quest_image0.plist#frame:qus_chara_hp_gauge.png,assets/package/quest/quest_image0.plist#frame:qus_chara_hp_gauge.png,atlas-frames/assets/package/quest/quest_image0/qus_chara_hp_gauge.png,2,907,142,18,142,18,142,18,0.0,0.0,False,PNG,142,18,RGBA,1,True,82447B578F0D8A0311942728C2606591A07E6AFBA8F91B7F70398467794F7C3C,E2AE090C14E51D305A01B607A668A415C22A7DD7A602867EA8AF12AE8B9893FE,FFF580015F2B2A55,513
L-FRAME-00766,logical_frame,D:\magia\MyProducts\MagiaRe\Magia_CN_Project\dist\MagiaCN-r128-downloader-fix1.apk,assets/package/quest/quest_image0.plist,assets/package/quest/quest_image0.png,qus_chara_hp_gauge_base.png,D:\magia\MyProducts\MagiaRe\Magia_CN_Project\dist\MagiaCN-r128-downloader-fix1.apk!/assets/package/quest/quest_image0.plist#frame:qus_chara_hp_gauge_base.png,assets/package/quest/quest_image0.plist#frame:qus_chara_hp_gauge_base.png,atlas-frames/assets/package/quest/quest_image0/qus_chara_hp_gauge_base.png,955,1008,122,10,122,10,122,10,0.0,0.0,False,PNG,122,10,RGBA,1,True,01FEC26A4FCB230B3B0D5F7C1B178A66540296EEAEB411B89D227F23433CAE5A,25794E1F1FC4526407B767B75CBBE4799DEDF7CFBC2A8969F45084763DF121C3,D4D42B2B2BD5D53B,154
L-FRAME-00767,logical_frame,D:\magia\MyProducts\MagiaRe\Magia_CN_Project\dist\MagiaCN-r128-downloader-fix1.apk,assets/package/quest/quest_image0.plist,assets/package/quest/quest_image0.png,qus_chara_hp_gauge_base_ex.png,D:\magia\MyProducts\MagiaRe\Magia_CN_Project\dist\MagiaCN-r128-downloader-fix1.apk!/assets/package/quest/quest_image0.plist#frame:qus_chara_hp_gauge_base_ex.png,assets/package/quest/quest_image0.plist#frame:qus_chara_hp_gauge_base_ex.png,atlas-frames/assets/package/quest/quest_image0/qus_chara_hp_gauge_base_ex.png,1117,408,122,10,122,10,122,10,0.0,0.0,False,PNG,122,10,RGBA,1,True,AEBFCC170AB2EF531880342179B6EBDA58C0D337500EA0A62C63EE69EB6D6B4C,A373F48BE65F1D99C513E84F6E9DC316375495CC7881DDA1F4881978F499C748,81817F7E7E80817F,189
L-FRAME-00768,logical_frame,D:\magia\MyProducts\MagiaRe\Magia_CN_Project\dist\MagiaCN-r128-downloader-fix1.apk,assets/package/quest/quest_image0.plist,assets/package/quest/quest_image0.png,qus_command_accele.png,D:\magia\MyProducts\MagiaRe\Magia_CN_Project\dist\MagiaCN-r128-downloader-fix1.apk!/assets/package/quest/quest_image0.plist#frame:qus_command_accele.png,assets/package/quest/quest_image0.plist#frame:qus_command_accele.png,atlas-frames/assets/package/quest/quest_image0/qus_command_accele.png,1690,450,53,49,53,49,53,49,0.0,0.0,False,PNG,53,49,RGBA,1,True,F58E470409E970C96A642C9C1559F85674098969B3D2648EC3F25196A46FAB73,87657F26BF476D3CF3F3A62503987C3B288EEEADC41253F29657DD799C4BEEF2,C1961F493AE9781F,4482
L-FRAME-00769,logical_frame,D:\magia\MyProducts\MagiaRe\Magia_CN_Project\dist\MagiaCN-r128-downloader-fix1.apk,assets/package/quest/quest_image0.plist,assets/package/quest/quest_image0.png,qus_command_blast_b.png,D:\magia\MyProducts\MagiaRe\Magia_CN_Project\dist\MagiaCN-r128-downloader-fix1.apk!/assets/package/quest/quest_image0.plist#frame:qus_command_blast_b.png,assets/package/quest/quest_image0.plist#frame:qus_command_blast_b.png,atlas-frames/assets/package/quest/quest_image0/qus_command_blast_b.png,1800,2,56,56,56,56,56,56,0.0,0.0,False,PNG,56,56,RGBA,1,True,62FEC1F81A8FA3E4395FFA28DCF5C7E9A6A8E74AEA9BE159E52F09EB258848F2,150320947E73989783D069D9BCB31B98587C1D16B53AE15C9E82F2F9E2E5E978,C1921E6978E53D1F,6055
L-FRAME-00770,logical_frame,D:\magia\MyProducts\MagiaRe\Magia_CN_Project\dist\MagiaCN-r128-downloader-fix1.apk,assets/package/quest/quest_image0.plist,assets/package/quest/quest_image0.png,qus_command_blast_h.png,D:\magia\MyProducts\MagiaRe\Magia_CN_Project\dist\MagiaCN-r128-downloader-fix1.apk!/assets/package/quest/quest_image0.plist#frame:qus_command_blast_h.png,assets/package/quest/quest_image0.plist#frame:qus_command_blast_h.png,atlas-frames/assets/package/quest/quest_image0/qus_command_blast_h.png,1748,392,49,49,49,49,49,49,0.0,0.0,False,PNG,49,49,RGBA,1,True,22457006498D1E9FF301A97A90C16316C2EDB426257F87EDD4DEE4EF35894CD6,27EC5B5ED1BC5750E727CE502735F383A1F3C41093336529DA882D3BBCEF01B0,D196056B3BE93E1C,4715
L-FRAME-00771,logical_frame,D:\magia\MyProducts\MagiaRe\Magia_CN_Project\dist\MagiaCN-r128-downloader-fix1.apk,assets/package/quest/quest_image0.plist,assets/package/quest/quest_image0.png,qus_command_blast_s.png,D:\magia\MyProducts\MagiaRe\Magia_CN_Project\dist\MagiaCN-r128-downloader-fix1.apk!/assets/package/quest/quest_image0.plist#frame:qus_command_blast_s.png,assets/package/quest/quest_image0.plist#frame:qus_command_blast_s.png,atlas-frames/assets/package/quest/quest_image0/qus_command_blast_s.png,1690,392,56,56,56,56,56,56,0.0,0.0,False,PNG,56,56,RGBA,1,True,D4D710E9E5EBDC8F9F08BA0B4AAA3D0BE25D1C49FD1EF2C08FDD7B84384F167A,D65F9501EED13562CDE73FDF2617E7FC9B4F34528AFF293273853E7EBFDF38D2,81963E6D78E5691E,6137
L-FRAME-00772,logical_frame,D:\magia\MyProducts\MagiaRe\Magia_CN_Project\dist\MagiaCN-r128-downloader-fix1.apk,assets/package/quest/quest_image0.plist,assets/package/quest/quest_image0.png,qus_command_blast_v.png,D:\magia\MyProducts\MagiaRe\Magia_CN_Project\dist\MagiaCN-r128-downloader-fix1.apk!/assets/package/quest/quest_image0.plist#frame:qus_command_blast_v.png,assets/package/quest/quest_image0.plist#frame:qus_command_blast_v.png,atlas-frames/assets/package/quest/quest_image0/qus_command_blast_v.png,1745,450,49,50,49,50,49,50,0.0,0.0,False,PNG,49,50,RGBA,1,True,033C6BF39F0C29EB73558203F9CC26FA1DB974FC850068D857233FE625D5A30E,AEA7EDD869B3349036824B9C8C2A26B82B0C28AB88B0D1E00156A3952B967931,D196166A3AED3E94,4747
L-FRAME-00773,logical_frame,D:\magia\MyProducts\MagiaRe\Magia_CN_Project\dist\MagiaCN-r128-downloader-fix1.apk,assets/package/quest/quest_image0.plist,assets/package/quest/quest_image0.png,qus_command_charge.png,D:\magia\MyProducts\MagiaRe\Magia_CN_Project\dist\MagiaCN-r128-downloader-fix1.apk!/assets/package/quest/quest_image0.plist#frame:qus_command_charge.png,assets/package/quest/quest_image0.plist#frame:qus_command_charge.png,atlas-frames/assets/package/quest/quest_image0/qus_command_charge.png,1800,60,55,49,55,49,55,49,0.0,0.0,False,PNG,55,49,RGBA,1,True,6704D66F4843BC04F21388E50B40254879CBD05BF5D1753FA6E4F74E3F5DC448,A773A5FDE7E60237C31DC0C229BCD93AD9B1D3B45B887993A5F886223C21B823,C59E4F493EE97814,3888
L-FRAME-00774,logical_frame,D:\magia\MyProducts\MagiaRe\Magia_CN_Project\dist\MagiaCN-r128-downloader-fix1.apk,assets/package/quest/quest_image0.plist,assets/package/quest/quest_image0.png,qus_connect_base.png,D:\magia\MyProducts\MagiaRe\Magia_CN_Project\dist\MagiaCN-r128-downloader-fix1.apk!/assets/package/quest/quest_image0.plist#frame:qus_connect_base.png,assets/package/quest/quest_image0.plist#frame:qus_connect_base.png,atlas-frames/assets/package/quest/quest_image0/qus_connect_base.png,1144,2,300,104,300,104,300,104,0.0,0.0,False,PNG,300,104,RGBA,1,True,B589D6CB9A4CDDE2CD99912DD343CF59F511CF1DC06E0BAA7ACB8FE7D63002CA,BB874AF48A7F0D5D0DED8CCE23EE217CB6EF4D0D2BB5961F3791C3F036D08E60,808017FFF7E741C3,4099
L-FRAME-00775,logical_frame,D:\magia\MyProducts\MagiaRe\Magia_CN_Project\dist\MagiaCN-r128-downloader-fix1.apk,assets/package/quest/quest_image0.plist,assets/package/quest/quest_image0.png,qus_disk_base.png,D:\magia\MyProducts\MagiaRe\Magia_CN_Project\dist\MagiaCN-r128-downloader-fix1.apk!/assets/package/quest/quest_image0.plist#frame:qus_disk_base.png,assets/package/quest/quest_image0.plist#frame:qus_disk_base.png,atlas-frames/assets/package/quest/quest_image0/qus_disk_base.png,1117,214,300,104,300,104,300,104,0.0,0.0,False,PNG,300,104,RGBA,1,True,FC88EEFC9F608B4254BB54DB4CC24F91EBCFC5BE9B254215D0EC0A86A049997F,6037698BB769D9F22D2AB77C8855F55F6F5672CD3E4DCA5C4D351747652FC527,818307FF75F141E3,4096
L-FRAME-00776,logical_frame,D:\magia\MyProducts\MagiaRe\Magia_CN_Project\dist\MagiaCN-r128-downloader-fix1.apk,assets/package/quest/quest_image0.plist,assets/package/quest/quest_image0.png,qus_doppel_base.png,D:\magia\MyProducts\MagiaRe\Magia_CN_Project\dist\MagiaCN-r128-downloader-fix1.apk!/assets/package/quest/quest_image0.plist#frame:qus_doppel_base.png,assets/package/quest/quest_image0.plist#frame:qus_doppel_base.png,atlas-frames/assets/package/quest/quest_image0/qus_doppel_base.png,730,460,300,104,300,104,300,104,0.0,0.0,False,PNG,300,104,RGBA,1,True,8B1092CC10899E10FBA46110E8BB1FFE582525ADC6D0B753E4690829CDC920A6,C509E713E433D8DC72481ABF460CA47271A03445C6BA21847E951417A7ACE2A2,800005FF57E3C3FF,4352
L-FRAME-00777,logical_frame,D:\magia\MyProducts\MagiaRe\Magia_CN_Project\dist\MagiaCN-r128-downloader-fix1.apk,assets/package/quest/quest_image0.plist,assets/package/quest/quest_image0.png,qus_doppel_base_none.png,D:\magia\MyProducts\MagiaRe\Magia_CN_Project\dist\MagiaCN-r128-downloader-fix1.apk!/assets/package/quest/quest_image0.plist#frame:qus_doppel_base_none.png,assets/package/quest/quest_image0.plist#frame:qus_doppel_base_none.png,atlas-frames/assets/package/quest/quest_image0/qus_doppel_base_none.png,513,354,300,104,300,104,300,104,0.0,0.0,False,PNG,300,104,RGBA,1,True,3172BAD591A1EDBEFA65FB61D04907C73401264DB0F1D4D2F9B7FD7F76CE21DC,51D63845F05D8D6F33CE48BE0C20C81F1DAAF9DE0DC1F2D12DF53C694FDF6991,F60E4C993B669B23,3309
L-FRAME-00778,logical_frame,D:\magia\MyProducts\MagiaRe\Magia_CN_Project\dist\MagiaCN-r128-downloader-fix1.apk,assets/package/quest/quest_image0.plist,assets/package/quest/quest_image0.png,qus_doppel_base_notrelease.png,D:\magia\MyProducts\MagiaRe\Magia_CN_Project\dist\MagiaCN-r128-downloader-fix1.apk!/assets/package/quest/quest_image0.plist#frame:qus_doppel_base_notrelease.png,assets/package/quest/quest_image0.plist#frame:qus_doppel_base_notrelease.png,atlas-frames/assets/package/quest/quest_image0/qus_doppel_base_notrelease.png,1008,566,300,104,300,104,300,104,0.0,0.0,False,PNG,300,104,RGBA,1,True,FDAA2840E18FB6C780AC8FEE287B0B7C9BBA41EBE39E3C8E08650D497DD8D5B8,6223B7748A38C09F1EA68E1A3917DD9DAF939026FDCB95EA0D274BE1872BEDAA,F54E5DD913758431,5258
L-FRAME-00779,logical_frame,D:\magia\MyProducts\MagiaRe\Magia_CN_Project\dist\MagiaCN-r128-downloader-fix1.apk,assets/package/quest/quest_image0.plist,assets/package/quest/quest_image0.png,qus_emotion_ability_base.png,D:\magia\MyProducts\MagiaRe\Magia_CN_Project\dist\MagiaCN-r128-downloader-fix1.apk!/assets/package/quest/quest_image0.plist#frame:qus_emotion_ability_base.png,assets/package/quest/quest_image0.plist#frame:qus_emotion_ability_base.png,atlas-frames/assets/package/quest/quest_image0/qus_emotion_ability_base.png,428,466,300,104,300,104,300,104,0.0,0.0,False,PNG,300,104,RGBA,1,True,9B65A322914AD47AE40CEBEAE29E230B6739D0666C95E7B0DB1F3EFD70B5B916,CE55F66BE9AFB80CCDFA1CD62F43DCCD1486A7F2BBDA7CBA7B8E4210025947E4,80001DFFF7E3C1E3,6139
L-FRAME-00780,logical_frame,D:\magia\MyProducts\MagiaRe\Magia_CN_Project\dist\MagiaCN-r128-downloader-fix1.apk,assets/package/quest/quest_image0.plist,assets/package/quest/quest_image0.png,qus_emotion_skill_base.png,D:\magia\MyProducts\MagiaRe\Magia_CN_Project\dist\MagiaCN-r128-downloader-fix1.apk!/assets/package/quest/quest_image0.plist#frame:qus_emotion_skill_base.png,assets/package/quest/quest_image0.plist#frame:qus_emotion_skill_base.png,atlas-frames/assets/package/quest/quest_image0/qus_emotion_skill_base.png,540,102,300,104,300,104,300,104,0.0,0.0,False,PNG,300,104,RGBA,1,True,1EC3919A2212763F0EDA0CB3FF866736AC6CFA555BB74C07D8C8F57EECA1C63A,DBE791CF9EC593304199FF6E6E7AD4DD1B7E00CCAC609F31630938BE1DE81FD9,80041DFF77E3C1E3,5948
L-FRAME-00781,logical_frame,D:\magia\MyProducts\MagiaRe\Magia_CN_Project\dist\MagiaCN-r128-downloader-fix1.apk,assets/package/quest/quest_image0.plist,assets/package/quest/quest_image0.png,qus_enemy_base.png,D:\magia\MyProducts\MagiaRe\Magia_CN_Project\dist\MagiaCN-r128-downloader-fix1.apk!/assets/package/quest/quest_image0.plist#frame:qus_enemy_base.png,assets/package/quest/quest_image0.plist#frame:qus_enemy_base.png,atlas-frames/assets/package/quest/quest_image0/qus_enemy_base.png,2,745,390,160,390,160,390,160,0.0,0.0,False,PNG,390,160,RGBA,1,True,401D79D62D618631CDE9A4586538729392F1AD1DE8C1D9E5964589F7CDF464E2,092B9624375E99AC111EE76DB375C5C35818B43EE2A7725A0FF500A7ABC58A0B,94EB54F46B946B94,7668
L-FRAME-00782,logical_frame,D:\magia\MyProducts\MagiaRe\Magia_CN_Project\dist\MagiaCN-r128-downloader-fix1.apk,assets/package/quest/quest_image0.plist,assets/package/quest/quest_image0.png,qus_ex_ability_base.png,D:\magia\MyProducts\MagiaRe\Magia_CN_Project\dist\MagiaCN-r128-downloader-fix1.apk!/assets/package/quest/quest_image0.plist#frame:qus_ex_ability_base.png,assets/package/quest/quest_image0.plist#frame:qus_ex_ability_base.png,atlas-frames/assets/package/quest/quest_image0/qus_ex_ability_base.png,1032,420,300,104,300,104,300,104,0.0,0.0,False,PNG,300,104,RGBA,1,True,42C31639D8A3A47C4F57E89B192EA0D83E662C5A2C9DB614CB976B73252A94BD,0D270437318BC2A80ED735A3DDF33546B321CD5BEE9439EAD7462D4707C40DF3,800005FF77E7C7C7,4718
L-FRAME-00783,logical_frame,D:\magia\MyProducts\MagiaRe\Magia_CN_Project\dist\MagiaCN-r128-downloader-fix1.apk,assets/package/quest/quest_image0.plist,assets/package/quest/quest_image0.png,qus_field_base.png,D:\magia\MyProducts\MagiaRe\Magia_CN_Project\dist\MagiaCN-r128-downloader-fix1.apk!/assets/package/quest/quest_image0.plist#frame:qus_field_base.png,assets/package/quest/quest_image0.plist#frame:qus_field_base.png,atlas-frames/assets/package/quest/quest_image0/qus_field_base.png,842,2,300,104,300,104,300,104,0.0,0.0,False,PNG,300,104,RGBA,1,True,0F87EE10E7BC6B7A330B7DE96590C4D91FD67E15F1ECE6313DBC341CA6A3705B,4DBFB48D5FAE0F7E6912632011A78C5D33169D71187D18539A79E4F57D0D506A,800101F377FF47E7,7418
L-FRAME-00784,logical_frame,D:\magia\MyProducts\MagiaRe\Magia_CN_Project\dist\MagiaCN-r128-downloader-fix1.apk,assets/package/quest/quest_image0.plist,assets/package/quest/quest_image0.png,qus_formation_base.png,D:\magia\MyProducts\MagiaRe\Magia_CN_Project\dist\MagiaCN-r128-downloader-fix1.apk!/assets/package/quest/quest_image0.plist#frame:qus_formation_base.png,assets/package/quest/quest_image0.plist#frame:qus_formation_base.png,atlas-frames/assets/package/quest/quest_image0/qus_formation_base.png,706,572,300,104,300,104,300,104,0.0,0.0,False,PNG,300,104,RGBA,1,True,CEA2ED4B43950E366D0C337195314EB57DA15C04C6A312C6E3BA3D5724F60C70,DBAA3389CCE09191B8B3276968DDE8B8819362F23906D3905B5A95225E8D5003,850707FF77E141E1,4806
L-FRAME-00785,logical_frame,D:\magia\MyProducts\MagiaRe\Magia_CN_Project\dist\MagiaCN-r128-downloader-fix1.apk,assets/package/quest/quest_image0.plist,assets/package/quest/quest_image0.png,qus_header_base.png,D:\magia\MyProducts\MagiaRe\Magia_CN_Project\dist\MagiaCN-r128-downloader-fix1.apk!/assets/package/quest/quest_image0.plist#frame:qus_header_base.png,assets/package/quest/quest_image0.plist#frame:qus_header_base.png,atlas-frames/assets/package/quest/quest_image0/qus_header_base.png,606,984,184,26,184,26,184,26,0.0,0.0,False,PNG,184,26,RGBA,1,True,D42926E0E449C2C160824D69DDF35152377413A403D1A2C9E738E622DB2319BF,804972D50D706DE4E620B6DFA128E2E7D319E68B7AB1B210C07960A738A995C5,95335672AAAA5557,1110
L-FRAME-00786,logical_frame,D:\magia\MyProducts\MagiaRe\Magia_CN_Project\dist\MagiaCN-r128-downloader-fix1.apk,assets/package/quest/quest_image0.plist,assets/package/quest/quest_image0.png,qus_magia_base.png,D:\magia\MyProducts\MagiaRe\Magia_CN_Project\dist\MagiaCN-r128-downloader-fix1.apk!/assets/package/quest/quest_image0.plist#frame:qus_magia_base.png,assets/package/quest/quest_image0.plist#frame:qus_magia_base.png,atlas-frames/assets/package/quest/quest_image0/qus_magia_base.png,540,208,300,104,300,104,300,104,0.0,0.0,False,PNG,300,104,RGBA,1,True,937338E987A04F177E778B092C1A7458F1803F9B8A2F462B36A42573D5422FE3,072423F700E80C0F03E167688E957AF7BDC0901D2558FF48193FF99FB83D2FF3,840407E757F741F7,4476
L-FRAME-00787,logical_frame,D:\magia\MyProducts\MagiaRe\Magia_CN_Project\dist\MagiaCN-r128-downloader-fix1.apk,assets/package/quest/quest_image0.plist,assets/package/quest/quest_image0.png,qus_memoria_notrelease.png,D:\magia\MyProducts\MagiaRe\Magia_CN_Project\dist\MagiaCN-r128-downloader-fix1.apk!/assets/package/quest/quest_image0.plist#frame:qus_memoria_notrelease.png,assets/package/quest/quest_image0.plist#frame:qus_memoria_notrelease.png,atlas-frames/assets/package/quest/quest_image0/qus_memoria_notrelease.png,842,108,300,104,300,104,300,104,0.0,0.0,False,PNG,300,104,RGBA,1,True,8271F397B3D1AB166C64326438557E716437A3D23C7F326005463AAA6DBB2441,4D3596B28EAF8DB31AFE5B4535DC6A3BBCF9EFD2E38BB03431880EA1B5743749,A6995F0C19669977,2758
L-FRAME-00788,logical_frame,D:\magia\MyProducts\MagiaRe\Magia_CN_Project\dist\MagiaCN-r128-downloader-fix1.apk,assets/package/quest/quest_image0.plist,assets/package/quest/quest_image0.png,qus_rarity.png,D:\magia\MyProducts\MagiaRe\Magia_CN_Project\dist\MagiaCN-r128-downloader-fix1.apk!/assets/package/quest/quest_image0.plist#frame:qus_rarity.png,assets/package/quest/quest_image0.plist#frame:qus_rarity.png,atlas-frames/assets/package/quest/quest_image0/qus_rarity.png,1131,761,18,21,18,21,18,21,0.0,0.0,False,PNG,18,21,RGBA,1,True,612630E1CB8D1185FE1FB4CC8CA177F6010F58C5F89485C054876B6D55B36538,C3FB39F1F0F3089AE1FFDCE761D75269597A90FB6C757718861BB561F78AEB50,C5993A66E798B147,849
L-FRAME-00789,logical_frame,D:\magia\MyProducts\MagiaRe\Magia_CN_Project\dist\MagiaCN-r128-downloader-fix1.apk,assets/package/quest/quest_image0.plist,assets/package/quest/quest_image0.png,qus_skill_base.png,D:\magia\MyProducts\MagiaRe\Magia_CN_Project\dist\MagiaCN-r128-downloader-fix1.apk!/assets/package/quest/quest_image0.plist#frame:qus_skill_base.png,assets/package/quest/quest_image0.plist#frame:qus_skill_base.png,atlas-frames/assets/package/quest/quest_image0/qus_skill_base.png,404,634,300,104,300,104,300,104,0.0,0.0,False,PNG,300,104,RGBA,1,True,D9B772360C78540583614C7FB31EEDD23D0242934943F4AB38D0A53A4EB70711,4D93B62FC3FC359639195A74A828BFAA8CCAE8FA44B39FD4D12E716BC6B965B0,808117FF77E741C3,4510
L-FRAME-00790,logical_frame,D:\magia\MyProducts\MagiaRe\Magia_CN_Project\dist\MagiaCN-r128-downloader-fix1.apk,assets/package/quest/quest_image0.plist,assets/package/quest/quest_image0.png,qus_skill_detail_base.png,D:\magia\MyProducts\MagiaRe\Magia_CN_Project\dist\MagiaCN-r128-downloader-fix1.apk!/assets/package/quest/quest_image0.plist#frame:qus_skill_detail_base.png,assets/package/quest/quest_image0.plist#frame:qus_skill_detail_base.png,atlas-frames/assets/package/quest/quest_image0/qus_skill_detail_base.png,2,634,400,109,400,109,400,109,0.0,0.0,False,PNG,400,109,RGBA,1,True,3F57FEF7CC04C1F15EC7652F5703F81DDBC9E4A472099E6E8D8253F70A74F689,5FFD5C7C74FE27EB0C5CA3808F27246B117254B109E7468E59622C1D61545B44,91E41BD56E1BE41B,1628
L-FRAME-00791,logical_frame,D:\magia\MyProducts\MagiaRe\Magia_CN_Project\dist\MagiaCN-r128-downloader-fix1.apk,assets/package/quest/quest_image0.plist,assets/package/quest/quest_image0.png,qus_skill_none.png,D:\magia\MyProducts\MagiaRe\Magia_CN_Project\dist\MagiaCN-r128-downloader-fix1.apk!/assets/package/quest/quest_image0.plist#frame:qus_skill_none.png,assets/package/quest/quest_image0.plist#frame:qus_skill_none.png,atlas-frames/assets/package/quest/quest_image0/qus_skill_none.png,738,678,300,104,300,104,300,104,0.0,0.0,False,PNG,300,104,RGBA,1,True,9BE3533CC1AC173C6062AC78F1E00B0D31C014ABD801D30B15083076A709FB52,8D32331BCDF01326D8E06714832C5F78696A7A3DE9D28C359BABA3FBBC3EEEB9,F5164D9E45799469,5904
L-FRAME-00792,logical_frame,D:\magia\MyProducts\MagiaRe\Magia_CN_Project\dist\MagiaCN-r128-downloader-fix1.apk,assets/package/quest/quest_image0.plist,assets/package/quest/quest_image0.png,qus_skill_standby.png,D:\magia\MyProducts\MagiaRe\Magia_CN_Project\dist\MagiaCN-r128-downloader-fix1.apk!/assets/package/quest/quest_image0.plist#frame:qus_skill_standby.png,assets/package/quest/quest_image0.plist#frame:qus_skill_standby.png,atlas-frames/assets/package/quest/quest_image0/qus_skill_standby.png,842,265,102,28,102,28,102,28,0.0,0.0,False,PNG,102,28,RGBA,1,True,5E190EE32AB9DA6B7F411849AB2D78E8E690D8F88627073B7D32535A835933BD,65BD3FD180F274C1BF47A510E322FC029F067392DBC161EE3776BAF6B88244D8,85717E8F877A90D1,1426
L-FRAME-00793,logical_frame,D:\magia\MyProducts\MagiaRe\Magia_CN_Project\dist\MagiaCN-r128-downloader-fix1.apk,assets/package/quest/quest_image0.plist,assets/package/quest/quest_image0.png,qus_status_name_base.png,D:\magia\MyProducts\MagiaRe\Magia_CN_Project\dist\MagiaCN-r128-downloader-fix1.apk!/assets/package/quest/quest_image0.plist#frame:qus_status_name_base.png,assets/package/quest/quest_image0.plist#frame:qus_status_name_base.png,atlas-frames/assets/package/quest/quest_image0/qus_status_name_base.png,2,971,300,24,300,24,300,24,0.0,0.0,False,PNG,300,24,RGBA,1,True,B6FC0E0DDA174A6D6B1CFA199A25C991997A18B864970452DE1A519F9D6DA367,7FFEEEBB648D1AB89178CB807CF53AE4E509E7345771FEF282303249639F4B98,C992969324DB24FF,409
L-FRAME-00794,logical_frame,D:\magia\MyProducts\MagiaRe\Magia_CN_Project\dist\MagiaCN-r128-downloader-fix1.apk,assets/package/quest/quest_image0.plist,assets/package/quest/quest_image0.png,rapid_button_01.png,D:\magia\MyProducts\MagiaRe\Magia_CN_Project\dist\MagiaCN-r128-downloader-fix1.apk!/assets/package/quest/quest_image0.plist#frame:rapid_button_01.png,assets/package/quest/quest_image0.plist#frame:rapid_button_01.png,atlas-frames/assets/package/quest/quest_image0/rapid_button_01.png,1429,776,84,38,84,38,84,38,0.0,0.0,False,PNG,84,38,RGBA,1,True,90A3C8F6D481EA0E70C9ACD83857E5CADD825143744BCDBFE868D1F5997A52A6,55FC51AF21E18DDF0EE17A45D3C70E19595872A0398B9C3347F9C6FB5625FF97,D4C02B6A6A3F6A3D,2151
L-FRAME-00795,logical_frame,D:\magia\MyProducts\MagiaRe\Magia_CN_Project\dist\MagiaCN-r128-downloader-fix1.apk,assets/package/quest/quest_image0.plist,assets/package/quest/quest_image0.png,rapid_button_02.png,D:\magia\MyProducts\MagiaRe\Magia_CN_Project\dist\MagiaCN-r128-downloader-fix1.apk!/assets/package/quest/quest_image0.plist#frame:rapid_button_02.png,assets/package/quest/quest_image0.plist#frame:rapid_button_02.png,atlas-frames/assets/package/quest/quest_image0/rapid_button_02.png,1515,816,84,38,84,38,84,38,0.0,0.0,False,PNG,84,38,RGBA,1,True,492ED651C394AADA6AEB90B4E9E0709B3F440BF103EC7A85CDCB53D701F80DEC,7322C25E4997204BCCF07A775A14153EA599C5EA342582AAE5B5BACD19EBEF63,D4C06A6A6A3F6A3D,1959
L-FRAME-00796,logical_frame,D:\magia\MyProducts\MagiaRe\Magia_CN_Project\dist\MagiaCN-r128-downloader-fix1.apk,assets/package/quest/quest_image0.plist,assets/package/quest/quest_image0.png,skill_title_01.png,D:\magia\MyProducts\MagiaRe\Magia_CN_Project\dist\MagiaCN-r128-downloader-fix1.apk!/assets/package/quest/quest_image0.plist#frame:skill_title_01.png,assets/package/quest/quest_image0.plist#frame:skill_title_01.png,atlas-frames/assets/package/quest/quest_image0/skill_title_01.png,434,927,108,24,108,24,108,24,0.0,0.0,False,PNG,108,24,RGBA,1,True,2037CD8B58B730F831973FA017C0D7721F9DBD00F24461EFB7D3C861C23B8F79,59658C0C91A6C381EFA1725E50A1B28E8E57D45D7F60D97D55C01E22FCAE5B76,CD3332CC6DC68B33,719
L-FRAME-00797,logical_frame,D:\magia\MyProducts\MagiaRe\Magia_CN_Project\dist\MagiaCN-r128-downloader-fix1.apk,assets/package/quest/quest_image0.plist,assets/package/quest/quest_image0.png,skill_title_02.png,D:\magia\MyProducts\MagiaRe\Magia_CN_Project\dist\MagiaCN-r128-downloader-fix1.apk!/assets/package/quest/quest_image0.plist#frame:skill_title_02.png,assets/package/quest/quest_image0.plist#frame:skill_title_02.png,atlas-frames/assets/package/quest/quest_image0/skill_title_02.png,696,314,116,28,116,28,116,28,0.0,0.0,False,PNG,116,28,RGBA,1,True,8B86E65B51D15698E975B23353FB1CF03044E295673ED0A7B70B1ACD7DE39C11,A91E5DE9324A41E1AD478575011BCB6E6BD5E5272BDC1ED5B5968E88A3ECC8D6,D02F2ED09B6DC23E,1510
L-FRAME-00798,logical_frame,D:\magia\MyProducts\MagiaRe\Magia_CN_Project\dist\MagiaCN-r128-downloader-fix1.apk,assets/package/quest/quest_image0.plist,assets/package/quest/quest_image0.png,skill_title_03.png,D:\magia\MyProducts\MagiaRe\Magia_CN_Project\dist\MagiaCN-r128-downloader-fix1.apk!/assets/package/quest/quest_image0.plist#frame:skill_title_03.png,assets/package/quest/quest_image0.plist#frame:skill_title_03.png,atlas-frames/assets/package/quest/quest_image0/skill_title_03.png,815,420,158,29,158,29,158,29,0.0,0.0,False,PNG,158,29,RGBA,1,True,9A70C7FEBD9D9ACA26315C80E6DEB0D8CF57228C6498598E6DE6FE714ED14894,9859700C013EC558DA3BF44A42637D1D0FC1516F84CF7AE2A5CA6756DE93E679,95956B6A90906F6F,1628
L-FRAME-00799,logical_frame,D:\magia\MyProducts\MagiaRe\Magia_CN_Project\dist\MagiaCN-r128-downloader-fix1.apk,assets/package/quest/quest_image0.plist,assets/package/quest/quest_image0.png,ui_0.png,D:\magia\MyProducts\MagiaRe\Magia_CN_Project\dist\MagiaCN-r128-downloader-fix1.apk!/assets/package/quest/quest_image0.plist#frame:ui_0.png,assets/package/quest/quest_image0.plist#frame:ui_0.png,atlas-frames/assets/package/quest/quest_image0/ui_0.png,828,2,12,14,12,14,12,14,0.0,0.0,False,PNG,12,14,RGBA,1,True,F1A98B9EE7210680A243F8AD8CEA591996F0422FB9325E02F6F92CCD47B26245,1CFCF7506AD6DEECDCF7B8E028D56E66147B8EA3EA402669E4605C53460D3043,C3C74B0F6995703E,362
L-FRAME-00800,logical_frame,D:\magia\MyProducts\MagiaRe\Magia_CN_Project\dist\MagiaCN-r128-downloader-fix1.apk,assets/package/quest/quest_image0.plist,assets/package/quest/quest_image0.png,ui_1.png,D:\magia\MyProducts\MagiaRe\Magia_CN_Project\dist\MagiaCN-r128-downloader-fix1.apk!/assets/package/quest/quest_image0.plist#frame:ui_1.png,assets/package/quest/quest_image0.plist#frame:ui_1.png,atlas-frames/assets/package/quest/quest_image0/ui_1.png,1324,526,8,14,8,14,8,14,0.0,0.0,False,PNG,8,14,RGBA,1,True,EC483CB881AE6858A309983BC45698007381CFCE23C52EA85F2600646843D7F3,0E952E425DA91B219E5074CA98CC779A864328CDDA147C7F33B6B396517CCD0A,9695CC6839336767,248
L-FRAME-00801,logical_frame,D:\magia\MyProducts\MagiaRe\Magia_CN_Project\dist\MagiaCN-r128-downloader-fix1.apk,assets/package/quest/quest_image0.plist,assets/package/quest/quest_image0.png,ui_2.png,D:\magia\MyProducts\MagiaRe\Magia_CN_Project\dist\MagiaCN-r128-downloader-fix1.apk!/assets/package/quest/quest_image0.plist#frame:ui_2.png,assets/package/quest/quest_image0.plist#frame:ui_2.png,atlas-frames/assets/package/quest/quest_image0/ui_2.png,828,66,12,14,12,14,12,14,0.0,0.0,False,PNG,12,14,RGBA,1,True,F2AD8C242F83CE2D8D83E9D9A3ECFEBF51869D7A5430D69C82F7B83E5CEC3222,E3BA3833216B8A2F70729B651D516252AD7BC3F31B3E37E0E42ED31664192FC6,9292CDCD59963C3D,429
L-FRAME-00802,logical_frame,D:\magia\MyProducts\MagiaRe\Magia_CN_Project\dist\MagiaCN-r128-downloader-fix1.apk,assets/package/quest/quest_image0.plist,assets/package/quest/quest_image0.png,ui_3.png,D:\magia\MyProducts\MagiaRe\Magia_CN_Project\dist\MagiaCN-r128-downloader-fix1.apk!/assets/package/quest/quest_image0.plist#frame:ui_3.png,assets/package/quest/quest_image0.plist#frame:ui_3.png,atlas-frames/assets/package/quest/quest_image0/ui_3.png,591,927,12,14,12,14,12,14,0.0,0.0,False,PNG,12,14,RGBA,1,True,184DF748E84D19D792BDD15B338B0AD63286693888621DCBC4DF626ABA6F0FFE,C462454B82B68F5533CBAB5F7AAF3CE299AA0E6C3637A7497B404A5DEEE8F95F,9292CDE54DCF3436,498
L-FRAME-00803,logical_frame,D:\magia\MyProducts\MagiaRe\Magia_CN_Project\dist\MagiaCN-r128-downloader-fix1.apk,assets/package/quest/quest_image0.plist,assets/package/quest/quest_image0.png,ui_4.png,D:\magia\MyProducts\MagiaRe\Magia_CN_Project\dist\MagiaCN-r128-downloader-fix1.apk!/assets/package/quest/quest_image0.plist#frame:ui_4.png,assets/package/quest/quest_image0.plist#frame:ui_4.png,atlas-frames/assets/package/quest/quest_image0/ui_4.png,1320,395,12,14,12,14,12,14,0.0,0.0,False,PNG,12,14,RGBA,1,True,D1B5BD9BFBA1D62E1D831085DCAAEF7162A6D217274DFB799DC8CE6CFA8405C1,A17BDB358E5ECAE5F27D5E722159D6B1A6EAD95A2AE72EA952329AFB030284C7,929A39716776CC78,375
L-FRAME-00804,logical_frame,D:\magia\MyProducts\MagiaRe\Magia_CN_Project\dist\MagiaCN-r128-downloader-fix1.apk,assets/package/quest/quest_image0.plist,assets/package/quest/quest_image0.png,ui_5.png,D:\magia\MyProducts\MagiaRe\Magia_CN_Project\dist\MagiaCN-r128-downloader-fix1.apk!/assets/package/quest/quest_image0.plist#frame:ui_5.png,assets/package/quest/quest_image0.plist#frame:ui_5.png,atlas-frames/assets/package/quest/quest_image0/ui_5.png,828,34,10,14,10,14,10,14,0.0,0.0,False,PNG,10,14,RGBA,1,True,CCCD9C5AF21A1BA099E2D31F5F2E7E53768806E00D3148A07A6623FBFD2D655F,02F589B68C112BDF361318789568620F0B0F095C866AFF368B819E2165865C9E,C1C34B3C1ED86D6B,409
L-FRAME-00805,logical_frame,D:\magia\MyProducts\MagiaRe\Magia_CN_Project\dist\MagiaCN-r128-downloader-fix1.apk,assets/package/quest/quest_image0.plist,assets/package/quest/quest_image0.png,ui_6.png,D:\magia\MyProducts\MagiaRe\Magia_CN_Project\dist\MagiaCN-r128-downloader-fix1.apk!/assets/package/quest/quest_image0.plist#frame:ui_6.png,assets/package/quest/quest_image0.plist#frame:ui_6.png,atlas-frames/assets/package/quest/quest_image0/ui_6.png,828,18,12,14,12,14,12,14,0.0,0.0,False,PNG,12,14,RGBA,1,True,8AB4B1184D71D2169DF9B4AEA8D8787E8A14F238037BE6F4E09A5CE57F526128,59FE1CFF10C83A4C4D309513FDCC69C2E255DBFB0DCC1CF88F3AE8FC2A322D3C,C3C31E3C989B7167,500
L-FRAME-00806,logical_frame,D:\magia\MyProducts\MagiaRe\Magia_CN_Project\dist\MagiaCN-r128-downloader-fix1.apk,assets/package/quest/quest_image0.plist,assets/package/quest/quest_image0.png,ui_7.png,D:\magia\MyProducts\MagiaRe\Magia_CN_Project\dist\MagiaCN-r128-downloader-fix1.apk!/assets/package/quest/quest_image0.plist#frame:ui_7.png,assets/package/quest/quest_image0.plist#frame:ui_7.png,atlas-frames/assets/package/quest/quest_image0/ui_7.png,828,50,12,14,12,14,12,14,0.0,0.0,False,PNG,12,14,RGBA,1,True,D7A6576F389F45EC041DC2E7A9460FCA14BC5253807C0C756DB2E3AE816DA1F8,C99B4AB8AEE9E9FDFB12B13F18E867746AF85E7D5B1B4F0566F7CAF3115C608E,9293E4CDC9DA3A2E,352
L-FRAME-00807,logical_frame,D:\magia\MyProducts\MagiaRe\Magia_CN_Project\dist\MagiaCN-r128-downloader-fix1.apk,assets/package/quest/quest_image0.plist,assets/package/quest/quest_image0.png,ui_8.png,D:\magia\MyProducts\MagiaRe\Magia_CN_Project\dist\MagiaCN-r128-downloader-fix1.apk!/assets/package/quest/quest_image0.plist#frame:ui_8.png,assets/package/quest/quest_image0.plist#frame:ui_8.png,atlas-frames/assets/package/quest/quest_image0/ui_8.png,1320,379,12,14,12,14,12,14,0.0,0.0,False,PNG,12,14,RGBA,1,True,17AD4462D8103480E55C307FA0232B69FE0A41833A8008DFB2A471A8AE6836D0,0E42397005B9DBC1FF18432C1324D2FC0973DB971FECAF6E9E6F89CA701B20C1,C7937D2C4DC93067,470
L-FRAME-00808,logical_frame,D:\magia\MyProducts\MagiaRe\Magia_CN_Project\dist\MagiaCN-r128-downloader-fix1.apk,assets/package/quest/quest_image0.plist,assets/package/quest/quest_image0.png,ui_9.png,D:\magia\MyProducts\MagiaRe\Magia_CN_Project\dist\MagiaCN-r128-downloader-fix1.apk!/assets/package/quest/quest_image0.plist#frame:ui_9.png,assets/package/quest/quest_image0.plist#frame:ui_9.png,atlas-frames/assets/package/quest/quest_image0/ui_9.png,828,82,12,14,12,14,12,14,0.0,0.0,False,PNG,12,14,RGBA,1,True,0239A037312FFD34AF8F5C9731D91912CE8C10445EBDB7BC36FCB9234BB0FCDF,4EF3C5C56ED8B72460C6F035A41B80BA192550D8818B639147F749900C2E8647,D7C7491E0DC9346D,447
L-FRAME-00809,logical_frame,D:\magia\MyProducts\MagiaRe\Magia_CN_Project\dist\MagiaCN-r128-downloader-fix1.apk,assets/package/quest/quest_image0.plist,assets/package/quest/quest_image0.png,ui_arrow_cm.png,D:\magia\MyProducts\MagiaRe\Magia_CN_Project\dist\MagiaCN-r128-downloader-fix1.apk!/assets/package/quest/quest_image0.plist#frame:ui_arrow_cm.png,assets/package/quest/quest_image0.plist#frame:ui_arrow_cm.png,atlas-frames/assets/package/quest/quest_image0/ui_arrow_cm.png,1665,505,82,79,82,79,82,79,0.0,0.0,False,PNG,82,79,RGBA,1,True,951C4CE0FBB5F09A6F9E8A95C064DE548E1AA4BA4E6EE90CE63735DB1915AE7B,F517AF59E8F3A6E4C5AD6500B73253263107DA19B701F05AA92FB46DF88E4FC6,9FCC6463B2934B4D,2169
L-FRAME-00810,logical_frame,D:\magia\MyProducts\MagiaRe\Magia_CN_Project\dist\MagiaCN-r128-downloader-fix1.apk,assets/package/quest/quest_image0.plist,assets/package/quest/quest_image0.png,ui_box_base.png,D:\magia\MyProducts\MagiaRe\Magia_CN_Project\dist\MagiaCN-r128-downloader-fix1.apk!/assets/package/quest/quest_image0.plist#frame:ui_box_base.png,assets/package/quest/quest_image0.plist#frame:ui_box_base.png,atlas-frames/assets/package/quest/quest_image0/ui_box_base.png,324,927,108,42,108,42,108,42,0.0,0.0,False,PNG,108,42,RGBA,1,True,B691FF1A7E43E931872EDF68CB499B58140939FC6A8BFB3107C58FD9867B5943,AC46F7AF8B8E062A39408FB2855A3384F3281CF1277BFEFBB783C0D2C38F19B9,E2C6919F9C396ACC,3410
L-FRAME-00811,logical_frame,D:\magia\MyProducts\MagiaRe\Magia_CN_Project\dist\MagiaCN-r128-downloader-fix1.apk,assets/package/quest/quest_image0.plist,assets/package/quest/quest_image0.png,ui_command_00.png,D:\magia\MyProducts\MagiaRe\Magia_CN_Project\dist\MagiaCN-r128-downloader-fix1.apk!/assets/package/quest/quest_image0.plist#frame:ui_command_00.png,assets/package/quest/quest_image0.plist#frame:ui_command_00.png,atlas-frames/assets/package/quest/quest_image0/ui_command_00.png,1441,891,120,110,120,110,120,110,0.0,0.0,False,PNG,120,110,RGBA,1,True,DD3152BCDBF76282D2A312810AFE814C9F2267E6076728304E7BEFDD85439AB5,F9221B867F18CB564CEC15C74F2E22B4AD64758EC3EE31C38A757CDB7EFD4FD5,9C837A3C61E33DC3,8960
L-FRAME-00812,logical_frame,D:\magia\MyProducts\MagiaRe\Magia_CN_Project\dist\MagiaCN-r128-downloader-fix1.apk,assets/package/quest/quest_image0.plist,assets/package/quest/quest_image0.png,ui_command_01.png,D:\magia\MyProducts\MagiaRe\Magia_CN_Project\dist\MagiaCN-r128-downloader-fix1.apk!/assets/package/quest/quest_image0.plist#frame:ui_command_01.png,assets/package/quest/quest_image0.plist#frame:ui_command_01.png,atlas-frames/assets/package/quest/quest_image0/ui_command_01.png,1429,664,120,110,120,110,120,110,0.0,0.0,False,PNG,120,110,RGBA,1,True,ABEBBE4B74E19DBD28F8576F6714F427D3902E3F7174C5EECAA105E7B0A12BB0,B89CC0167CD5317F934D75076883EAECD09475713526A368EDC66A6064549EC4,C5993F6B78266174,7881
L-FRAME-00813,logical_frame,D:\magia\MyProducts\MagiaRe\Magia_CN_Project\dist\MagiaCN-r128-downloader-fix1.apk,assets/package/quest/quest_image0.plist,assets/package/quest/quest_image0.png,ui_command_02.png,D:\magia\MyProducts\MagiaRe\Magia_CN_Project\dist\MagiaCN-r128-downloader-fix1.apk!/assets/package/quest/quest_image0.plist#frame:ui_command_02.png,assets/package/quest/quest_image0.plist#frame:ui_command_02.png,atlas-frames/assets/package/quest/quest_image0/ui_command_02.png,1464,282,120,110,120,110,120,110,0.0,0.0,False,PNG,120,110,RGBA,1,True,96230EE37CF57E5736C9F8A484D0B4376DA1750288F67C8713350F529005CF0D,B6C6B49DEE694B38933D2FE451A0187DA3D120C45D4CD93AF8C5CF381595BDA0,C5993F6B78266174,7878
L-FRAME-00814,logical_frame,D:\magia\MyProducts\MagiaRe\Magia_CN_Project\dist\MagiaCN-r128-downloader-fix1.apk,assets/package/quest/quest_image0.plist,assets/package/quest/quest_image0.png,ui_command_03.png,D:\magia\MyProducts\MagiaRe\Magia_CN_Project\dist\MagiaCN-r128-downloader-fix1.apk!/assets/package/quest/quest_image0.plist#frame:ui_command_03.png,assets/package/quest/quest_image0.plist#frame:ui_command_03.png,atlas-frames/assets/package/quest/quest_image0/ui_command_03.png,1419,171,120,109,120,109,120,109,0.0,0.0,False,PNG,120,109,RGBA,1,True,A8E2FBEE07D8D741787DD9F470E05BF447A5AF6AC3FA98D77B3BC3B19552B626,B5EFAFB7039B1361431452763089E0F78B218846D8D19C349595A12EBE6F3238,C19A1E693A673937,10241
L-FRAME-00815,logical_frame,D:\magia\MyProducts\MagiaRe\Magia_CN_Project\dist\MagiaCN-r128-downloader-fix1.apk,assets/package/quest/quest_image0.plist,assets/package/quest/quest_image0.png,ui_command_04.png,D:\magia\MyProducts\MagiaRe\Magia_CN_Project\dist\MagiaCN-r128-downloader-fix1.apk!/assets/package/quest/quest_image0.plist#frame:ui_command_04.png,assets/package/quest/quest_image0.plist#frame:ui_command_04.png,atlas-frames/assets/package/quest/quest_image0/ui_command_04.png,1464,394,114,109,114,109,114,109,0.0,0.0,False,PNG,114,109,RGBA,1,True,9AABE7B2FFA7E514E9FC1768C342B416BF4DCA737748C4F1BB23C83C0E7C50B5,ED12A5EC21FE3FD4C89BCA7384A253DD6B4A612F4E74E61A9E4713849B27F719,C5991F4B7826617E,9832
L-FRAME-00816,logical_frame,D:\magia\MyProducts\MagiaRe\Magia_CN_Project\dist\MagiaCN-r128-downloader-fix1.apk,assets/package/quest/quest_image0.plist,assets/package/quest/quest_image0.png,ui_command_10.png,D:\magia\MyProducts\MagiaRe\Magia_CN_Project\dist\MagiaCN-r128-downloader-fix1.apk!/assets/package/quest/quest_image0.plist#frame:ui_command_10.png,assets/package/quest/quest_image0.plist#frame:ui_command_10.png,atlas-frames/assets/package/quest/quest_image0/ui_command_10.png,1580,394,108,109,108,109,108,109,0.0,0.0,False,PNG,108,109,RGBA,1,True,1DD0F5A81B1D842FDBD7F1ECE4CFAF83EDE9DB2694A61B19EEB7BFF04DFD3B97,B2A8D386DB195C34C63311B6C7C5078920A93CF64359D9C5D4266259A1B0A177,8FD07A1F68E03DE1,6933
L-FRAME-00817,logical_frame,D:\magia\MyProducts\MagiaRe\Magia_CN_Project\dist\MagiaCN-r128-downloader-fix1.apk,assets/package/quest/quest_image0.plist,assets/package/quest/quest_image0.png,ui_command_11.png,D:\magia\MyProducts\MagiaRe\Magia_CN_Project\dist\MagiaCN-r128-downloader-fix1.apk!/assets/package/quest/quest_image0.plist#frame:ui_command_11.png,assets/package/quest/quest_image0.plist#frame:ui_command_11.png,atlas-frames/assets/package/quest/quest_image0/ui_command_11.png,1541,108,108,109,108,109,108,109,0.0,0.0,False,PNG,108,109,RGBA,1,True,C15FE247F36FF141DAD84AF5F300F3C4988E4501F2C9520D6F54E9F69606A9C7,D3FD37A833D562ED41B0A12E18837781E1F95269CC752532264B4145A8706862,CFD0111FF8E01FE1,8359
L-FRAME-00818,logical_frame,D:\magia\MyProducts\MagiaRe\Magia_CN_Project\dist\MagiaCN-r128-downloader-fix1.apk,assets/package/quest/quest_image0.plist,assets/package/quest/quest_image0.png,ui_command_12.png,D:\magia\MyProducts\MagiaRe\Magia_CN_Project\dist\MagiaCN-r128-downloader-fix1.apk!/assets/package/quest/quest_image0.plist#frame:ui_command_12.png,assets/package/quest/quest_image0.plist#frame:ui_command_12.png,atlas-frames/assets/package/quest/quest_image0/ui_command_12.png,1472,505,108,109,108,109,108,109,0.0,0.0,False,PNG,108,109,RGBA,1,True,C15FE247F36FF141DAD84AF5F300F3C4988E4501F2C9520D6F54E9F69606A9C7,D3FD37A833D562ED41B0A12E18837781E1F95269CC752532264B4145A8706862,CFD0111FF8E01FE1,8359
L-FRAME-00819,logical_frame,D:\magia\MyProducts\MagiaRe\Magia_CN_Project\dist\MagiaCN-r128-downloader-fix1.apk,assets/package/quest/quest_image0.plist,assets/package/quest/quest_image0.png,ui_command_13.png,D:\magia\MyProducts\MagiaRe\Magia_CN_Project\dist\MagiaCN-r128-downloader-fix1.apk!/assets/package/quest/quest_image0.plist#frame:ui_command_13.png,assets/package/quest/quest_image0.plist#frame:ui_command_13.png,atlas-frames/assets/package/quest/quest_image0/ui_command_13.png,1651,2,108,108,108,108,108,108,0.0,0.0,False,PNG,108,108,RGBA,1,True,AB0767E9541609A048A6C666DA4E0F6B25DFEF0CC45CBED7BC6BBD179D0273FB,D7287E141ED80F7E7D5ADF5913D702D567C255081252FCB46597BCD57E0912A9,CFD0151FF8601FE1,9640
L-FRAME-00820,logical_frame,D:\magia\MyProducts\MagiaRe\Magia_CN_Project\dist\MagiaCN-r128-downloader-fix1.apk,assets/package/quest/quest_image0.plist,assets/package/quest/quest_image0.png,ui_command_14.png,D:\magia\MyProducts\MagiaRe\Magia_CN_Project\dist\MagiaCN-r128-downloader-fix1.apk!/assets/package/quest/quest_image0.plist#frame:ui_command_14.png,assets/package/quest/quest_image0.plist#frame:ui_command_14.png,atlas-frames/assets/package/quest/quest_image0/ui_command_14.png,1586,219,109,109,109,109,109,109,0.0,0.0,False,PNG,109,109,RGBA,1,True,3CC762C14A4BDB5EB713163B260E1035FF1EADD538D7E7B0AC7E144B2E45AFA9,910105EB32954059CD761BB19DE5980D4E1F7FD7B2D0366AB95301EECA95EBAF,8FC07B1F68E03DE1,9422
L-FRAME-00821,logical_frame,D:\magia\MyProducts\MagiaRe\Magia_CN_Project\dist\MagiaCN-r128-downloader-fix1.apk,assets/package/quest/quest_image0.plist,assets/package/quest/quest_image0.png,ui_command_tx_00.png,D:\magia\MyProducts\MagiaRe\Magia_CN_Project\dist\MagiaCN-r128-downloader-fix1.apk!/assets/package/quest/quest_image0.plist#frame:ui_command_tx_00.png,assets/package/quest/quest_image0.plist#frame:ui_command_tx_00.png,atlas-frames/assets/package/quest/quest_image0/ui_command_tx_00.png,1261,171,109,36,109,36,109,36,0.0,0.0,False,PNG,109,36,RGBA,1,True,BE6A25104B45078508C8532A58F9AD68148A5823CC3AACE283609E10982EF71B,1DA21C86A147B16CB4FB7FE2473C40144FC25DE6AE434A39D2EAC89B0F241BA1,D72929D639D6D729,94
L-FRAME-00822,logical_frame,D:\magia\MyProducts\MagiaRe\Magia_CN_Project\dist\MagiaCN-r128-downloader-fix1.apk,assets/package/quest/quest_image0.plist,assets/package/quest/quest_image0.png,ui_command_tx_01.png,D:\magia\MyProducts\MagiaRe\Magia_CN_Project\dist\MagiaCN-r128-downloader-fix1.apk!/assets/package/quest/quest_image0.plist#frame:ui_command_tx_01.png,assets/package/quest/quest_image0.plist#frame:ui_command_tx_01.png,atlas-frames/assets/package/quest/quest_image0/ui_command_tx_01.png,1155,892,102,52,102,52,102,52,0.0,0.0,False,PNG,102,52,RGBA,1,True,9269B6FD3C49397627C83387848352AA868CCECFE569180669F43C0282BD7393,42784CE9E4E6E310C59BDAF31929FE3E2E59E96A925EA42E093385F963AE05B0,B4B53FD94164C539,5209
L-FRAME-00823,logical_frame,D:\magia\MyProducts\MagiaRe\Magia_CN_Project\dist\MagiaCN-r128-downloader-fix1.apk,assets/package/quest/quest_image0.plist,assets/package/quest/quest_image0.png,ui_command_tx_02.png,D:\magia\MyProducts\MagiaRe\Magia_CN_Project\dist\MagiaCN-r128-downloader-fix1.apk!/assets/package/quest/quest_image0.plist#frame:ui_command_tx_02.png,assets/package/quest/quest_image0.plist#frame:ui_command_tx_02.png,atlas-frames/assets/package/quest/quest_image0/ui_command_tx_02.png,1586,330,101,53,101,53,101,53,0.0,0.0,False,PNG,101,53,RGBA,1,True,EAAED805B4BE9C9B805DF44D0E8F3A67FBFC3F80386B2B20357FF710E8D4D511,5C082CCC2A734EF9ADACC07BAEC02A67E1699582DF2F7240C46EFE7174680E8C,A52D7ED1E360D919,5110
L-FRAME-00824,logical_frame,D:\magia\MyProducts\MagiaRe\Magia_CN_Project\dist\MagiaCN-r128-downloader-fix1.apk,assets/package/quest/quest_image0.plist,assets/package/quest/quest_image0.png,ui_command_tx_03.png,D:\magia\MyProducts\MagiaRe\Magia_CN_Project\dist\MagiaCN-r128-downloader-fix1.apk!/assets/package/quest/quest_image0.plist#frame:ui_command_tx_03.png,assets/package/quest/quest_image0.plist#frame:ui_command_tx_03.png,atlas-frames/assets/package/quest/quest_image0/ui_command_tx_03.png,1472,616,105,46,105,46,105,46,0.0,0.0,False,PNG,105,46,RGBA,1,True,E8116FED86F780319011AD2E26D1CC64C2BA6F1A243274C558E435DEED5FF52B,827CC81CAF06D1F83D1B1D2E1BE96EA1785A1EF5E196E88625FC49CAD5258DDC,907A6F85B17EE033,4965
L-FRAME-00825,logical_frame,D:\magia\MyProducts\MagiaRe\Magia_CN_Project\dist\MagiaCN-r128-downloader-fix1.apk,assets/package/quest/quest_image0.plist,assets/package/quest/quest_image0.png,ui_command_tx_04.png,D:\magia\MyProducts\MagiaRe\Magia_CN_Project\dist\MagiaCN-r128-downloader-fix1.apk!/assets/package/quest/quest_image0.plist#frame:ui_command_tx_04.png,assets/package/quest/quest_image0.plist#frame:ui_command_tx_04.png,atlas-frames/assets/package/quest/quest_image0/ui_command_tx_04.png,1446,60,117,46,117,46,117,46,0.0,0.0,False,PNG,117,46,RGBA,1,True,CC86BDEA2B22381B39BA13BDB439125A2F087105E9E37F071C59148310A91C5B,D577BCD95B275D734E4300484FC9E1A0AE86D0C4D8DAB5920E610F5B2C219C38,94697A9C8D72E13E,4613
L-FRAME-00826,logical_frame,D:\magia\MyProducts\MagiaRe\Magia_CN_Project\dist\MagiaCN-r128-downloader-fix1.apk,assets/package/quest/quest_image0.plist,assets/package/quest/quest_image0.png,ui_command_tx_05.png,D:\magia\MyProducts\MagiaRe\Magia_CN_Project\dist\MagiaCN-r128-downloader-fix1.apk!/assets/package/quest/quest_image0.plist#frame:ui_command_tx_05.png,assets/package/quest/quest_image0.plist#frame:ui_command_tx_05.png,atlas-frames/assets/package/quest/quest_image0/ui_command_tx_05.png,1697,291,70,29,70,29,70,29,0.0,0.0,False,PNG,70,29,RGBA,1,True,8863904209B90BFE018A4F19C81BDE8EC949B658BACA9ACAAD39062A3DF61C78,3422E0A940274090D13904F506CFFD210B2360703A96F47FBF45922BD969AFA0,EB592F1DC49B84E1,3170
L-FRAME-00827,logical_frame,D:\magia\MyProducts\MagiaRe\Magia_CN_Project\dist\MagiaCN-r128-downloader-fix1.apk,assets/package/quest/quest_image0.plist,assets/package/quest/quest_image0.png,ui_command_tx_06.png,D:\magia\MyProducts\MagiaRe\Magia_CN_Project\dist\MagiaCN-r128-downloader-fix1.apk!/assets/package/quest/quest_image0.plist#frame:ui_command_tx_06.png,assets/package/quest/quest_image0.plist#frame:ui_command_tx_06.png,atlas-frames/assets/package/quest/quest_image0/ui_command_tx_06.png,1555,856,76,29,76,29,76,29,0.0,0.0,False,PNG,76,29,RGBA,1,True,3153C10008DA5FA3E31129856EB5793139CC19E2072F221A33A812DB4A52CDFC,1E18B6C9E7D71A340F0A9AA6CADE435752C310114B715ACE6BC7F6C9A2B4A8D7,D5D46A1E878799E8,3253
L-FRAME-00828,logical_frame,D:\magia\MyProducts\MagiaRe\Magia_CN_Project\dist\MagiaCN-r128-downloader-fix1.apk,assets/package/quest/quest_image0.plist,assets/package/quest/quest_image0.png,ui_command_tx_07.png,D:\magia\MyProducts\MagiaRe\Magia_CN_Project\dist\MagiaCN-r128-downloader-fix1.apk!/assets/package/quest/quest_image0.plist#frame:ui_command_tx_07.png,assets/package/quest/quest_image0.plist#frame:ui_command_tx_07.png,atlas-frames/assets/package/quest/quest_image0/ui_command_tx_07.png,1334,453,128,72,128,72,128,72,0.0,0.0,False,PNG,128,72,RGBA,1,True,53F0EBEAC00C540524CD32F834E362F93E86A0C0E8C8423C1068584AC0647580,D5F8777492A56BF4394255A2B27FF8489F2BC5A781C29E1C4A0087E4C11FAF86,85A57C5ACB636AD8,7925
L-FRAME-00829,logical_frame,D:\magia\MyProducts\MagiaRe\Magia_CN_Project\dist\MagiaCN-r128-downloader-fix1.apk,assets/package/quest/quest_image0.plist,assets/package/quest/quest_image0.png,ui_command_tx_08.png,D:\magia\MyProducts\MagiaRe\Magia_CN_Project\dist\MagiaCN-r128-downloader-fix1.apk!/assets/package/quest/quest_image0.plist#frame:ui_command_tx_08.png,assets/package/quest/quest_image0.plist#frame:ui_command_tx_08.png,atlas-frames/assets/package/quest/quest_image0/ui_command_tx_08.png,1334,379,128,72,128,72,128,72,0.0,0.0,False,PNG,128,72,RGBA,1,True,002F85596EE45FC78B2B63A9901408B5E678A4C29D3E10439D67BD1BB6B6830D,87EA4B566813341F5BE3D74929A75C63DB25742DB979A1A01B0E9FBAB128A827,85AD785AD36764D8,7762
L-FRAME-00830,logical_frame,D:\magia\MyProducts\MagiaRe\Magia_CN_Project\dist\MagiaCN-r128-downloader-fix1.apk,assets/package/quest/quest_image0.plist,assets/package/quest/quest_image0.png,ui_name_bg_l.png,D:\magia\MyProducts\MagiaRe\Magia_CN_Project\dist\MagiaCN-r128-downloader-fix1.apk!/assets/package/quest/quest_image0.plist#frame:ui_name_bg_l.png,assets/package/quest/quest_image0.plist#frame:ui_name_bg_l.png,atlas-frames/assets/package/quest/quest_image0/ui_name_bg_l.png,842,214,240,49,240,49,240,49,0.0,0.0,False,PNG,240,49,RGBA,1,True,71FDCDF0E51E999FF82344E7E98C10D809A22CA707026DAAC4091DAF18A4E10D,30BBD69FDEE04D57AE5E9EAA3256B988AD8A08EFBA9B9B84CCD238570D4141D9,AAD585C0D5D5D5D4,1696
L-FRAME-00831,logical_frame,D:\magia\MyProducts\MagiaRe\Magia_CN_Project\dist\MagiaCN-r128-downloader-fix1.apk,assets/package/quest/quest_image0.plist,assets/package/quest/quest_image0.png,ui_name_bg_r.png,D:\magia\MyProducts\MagiaRe\Magia_CN_Project\dist\MagiaCN-r128-downloader-fix1.apk!/assets/package/quest/quest_image0.plist#frame:ui_name_bg_r.png,assets/package/quest/quest_image0.plist#frame:ui_name_bg_r.png,atlas-frames/assets/package/quest/quest_image0/ui_name_bg_r.png,428,572,241,49,241,49,241,49,0.0,0.0,False,PNG,241,49,RGBA,1,True,ECE48B5DB00FD5BF3753A571B7708D76F5CD3F092A56675C342631048CEF0762,EE13BBC4E0672143ED531B6785ADE8B0065760CDE8FFC822A3012C3544AF471F,FF81FCFF8080809F,1676
L-FRAME-00832,logical_frame,D:\magia\MyProducts\MagiaRe\Magia_CN_Project\dist\MagiaCN-r128-downloader-fix1.apk,assets/package/quest/quest_image0.plist,assets/package/quest/quest_image0.png,ui_skill_01.png,D:\magia\MyProducts\MagiaRe\Magia_CN_Project\dist\MagiaCN-r128-downloader-fix1.apk!/assets/package/quest/quest_image0.plist#frame:ui_skill_01.png,assets/package/quest/quest_image0.plist#frame:ui_skill_01.png,atlas-frames/assets/package/quest/quest_image0/ui_skill_01.png,792,984,161,27,161,27,161,27,0.0,0.0,False,PNG,161,27,RGBA,1,True,272B40111DB926CA7561B1C6C7A81B67FD96C6A44DFED033C437362848511E15,535DC242D2F31F2C46C02AA685D768B522CC479033AC784863D6BC25D8A1CAF5,D5FF0000EAFF15AA,611
L-FRAME-00833,logical_frame,D:\magia\MyProducts\MagiaRe\Magia_CN_Project\dist\MagiaCN-r128-downloader-fix1.apk,assets/package/quest/quest_image0.plist,assets/package/quest/quest_image0.png,ui_skill_bg.png,D:\magia\MyProducts\MagiaRe\Magia_CN_Project\dist\MagiaCN-r128-downloader-fix1.apk!/assets/package/quest/quest_image0.plist#frame:ui_skill_bg.png,assets/package/quest/quest_image0.plist#frame:ui_skill_bg.png,atlas-frames/assets/package/quest/quest_image0/ui_skill_bg.png,2,354,509,110,509,110,509,110,0.0,0.0,False,PNG,509,110,RGBA,1,True,165EFB52F95F918E243626C4B89A92C1B657B398700FD00514F4112AE50BD684,45CDDB6E568E04A4C17B3CF090C500F6D6FE2EC39FDFAF2556382AD44D9253B2,FC83BA555581A37C,21400
L-FRAME-00834,logical_frame,D:\magia\MyProducts\MagiaRe\Magia_CN_Project\dist\MagiaCN-r128-downloader-fix1.apk,assets/package/quest/quest_image0.plist,assets/package/quest/quest_image0.png,ui_skill_icon01.png,D:\magia\MyProducts\MagiaRe\Magia_CN_Project\dist\MagiaCN-r128-downloader-fix1.apk!/assets/package/quest/quest_image0.plist#frame:ui_skill_icon01.png,assets/package/quest/quest_image0.plist#frame:ui_skill_icon01.png,atlas-frames/assets/package/quest/quest_image0/ui_skill_icon01.png,1582,505,81,82,81,82,81,82,0.0,0.0,False,PNG,81,82,RGBA,1,True,8752CC31BD1F54AD1BA091F163ED5B0D8261ECA0A579D8768325C0FCC4F59F69,33D34E1980EAB75CBE86B206E0A1730B81D115EB6145F83172A6619D18A9E803,9D6E40B39E4E8BB1,5966
L-FRAME-00835,logical_frame,D:\magia\MyProducts\MagiaRe\Magia_CN_Project\dist\MagiaCN-r128-downloader-fix1.apk,assets/package/quest/quest_image0.plist,assets/package/quest/quest_image0.png,ui_skill_icon02.png,D:\magia\MyProducts\MagiaRe\Magia_CN_Project\dist\MagiaCN-r128-downloader-fix1.apk!/assets/package/quest/quest_image0.plist#frame:ui_skill_icon02.png,assets/package/quest/quest_image0.plist#frame:ui_skill_icon02.png,atlas-frames/assets/package/quest/quest_image0/ui_skill_icon02.png,1651,112,93,93,93,93,93,93,0.0,0.0,False,PNG,93,93,RGBA,1,True,4969108FEE10BC99726B10F1DA6404AC1256AF22DE7C9D23B08AB33DF2B59EE9,4D6946A32AB12DC4EB03296CF24B2D763E9F820C66B2C8DC04EDE004684621CD,AF1CB567D098CA78,3374
L-FRAME-00836,logical_frame,D:\magia\MyProducts\MagiaRe\Magia_CN_Project\dist\MagiaCN-r128-downloader-fix1.apk,assets/package/quest/quest_image0.plist,assets/package/quest/quest_image0.png,ui_skill_nm00.png,D:\magia\MyProducts\MagiaRe\Magia_CN_Project\dist\MagiaCN-r128-downloader-fix1.apk!/assets/package/quest/quest_image0.plist#frame:ui_skill_nm00.png,assets/package/quest/quest_image0.plist#frame:ui_skill_nm00.png,atlas-frames/assets/package/quest/quest_image0/ui_skill_nm00.png,1372,171,22,27,22,27,22,27,0.0,0.0,False,PNG,22,27,RGBA,1,True,D0B0EFE7A37EBF4723EEBC390A82891509BD299FAD0D4E71FB9248A0F5DAD8A5,A2DFF64F01F903FBAF8FCA0CA57DE81ECA9E3FEC92F3B6AF88F7DAC5CC5C9AEA,D6C16C3E613C3765,822
L-FRAME-00837,logical_frame,D:\magia\MyProducts\MagiaRe\Magia_CN_Project\dist\MagiaCN-r128-downloader-fix1.apk,assets/package/quest/quest_image0.plist,assets/package/quest/quest_image0.png,ui_skill_nm01.png,D:\magia\MyProducts\MagiaRe\Magia_CN_Project\dist\MagiaCN-r128-downloader-fix1.apk!/assets/package/quest/quest_image0.plist#frame:ui_skill_nm01.png,assets/package/quest/quest_image0.plist#frame:ui_skill_nm01.png,atlas-frames/assets/package/quest/quest_image0/ui_skill_nm01.png,1410,695,17,27,17,27,17,27,0.0,0.0,False,PNG,17,27,RGBA,1,True,4F4C4B4845360901B346681D6332A9E75FCD4285C7A162185CC06A21121BB1AA,4CD2C60E806D82B7CA1D90FBFF215FF6B694FC068E956C88A6E113726C83F8D1,92C46C3B6D63E6CC,619
L-FRAME-00838,logical_frame,D:\magia\MyProducts\MagiaRe\Magia_CN_Project\dist\MagiaCN-r128-downloader-fix1.apk,assets/package/quest/quest_image0.plist,assets/package/quest/quest_image0.png,ui_skill_nm02.png,D:\magia\MyProducts\MagiaRe\Magia_CN_Project\dist\MagiaCN-r128-downloader-fix1.apk!/assets/package/quest/quest_image0.plist#frame:ui_skill_nm02.png,assets/package/quest/quest_image0.plist#frame:ui_skill_nm02.png,atlas-frames/assets/package/quest/quest_image0/ui_skill_nm02.png,1890,106,22,27,22,27,22,27,0.0,0.0,False,PNG,22,27,RGBA,1,True,3CEE8D40096B4D699A3ED3BB065B7E87039A94DCBFA6F5402CD8D1A3799C114A,3ADF4373C83B4955505D49EE3E3A9CA7E76A2518A07E8A9D005D9955BF17ADE1,939B644D39B366C9,910
L-FRAME-00839,logical_frame,D:\magia\MyProducts\MagiaRe\Magia_CN_Project\dist\MagiaCN-r128-downloader-fix1.apk,assets/package/quest/quest_image0.plist,assets/package/quest/quest_image0.png,ui_skill_nm03.png,D:\magia\MyProducts\MagiaRe\Magia_CN_Project\dist\MagiaCN-r128-downloader-fix1.apk!/assets/package/quest/quest_image0.plist#frame:ui_skill_nm03.png,assets/package/quest/quest_image0.plist#frame:ui_skill_nm03.png,atlas-frames/assets/package/quest/quest_image0/ui_skill_nm03.png,544,927,21,27,21,27,21,27,0.0,0.0,False,PNG,21,27,RGBA,1,True,F9FEEB97D3D992D16E3A679A5E530B74D816D78F212FF5E933F28BB654ABA814,E00991766C8DADCE52E14A19C1F216F68622CED227754B527A636E0A1173F9FA,969F69343C4B36A5,958
L-FRAME-00840,logical_frame,D:\magia\MyProducts\MagiaRe\Magia_CN_Project\dist\MagiaCN-r128-downloader-fix1.apk,assets/package/quest/quest_image0.plist,assets/package/quest/quest_image0.png,ui_skill_nm04.png,D:\magia\MyProducts\MagiaRe\Magia_CN_Project\dist\MagiaCN-r128-downloader-fix1.apk!/assets/package/quest/quest_image0.plist#frame:ui_skill_nm04.png,assets/package/quest/quest_image0.plist#frame:ui_skill_nm04.png,atlas-frames/assets/package/quest/quest_image0/ui_skill_nm04.png,567,927,22,27,22,27,22,27,0.0,0.0,False,PNG,22,27,RGBA,1,True,5AB2CE868AD3E51B9F17B2344ED334D255F73C595930221BB52E350F1A274719,D5D8F4F9482E87681B4E8819FF94ACF63E430ED99842233458F64C0923D19EC3,931C38E1677ECC69,807
L-FRAME-00841,logical_frame,D:\magia\MyProducts\MagiaRe\Magia_CN_Project\dist\MagiaCN-r128-downloader-fix1.apk,assets/package/quest/quest_image0.plist,assets/package/quest/quest_image0.png,ui_skill_nm05.png,D:\magia\MyProducts\MagiaRe\Magia_CN_Project\dist\MagiaCN-r128-downloader-fix1.apk!/assets/package/quest/quest_image0.plist#frame:ui_skill_nm05.png,assets/package/quest/quest_image0.plist#frame:ui_skill_nm05.png,atlas-frames/assets/package/quest/quest_image0/ui_skill_nm05.png,1396,171,20,27,20,27,20,27,0.0,0.0,False,PNG,20,27,RGBA,1,True,1D7CF487D489D8964990E5DA340B6503EB1F152DB7245287AD15D999D082D8AC,489ED25BCAB27EBB4AAD660E1E6750F7F4ABDFE9034F07BADA32608C85416980,D3C76D303CC9363C,841
L-FRAME-00842,logical_frame,D:\magia\MyProducts\MagiaRe\Magia_CN_Project\dist\MagiaCN-r128-downloader-fix1.apk,assets/package/quest/quest_image0.plist,assets/package/quest/quest_image0.png,ui_skill_nm06.png,D:\magia\MyProducts\MagiaRe\Magia_CN_Project\dist\MagiaCN-r128-downloader-fix1.apk!/assets/package/quest/quest_image0.plist#frame:ui_skill_nm06.png,assets/package/quest/quest_image0.plist#frame:ui_skill_nm06.png,atlas-frames/assets/package/quest/quest_image0/ui_skill_nm06.png,1083,276,21,27,21,27,21,27,0.0,0.0,False,PNG,21,27,RGBA,1,True,3D61D064E8FE5DC437D827D31F6A448A5562528BB70F1BC2862C165A9F306F62,EBF12FB27BB1F4E44123FA1FFD0AAACD2D4063E61F1D04EE58DCB33467D4F1FB,C3DC3CB279496764,957
L-FRAME-00843,logical_frame,D:\magia\MyProducts\MagiaRe\Magia_CN_Project\dist\MagiaCN-r128-downloader-fix1.apk,assets/package/quest/quest_image0.plist,assets/package/quest/quest_image0.png,ui_skill_nm07.png,D:\magia\MyProducts\MagiaRe\Magia_CN_Project\dist\MagiaCN-r128-downloader-fix1.apk!/assets/package/quest/quest_image0.plist#frame:ui_skill_nm07.png,assets/package/quest/quest_image0.plist#frame:ui_skill_nm07.png,atlas-frames/assets/package/quest/quest_image0/ui_skill_nm07.png,1296,379,22,27,22,27,22,27,0.0,0.0,False,PNG,22,27,RGBA,1,True,E6ABFB553E6D5E9AEE9806470C1DEC45C0297B47596FF5659C13AB9267642856,B5BBE0633FF08351D40A4E63978713F6E66AC6FED01AAB0F189030736ABC7F5D,9893664C3B3E3E63,856
L-FRAME-00844,logical_frame,D:\magia\MyProducts\MagiaRe\Magia_CN_Project\dist\MagiaCN-r128-downloader-fix1.apk,assets/package/quest/quest_image0.plist,assets/package/quest/quest_image0.png,ui_skill_nm08.png,D:\magia\MyProducts\MagiaRe\Magia_CN_Project\dist\MagiaCN-r128-downloader-fix1.apk!/assets/package/quest/quest_image0.plist#frame:ui_skill_nm08.png,assets/package/quest/quest_image0.plist#frame:ui_skill_nm08.png,atlas-frames/assets/package/quest/quest_image0/ui_skill_nm08.png,1866,106,22,27,22,27,22,27,0.0,0.0,False,PNG,22,27,RGBA,1,True,3D361FA9AF9B797021C2C8C8AB5512C346D274F808198CD20C626A737F16CF47,008B98AD6617B431461189CB6F110A4D5B8FB3D819DB54DCEC78D61D4B030B6F,C39C7C732D4C32F1,931
L-FRAME-00845,logical_frame,D:\magia\MyProducts\MagiaRe\Magia_CN_Project\dist\MagiaCN-r128-downloader-fix1.apk,assets/package/quest/quest_image0.plist,assets/package/quest/quest_image0.png,ui_skill_nm09.png,D:\magia\MyProducts\MagiaRe\Magia_CN_Project\dist\MagiaCN-r128-downloader-fix1.apk!/assets/package/quest/quest_image0.plist#frame:ui_skill_nm09.png,assets/package/quest/quest_image0.plist#frame:ui_skill_nm09.png,atlas-frames/assets/package/quest/quest_image0/ui_skill_nm09.png,1761,62,22,27,22,27,22,27,0.0,0.0,False,PNG,22,27,RGBA,1,True,407B32D6E942D4878BFA652FC3912BADB8E7095CD9BD1032318A8D01DE87528E,16E25CF5C65C9BD30E8213554FD58C7113FBCDE711126F563C22D273FE597773,D3D76D1C346332CC,917
L-FRAME-00846,logical_frame,D:\magia\MyProducts\MagiaRe\Magia_CN_Project\dist\MagiaCN-r128-downloader-fix1.apk,assets/package/quest/quest_image0.plist,assets/package/quest/quest_image0.png,ui_support_icon.png,D:\magia\MyProducts\MagiaRe\Magia_CN_Project\dist\MagiaCN-r128-downloader-fix1.apk!/assets/package/quest/quest_image0.plist#frame:ui_support_icon.png,assets/package/quest/quest_image0.plist#frame:ui_support_icon.png,atlas-frames/assets/package/quest/quest_image0/ui_support_icon.png,1689,370,75,20,75,20,75,20,0.0,0.0,False,PNG,75,20,RGBA,1,True,53050B7C6CA3696C59B91B97C302B3D35A9E871E63737B8931BD17C8EBE8482D,6142B0C6905E42782C4C884B8EA826F11769AB711FA8327AE9CF867E03474F6F,91CF55346EE16AF0,2640
L-FRAME-00847,logical_frame,D:\magia\MyProducts\MagiaRe\Magia_CN_Project\dist\MagiaCN-r128-downloader-fix1.apk,assets/package/quest/treasure_box/treasure_box0.plist,assets/package/quest/treasure_box/treasure_box0.png,lb_box01.png,D:\magia\MyProducts\MagiaRe\Magia_CN_Project\dist\MagiaCN-r128-downloader-fix1.apk!/assets/package/quest/treasure_box/treasure_box0.plist#frame:lb_box01.png,assets/package/quest/treasure_box/treasure_box0.plist#frame:lb_box01.png,atlas-frames/assets/package/quest/treasure_box/treasure_box0/lb_box01.png,0,0,106,96,106,96,106,96,0.0,0.0,False,PNG,106,96,RGBA,1,True,0084568B83C911C0662E1CB37BBBE0AC96F4F461908CDBD515F08F2CC00BFDA0,2446AE7586EF00AD3FB49F6E1F1BCF8605264F18CD19A0202226D775B1393E68,93C66C39706F8F94,13784
L-FRAME-00848,logical_frame,D:\magia\MyProducts\MagiaRe\Magia_CN_Project\dist\MagiaCN-r128-downloader-fix1.apk,assets/package/quest/treasure_box/treasure_box0.plist,assets/package/quest/treasure_box/treasure_box0.png,lb_boxeff00.png,D:\magia\MyProducts\MagiaRe\Magia_CN_Project\dist\MagiaCN-r128-downloader-fix1.apk!/assets/package/quest/treasure_box/treasure_box0.plist#frame:lb_boxeff00.png,assets/package/quest/treasure_box/treasure_box0.plist#frame:lb_boxeff00.png,atlas-frames/assets/package/quest/treasure_box/treasure_box0/lb_boxeff00.png,108,0,56,60,56,60,56,60,0.0,0.0,False,PNG,56,60,RGBA,1,True,AFFDA3081471BE6B7BDF7A41DF933EE55AE650A07E72FE68846B01AC668159C7,9A2E265EAD6910DCD4F4631D0D00FF99423E6C9CB1FDC1EFE14493C26B42ECFD,CCD93336CCC93339,2379
L-FRAME-00849,logical_frame,D:\magia\MyProducts\MagiaRe\Magia_CN_Project\dist\MagiaCN-r128-downloader-fix1.apk,assets/package/quest/treasure_box/treasure_box0.plist,assets/package/quest/treasure_box/treasure_box0.png,lb_box02.png,D:\magia\MyProducts\MagiaRe\Magia_CN_Project\dist\MagiaCN-r128-downloader-fix1.apk!/assets/package/quest/treasure_box/treasure_box0.plist#frame:lb_box02.png,assets/package/quest/treasure_box/treasure_box0.plist#frame:lb_box02.png,atlas-frames/assets/package/quest/treasure_box/treasure_box0/lb_box02.png,0,98,106,96,106,96,106,96,0.0,0.0,False,PNG,106,96,RGBA,1,True,B099B04BA88225570347D366E84EBDADEC377BAB7BFD67B26925275D828C51FA,51855D9F36119657467592ADD05D5F574E4FEC6A743815CDFE88A99A9E54952F,93866C39706F8F95,13668
L-FRAME-00850,logical_frame,D:\magia\MyProducts\MagiaRe\Magia_CN_Project\dist\MagiaCN-r128-downloader-fix1.apk,assets/package/quest/treasure_box/treasure_box0.plist,assets/package/quest/treasure_box/treasure_box0.png,lb_box03.png,D:\magia\MyProducts\MagiaRe\Magia_CN_Project\dist\MagiaCN-r128-downloader-fix1.apk!/assets/package/quest/treasure_box/treasure_box0.plist#frame:lb_box03.png,assets/package/quest/treasure_box/treasure_box0.plist#frame:lb_box03.png,atlas-frames/assets/package/quest/treasure_box/treasure_box0/lb_box03.png,108,62,106,96,106,96,106,96,0.0,0.0,False,PNG,106,96,RGBA,1,True,8E08513AA91EBE0155BF4B7A20FDC0A7F6BBBFEDF3C4B068B51B88CC22C989B7,3AE9BE46343514CB5E84C474170E366EC9A827523602FD3C94921F20A73C336C,97D66A39606E8D95,13397
L-FRAME-00851,logical_frame,D:\magia\MyProducts\MagiaRe\Magia_CN_Project\dist\MagiaCN-r128-downloader-fix1.apk,assets/package/quest/ui_button_disk/ui_button_disk0.plist,assets/package/quest/ui_button_disk/ui_button_disk0.png,ui_disk_bt.png,D:\magia\MyProducts\MagiaRe\Magia_CN_Project\dist\MagiaCN-r128-downloader-fix1.apk!/assets/package/quest/ui_button_disk/ui_button_disk0.plist#frame:ui_disk_bt.png,assets/package/quest/ui_button_disk/ui_button_disk0.plist#frame:ui_disk_bt.png,atlas-frames/assets/package/quest/ui_button_disk/ui_button_disk0/ui_disk_bt.png,0,0,150,160,150,160,150,160,0.0,0.0,False,PNG,150,160,RGBA,1,True,DBA0C889F3A1EAD2509D9E605E2174016202AB18799AE0CC8976E82D4F45EAD8,558F46E3FE438E7D2327088C7DFAE9CEAE563653AA67C2B1CAA45C65721D14FC,96C7695B3525B271,24189
L-FRAME-00852,logical_frame,D:\magia\MyProducts\MagiaRe\Magia_CN_Project\dist\MagiaCN-r128-downloader-fix1.apk,assets/package/quest/ui_button_disk/ui_button_disk0.plist,assets/package/quest/ui_button_disk/ui_button_disk0.png,skill_b02.png,D:\magia\MyProducts\MagiaRe\Magia_CN_Project\dist\MagiaCN-r128-downloader-fix1.apk!/assets/package/quest/ui_button_disk/ui_button_disk0.plist#frame:skill_b02.png,assets/package/quest/ui_button_disk/ui_button_disk0.plist#frame:skill_b02.png,atlas-frames/assets/package/quest/ui_button_disk/ui_button_disk0/skill_b02.png,152,0,150,160,150,160,150,160,0.0,0.0,False,PNG,150,160,RGBA,1,True,3FE4F04431785B6B528028E7485130A308A55E33BB7F0AD5EE43244C515F677D,4564501BD39F195D8928BB6125101F0D80A0572D83C88043B366CD36E8C29C60,95D56E5B352D3264,24492
L-FRAME-00853,logical_frame,D:\magia\MyProducts\MagiaRe\Magia_CN_Project\dist\MagiaCN-r128-downloader-fix1.apk,assets/package/quest/ui_button_disk/ui_button_disk0.plist,assets/package/quest/ui_button_disk/ui_button_disk0.png,skill_b01.png,D:\magia\MyProducts\MagiaRe\Magia_CN_Project\dist\MagiaCN-r128-downloader-fix1.apk!/assets/package/quest/ui_button_disk/ui_button_disk0.plist#frame:skill_b01.png,assets/package/quest/ui_button_disk/ui_button_disk0.plist#frame:skill_b01.png,atlas-frames/assets/package/quest/ui_button_disk/ui_button_disk0/skill_b01.png,304,0,150,160,150,160,150,160,0.0,0.0,False,PNG,150,160,RGBA,1,True,DE740FB3492C6E32B83795EE43FFE1F64452FB32833E45852CD6BEC065A9F786,69512ABA249E200243EF6E6A98D9F8A5BD161322AA47AF01835E8B5D3430C99C,91C76F5B352D9264,23376
L-FRAME-00854,logical_frame,D:\magia\MyProducts\MagiaRe\Magia_CN_Project\dist\MagiaCN-r128-downloader-fix1.apk,assets/package/quest/ui_button_magia/ui_button_magia0.plist,assets/package/quest/ui_button_magia/ui_button_magia0.png,magia_disable.png,D:\magia\MyProducts\MagiaRe\Magia_CN_Project\dist\MagiaCN-r128-downloader-fix1.apk!/assets/package/quest/ui_button_magia/ui_button_magia0.plist#frame:magia_disable.png,assets/package/quest/ui_button_magia/ui_button_magia0.plist#frame:magia_disable.png,atlas-frames/assets/package/quest/ui_button_magia/ui_button_magia0/magia_disable.png,0,0,130,160,130,160,130,160,0.0,0.0,False,PNG,130,160,RGBA,1,True,FA57A5CCA010569524344196891BB9B8655C635CBC54F87E3323D1767FE148CF,88699C0DA6A1DB5CFB5C5D95ED6100879709281EA12BC6FD0ED30864833989A4,C5C63E39E0B4C7C6,15471
L-FRAME-00855,logical_frame,D:\magia\MyProducts\MagiaRe\Magia_CN_Project\dist\MagiaCN-r128-downloader-fix1.apk,assets/package/quest/ui_button_magia/ui_button_magia0.plist,assets/package/quest/ui_button_magia/ui_button_magia0.png,magia_b.png,D:\magia\MyProducts\MagiaRe\Magia_CN_Project\dist\MagiaCN-r128-downloader-fix1.apk!/assets/package/quest/ui_button_magia/ui_button_magia0.plist#frame:magia_b.png,assets/package/quest/ui_button_magia/ui_button_magia0.plist#frame:magia_b.png,atlas-frames/assets/package/quest/ui_button_magia/ui_button_magia0/magia_b.png,132,0,130,160,130,160,130,160,0.0,0.0,False,PNG,130,160,RGBA,1,True,2D2026F4A530B0BE240EDB64CD4382D41FB38E04D418C41D803E2E75793AAA6E,6353C5016741178C43E5FB5E13BA1D5E07B5BAF9F582C3481CEE9FF253131786,C5CE3E3170B6C5CC,16501
L-FRAME-00856,logical_frame,D:\magia\MyProducts\MagiaRe\Magia_CN_Project\dist\MagiaCN-r128-downloader-fix1.apk,assets/package/quest/ui_button_magia/ui_button_magia0.plist,assets/package/quest/ui_button_magia/ui_button_magia0.png,magia_b_back.png,D:\magia\MyProducts\MagiaRe\Magia_CN_Project\dist\MagiaCN-r128-downloader-fix1.apk!/assets/package/quest/ui_button_magia/ui_button_magia0.plist#frame:magia_b_back.png,assets/package/quest/ui_button_magia/ui_button_magia0.plist#frame:magia_b_back.png,atlas-frames/assets/package/quest/ui_button_magia/ui_button_magia0/magia_b_back.png,264,0,130,160,130,160,130,160,0.0,0.0,False,PNG,130,160,RGBA,1,True,722806F99F82BD2320006DC644D4753A0F9E4BE0CE5C519BBE6DFF0A5F24F77D,CED77AFE87A8456C5477A503DB836C2C0DA520DFBBE0C0FA52E599087E3D7F32,C5963E6D613387CC,18609
L-FRAME-00857,logical_frame,D:\magia\MyProducts\MagiaRe\Magia_CN_Project\dist\MagiaCN-r128-downloader-fix1.apk,assets/package/quest/ui_replaybattle/ui_replaybattle0.plist,assets/package/quest/ui_replaybattle/ui_replaybattle0.png,efe_01.png,D:\magia\MyProducts\MagiaRe\Magia_CN_Project\dist\MagiaCN-r128-downloader-fix1.apk!/assets/package/quest/ui_replaybattle/ui_replaybattle0.plist#frame:efe_01.png,assets/package/quest/ui_replaybattle/ui_replaybattle0.plist#frame:efe_01.png,atlas-frames/assets/package/quest/ui_replaybattle/ui_replaybattle0/efe_01.png,0,0,48,48,48,48,48,48,0.0,0.0,False,PNG,48,48,RGBA,1,True,7A9964C548EF88F94C3F5E214D8465B9F91266B16AB56E9D5C190395DBDD7659,12EE3DECC39D2BDDAF37A4D3470ABED3811C839A2DCEA2DDE101C67CF7ED3F5A,99993333D8C66673,792
L-FRAME-00858,logical_frame,D:\magia\MyProducts\MagiaRe\Magia_CN_Project\dist\MagiaCN-r128-downloader-fix1.apk,assets/package/quest/ui_replaybattle/ui_replaybattle0.plist,assets/package/quest/ui_replaybattle/ui_replaybattle0.png,efe_02.png,D:\magia\MyProducts\MagiaRe\Magia_CN_Project\dist\MagiaCN-r128-downloader-fix1.apk!/assets/package/quest/ui_replaybattle/ui_replaybattle0.plist#frame:efe_02.png,assets/package/quest/ui_replaybattle/ui_replaybattle0.plist#frame:efe_02.png,atlas-frames/assets/package/quest/ui_replaybattle/ui_replaybattle0/efe_02.png,48,0,23,11,23,11,23,11,0.0,0.0,False,PNG,23,11,RGBA,1,True,68367758E1FBB35E7997A1D7490DCBD336077C013530985BE9EE4162D38C3E86,88572FD8AFC91E68E9B43D74B734C8C24DE03C6BC816DEEDB15B226AE4FEC0B1,E80FABF0545707F8,203
L-FRAME-00859,logical_frame,D:\magia\MyProducts\MagiaRe\Magia_CN_Project\dist\MagiaCN-r128-downloader-fix1.apk,assets/package/quest/ui_replaybattle/ui_replaybattle0.plist,assets/package/quest/ui_replaybattle/ui_replaybattle0.png,replaybattle_01.png,D:\magia\MyProducts\MagiaRe\Magia_CN_Project\dist\MagiaCN-r128-downloader-fix1.apk!/assets/package/quest/ui_replaybattle/ui_replaybattle0.plist#frame:replaybattle_01.png,assets/package/quest/ui_replaybattle/ui_replaybattle0.plist#frame:replaybattle_01.png,atlas-frames/assets/package/quest/ui_replaybattle/ui_replaybattle0/replaybattle_01.png,71,0,300,42,300,42,300,42,0.0,0.0,False,PNG,300,42,RGBA,1,True,BFE7D73E330456567737FDBA862A5A9620A155D2571BFF5753045BBD3D52BD8A,79F30E7C2B4C11E44B54BE3E09678866C945894857FB098D7F17D1DF96CB0B71,973968C4D52EBE31,14809
L-FRAME-00860,logical_frame,D:\magia\MyProducts\MagiaRe\Magia_CN_Project\dist\MagiaCN-r128-downloader-fix1.apk,assets/package/quest/ui_replaybattle/ui_replaybattle0.plist,assets/package/quest/ui_replaybattle/ui_replaybattle0.png,replaybattle_00.png,D:\magia\MyProducts\MagiaRe\Magia_CN_Project\dist\MagiaCN-r128-downloader-fix1.apk!/assets/package/quest/ui_replaybattle/ui_replaybattle0.plist#frame:replaybattle_00.png,assets/package/quest/ui_replaybattle/ui_replaybattle0.plist#frame:replaybattle_00.png,atlas-frames/assets/package/quest/ui_replaybattle/ui_replaybattle0/replaybattle_00.png,371,0,374,72,374,72,374,72,0.0,0.0,False,PNG,374,72,RGBA,1,True,034A47F8CF7BB6BCE054B109199F658AFABCAAD234A283673412749561B8917C,4CE389278E936FBBBF63228C48F213F2BE41C99D15909732FB53FE670BBE6119,D5D53E2A6A7D3510,13790
L-FRAME-00861,logical_frame,D:\magia\MyProducts\MagiaRe\Magia_CN_Project\dist\MagiaCN-r128-downloader-fix1.apk,assets/package/quest/ui_replaybattle/ui_replaybattle0.plist,assets/package/quest/ui_replaybattle/ui_replaybattle0.png,bg_0.png,D:\magia\MyProducts\MagiaRe\Magia_CN_Project\dist\MagiaCN-r128-downloader-fix1.apk!/assets/package/quest/ui_replaybattle/ui_replaybattle0.plist#frame:bg_0.png,assets/package/quest/ui_replaybattle/ui_replaybattle0.plist#frame:bg_0.png,atlas-frames/assets/package/quest/ui_replaybattle/ui_replaybattle0/bg_0.png,745,0,1203,72,1203,72,1203,72,0.0,0.0,False,PNG,1203,72,RGBA,1,True,A140F5F819290A6D7E60C6FA2142468A41AA4F8B015F6F8ECAD13DCAF9DD649A,F2E912222FA06978AE4225682FD27F1A9185FB9C105A7C249E1255AF4CAC3724,B3CCCCCCCC33334D,3181
L-FRAME-00862,logical_frame,D:\magia\MyProducts\MagiaRe\Magia_CN_Project\dist\MagiaCN-r128-downloader-fix1.apk,assets/package/quest/ui_skill_ct/ui_skill_ct0.plist,assets/package/quest/ui_skill_ct/ui_skill_ct0.png,icon_skill_disk.png,D:\magia\MyProducts\MagiaRe\Magia_CN_Project\dist\MagiaCN-r128-downloader-fix1.apk!/assets/package/quest/ui_skill_ct/ui_skill_ct0.plist#frame:icon_skill_disk.png,assets/package/quest/ui_skill_ct/ui_skill_ct0.plist#frame:icon_skill_disk.png,atlas-frames/assets/package/quest/ui_skill_ct/ui_skill_ct0/icon_skill_disk.png,0,0,90,90,90,90,90,90,0.0,0.0,False,PNG,90,90,RGBA,1,True,0324A2C17D8191462A56DB5D8667E7C57DA22177A8DAFF0D26B903602E99EE52,894DDD6C2CDDC785291FDA6E3898911DEC4C2E57F6BD1B7F837B6AB8075A8002,D0D71E2A3F252F70,5168
L-FRAME-00863,logical_frame,D:\magia\MyProducts\MagiaRe\Magia_CN_Project\dist\MagiaCN-r128-downloader-fix1.apk,assets/package/quest/ui_skill_ct/ui_skill_ct0.plist,assets/package/quest/ui_skill_ct/ui_skill_ct0.png,ui_skill_nm00.png,D:\magia\MyProducts\MagiaRe\Magia_CN_Project\dist\MagiaCN-r128-downloader-fix1.apk!/assets/package/quest/ui_skill_ct/ui_skill_ct0.plist#frame:ui_skill_nm00.png,assets/package/quest/ui_skill_ct/ui_skill_ct0.plist#frame:ui_skill_nm00.png,atlas-frames/assets/package/quest/ui_skill_ct/ui_skill_ct0/ui_skill_nm00.png,92,0,40,50,40,50,40,50,0.0,0.0,False,PNG,40,50,RGBA,1,True,5CFACBA551EB9A0D9EB800E4288238D1D9F316C5CCFD6C5E4569A47AC050DE87,A029EF427AF8F029FD0CD80E7CA3C60F9B8DE5A33D16266A43B89230D638478F,C3D42C4B307DB37C,3284
L-FRAME-00864,logical_frame,D:\magia\MyProducts\MagiaRe\Magia_CN_Project\dist\MagiaCN-r128-downloader-fix1.apk,assets/package/quest/z_mark0.plist,assets/package/quest/z_mark0.png,z_mk_effect02.png,D:\magia\MyProducts\MagiaRe\Magia_CN_Project\dist\MagiaCN-r128-downloader-fix1.apk!/assets/package/quest/z_mark0.plist#frame:z_mk_effect02.png,assets/package/quest/z_mark0.plist#frame:z_mk_effect02.png,atlas-frames/assets/package/quest/z_mark0/z_mk_effect02.png,0,0,65,61,65,61,65,61,0.0,0.0,False,PNG,65,61,RGBA,1,True,7DA43BB7C11D0E80FC3222D0DA5E442CEE99D659C214088D5C5C2F797AE7A1D6,D1C85F641EA9B31C8CA341A283FF060F59A87C8E01EDDA12E0F77A6BFE432766,C9CE313C2ED366C3,5338
L-FRAME-00865,logical_frame,D:\magia\MyProducts\MagiaRe\Magia_CN_Project\dist\MagiaCN-r128-downloader-fix1.apk,assets/package/quest/z_mark0.plist,assets/package/quest/z_mark0.png,z_mk_effect01.png,D:\magia\MyProducts\MagiaRe\Magia_CN_Project\dist\MagiaCN-r128-downloader-fix1.apk!/assets/package/quest/z_mark0.plist#frame:z_mk_effect01.png,assets/package/quest/z_mark0.plist#frame:z_mk_effect01.png,atlas-frames/assets/package/quest/z_mark0/z_mk_effect01.png,0,63,70,61,70,61,70,61,0.0,0.0,False,PNG,70,61,RGBA,1,True,3AB6C4BA03BCCACBA32B6FE04B637A0709CFE5717BA8A4B2F31915E92FD39AB3,D6787F51120F232723CDA4E6A5CB05558912F137270355CD6D2F214EB266B2EE,D93371C33C6C663C,3679
L-FRAME-00866,logical_frame,D:\magia\MyProducts\MagiaRe\Magia_CN_Project\dist\MagiaCN-r128-downloader-fix1.apk,assets/package/quest/z_mark0.plist,assets/package/quest/z_mark0.png,z_mark_flash.png,D:\magia\MyProducts\MagiaRe\Magia_CN_Project\dist\MagiaCN-r128-downloader-fix1.apk!/assets/package/quest/z_mark0.plist#frame:z_mark_flash.png,assets/package/quest/z_mark0.plist#frame:z_mark_flash.png,atlas-frames/assets/package/quest/z_mark0/z_mark_flash.png,0,126,100,100,100,100,100,100,0.0,0.0,False,PNG,100,100,RGBA,1,True,F5092DF91EDB83E37C034C705C037480790B896988095424DD8F1C1510FF9A12,149AF760DF6291B062A1488FB8ACFFCC17CBD1EA5EC092DCE258E96CD9E11DCB,CBCB3C96E0B28787,4262
L-FRAME-00867,logical_frame,D:\magia\MyProducts\MagiaRe\Magia_CN_Project\dist\MagiaCN-r128-downloader-fix1.apk,assets/package/quest/z_mark0.plist,assets/package/quest/z_mark0.png,quest_z_effect.png,D:\magia\MyProducts\MagiaRe\Magia_CN_Project\dist\MagiaCN-r128-downloader-fix1.apk!/assets/package/quest/z_mark0.plist#frame:quest_z_effect.png,assets/package/quest/z_mark0.plist#frame:quest_z_effect.png,atlas-frames/assets/package/quest/z_mark0/quest_z_effect.png,102,0,124,124,124,124,124,124,0.0,0.0,False,PNG,124,124,RGBA,1,True,23098DA1B9106439E17985D017DD81590C69844707F80BCA630011DD1E7CBDDB,BD0C0BE20DBB4559805F4D922AB480BE2233363485DB6797447AD840C80F82B1,C22D3C9633CACBE5,13104
L-FRAME-00868,logical_frame,D:\magia\MyProducts\MagiaRe\Magia_CN_Project\dist\MagiaCN-r128-downloader-fix1.apk,assets/package/story/ef_adv_tap/ef_adv_tap0.plist,assets/package/story/ef_adv_tap/ef_adv_tap0.png,adv_point.png,D:\magia\MyProducts\MagiaRe\Magia_CN_Project\dist\MagiaCN-r128-downloader-fix1.apk!/assets/package/story/ef_adv_tap/ef_adv_tap0.plist#frame:adv_point.png,assets/package/story/ef_adv_tap/ef_adv_tap0.plist#frame:adv_point.png,atlas-frames/assets/package/story/ef_adv_tap/ef_adv_tap0/adv_point.png,0,0,100,100,100,100,100,100,0.0,0.0,False,PNG,100,100,RGBA,1,True,8A93CEC1738CE27637BDEE855DA5565CFFE395583D45866B37E82BED1ED4B2FE,59D32D032480E84B19C0DCB5A3C7BFA5873C3473D68D78712313BF0BA1D7BE5C,CC6633996336CCC7,5325
L-FRAME-00869,logical_frame,D:\magia\MyProducts\MagiaRe\Magia_CN_Project\dist\MagiaCN-r128-downloader-fix1.apk,assets/package/story/ef_adv_tap/ef_adv_tap0.plist,assets/package/story/ef_adv_tap/ef_adv_tap0.png,adv_shadow.png,D:\magia\MyProducts\MagiaRe\Magia_CN_Project\dist\MagiaCN-r128-downloader-fix1.apk!/assets/package/story/ef_adv_tap/ef_adv_tap0.plist#frame:adv_shadow.png,assets/package/story/ef_adv_tap/ef_adv_tap0.plist#frame:adv_shadow.png,atlas-frames/assets/package/story/ef_adv_tap/ef_adv_tap0/adv_shadow.png,102,0,70,70,70,70,70,70,0.0,0.0,False,PNG,70,70,RGBA,1,True,75D808BB08E7D4689D5BDEB04096C54857A6C79BC7602DA2B168C80C336F1184,0AD6FD9444DDD8157410CF1DF5DB05717B5AE67A6DD7F7A8D8F9661443BA1CED,E878970F7AE0853D,1840
L-FRAME-00870,logical_frame,D:\magia\MyProducts\MagiaRe\Magia_CN_Project\dist\MagiaCN-r128-downloader-fix1.apk,assets/package/story/story_ui_sprites00.plist,assets/package/story/story_ui_sprites00.png,adv_black.jpg,D:\magia\MyProducts\MagiaRe\Magia_CN_Project\dist\MagiaCN-r128-downloader-fix1.apk!/assets/package/story/story_ui_sprites00.plist#frame:adv_black.jpg,assets/package/story/story_ui_sprites00.plist#frame:adv_black.jpg,atlas-frames/assets/package/story/story_ui_sprites00/adv_black.jpg.png,1918,2,32,32,32,32,32,32,0.0,0.0,False,PNG,32,32,RGBA,1,True,30A5FAF4033E50A90A2878943DFCF4CC66C8FEFF3FE92C17DC8C7E7A30E9E845,0BC86C1DD27E6A7F3EF2F0090E007458028939D3A5B42107DB7DB7C7C87AADDF,FFFFFFFFFFFFFFFF,108
L-FRAME-00871,logical_frame,D:\magia\MyProducts\MagiaRe\Magia_CN_Project\dist\MagiaCN-r128-downloader-fix1.apk,assets/package/story/story_ui_sprites00.plist,assets/package/story/story_ui_sprites00.png,adv_choice_b.png,D:\magia\MyProducts\MagiaRe\Magia_CN_Project\dist\MagiaCN-r128-downloader-fix1.apk!/assets/package/story/story_ui_sprites00.plist#frame:adv_choice_b.png,assets/package/story/story_ui_sprites00.plist#frame:adv_choice_b.png,atlas-frames/assets/package/story/story_ui_sprites00/adv_choice_b.png,2,1163,666,136,666,136,666,136,0.0,0.0,False,PNG,666,136,RGBA,1,True,9E34D6EB4C7C8FB0FB1A3A9F2FD384AC4406C428D9614715542C65F3F35FDF8A,12661024659DB00FAF55561D4158247B7464A4A6F39028475AE55495E9904688,C0802F552B6A3F7F,13314
L-FRAME-00872,logical_frame,D:\magia\MyProducts\MagiaRe\Magia_CN_Project\dist\MagiaCN-r128-downloader-fix1.apk,assets/package/story/story_ui_sprites00.plist,assets/package/story/story_ui_sprites00.png,adv_choice_selected.png,D:\magia\MyProducts\MagiaRe\Magia_CN_Project\dist\MagiaCN-r128-downloader-fix1.apk!/assets/package/story/story_ui_sprites00.plist#frame:adv_choice_selected.png,assets/package/story/story_ui_sprites00.plist#frame:adv_choice_selected.png,atlas-frames/assets/package/story/story_ui_sprites00/adv_choice_selected.png,2,1439,666,136,666,136,666,136,0.0,0.0,False,PNG,666,136,RGBA,1,True,AF97619B6C31B4E7E11FFC3042BE330A80AFA22FD4BDB1A8561B3506E57FEC21,A0D315166F223795E68F15E210845F23FBBC23F3788D7E87C249D91C7F5A6061,D0D07A507E2F2F2D,13284
L-FRAME-00873,logical_frame,D:\magia\MyProducts\MagiaRe\Magia_CN_Project\dist\MagiaCN-r128-downloader-fix1.apk,assets/package/story/story_ui_sprites00.plist,assets/package/story/story_ui_sprites00.png,adv_fade.png,D:\magia\MyProducts\MagiaRe\Magia_CN_Project\dist\MagiaCN-r128-downloader-fix1.apk!/assets/package/story/story_ui_sprites00.plist#frame:adv_fade.png,assets/package/story/story_ui_sprites00.plist#frame:adv_fade.png,atlas-frames/assets/package/story/story_ui_sprites00/adv_fade.png,1694,402,128,100,128,100,128,100,0.0,0.0,False,PNG,128,100,RGBA,1,True,17038AAF33DA7D01B1111D08A4278655B0A89BA323BAB607848ED6947CEC797A,1FAA965B8361261D8DE8B79F86D66696830D36D1EDE76A4243505D3248ECEA36,AAAA00AA55BFAF55,379
L-FRAME-00874,logical_frame,D:\magia\MyProducts\MagiaRe\Magia_CN_Project\dist\MagiaCN-r128-downloader-fix1.apk,assets/package/story/story_ui_sprites00.plist,assets/package/story/story_ui_sprites00.png,adv_log_ce.png,D:\magia\MyProducts\MagiaRe\Magia_CN_Project\dist\MagiaCN-r128-downloader-fix1.apk!/assets/package/story/story_ui_sprites00.plist#frame:adv_log_ce.png,assets/package/story/story_ui_sprites00.plist#frame:adv_log_ce.png,atlas-frames/assets/package/story/story_ui_sprites00/adv_log_ce.png,2,970,761,191,761,191,761,191,0.0,0.0,False,PNG,761,191,RGBA,1,True,E71B0ADEE1E1CCAD45175271F9F19A052796D23ADB484CAD2D6851C8506D8CE1,F56EABB163BFA5B3147B00A2A15BAF8FA92209D59E75393079D37E6571C6D8A6,9119193B33E6E6E6,5237
L-FRAME-00875,logical_frame,D:\magia\MyProducts\MagiaRe\Magia_CN_Project\dist\MagiaCN-r128-downloader-fix1.apk,assets/package/story/story_ui_sprites00.plist,assets/package/story/story_ui_sprites00.png,adv_log_etc.png,D:\magia\MyProducts\MagiaRe\Magia_CN_Project\dist\MagiaCN-r128-downloader-fix1.apk!/assets/package/story/story_ui_sprites00.plist#frame:adv_log_etc.png,assets/package/story/story_ui_sprites00.plist#frame:adv_log_etc.png,atlas-frames/assets/package/story/story_ui_sprites00/adv_log_etc.png,2,410,844,203,844,203,844,203,0.0,0.0,False,PNG,844,203,RGBA,1,True,EA56DAE92F5F2F2E1AFA0D66D70A24D9321959C458CA56CECB5A60A2DDDDD395,321896AA9D73E2CFC58B971A77A47A67CFFCEBA5E7B150190B69DA9639CE2E9E,D57A50FF05D550C5,4328
L-FRAME-00876,logical_frame,D:\magia\MyProducts\MagiaRe\Magia_CN_Project\dist\MagiaCN-r128-downloader-fix1.apk,assets/package/story/story_ui_sprites00.plist,assets/package/story/story_ui_sprites00.png,adv_log_l.png,D:\magia\MyProducts\MagiaRe\Magia_CN_Project\dist\MagiaCN-r128-downloader-fix1.apk!/assets/package/story/story_ui_sprites00.plist#frame:adv_log_l.png,assets/package/story/story_ui_sprites00.plist#frame:adv_log_l.png,atlas-frames/assets/package/story/story_ui_sprites00/adv_log_l.png,2,815,762,153,762,153,762,153,0.0,0.0,False,PNG,762,153,RGBA,1,True,E651857B295AF1D4D41C54AF844EA6AA73DD0EFAAA47080BDAA6E6D958EA7755,A4F54D358D461F2E7F290F666D0F6DDE014878FF5FC9CB2FC0BF5B577958FEFF,80FF05007FFF7F00,5505
L-FRAME-00877,logical_frame,D:\magia\MyProducts\MagiaRe\Magia_CN_Project\dist\MagiaCN-r128-downloader-fix1.apk,assets/package/story/story_ui_sprites00.plist,assets/package/story/story_ui_sprites00.png,adv_log_na.png,D:\magia\MyProducts\MagiaRe\Magia_CN_Project\dist\MagiaCN-r128-downloader-fix1.apk!/assets/package/story/story_ui_sprites00.plist#frame:adv_log_na.png,assets/package/story/story_ui_sprites00.plist#frame:adv_log_na.png,atlas-frames/assets/package/story/story_ui_sprites00/adv_log_na.png,848,802,794,72,794,72,794,72,0.0,0.0,False,PNG,794,72,RGBA,1,True,A77D80EDA1598FAF8E274976A287D05F5657A46F1494FDF83F99F0F233477BBB,6DE4E05EFA6770F9FBEF7390B97707229512031B99D75B54083C563501F8CDE4,FEAAAE2AAEAAAE00,872
L-FRAME-00878,logical_frame,D:\magia\MyProducts\MagiaRe\Magia_CN_Project\dist\MagiaCN-r128-downloader-fix1.apk,assets/package/story/story_ui_sprites00.plist,assets/package/story/story_ui_sprites00.png,adv_white.jpg,D:\magia\MyProducts\MagiaRe\Magia_CN_Project\dist\MagiaCN-r128-downloader-fix1.apk!/assets/package/story/story_ui_sprites00.plist#frame:adv_white.jpg,assets/package/story/story_ui_sprites00.plist#frame:adv_white.jpg,atlas-frames/assets/package/story/story_ui_sprites00/adv_white.jpg.png,1918,36,32,32,32,32,32,32,0.0,0.0,False,PNG,32,32,RGBA,1,True,F7B9DA3B59DF7C5A2D0EA2F7CE260C20FEF37A0F550D150075A7F3C08B50A7DE,69FFB2C2BE60AD12DF3BD7C6AE9DA978EF192E2AACEA508A187835F99257C035,D72929D639D6D729,108
L-FRAME-00879,logical_frame,D:\magia\MyProducts\MagiaRe\Magia_CN_Project\dist\MagiaCN-r128-downloader-fix1.apk,assets/package/story/story_ui_sprites00.plist,assets/package/story/story_ui_sprites00.png,bg_adv_text.png,D:\magia\MyProducts\MagiaRe\Magia_CN_Project\dist\MagiaCN-r128-downloader-fix1.apk!/assets/package/story/story_ui_sprites00.plist#frame:bg_adv_text.png,assets/package/story/story_ui_sprites00.plist#frame:bg_adv_text.png,atlas-frames/assets/package/story/story_ui_sprites00/bg_adv_text.png,766,815,64,330,64,330,64,330,0.0,0.0,False,PNG,64,330,RGBA,1,True,BC54DA1A31779EA88751D327B923AA5BDF53CE54E157833A186BC17BD231FA59,998521CB3C870263315146471415EDD8887E7038EBFBC6A11A21BF5EF3923BC3,D4DCABAB2B5C5454,729
L-FRAME-00880,logical_frame,D:\magia\MyProducts\MagiaRe\Magia_CN_Project\dist\MagiaCN-r128-downloader-fix1.apk,assets/package/story/story_ui_sprites00.plist,assets/package/story/story_ui_sprites00.png,bg_adv_think.png,D:\magia\MyProducts\MagiaRe\Magia_CN_Project\dist\MagiaCN-r128-downloader-fix1.apk!/assets/package/story/story_ui_sprites00.plist#frame:bg_adv_think.png,assets/package/story/story_ui_sprites00.plist#frame:bg_adv_think.png,atlas-frames/assets/package/story/story_ui_sprites00/bg_adv_think.png,1694,602,256,192,256,192,256,192,0.0,0.0,False,PNG,256,192,RGBA,1,True,2F7C5AD63CB95FDAD44F8F8BC07F05DFB84A2D673EA06F201F31714CDE220748,DB3DE7B9E5233AA3FCCDAA588D5A10B797B4941D7957DF7820061BE207DF3C22,FFFF7F00008080FF,1638
L-FRAME-00881,logical_frame,D:\magia\MyProducts\MagiaRe\Magia_CN_Project\dist\MagiaCN-r128-downloader-fix1.apk,assets/package/story/story_ui_sprites00.plist,assets/package/story/story_ui_sprites00.png,story_ui_auto_b.png,D:\magia\MyProducts\MagiaRe\Magia_CN_Project\dist\MagiaCN-r128-downloader-fix1.apk!/assets/package/story/story_ui_sprites00.plist#frame:story_ui_auto_b.png,assets/package/story/story_ui_sprites00.plist#frame:story_ui_auto_b.png,atlas-frames/assets/package/story/story_ui_sprites00/story_ui_auto_b.png,1694,504,54,63,54,63,54,63,0.0,0.0,False,PNG,54,63,RGBA,1,True,951484630FF1B87163EB4B06FF1A5F3D81AC378A185D79DABAABFEA03F320253,2E224F7E64E9328DA7CA3D2B58695D922593ABA1285173D5F2258FE89BA3302D,9D93186E6B716CC6,3152
L-FRAME-00882,logical_frame,D:\magia\MyProducts\MagiaRe\Magia_CN_Project\dist\MagiaCN-r128-downloader-fix1.apk,assets/package/story/story_ui_sprites00.plist,assets/package/story/story_ui_sprites00.png,story_ui_auto_b_on.png,D:\magia\MyProducts\MagiaRe\Magia_CN_Project\dist\MagiaCN-r128-downloader-fix1.apk!/assets/package/story/story_ui_sprites00.plist#frame:story_ui_auto_b_on.png,assets/package/story/story_ui_sprites00.plist#frame:story_ui_auto_b_on.png,atlas-frames/assets/package/story/story_ui_sprites00/story_ui_auto_b_on.png,1806,504,54,63,54,63,54,63,0.0,0.0,False,PNG,54,63,RGBA,1,True,E9DA9536D75E4DC4BBA50A0F5A14904025E4DD662331926ED45E1E74F7257317,406710D76D4FC31531F73C28E3687395110926C819DF61B088CCDD78D6B09387,95761F9968C6E139,3209
L-FRAME-00883,logical_frame,D:\magia\MyProducts\MagiaRe\Magia_CN_Project\dist\MagiaCN-r128-downloader-fix1.apk,assets/package/story/story_ui_sprites00.plist,assets/package/story/story_ui_sprites00.png,story_ui_close_b.png,D:\magia\MyProducts\MagiaRe\Magia_CN_Project\dist\MagiaCN-r128-downloader-fix1.apk!/assets/package/story/story_ui_sprites00.plist#frame:story_ui_close_b.png,assets/package/story/story_ui_sprites00.plist#frame:story_ui_close_b.png,atlas-frames/assets/package/story/story_ui_sprites00/story_ui_close_b.png,1806,48,45,46,45,46,45,46,0.0,0.0,False,PNG,45,46,RGBA,1,True,3387F9E53B3AB21FDA26AAA3CF6658FFA1CE3477E997959C0D396B14C82CD382,6B059840FFDD5726476C75DC9B04723A8C33EF41061F5E5D956430E9CC643219,C1D45A8B66E72979,1971
L-FRAME-00884,logical_frame,D:\magia\MyProducts\MagiaRe\Magia_CN_Project\dist\MagiaCN-r128-downloader-fix1.apk,assets/package/story/story_ui_sprites00.plist,assets/package/story/story_ui_sprites00.png,story_ui_fukidashi_01_l.png,D:\magia\MyProducts\MagiaRe\Magia_CN_Project\dist\MagiaCN-r128-downloader-fix1.apk!/assets/package/story/story_ui_sprites00.plist#frame:story_ui_fukidashi_01_l.png,assets/package/story/story_ui_sprites00.plist#frame:story_ui_fukidashi_01_l.png,atlas-frames/assets/package/story/story_ui_sprites00/story_ui_fukidashi_01_l.png,2,615,844,198,844,198,844,198,0.0,0.0,False,PNG,844,198,RGBA,1,True,CD63CFAE74D433035C6E348D0916899C0F84AA16E268C360E1BA46FEDA2BDB2F,A17CE340C2A9DA3979C5EC54FBE8FC52942F0C550955048A5252BD1AFC4125CD,D47E6A2A958181FF,14730
L-FRAME-00885,logical_frame,D:\magia\MyProducts\MagiaRe\Magia_CN_Project\dist\MagiaCN-r128-downloader-fix1.apk,assets/package/story/story_ui_sprites00.plist,assets/package/story/story_ui_sprites00.png,story_ui_fukidashi_01_l02.png,D:\magia\MyProducts\MagiaRe\Magia_CN_Project\dist\MagiaCN-r128-downloader-fix1.apk!/assets/package/story/story_ui_sprites00.plist#frame:story_ui_fukidashi_01_l02.png,assets/package/story/story_ui_sprites00.plist#frame:story_ui_fukidashi_01_l02.png,atlas-frames/assets/package/story/story_ui_sprites00/story_ui_fukidashi_01_l02.png,960,2,844,198,844,198,844,198,0.0,0.0,False,PNG,844,198,RGBA,1,True,6D9B5DCEB2C9A0B8627E864389073384BB9CD1A4766357C3348261146232A7D6,3A65CAF732ACB693AA7B23B4BE7F16E809F0CE3B63F4962E0CBC1B18AD73F84F,D47E6A2B858181FF,12477
L-FRAME-00886,logical_frame,D:\magia\MyProducts\MagiaRe\Magia_CN_Project\dist\MagiaCN-r128-downloader-fix1.apk,assets/package/story/story_ui_sprites00.plist,assets/package/story/story_ui_sprites00.png,story_ui_fukidashi_01_r.png,D:\magia\MyProducts\MagiaRe\Magia_CN_Project\dist\MagiaCN-r128-downloader-fix1.apk!/assets/package/story/story_ui_sprites00.plist#frame:story_ui_fukidashi_01_r.png,assets/package/story/story_ui_sprites00.plist#frame:story_ui_fukidashi_01_r.png,atlas-frames/assets/package/story/story_ui_sprites00/story_ui_fukidashi_01_r.png,960,202,844,198,844,198,844,198,0.0,0.0,False,PNG,844,198,RGBA,1,True,082587655B313AC2CA6BA36C08F7084F68BFE87E1B8363493C0B4696030C123E,A9CFA3C5BF4AC7474FB32E61316B7CD7907CCE8BF626EB573D2F5B7574B1CD8F,812B3F7FC0D4D4AA,14541
L-FRAME-00887,logical_frame,D:\magia\MyProducts\MagiaRe\Magia_CN_Project\dist\MagiaCN-r128-downloader-fix1.apk,assets/package/story/story_ui_sprites00.plist,assets/package/story/story_ui_sprites00.png,story_ui_fukidashi_01_r02.png,D:\magia\MyProducts\MagiaRe\Magia_CN_Project\dist\MagiaCN-r128-downloader-fix1.apk!/assets/package/story/story_ui_sprites00.plist#frame:story_ui_fukidashi_01_r02.png,assets/package/story/story_ui_sprites00.plist#frame:story_ui_fukidashi_01_r02.png,atlas-frames/assets/package/story/story_ui_sprites00/story_ui_fukidashi_01_r02.png,2,210,844,198,844,198,844,198,0.0,0.0,False,PNG,844,198,RGBA,1,True,AD8DB43B52F6E56EBB47A302EAFC4476680BC1189C2A471AEA5BE555B1EABAE1,A5C0B055EC5E6EE4888B46FEAA008F4876D5CEA1DA37143944F70205D8C26CAC,812B7F7FD0D4D488,12426
L-FRAME-00888,logical_frame,D:\magia\MyProducts\MagiaRe\Magia_CN_Project\dist\MagiaCN-r128-downloader-fix1.apk,assets/package/story/story_ui_sprites00.plist,assets/package/story/story_ui_sprites00.png,story_ui_fukidashi_02_r.png,D:\magia\MyProducts\MagiaRe\Magia_CN_Project\dist\MagiaCN-r128-downloader-fix1.apk!/assets/package/story/story_ui_sprites00.plist#frame:story_ui_fukidashi_02_r.png,assets/package/story/story_ui_sprites00.plist#frame:story_ui_fukidashi_02_r.png,atlas-frames/assets/package/story/story_ui_sprites00/story_ui_fukidashi_02_r.png,2,2,956,206,956,206,956,206,0.0,0.0,False,PNG,956,206,RGBA,1,True,3EBA2E54F6CB8E88F97D3C6650EEBDB968FA2D21C9CD570CCDB78A34677B48C5,EF37234B499765D2D8EC5A88230F1EB6DC339DD6385FFEDC0CCDF89B293C969C,9132275C6F8C0EDF,42014
L-FRAME-00889,logical_frame,D:\magia\MyProducts\MagiaRe\Magia_CN_Project\dist\MagiaCN-r128-downloader-fix1.apk,assets/package/story/story_ui_sprites00.plist,assets/package/story/story_ui_sprites00.png,story_ui_fukidashi_03_r.png,D:\magia\MyProducts\MagiaRe\Magia_CN_Project\dist\MagiaCN-r128-downloader-fix1.apk!/assets/package/story/story_ui_sprites00.plist#frame:story_ui_fukidashi_03_r.png,assets/package/story/story_ui_sprites00.plist#frame:story_ui_fukidashi_03_r.png,atlas-frames/assets/package/story/story_ui_sprites00/story_ui_fukidashi_03_r.png,848,602,844,198,844,198,844,198,0.0,0.0,False,PNG,844,198,RGBA,1,True,99EDECF373B677FCCAF58A1BE11867015B85A05DA1A2477C5CD4A6F3D796B7B6,C0411F845A0E066BDA7B089AAA13C312A5776B323FFADC01743FED4C2FE89860,955F2A2AF7C0E2CC,14794
L-FRAME-00890,logical_frame,D:\magia\MyProducts\MagiaRe\Magia_CN_Project\dist\MagiaCN-r128-downloader-fix1.apk,assets/package/story/story_ui_sprites00.plist,assets/package/story/story_ui_sprites00.png,story_ui_fukidashi_03_r02.png,D:\magia\MyProducts\MagiaRe\Magia_CN_Project\dist\MagiaCN-r128-downloader-fix1.apk!/assets/package/story/story_ui_sprites00.plist#frame:story_ui_fukidashi_03_r02.png,assets/package/story/story_ui_sprites00.plist#frame:story_ui_fukidashi_03_r02.png,atlas-frames/assets/package/story/story_ui_sprites00/story_ui_fukidashi_03_r02.png,848,402,844,198,844,198,844,198,0.0,0.0,False,PNG,844,198,RGBA,1,True,FC9911721DE44C9AFF64FD45CC2EF5984AA96E9F1CCF01551611054934A9EE5D,ED4C2DD5FB8CE2A912CEEB6D2A5FB4E437FF306FB6D614424AAB8577D9907EA2,D57F2A2AF78082DC,12627
L-FRAME-00891,logical_frame,D:\magia\MyProducts\MagiaRe\Magia_CN_Project\dist\MagiaCN-r128-downloader-fix1.apk,assets/package/story/story_ui_sprites00.plist,assets/package/story/story_ui_sprites00.png,story_ui_fukidashi_05.png,D:\magia\MyProducts\MagiaRe\Magia_CN_Project\dist\MagiaCN-r128-downloader-fix1.apk!/assets/package/story/story_ui_sprites00.plist#frame:story_ui_fukidashi_05.png,assets/package/story/story_ui_sprites00.plist#frame:story_ui_fukidashi_05.png,atlas-frames/assets/package/story/story_ui_sprites00/story_ui_fukidashi_05.png,1806,2,54,44,54,44,54,44,0.0,0.0,False,PNG,54,44,RGBA,1,True,FC026A96B8DD13CAE6FF9AEB90BF3946C27A66F839B12AD310080AF4B089FAFC,47A98F7EA5ACE13F3C2F7357E3F71CF9A6F127FA1D905CEA46F6723F463830F9,81907E5F7A387B25,2338
L-FRAME-00892,logical_frame,D:\magia\MyProducts\MagiaRe\Magia_CN_Project\dist\MagiaCN-r128-downloader-fix1.apk,assets/package/story/story_ui_sprites00.plist,assets/package/story/story_ui_sprites00.png,story_ui_log_b.png,D:\magia\MyProducts\MagiaRe\Magia_CN_Project\dist\MagiaCN-r128-downloader-fix1.apk!/assets/package/story/story_ui_sprites00.plist#frame:story_ui_log_b.png,assets/package/story/story_ui_sprites00.plist#frame:story_ui_log_b.png,atlas-frames/assets/package/story/story_ui_sprites00/story_ui_log_b.png,1750,504,54,63,54,63,54,63,0.0,0.0,False,PNG,54,63,RGBA,1,True,EFD9C194A0CBF75C3DB52D62A2189A2CE676B070A9D5507DD1154F832A64545E,2CD92E00053B3F914E39D2BEC62A92B7FD5C4A4CADA061F1F4B43FC045DE0FC4,99974D3A3A656C93,3097
L-FRAME-00893,logical_frame,D:\magia\MyProducts\MagiaRe\Magia_CN_Project\dist\MagiaCN-r128-downloader-fix1.apk,assets/package/story/story_ui_sprites00.plist,assets/package/story/story_ui_sprites00.png,story_ui_pause_b_on.png,D:\magia\MyProducts\MagiaRe\Magia_CN_Project\dist\MagiaCN-r128-downloader-fix1.apk!/assets/package/story/story_ui_sprites00.plist#frame:story_ui_pause_b_on.png,assets/package/story/story_ui_sprites00.plist#frame:story_ui_pause_b_on.png,atlas-frames/assets/package/story/story_ui_sprites00/story_ui_pause_b_on.png,1862,2,54,63,54,63,54,63,0.0,0.0,False,PNG,54,63,RGBA,1,True,04BE35F3A7E86BC79686FFC69B82C307E04685ABD5D4907589AF9122C802E1EC,C9D619B2BDF95C91F9F9D21E9CDC44BEED53AC0BF9340D2360FC822FE57B54DF,98D31D1D7A72692D,5624
L-FRAME-00894,logical_frame,D:\magia\MyProducts\MagiaRe\Magia_CN_Project\dist\MagiaCN-r128-downloader-fix1.apk,assets/package/story/story_ui_sprites00.plist,assets/package/story/story_ui_sprites00.png,story_ui_select.png,D:\magia\MyProducts\MagiaRe\Magia_CN_Project\dist\MagiaCN-r128-downloader-fix1.apk!/assets/package/story/story_ui_sprites00.plist#frame:story_ui_select.png,assets/package/story/story_ui_sprites00.plist#frame:story_ui_select.png,atlas-frames/assets/package/story/story_ui_sprites00/story_ui_select.png,2,1577,666,136,666,136,666,136,0.0,0.0,False,PNG,666,136,RGBA,1,True,705018D8E29183D6172DF0EC9564B3F45ADBB87503D23879BF9917B5F2CE9512,12FB603AFD4F13777830121CEC44F546354CB394848832F941BE9675AFA94A06,D0807FD52B823F57,11492
L-FRAME-00895,logical_frame,D:\magia\MyProducts\MagiaRe\Magia_CN_Project\dist\MagiaCN-r128-downloader-fix1.apk,assets/package/story/story_ui_sprites00.plist,assets/package/story/story_ui_sprites00.png,story_ui_selected.png,D:\magia\MyProducts\MagiaRe\Magia_CN_Project\dist\MagiaCN-r128-downloader-fix1.apk!/assets/package/story/story_ui_sprites00.plist#frame:story_ui_selected.png,assets/package/story/story_ui_sprites00.plist#frame:story_ui_selected.png,atlas-frames/assets/package/story/story_ui_sprites00/story_ui_selected.png,2,1301,666,136,666,136,666,136,0.0,0.0,False,PNG,666,136,RGBA,1,True,97327B0A091097654C0DB42C54CD654E6394B383596709B77BD778B8781A3B6D,750D8E302469C7C2A15D823965195C361D83832D96025D77029ACB80B1C04307,D0D07A507E2F2F2D,13200
L-FRAME-00896,logical_frame,D:\magia\MyProducts\MagiaRe\Magia_CN_Project\dist\MagiaCN-r128-downloader-fix1.apk,assets/package/story/story_ui_sprites00.plist,assets/package/story/story_ui_sprites00.png,story_ui_skip.png,D:\magia\MyProducts\MagiaRe\Magia_CN_Project\dist\MagiaCN-r128-downloader-fix1.apk!/assets/package/story/story_ui_sprites00.plist#frame:story_ui_skip.png,assets/package/story/story_ui_sprites00.plist#frame:story_ui_skip.png,atlas-frames/assets/package/story/story_ui_sprites00/story_ui_skip.png,1952,2,84,38,84,38,84,38,0.0,0.0,False,PNG,84,38,RGBA,1,True,0D86568967563B816BD2223A2BDAEB1F0AEEEDABE82BAEA429B168BB62D2D498,FA685B16C472BD7203C1BEB846B1DD52C7DC27C784F1EA50889FB2CCA3F61884,D5C03A6A6B2D6A37,2946
L-FRAME-00897,logical_frame,D:\magia\MyProducts\MagiaRe\Magia_CN_Project\dist\MagiaCN-r128-downloader-fix1.apk,assets/package/tap/ef_tap0.plist,assets/package/tap/ef_tap0.png,tap_effect03.png,D:\magia\MyProducts\MagiaRe\Magia_CN_Project\dist\MagiaCN-r128-downloader-fix1.apk!/assets/package/tap/ef_tap0.plist#frame:tap_effect03.png,assets/package/tap/ef_tap0.plist#frame:tap_effect03.png,atlas-frames/assets/package/tap/ef_tap0/tap_effect03.png,0,0,128,128,128,128,128,128,0.0,0.0,False,PNG,128,128,RGBA,1,True,26150BA06A276B3158792DA28BA1D70FFE251CC2570F70866C68C7CEE4C0057F,63D24353C89613CA682C0A33AC93642A0CBA3774A5CCFB07331D4753D0D097B6,874E5A712D9EC2CE,5309
L-FRAME-00898,logical_frame,D:\magia\MyProducts\MagiaRe\Magia_CN_Project\dist\MagiaCN-r128-downloader-fix1.apk,assets/package/tap/ef_tap0.plist,assets/package/tap/ef_tap0.png,tap_effect02.png,D:\magia\MyProducts\MagiaRe\Magia_CN_Project\dist\MagiaCN-r128-downloader-fix1.apk!/assets/package/tap/ef_tap0.plist#frame:tap_effect02.png,assets/package/tap/ef_tap0.plist#frame:tap_effect02.png,atlas-frames/assets/package/tap/ef_tap0/tap_effect02.png,130,0,128,128,128,128,128,128,0.0,0.0,False,PNG,128,128,RGBA,1,True,D5448985F0F828FCF459CDDD5500597A41CA70628AB1C9FAB7935B16CFBA1D25,3F5673AC004E001023F79F730B7823924A5596C200C264E883D0F22590454295,D399384C6636CF2D,2542
L-FRAME-00899,logical_frame,D:\magia\MyProducts\MagiaRe\Magia_CN_Project\dist\MagiaCN-r128-downloader-fix1.apk,assets/package/tap/ef_tap0.plist,assets/package/tap/ef_tap0.png,tap_effect01.png,D:\magia\MyProducts\MagiaRe\Magia_CN_Project\dist\MagiaCN-r128-downloader-fix1.apk!/assets/package/tap/ef_tap0.plist#frame:tap_effect01.png,assets/package/tap/ef_tap0.plist#frame:tap_effect01.png,atlas-frames/assets/package/tap/ef_tap0/tap_effect01.png,260,0,128,128,128,128,128,128,0.0,0.0,False,PNG,128,128,RGBA,1,True,609C76E375213C2EBA3386D246A9B2B453BAC22944662274A1B1B1A21E13233F,866E2BBA7DA485E4D126A4586A375701A7633B2DB399A03D38B8B78F87E4D256,C3C46CCB63349B79,13096
L-FRAME-00900,logical_frame,D:\magia\MyProducts\MagiaRe\Magia_CN_Project\dist\MagiaCN-r128-downloader-fix1.apk,assets/package/top/toppage_bg_020.plist,assets/package/top/toppage_bg_020.png,bg_bill.png,D:\magia\MyProducts\MagiaRe\Magia_CN_Project\dist\MagiaCN-r128-downloader-fix1.apk!/assets/package/top/toppage_bg_020.plist#frame:bg_bill.png,assets/package/top/toppage_bg_020.plist#frame:bg_bill.png,atlas-frames/assets/package/top/toppage_bg_020/bg_bill.png,2,1323,1024,617,1024,617,1024,617,0.0,0.0,False,PNG,1024,617,RGBA,1,True,1E243552E9004C9B7B44B07EFFE280FEF7B38A300E32488750F778A2F1D3CF0A,1F808EE1022C0ABE3EB36E951C016DD06819D36AA0CA648C5F75E496E9AFE487,EF7F549481293A3A,241298
L-FRAME-00901,logical_frame,D:\magia\MyProducts\MagiaRe\Magia_CN_Project\dist\MagiaCN-r128-downloader-fix1.apk,assets/package/top/toppage_bg_020.plist,assets/package/top/toppage_bg_020.png,bg_bl.png,D:\magia\MyProducts\MagiaRe\Magia_CN_Project\dist\MagiaCN-r128-downloader-fix1.apk!/assets/package/top/toppage_bg_020.plist#frame:bg_bl.png,assets/package/top/toppage_bg_020.plist#frame:bg_bl.png,atlas-frames/assets/package/top/toppage_bg_020/bg_bl.png,2,1942,100,100,100,100,100,100,0.0,0.0,False,PNG,100,100,RGBA,1,True,08E3B5CB2F45D222C6DDD65CEEC492BBDD86041A5B83AAE8F29D0FDEAA2B081C,FCD74F9B942130A64BFBF825C05DB9177A4F838AEB93146FFE96E8EC99969372,FFFFFFFFFFFFFFFF,314
L-FRAME-00902,logical_frame,D:\magia\MyProducts\MagiaRe\Magia_CN_Project\dist\MagiaCN-r128-downloader-fix1.apk,assets/package/top/toppage_bg_020.plist,assets/package/top/toppage_bg_020.png,bg_w.png,D:\magia\MyProducts\MagiaRe\Magia_CN_Project\dist\MagiaCN-r128-downloader-fix1.apk!/assets/package/top/toppage_bg_020.plist#frame:bg_w.png,assets/package/top/toppage_bg_020.plist#frame:bg_w.png,atlas-frames/assets/package/top/toppage_bg_020/bg_w.png,104,1942,100,100,100,100,100,100,0.0,0.0,False,PNG,100,100,RGBA,1,True,0598B38B6D04FD3E65B463CAB987C5147CE12D9267C7D0892911C5E7F4867436,4F8F641F59259B3655E7C331ABDF2401007B871468C829A3F9E3AF986A626455,D62929D639D7D629,315
L-FRAME-00903,logical_frame,D:\magia\MyProducts\MagiaRe\Magia_CN_Project\dist\MagiaCN-r128-downloader-fix1.apk,assets/package/top/toppage_bg_020.plist,assets/package/top/toppage_bg_020.png,bg_yoru.png,D:\magia\MyProducts\MagiaRe\Magia_CN_Project\dist\MagiaCN-r128-downloader-fix1.apk!/assets/package/top/toppage_bg_020.plist#frame:bg_yoru.png,assets/package/top/toppage_bg_020.plist#frame:bg_yoru.png,atlas-frames/assets/package/top/toppage_bg_020/bg_yoru.png,2,2,1200,900,1200,900,1200,900,0.0,0.0,False,PNG,1200,900,RGBA,1,True,53951265CC5B988BFCB01B2CD117AD1ED6C1C58FBC8087B6178798ED1430786A,D2B3D82EAB6E1B313AA9FA98BBCE119F3BA10649F8AC8F464E530EB07367017B,91986B6B37366665,633942
L-FRAME-00904,logical_frame,D:\magia\MyProducts\MagiaRe\Magia_CN_Project\dist\MagiaCN-r128-downloader-fix1.apk,assets/package/top/toppage_bg_020.plist,assets/package/top/toppage_bg_020.png,hane_02.png,D:\magia\MyProducts\MagiaRe\Magia_CN_Project\dist\MagiaCN-r128-downloader-fix1.apk!/assets/package/top/toppage_bg_020.plist#frame:hane_02.png,assets/package/top/toppage_bg_020.plist#frame:hane_02.png,atlas-frames/assets/package/top/toppage_bg_020/hane_02.png,1542,1581,240,240,240,240,240,240,0.0,0.0,False,PNG,240,240,RGBA,1,True,21F3482CEE87ABD25B3221EFE7BBF7B1163D8113818337AAE0D5EB3C5FA57DC8,CA626A55D37E72E28DA3F9686BA3FBF58E9727E8AB40B9E2C930835C54314E72,9ED961A69E5961A6,14707
L-FRAME-00905,logical_frame,D:\magia\MyProducts\MagiaRe\Magia_CN_Project\dist\MagiaCN-r128-downloader-fix1.apk,assets/package/top/toppage_bg_020.plist,assets/package/top/toppage_bg_020.png,hane_03.png,D:\magia\MyProducts\MagiaRe\Magia_CN_Project\dist\MagiaCN-r128-downloader-fix1.apk!/assets/package/top/toppage_bg_020.plist#frame:hane_03.png,assets/package/top/toppage_bg_020.plist#frame:hane_03.png,atlas-frames/assets/package/top/toppage_bg_020/hane_03.png,1542,1823,200,200,200,200,200,200,0.0,0.0,False,PNG,200,200,RGBA,1,True,D0998196CD5C7D2AAA3D666CDA14E47B612E3ADEDAD26FC52B89D84485B9FDD6,02E6290E0A483AE8C9B0E5C76CF77CD67F20DD5CB72B84D010DAB7511852B2C4,CC93316C637C66D9,8607
L-FRAME-00906,logical_frame,D:\magia\MyProducts\MagiaRe\Magia_CN_Project\dist\MagiaCN-r128-downloader-fix1.apk,assets/package/top/toppage_bg_020.plist,assets/package/top/toppage_bg_020.png,kumo_001.png,D:\magia\MyProducts\MagiaRe\Magia_CN_Project\dist\MagiaCN-r128-downloader-fix1.apk!/assets/package/top/toppage_bg_020.plist#frame:kumo_001.png,assets/package/top/toppage_bg_020.plist#frame:kumo_001.png,atlas-frames/assets/package/top/toppage_bg_020/kumo_001.png,2,1063,1024,258,1024,258,1024,258,0.0,0.0,False,PNG,1024,258,RGBA,1,True,D09850CD9F3E328C2CFE58898845B983401BF1962EA3840744E42DEB9FB8D76D,B91FACA4A95EEE985D5574B8FC1A1AA833412808C20B61A9C7260435FB1BFE1F,FAD0840F88DD55DD,145213
L-FRAME-00907,logical_frame,D:\magia\MyProducts\MagiaRe\Magia_CN_Project\dist\MagiaCN-r128-downloader-fix1.apk,assets/package/top/toppage_bg_020.plist,assets/package/top/toppage_bg_020.png,kumo_002.png,D:\magia\MyProducts\MagiaRe\Magia_CN_Project\dist\MagiaCN-r128-downloader-fix1.apk!/assets/package/top/toppage_bg_020.plist#frame:kumo_002.png,assets/package/top/toppage_bg_020.plist#frame:kumo_002.png,atlas-frames/assets/package/top/toppage_bg_020/kumo_002.png,2,904,1024,157,1024,157,1024,157,0.0,0.0,False,PNG,1024,157,RGBA,1,True,B0082238D8CFFF956FF56A8B5B4C4E5161965D57D6C9F3B4A4E00F5DF2B346BC,BE066B73469CCCB1995A46030E88F96251A97AB3D5D4145709069D7E7D88ED25,BACD262651FA7351,23542
L-FRAME-00908,logical_frame,D:\magia\MyProducts\MagiaRe\Magia_CN_Project\dist\MagiaCN-r128-downloader-fix1.apk,assets/package/top/toppage_bg_020.plist,assets/package/top/toppage_bg_020.png,logo_02.png,D:\magia\MyProducts\MagiaRe\Magia_CN_Project\dist\MagiaCN-r128-downloader-fix1.apk!/assets/package/top/toppage_bg_020.plist#frame:logo_02.png,assets/package/top/toppage_bg_020.plist#frame:logo_02.png,atlas-frames/assets/package/top/toppage_bg_020/logo_02.png,1028,1063,852,516,852,516,852,516,0.0,0.0,False,PNG,852,516,RGBA,1,True,4A367969DCBFF4BB8E08EAF707DEFD90746463A94FE755ED875EAD8844120233,773DD42FE6F92AA238BC54B808891435FB90BA8E79856A30A6158D98790ABD7A,946D2FD2F01CCD6A,151370
L-FRAME-00909,logical_frame,D:\magia\MyProducts\MagiaRe\Magia_CN_Project\dist\MagiaCN-r128-downloader-fix1.apk,assets/package/top/toppage_bg_020.plist,assets/package/top/toppage_bg_020.png,sora_001.png,D:\magia\MyProducts\MagiaRe\Magia_CN_Project\dist\MagiaCN-r128-downloader-fix1.apk!/assets/package/top/toppage_bg_020.plist#frame:sora_001.png,assets/package/top/toppage_bg_020.plist#frame:sora_001.png,atlas-frames/assets/package/top/toppage_bg_020/sora_001.png,1028,1581,512,379,512,379,512,379,0.0,0.0,False,PNG,512,379,RGBA,1,True,97D2B6A7E4F6A5D712307B9CCFCACAA942302DE28C26D05E994550511F2FBC75,3D8754526D4D40D3CD46B692A95332B54B9E1EBBA1FD21095CA1208F9C173BDA,9266ED1913E2E3AD,119262
L-FRAME-00910,logical_frame,D:\magia\MyProducts\MagiaRe\Magia_CN_Project\dist\MagiaCN-r128-downloader-fix1.apk,assets/package/top/toppage_bg_021.plist,assets/package/top/toppage_bg_021.png,ef_start01.png,D:\magia\MyProducts\MagiaRe\Magia_CN_Project\dist\MagiaCN-r128-downloader-fix1.apk!/assets/package/top/toppage_bg_021.plist#frame:ef_start01.png,assets/package/top/toppage_bg_021.plist#frame:ef_start01.png,atlas-frames/assets/package/top/toppage_bg_021/ef_start01.png,-1,517,395,396,395,396,395,396,0.0,0.0,False,PNG,395,396,RGBA,1,True,5104ADB3421D33FB3DE7B01852C3D6C17A670B0523B88C53E92798ADECC03A3A,373BB262CD4984695568F1D2B10754B4DA13F3198B6E71920CDE8F487CCEDD1B,CDC93232CFCE342D,69213
L-FRAME-00911,logical_frame,D:\magia\MyProducts\MagiaRe\Magia_CN_Project\dist\MagiaCN-r128-downloader-fix1.apk,assets/package/top/toppage_bg_021.plist,assets/package/top/toppage_bg_021.png,ef_start03.png,D:\magia\MyProducts\MagiaRe\Magia_CN_Project\dist\MagiaCN-r128-downloader-fix1.apk!/assets/package/top/toppage_bg_021.plist#frame:ef_start03.png,assets/package/top/toppage_bg_021.plist#frame:ef_start03.png,atlas-frames/assets/package/top/toppage_bg_021/ef_start03.png,396,517,200,200,200,200,200,200,0.0,0.0,False,PNG,200,200,RGBA,1,True,EBC4D75EA2159FB5CF02439D121BDDA199CED2CDBFE13CC4D5F64897F9D6CBF8,604A19F1D03B5BC07D90131A5BEAFE96D83F05CC9F5861AB11BDDBD1ED2A8335,9E646992A6DC9A6D,21222
L-FRAME-00912,logical_frame,D:\magia\MyProducts\MagiaRe\Magia_CN_Project\dist\MagiaCN-r128-downloader-fix1.apk,assets/package/top/toppage_bg_021.plist,assets/package/top/toppage_bg_021.png,hane_01.png,D:\magia\MyProducts\MagiaRe\Magia_CN_Project\dist\MagiaCN-r128-downloader-fix1.apk!/assets/package/top/toppage_bg_021.plist#frame:hane_01.png,assets/package/top/toppage_bg_021.plist#frame:hane_01.png,atlas-frames/assets/package/top/toppage_bg_021/hane_01.png,856,-1,158,70,158,70,158,70,0.0,0.0,False,PNG,158,70,RGBA,1,True,C98CDBB0D9AB7DC3DDE7B22B744C2B33E41035845DF73959FAD8F8F966E946B0,42B6D3C8D37B6DE1C60405D2D8BAB090F44F293E717C3CBB18080D12A0654649,87DA78A5926BC59A,3374
L-FRAME-00913,logical_frame,D:\magia\MyProducts\MagiaRe\Magia_CN_Project\dist\MagiaCN-r128-downloader-fix1.apk,assets/package/top/toppage_bg_021.plist,assets/package/top/toppage_bg_021.png,logo_01.png,D:\magia\MyProducts\MagiaRe\Magia_CN_Project\dist\MagiaCN-r128-downloader-fix1.apk!/assets/package/top/toppage_bg_021.plist#frame:logo_01.png,assets/package/top/toppage_bg_021.plist#frame:logo_01.png,atlas-frames/assets/package/top/toppage_bg_021/logo_01.png,2,-1,852,516,852,516,852,516,0.0,0.0,False,PNG,852,516,RGBA,1,True,B37003D6B8A7248F0E24A037C53D25BD91100A2038D870480FDC66CF616437F0,02BB52D0EACEE78FD32B112B8B5B9F46E46819B66F6D55632908C0CA69B6BCF7,946D2BD2E41DCD6A,118895
L-FRAME-00914,logical_frame,D:\magia\MyProducts\MagiaRe\Magia_CN_Project\dist\MagiaCN-r128-downloader-fix1.apk,assets/package/web/formation/magicsq_preview.plist,assets/package/web/formation/magicsq_preview.png,magicsqbase_preview.png,D:\magia\MyProducts\MagiaRe\Magia_CN_Project\dist\MagiaCN-r128-downloader-fix1.apk!/assets/package/web/formation/magicsq_preview.plist#frame:magicsqbase_preview.png,assets/package/web/formation/magicsq_preview.plist#frame:magicsqbase_preview.png,atlas-frames/assets/package/web/formation/magicsq_preview/magicsqbase_preview.png,0,0,568,232,568,232,568,234,0.0,0.0,False,PNG,568,234,RGBA,1,True,5ED29A8F31F4E3B0CAB87ED399CF8C832DDCFF0E40C61E0953B8C27DD7A31C6B,CB887D16C96E28C16840E04F3CC5C415F70B25488D2C998F1CE8B143147D49AF,85D07A8F292D2F7A,37084
L-FRAME-00915,logical_frame,D:\magia\MyProducts\MagiaRe\Magia_CN_Project\dist\MagiaCN-r128-downloader-fix1.apk,assets/package/web/formation/magicsq_preview.plist,assets/package/web/formation/magicsq_preview.png,magicsqunit_preview.png,D:\magia\MyProducts\MagiaRe\Magia_CN_Project\dist\MagiaCN-r128-downloader-fix1.apk!/assets/package/web/formation/magicsq_preview.plist#frame:magicsqunit_preview.png,assets/package/web/formation/magicsq_preview.plist#frame:magicsqunit_preview.png,atlas-frames/assets/package/web/formation/magicsq_preview/magicsqunit_preview.png,569,0,171,55,171,55,172,56,0.0,0.0,False,PNG,172,56,RGBA,1,True,C9FCE37EDECA0B9D1490814CB45960805D1D3C8A1BD8AF1307020B1B1F7DF6F3,5B90D074FF2D9BAAD1E91DAEB19C29246D46A64337038AFDF2A327E2B0B1428B,C2C63F8F74AC3239,3617
L-FRAME-00916,logical_frame,D:\magia\MyProducts\MagiaRe\Magia_CN_Project\dist\MagiaCN-r128-downloader-fix1.apk,assets/package/web/formation/magicsq_preview.plist,assets/package/web/formation/magicsq_preview.png,mini_unknown.png,D:\magia\MyProducts\MagiaRe\Magia_CN_Project\dist\MagiaCN-r128-downloader-fix1.apk!/assets/package/web/formation/magicsq_preview.plist#frame:mini_unknown.png,assets/package/web/formation/magicsq_preview.plist#frame:mini_unknown.png,atlas-frames/assets/package/web/formation/magicsq_preview/mini_unknown.png,782,0,68,175,68,175,68,176,0.0,0.0,False,PNG,68,176,RGBA,1,True,5362F9FC3E8E4325151E0469D5E8E6FE4B14BCB12FA8274CF13F1F4F29C8BB4B,4FBC5E286691CBD21DEE0D2BDCF8D6BC07CBC8AADAC91C02582A3A4E8B6D41AE,D33D71D32C336CA4,5886
L-FRAME-00917,logical_frame,D:\magia\MyProducts\MagiaRe\Magia_CN_Project\dist\MagiaCN-r128-downloader-fix1.apk,assets/package/web/formation/magicsq_preview.plist,assets/package/web/formation/magicsq_preview.png,preview_dark_f.png,D:\magia\MyProducts\MagiaRe\Magia_CN_Project\dist\MagiaCN-r128-downloader-fix1.apk!/assets/package/web/formation/magicsq_preview.plist#frame:preview_dark_f.png,assets/package/web/formation/magicsq_preview.plist#frame:preview_dark_f.png,atlas-frames/assets/package/web/formation/magicsq_preview/preview_dark_f.png,640,158,70,70,70,70,76,76,0.0,0.0,False,PNG,76,76,RGBA,1,True,8812AACC722EE5778D8BABD5C634BDD2D20A7B118FE32637A0D2F507735B81F1,79B31DB970DA253FB0D1A0AA564AC17468EFF2E6729B19A2A7497130126982AF,C666B9996466939B,4699
L-FRAME-00918,logical_frame,D:\magia\MyProducts\MagiaRe\Magia_CN_Project\dist\MagiaCN-r128-downloader-fix1.apk,assets/package/web/formation/magicsq_preview.plist,assets/package/web/formation/magicsq_preview.png,preview_fire_f.png,D:\magia\MyProducts\MagiaRe\Magia_CN_Project\dist\MagiaCN-r128-downloader-fix1.apk!/assets/package/web/formation/magicsq_preview.plist#frame:preview_fire_f.png,assets/package/web/formation/magicsq_preview.plist#frame:preview_fire_f.png,atlas-frames/assets/package/web/formation/magicsq_preview/preview_fire_f.png,569,87,70,70,70,70,76,76,0.0,0.0,False,PNG,76,76,RGBA,1,True,F3CE219C1B02C2D63CDB34AB1D567F49631BDB5FC09439B1DC668C54AAE84F2F,56E5C009291F19F63E3CBFD743DA8B7FBCA9BF993D0A53C23B3206CD8B507AD0,9B642C9B652DB366,4745
L-FRAME-00919,logical_frame,D:\magia\MyProducts\MagiaRe\Magia_CN_Project\dist\MagiaCN-r128-downloader-fix1.apk,assets/package/web/formation/magicsq_preview.plist,assets/package/web/formation/magicsq_preview.png,preview_light_f.png,D:\magia\MyProducts\MagiaRe\Magia_CN_Project\dist\MagiaCN-r128-downloader-fix1.apk!/assets/package/web/formation/magicsq_preview.plist#frame:preview_light_f.png,assets/package/web/formation/magicsq_preview.plist#frame:preview_light_f.png,atlas-frames/assets/package/web/formation/magicsq_preview/preview_light_f.png,569,158,70,70,70,70,76,76,0.0,0.0,False,PNG,76,76,RGBA,1,True,86E21AC9DD162C5CBD50F3AD74900F9E91C86DB79DBB9B975CCFB0015E30BFBC,DD2D84AB12C5EB0528012DFC6736929FD50D39761CF2AF2A8FEEDE27B358D248,CB643C9B656C9267,4992
L-FRAME-00920,logical_frame,D:\magia\MyProducts\MagiaRe\Magia_CN_Project\dist\MagiaCN-r128-downloader-fix1.apk,assets/package/web/formation/magicsq_preview.plist,assets/package/web/formation/magicsq_preview.png,preview_timber_f.png,D:\magia\MyProducts\MagiaRe\Magia_CN_Project\dist\MagiaCN-r128-downloader-fix1.apk!/assets/package/web/formation/magicsq_preview.plist#frame:preview_timber_f.png,assets/package/web/formation/magicsq_preview.plist#frame:preview_timber_f.png,atlas-frames/assets/package/web/formation/magicsq_preview/preview_timber_f.png,711,127,70,70,70,70,76,76,0.0,0.0,False,PNG,76,76,RGBA,1,True,E9DF4ADF8C7471C078D68C3CA313C72A2ECB11F1671DB79A1EBB7C01E92C4267,3703D6E67F60C0C0D357416E08D6F484ABFDE1664021845C4628484D0A1269A4,9B666E9965649363,4571
L-FRAME-00921,logical_frame,D:\magia\MyProducts\MagiaRe\Magia_CN_Project\dist\MagiaCN-r128-downloader-fix1.apk,assets/package/web/formation/magicsq_preview.plist,assets/package/web/formation/magicsq_preview.png,preview_void_f.png,D:\magia\MyProducts\MagiaRe\Magia_CN_Project\dist\MagiaCN-r128-downloader-fix1.apk!/assets/package/web/formation/magicsq_preview.plist#frame:preview_void_f.png,assets/package/web/formation/magicsq_preview.plist#frame:preview_void_f.png,atlas-frames/assets/package/web/formation/magicsq_preview/preview_void_f.png,711,56,70,70,70,70,76,76,0.0,0.0,False,PNG,76,76,RGBA,1,True,11DE5943038167EDE6844F911864D344B49BE6E722C8B2685673D4B2BE82A06E,B773A03EF999B923D70BC31DCFAA46A62A45F68C11EC57A35A71AFBF277E2FC9,CF7138CE64399363,4673
L-FRAME-00922,logical_frame,D:\magia\MyProducts\MagiaRe\Magia_CN_Project\dist\MagiaCN-r128-downloader-fix1.apk,assets/package/web/formation/magicsq_preview.plist,assets/package/web/formation/magicsq_preview.png,preview_water_f.png,D:\magia\MyProducts\MagiaRe\Magia_CN_Project\dist\MagiaCN-r128-downloader-fix1.apk!/assets/package/web/formation/magicsq_preview.plist#frame:preview_water_f.png,assets/package/web/formation/magicsq_preview.plist#frame:preview_water_f.png,atlas-frames/assets/package/web/formation/magicsq_preview/preview_water_f.png,640,87,70,70,70,70,76,76,0.0,0.0,False,PNG,76,76,RGBA,1,True,680C9BBF4F949F8EE3B9B4E0603D14F9AFD6B79CF73E1A5E86F7F047496C1C7B,A3F39C189930BC47AC07C082D6BE0FF422550426B6A4195BC180C553B7234A75,996666996564936F,4406
L-FRAME-00923,logical_frame,D:\magia\MyProducts\MagiaRe\Magia_CN_Project\dist\MagiaCN-r128-downloader-fix1.apk,assets/package/web/formation/magicsq_preview.plist,assets/package/web/formation/magicsq_preview.png,tag_leader.png,D:\magia\MyProducts\MagiaRe\Magia_CN_Project\dist\MagiaCN-r128-downloader-fix1.apk!/assets/package/web/formation/magicsq_preview.plist#frame:tag_leader.png,assets/package/web/formation/magicsq_preview.plist#frame:tag_leader.png,atlas-frames/assets/package/web/formation/magicsq_preview/tag_leader.png,569,56,72,30,72,30,72,30,0.0,0.0,False,PNG,72,30,RGBA,1,True,262A04431C60676424FFC1C2A6619B809E326203E8882D8D132023EE6CA1A8E6,59FBEC64B3BF1E63CEDFAAFBA30B2D87B48E8EEB2663FEF307764BEC44E61617,996966B666C89DD1,1671
L-FRAME-00924,logical_frame,D:\magia\MyProducts\MagiaRe\Magia_CN_Project\dist\MagiaCN-r128-downloader-fix1.apk,assets/package/web/formation/magicsq_preview.plist,assets/package/web/formation/magicsq_preview.png,tag_support.png,D:\magia\MyProducts\MagiaRe\Magia_CN_Project\dist\MagiaCN-r128-downloader-fix1.apk!/assets/package/web/formation/magicsq_preview.plist#frame:tag_support.png,assets/package/web/formation/magicsq_preview.plist#frame:tag_support.png,atlas-frames/assets/package/web/formation/magicsq_preview/tag_support.png,0,233,78,16,78,16,78,16,0.0,0.0,False,PNG,78,16,RGBA,1,True,A7C77D88561BF7D6FB3556DFDFF7D621A5BFF11EBC42467FB7CBE9AB37356166,17F971E1C0C5D97A8BE291357A045A555F8139301CEBBFC9F3D17D4828BECA95,D09C2F734ECBD194,1320
L-FRAME-00925,logical_frame,D:\magia\MyProducts\MagiaRe\Magia_CN_Project\dist\MagiaCN-r128-downloader-fix1.apk,assets/package/web/web_0019/web_00190.plist,assets/package/web/web_0019/web_00190.png,web_0019_dummy.png,D:\magia\MyProducts\MagiaRe\Magia_CN_Project\dist\MagiaCN-r128-downloader-fix1.apk!/assets/package/web/web_0019/web_00190.plist#frame:web_0019_dummy.png,assets/package/web/web_0019/web_00190.plist#frame:web_0019_dummy.png,atlas-frames/assets/package/web/web_0019/web_00190/web_0019_dummy.png,0,0,8,8,8,8,8,8,0.0,0.0,False,PNG,8,8,RGBA,1,True,E0F89DC98BC3CD5E36FE43AFBF3D9CE142F69BE881931E0A9733700E0DF30628,7A5D9CE14D31CBEDE47452BB738C5B385B91CECB4A13AC209A71740A0FA8E474,D72929D639D6D729,71
L-FRAME-00926,logical_frame,D:\magia\MyProducts\MagiaRe\Magia_CN_Project\dist\MagiaCN-r128-downloader-fix1.apk,assets/package/web/web_0019/web_00190.plist,assets/package/web/web_0019/web_00190.png,web_0019_light.png,D:\magia\MyProducts\MagiaRe\Magia_CN_Project\dist\MagiaCN-r128-downloader-fix1.apk!/assets/package/web/web_0019/web_00190.plist#frame:web_0019_light.png,assets/package/web/web_0019/web_00190.plist#frame:web_0019_light.png,atlas-frames/assets/package/web/web_0019/web_00190/web_0019_light.png,0,10,140,183,140,183,140,183,0.0,0.0,False,PNG,140,183,RGBA,1,True,43184A578E24F159614E1CF4B82F7268C891F1422C5E3E9197291B86C2495D6D,B0CE6FB5D9EBB64DBD3672811D207BD17185C62A8155AD26C9A65D5DF9EBB593,963D3E93251B6593,3123
L-FRAME-00927,logical_frame,D:\magia\MyProducts\MagiaRe\Magia_CN_Project\dist\MagiaCN-r128-downloader-fix1.apk,assets/package/web/web_0019/web_00190.plist,assets/package/web/web_0019/web_00190.png,web_0019_item_dummy.png,D:\magia\MyProducts\MagiaRe\Magia_CN_Project\dist\MagiaCN-r128-downloader-fix1.apk!/assets/package/web/web_0019/web_00190.plist#frame:web_0019_item_dummy.png,assets/package/web/web_0019/web_00190.plist#frame:web_0019_item_dummy.png,atlas-frames/assets/package/web/web_0019/web_00190/web_0019_item_dummy.png,142,0,100,100,100,100,100,100,0.0,0.0,False,PNG,100,100,RGBA,1,True,03A6F2515BB1C8246979B75E8BBB52A4A22801D3DFC74FD477B29A3B08A5B6C5,DA82F7339E2E3122C33F2212843BDF300CDFBC2BF121D80B1C988CE9963F0DEB,9C9B626337C4CB6C,11453
L-FRAME-00928,logical_frame,D:\magia\MyProducts\MagiaRe\Magia_CN_Project\dist\MagiaCN-r128-downloader-fix1.apk,assets/package/web/web_0019/web_00190.plist,assets/package/web/web_0019/web_00190.png,web_0019_unit_maker.png,D:\magia\MyProducts\MagiaRe\Magia_CN_Project\dist\MagiaCN-r128-downloader-fix1.apk!/assets/package/web/web_0019/web_00190.plist#frame:web_0019_unit_maker.png,assets/package/web/web_0019/web_00190.plist#frame:web_0019_unit_maker.png,atlas-frames/assets/package/web/web_0019/web_00190/web_0019_unit_maker.png,0,195,300,300,300,300,300,300,0.0,0.0,False,PNG,300,300,RGBA,1,True,A5B4662E3B3D643BD53C98B1BE60FB94A78F485D8308AEBDA3EB656C82A4A65C,A3C47160D4A8AC80D867946CEAAAF4FF22B881B23513CFFED7A61507A5481D10,D04F4B753CB330DA,34912
L-FRAME-00929,logical_frame,D:\magia\MyProducts\MagiaRe\Magia_CN_Project\dist\MagiaCN-r128-downloader-fix1.apk,assets/package/web/web_ef_magia_lvup/web_ef_magia_lvup0.plist,assets/package/web/web_ef_magia_lvup/web_ef_magia_lvup0.png,effect00.png,D:\magia\MyProducts\MagiaRe\Magia_CN_Project\dist\MagiaCN-r128-downloader-fix1.apk!/assets/package/web/web_ef_magia_lvup/web_ef_magia_lvup0.plist#frame:effect00.png,assets/package/web/web_ef_magia_lvup/web_ef_magia_lvup0.plist#frame:effect00.png,atlas-frames/assets/package/web/web_ef_magia_lvup/web_ef_magia_lvup0/effect00.png,2,2,256,256,256,256,256,256,0.0,0.0,False,PNG,256,256,RGBA,1,True,B9DDEDA3C72382C4B60825F33A9B84CB0383E6399C3D463C83455CE1FD40DF9D,C11E4369C8735A61AD472659BDC807E520A979D11F03363670FEA8D7728C399F,873679C362479EA5,50450
L-FRAME-00930,logical_frame,D:\magia\MyProducts\MagiaRe\Magia_CN_Project\dist\MagiaCN-r128-downloader-fix1.apk,assets/package/web/web_ef_magia_lvup/web_ef_magia_lvup0.plist,assets/package/web/web_ef_magia_lvup/web_ef_magia_lvup0.png,magia_lvup_success.png,D:\magia\MyProducts\MagiaRe\Magia_CN_Project\dist\MagiaCN-r128-downloader-fix1.apk!/assets/package/web/web_ef_magia_lvup/web_ef_magia_lvup0.plist#frame:magia_lvup_success.png,assets/package/web/web_ef_magia_lvup/web_ef_magia_lvup0.plist#frame:magia_lvup_success.png,atlas-frames/assets/package/web/web_ef_magia_lvup/web_ef_magia_lvup0/magia_lvup_success.png,260,2,159,51,159,51,159,51,0.0,0.0,False,PNG,159,51,RGBA,1,True,35573F9DCF597200A3C6341365DE387EDAD06F445058800565C787F1B0337F90,3160B1F6BB9CB8F23BA972D1A00DE3B0E8CCF4E728FA36451D4FE32D8B3C1B06,D4FC2E6C61911797,9611
L-FRAME-00931,logical_frame,D:\magia\MyProducts\MagiaRe\Magia_CN_Project\dist\MagiaCN-r128-downloader-fix1.apk,assets/package/web/web_ef_memoria_bg/web_ef_memoria_bg0.plist,assets/package/web/web_ef_memoria_bg/web_ef_memoria_bg0.png,memoria_card_flash_02.png,D:\magia\MyProducts\MagiaRe\Magia_CN_Project\dist\MagiaCN-r128-downloader-fix1.apk!/assets/package/web/web_ef_memoria_bg/web_ef_memoria_bg0.plist#frame:memoria_card_flash_02.png,assets/package/web/web_ef_memoria_bg/web_ef_memoria_bg0.plist#frame:memoria_card_flash_02.png,atlas-frames/assets/package/web/web_ef_memoria_bg/web_ef_memoria_bg0/memoria_card_flash_02.png,0,0,98,149,98,149,98,149,0.0,0.0,False,PNG,98,149,RGBA,1,True,BEFFAF3F52D05B37590273AF6A58E4FCFF17A032BE73EDFE0861E49450314FD1,63967DDDEDE19E16E13251414FE9A27D854FB6D56016101BC89D9A2A98A329AD,AA55A55AB56A956A,1920
L-FRAME-00932,logical_frame,D:\magia\MyProducts\MagiaRe\Magia_CN_Project\dist\MagiaCN-r128-downloader-fix1.apk,assets/package/web/web_ef_memoria_bg/web_ef_memoria_bg0.plist,assets/package/web/web_ef_memoria_bg/web_ef_memoria_bg0.png,memoria_card_flash_01.png,D:\magia\MyProducts\MagiaRe\Magia_CN_Project\dist\MagiaCN-r128-downloader-fix1.apk!/assets/package/web/web_ef_memoria_bg/web_ef_memoria_bg0.plist#frame:memoria_card_flash_01.png,assets/package/web/web_ef_memoria_bg/web_ef_memoria_bg0.plist#frame:memoria_card_flash_01.png,atlas-frames/assets/package/web/web_ef_memoria_bg/web_ef_memoria_bg0/memoria_card_flash_01.png,100,0,98,149,98,149,98,149,0.0,0.0,False,PNG,98,149,RGBA,1,True,082D91521A12666B73C1020A78E47CE958DC5D7458E9E6E499EE89449F3A64F2,84ABDFF0A8C9D4E79E0CF0418DE2F5AF1614160B3B804FD81FD3FE3CADE5AD75,872A6FC01FB5A50F,2199
L-FRAME-00933,logical_frame,D:\magia\MyProducts\MagiaRe\Magia_CN_Project\dist\MagiaCN-r128-downloader-fix1.apk,assets/package/web/web_ef_memoria_bg/web_ef_memoria_bg0.plist,assets/package/web/web_ef_memoria_bg/web_ef_memoria_bg0.png,memoria_card_flash_00.png,D:\magia\MyProducts\MagiaRe\Magia_CN_Project\dist\MagiaCN-r128-downloader-fix1.apk!/assets/package/web/web_ef_memoria_bg/web_ef_memoria_bg0.plist#frame:memoria_card_flash_00.png,assets/package/web/web_ef_memoria_bg/web_ef_memoria_bg0.plist#frame:memoria_card_flash_00.png,atlas-frames/assets/package/web/web_ef_memoria_bg/web_ef_memoria_bg0/memoria_card_flash_00.png,200,0,98,149,98,149,98,149,0.0,0.0,False,PNG,98,149,RGBA,1,True,A32BBEE52CD885BD1A358AE9C54A50D72792F12F3AF499D732D484E187FC3540,108F694A196B3851A7C784AB7019DBF88AE5A1A868089DE8320A6564263A7C38,FFFFE0E0C0C0848F,1976
L-FRAME-00934,logical_frame,D:\magia\MyProducts\MagiaRe\Magia_CN_Project\dist\MagiaCN-r128-downloader-fix1.apk,assets/package/web/web_ef_memoria_bg/web_ef_memoria_bg0.plist,assets/package/web/web_ef_memoria_bg/web_ef_memoria_bg0.png,memoria_card_white.png,D:\magia\MyProducts\MagiaRe\Magia_CN_Project\dist\MagiaCN-r128-downloader-fix1.apk!/assets/package/web/web_ef_memoria_bg/web_ef_memoria_bg0.plist#frame:memoria_card_white.png,assets/package/web/web_ef_memoria_bg/web_ef_memoria_bg0.plist#frame:memoria_card_white.png,atlas-frames/assets/package/web/web_ef_memoria_bg/web_ef_memoria_bg0/memoria_card_white.png,300,0,136,186,136,186,136,186,0.0,0.0,False,PNG,136,186,RGBA,1,True,286FE86F7C42671CBA9E42735D0DBF1A28D5C938A4B198175AC08BFC37FBC571,153BC1D7B9808D7B24D1A6F657CDB4F9A0527310CF21DA259F1D19B6EFED9FFD,850E2F0E3F187EF8,2590
L-FRAME-00935,logical_frame,D:\magia\MyProducts\MagiaRe\Magia_CN_Project\dist\MagiaCN-r128-downloader-fix1.apk,assets/package/web/web_ef_memoria_bg/web_ef_memoria_bg0.plist,assets/package/web/web_ef_memoria_bg/web_ef_memoria_bg0.png,memoria_card_front.png,D:\magia\MyProducts\MagiaRe\Magia_CN_Project\dist\MagiaCN-r128-downloader-fix1.apk!/assets/package/web/web_ef_memoria_bg/web_ef_memoria_bg0.plist#frame:memoria_card_front.png,assets/package/web/web_ef_memoria_bg/web_ef_memoria_bg0.plist#frame:memoria_card_front.png,atlas-frames/assets/package/web/web_ef_memoria_bg/web_ef_memoria_bg0/memoria_card_front.png,438,0,652,990,652,990,652,990,0.0,0.0,False,PNG,652,990,RGBA,1,True,A415C76C20D55755B596ED2E3A368ABD31715CDF1DD936D014153CEE004CBDEC,5DD3D23373C104B24808361AB6F58F73C28D648A9CDACE168674AF8CF7483F90,D1C6532E3F2E7D01,54857
L-FRAME-00936,logical_frame,D:\magia\MyProducts\MagiaRe\Magia_CN_Project\dist\MagiaCN-r128-downloader-fix1.apk,assets/package/web/web_ef_memoria_bg/web_ef_memoria_bg0.plist,assets/package/web/web_ef_memoria_bg/web_ef_memoria_bg0.png,memoria_card_back.png,D:\magia\MyProducts\MagiaRe\Magia_CN_Project\dist\MagiaCN-r128-downloader-fix1.apk!/assets/package/web/web_ef_memoria_bg/web_ef_memoria_bg0.plist#frame:memoria_card_back.png,assets/package/web/web_ef_memoria_bg/web_ef_memoria_bg0.plist#frame:memoria_card_back.png,atlas-frames/assets/package/web/web_ef_memoria_bg/web_ef_memoria_bg0/memoria_card_back.png,1092,0,652,990,652,990,652,990,0.0,0.0,False,PNG,652,990,RGBA,1,True,44E16F8A70F7F69CD1217C94D52BD5D08ACA0FB95122E544466FD5CF2306809C,4475B56EB24290BEA23F79B4221A0B63C1B5D56AFA1EBB95658FED19FB36CACB,95692B173D0369EE,502531
L-FRAME-00937,logical_frame,D:\magia\MyProducts\MagiaRe\Magia_CN_Project\dist\MagiaCN-r128-downloader-fix1.apk,assets/package/web/web_ef_strengthening/web_ef_strengthening0.plist,assets/package/web/web_ef_strengthening/web_ef_strengthening0.png,effect00.png,D:\magia\MyProducts\MagiaRe\Magia_CN_Project\dist\MagiaCN-r128-downloader-fix1.apk!/assets/package/web/web_ef_strengthening/web_ef_strengthening0.plist#frame:effect00.png,assets/package/web/web_ef_strengthening/web_ef_strengthening0.plist#frame:effect00.png,atlas-frames/assets/package/web/web_ef_strengthening/web_ef_strengthening0/effect00.png,2,2,256,256,256,256,256,256,0.0,0.0,False,PNG,256,256,RGBA,1,True,9193FE6465B653CD24CCF775CB89BCE093AF86BE35FAF9B58B6A11A4A64653FE,6D99340B1D37F635DDE61ABBAFC8F9290E314E241D92216E0CE2670A669D3E51,C63639C963679E94,45999
L-FRAME-00938,logical_frame,D:\magia\MyProducts\MagiaRe\Magia_CN_Project\dist\MagiaCN-r128-downloader-fix1.apk,assets/package/web/web_ef_strengthening/web_ef_strengthening0.plist,assets/package/web/web_ef_strengthening/web_ef_strengthening0.png,strength_success.png,D:\magia\MyProducts\MagiaRe\Magia_CN_Project\dist\MagiaCN-r128-downloader-fix1.apk!/assets/package/web/web_ef_strengthening/web_ef_strengthening0.plist#frame:strength_success.png,assets/package/web/web_ef_strengthening/web_ef_strengthening0.plist#frame:strength_success.png,atlas-frames/assets/package/web/web_ef_strengthening/web_ef_strengthening0/strength_success.png,260,139,159,51,159,51,159,51,0.0,0.0,False,PNG,159,51,RGBA,1,True,C9D59A8E1593BFD6559A28421C7FE54BC2BE4BF9B11B5CB55259E59AAD52C6D6,78469D1C22FBAC5C01406C3252E8D81CC0897F621A991A4208B08F5EF841B064,D4FC2E6C61911797,12216
L-FRAME-00939,logical_frame,D:\magia\MyProducts\MagiaRe\Magia_CN_Project\dist\MagiaCN-r128-downloader-fix1.apk,assets/package/web/web_ef_strengthening/web_ef_strengthening0.plist,assets/package/web/web_ef_strengthening/web_ef_strengthening0.png,strength_success_great.png,D:\magia\MyProducts\MagiaRe\Magia_CN_Project\dist\MagiaCN-r128-downloader-fix1.apk!/assets/package/web/web_ef_strengthening/web_ef_strengthening0.plist#frame:strength_success_great.png,assets/package/web/web_ef_strengthening/web_ef_strengthening0.plist#frame:strength_success_great.png,atlas-frames/assets/package/web/web_ef_strengthening/web_ef_strengthening0/strength_success_great.png,260,192,159,82,159,82,159,82,0.0,0.0,False,PNG,159,82,RGBA,1,True,A9843B2F583E5AB5AD08200FB5AD4C3321EA309FEFDAA719D6CDABC543B3C74E,1506F750E7D6ED97E50AA04C40F44A6CF0A94EA50766659F65F273073FF298F0,D14307F52E6D3393,18428
L-FRAME-00940,logical_frame,D:\magia\MyProducts\MagiaRe\Magia_CN_Project\dist\MagiaCN-r128-downloader-fix1.apk,assets/package/web/web_ef_strengthening/web_ef_strengthening0.plist,assets/package/web/web_ef_strengthening/web_ef_strengthening0.png,strength_success_super_00.png,D:\magia\MyProducts\MagiaRe\Magia_CN_Project\dist\MagiaCN-r128-downloader-fix1.apk!/assets/package/web/web_ef_strengthening/web_ef_strengthening0.plist#frame:strength_success_super_00.png,assets/package/web/web_ef_strengthening/web_ef_strengthening0.plist#frame:strength_success_super_00.png,atlas-frames/assets/package/web/web_ef_strengthening/web_ef_strengthening0/strength_success_super_00.png,2,276,117,48,117,48,117,48,0.0,0.0,False,PNG,117,48,RGBA,1,True,62DE9ECB18F544A324DC7E7260AB6F916438C6BD78846E848B5AFE1C7CF0B93D,84127984C565D215ACBCE0CA1999422D3D01D92AD3197AC8E6A1C9B99616576A,D0F06A4B13179F8F,9297
L-FRAME-00941,logical_frame,D:\magia\MyProducts\MagiaRe\Magia_CN_Project\dist\MagiaCN-r128-downloader-fix1.apk,assets/package/web/web_ef_strengthening/web_ef_strengthening0.plist,assets/package/web/web_ef_strengthening/web_ef_strengthening0.png,strength_success_super_01.png,D:\magia\MyProducts\MagiaRe\Magia_CN_Project\dist\MagiaCN-r128-downloader-fix1.apk!/assets/package/web/web_ef_strengthening/web_ef_strengthening0.plist#frame:strength_success_super_01.png,assets/package/web/web_ef_strengthening/web_ef_strengthening0.plist#frame:strength_success_super_01.png,atlas-frames/assets/package/web/web_ef_strengthening/web_ef_strengthening0/strength_success_super_01.png,260,97,163,40,163,40,163,40,0.0,0.0,False,PNG,163,40,RGBA,1,True,0B7910F5F1A6A1C4201CE761986DBDFA53E19FF7B78E7D41F6BCE8DA48FB09F4,587D8F7E9372FE51C6DABD27D00B2EC00B9F3027C261AE3242D3005236747EDD,F0FA6E411397857A,11957
L-FRAME-00942,logical_frame,D:\magia\MyProducts\MagiaRe\Magia_CN_Project\dist\MagiaCN-r128-downloader-fix1.apk,assets/package/web/web_ef_strengthening/web_ef_strengthening0.plist,assets/package/web/web_ef_strengthening/web_ef_strengthening0.png,strength_success_super_02.png,D:\magia\MyProducts\MagiaRe\Magia_CN_Project\dist\MagiaCN-r128-downloader-fix1.apk!/assets/package/web/web_ef_strengthening/web_ef_strengthening0.plist#frame:strength_success_super_02.png,assets/package/web/web_ef_strengthening/web_ef_strengthening0.plist#frame:strength_success_super_02.png,atlas-frames/assets/package/web/web_ef_strengthening/web_ef_strengthening0/strength_success_super_02.png,427,2,50,47,50,47,50,47,0.0,0.0,False,PNG,50,47,RGBA,1,True,995A277BEDE5F09070A50740E13F219A67E8BEC7FCB1D17F721F4948023C8135,BA0B45ED32C50319582E551CAC5058565C186D2CDC6DF1ED36EA119AE34B6813,D72929D639D6D729,89
L-FRAME-00943,logical_frame,D:\magia\MyProducts\MagiaRe\Magia_CN_Project\dist\MagiaCN-r128-downloader-fix1.apk,assets/package/web/web_ef_strengthening/web_ef_strengthening0.plist,assets/package/web/web_ef_strengthening/web_ef_strengthening0.png,strength_success_super_03.png,D:\magia\MyProducts\MagiaRe\Magia_CN_Project\dist\MagiaCN-r128-downloader-fix1.apk!/assets/package/web/web_ef_strengthening/web_ef_strengthening0.plist#frame:strength_success_super_03.png,assets/package/web/web_ef_strengthening/web_ef_strengthening0.plist#frame:strength_success_super_03.png,atlas-frames/assets/package/web/web_ef_strengthening/web_ef_strengthening0/strength_success_super_03.png,427,51,50,47,50,47,50,47,0.0,0.0,False,PNG,50,47,RGBA,1,True,995A277BEDE5F09070A50740E13F219A67E8BEC7FCB1D17F721F4948023C8135,BA0B45ED32C50319582E551CAC5058565C186D2CDC6DF1ED36EA119AE34B6813,D72929D639D6D729,89
L-FRAME-00944,logical_frame,D:\magia\MyProducts\MagiaRe\Magia_CN_Project\dist\MagiaCN-r128-downloader-fix1.apk,assets/package/web/web_ef_strengthening/web_ef_strengthening0.plist,assets/package/web/web_ef_strengthening/web_ef_strengthening0.png,strength_success_super_b.png,D:\magia\MyProducts\MagiaRe\Magia_CN_Project\dist\MagiaCN-r128-downloader-fix1.apk!/assets/package/web/web_ef_strengthening/web_ef_strengthening0.plist#frame:strength_success_super_b.png,assets/package/web/web_ef_strengthening/web_ef_strengthening0.plist#frame:strength_success_super_b.png,atlas-frames/assets/package/web/web_ef_strengthening/web_ef_strengthening0/strength_success_super_b.png,260,2,165,93,165,93,165,93,0.0,0.0,False,PNG,165,93,RGBA,1,True,9D8BC45642326516BA05497DE09575A8AFA31A72F17AC19FE5B736971DA8C490,48DAA778C8DB34B6BCB70E8CE87A36E86135FAB07FD1BF5B30E6E33C9B4524E9,D97F76D57A860103,10502
L-FRAME-00945,logical_frame,D:\magia\MyProducts\MagiaRe\Magia_CN_Project\dist\MagiaCN-r128-downloader-fix1.apk,assets/package/web/web_ef_unit_marker/web_ef_unit_marker0.plist,assets/package/web/web_ef_unit_marker/web_ef_unit_marker0.png,memoria_200102_c.png,D:\magia\MyProducts\MagiaRe\Magia_CN_Project\dist\MagiaCN-r128-downloader-fix1.apk!/assets/package/web/web_ef_unit_marker/web_ef_unit_marker0.plist#frame:memoria_200102_c.png,assets/package/web/web_ef_unit_marker/web_ef_unit_marker0.plist#frame:memoria_200102_c.png,atlas-frames/assets/package/web/web_ef_unit_marker/web_ef_unit_marker0/memoria_200102_c.png,0,0,20,20,20,20,20,20,0.0,0.0,False,PNG,20,20,RGBA,1,True,879DE27F80C03F19C30A4F19662F0609490B2C745D2D1F17909E330ABF889E36,4F72AE24890C5A2C3E9B96A620F4A8B254F5412A4D86E8C1B6680210DF33F6D6,D72929D639D6D729,79
L-FRAME-00946,logical_frame,D:\magia\MyProducts\MagiaRe\Magia_CN_Project\dist\MagiaCN-r128-downloader-fix1.apk,assets/package/web/web_ef_unit_marker/web_ef_unit_marker0.plist,assets/package/web/web_ef_unit_marker/web_ef_unit_marker0.png,memoria_card_back.png,D:\magia\MyProducts\MagiaRe\Magia_CN_Project\dist\MagiaCN-r128-downloader-fix1.apk!/assets/package/web/web_ef_unit_marker/web_ef_unit_marker0.plist#frame:memoria_card_back.png,assets/package/web/web_ef_unit_marker/web_ef_unit_marker0.plist#frame:memoria_card_back.png,atlas-frames/assets/package/web/web_ef_unit_marker/web_ef_unit_marker0/memoria_card_back.png,22,0,326,495,326,495,326,495,0.0,0.0,False,PNG,326,495,RGBA,1,True,436368BC74726D00C11E520A2ED4608BB9D2664584013BEFED761D403B9A8880,5EDA7EB279FD8E50C240D0FAD4E28BF5C228AAB30DCB5E91856F6E208657E074,95692B173D2329EE,176839
L-FRAME-00947,logical_frame,D:\magia\MyProducts\MagiaRe\Magia_CN_Project\dist\MagiaCN-r128-downloader-fix1.apk,assets/package/web/web_ef_unit_marker/web_ef_unit_marker0.plist,assets/package/web/web_ef_unit_marker/web_ef_unit_marker0.png,memoria_card_white.png,D:\magia\MyProducts\MagiaRe\Magia_CN_Project\dist\MagiaCN-r128-downloader-fix1.apk!/assets/package/web/web_ef_unit_marker/web_ef_unit_marker0.plist#frame:memoria_card_white.png,assets/package/web/web_ef_unit_marker/web_ef_unit_marker0.plist#frame:memoria_card_white.png,atlas-frames/assets/package/web/web_ef_unit_marker/web_ef_unit_marker0/memoria_card_white.png,350,0,181,266,181,266,181,266,0.0,0.0,False,PNG,181,266,RGBA,1,True,B0B5BA7EEC1A7EA3202E7FC767B391D33E9A24F5AE364F1C8005B152141EE044,BF9E0A595CC1F42F1D9AB19C3E8D597D3F4269F24E1B1BE0FDC9636F1374DA6A,D5FE55AA55555540,2577
L-FRAME-00948,logical_frame,D:\magia\MyProducts\MagiaRe\Magia_CN_Project\dist\MagiaCN-r128-downloader-fix1.apk,assets/package/web/web_ef_unit_marker/web_ef_unit_marker0.plist,assets/package/web/web_ef_unit_marker/web_ef_unit_marker0.png,unit_maker_03.png,D:\magia\MyProducts\MagiaRe\Magia_CN_Project\dist\MagiaCN-r128-downloader-fix1.apk!/assets/package/web/web_ef_unit_marker/web_ef_unit_marker0.plist#frame:unit_maker_03.png,assets/package/web/web_ef_unit_marker/web_ef_unit_marker0.plist#frame:unit_maker_03.png,atlas-frames/assets/package/web/web_ef_unit_marker/web_ef_unit_marker0/unit_maker_03.png,533,0,150,150,150,150,150,150,0.0,0.0,False,PNG,150,150,RGBA,1,True,DEEBAD9303738FCA0D37A959565A768B3F3D027AECD7B706C0DE189E4FB733D5,08F304AF09D880CD9D9A8BC6E2330C6C60464192134A6FD6BBA0500849E091E5,C09B1F3E7A717861,8294
L-FRAME-00949,logical_frame,D:\magia\MyProducts\MagiaRe\Magia_CN_Project\dist\MagiaCN-r128-downloader-fix1.apk,assets/package/web/web_ef_unit_marker/web_ef_unit_marker0.plist,assets/package/web/web_ef_unit_marker/web_ef_unit_marker0.png,unit_maker_02.png,D:\magia\MyProducts\MagiaRe\Magia_CN_Project\dist\MagiaCN-r128-downloader-fix1.apk!/assets/package/web/web_ef_unit_marker/web_ef_unit_marker0.plist#frame:unit_maker_02.png,assets/package/web/web_ef_unit_marker/web_ef_unit_marker0.plist#frame:unit_maker_02.png,atlas-frames/assets/package/web/web_ef_unit_marker/web_ef_unit_marker0/unit_maker_02.png,533,152,300,300,300,300,300,300,0.0,0.0,False,PNG,300,300,RGBA,1,True,D55DD07268AA778E84034847DAAD2A2008E2932FF671D3F405B07A85F8B7A531,7315A8437CD1A5CC811DB3EF6CF7F86C65F4C59CC65DA1839534370FB5A7B5E4,993666D999666699,2729
L-FRAME-00950,logical_frame,D:\magia\MyProducts\MagiaRe\Magia_CN_Project\dist\MagiaCN-r128-downloader-fix1.apk,assets/package/web/web_ef_unit_marker/web_ef_unit_marker0.plist,assets/package/web/web_ef_unit_marker/web_ef_unit_marker0.png,unit_maker_01.png,D:\magia\MyProducts\MagiaRe\Magia_CN_Project\dist\MagiaCN-r128-downloader-fix1.apk!/assets/package/web/web_ef_unit_marker/web_ef_unit_marker0.plist#frame:unit_maker_01.png,assets/package/web/web_ef_unit_marker/web_ef_unit_marker0.plist#frame:unit_maker_01.png,atlas-frames/assets/package/web/web_ef_unit_marker/web_ef_unit_marker0/unit_maker_01.png,0,497,300,300,300,300,300,300,0.0,0.0,False,PNG,300,300,RGBA,1,True,FEA0C9382A2447269538DD860ABE24EE65A0344C4BA2B0476BDC6B36F63DAD43,56C15568B00C3B8027DB0F9FAC5E924A0A2CDEAC400F1ACC9C5991D6B6169C22,D05F4B603CE732CB,23209
L-FRAME-00951,logical_frame,D:\magia\MyProducts\MagiaRe\Magia_CN_Project\dist\MagiaCN-r128-downloader-fix1.apk,assets/package/web/web_ef_unit_marker/web_ef_unit_marker0.plist,assets/package/web/web_ef_unit_marker/web_ef_unit_marker0.png,unit_maker_00.png,D:\magia\MyProducts\MagiaRe\Magia_CN_Project\dist\MagiaCN-r128-downloader-fix1.apk!/assets/package/web/web_ef_unit_marker/web_ef_unit_marker0.plist#frame:unit_maker_00.png,assets/package/web/web_ef_unit_marker/web_ef_unit_marker0.plist#frame:unit_maker_00.png,atlas-frames/assets/package/web/web_ef_unit_marker/web_ef_unit_marker0/unit_maker_00.png,302,497,300,300,300,300,300,300,0.0,0.0,False,PNG,300,300,RGBA,1,True,C2243E64343E82692E90C751123CC5A9E82E6AE6964855E83598E937B639A7FA,D7668365E0C0A0D87F0F0C01CCDAFD18177C43E8317F326DADCD0D52A4E5D3EA,D0D44BDF3C4D303D,29834
L-FRAME-00952,logical_frame,D:\magia\MyProducts\MagiaRe\Magia_CN_Project\dist\MagiaCN-r128-downloader-fix1.apk,assets/package/window/common_btn0.plist,assets/package/window/common_btn0.png,common_adv_form.png,D:\magia\MyProducts\MagiaRe\Magia_CN_Project\dist\MagiaCN-r128-downloader-fix1.apk!/assets/package/window/common_btn0.plist#frame:common_adv_form.png,assets/package/window/common_btn0.plist#frame:common_adv_form.png,atlas-frames/assets/package/window/common_btn0/common_adv_form.png,0,0,468,60,468,60,468,60,0.0,0.0,False,PNG,468,60,RGBA,1,True,C89815B1FE53547914CD97AF4556DC77980944CCDDBCDB49C7F320156269C233,DF865D02073D1F2C8359938F28B091BF90ABCFA5C554FC91F6DB7D029D531764,D43B3BD511D511D5,1075
L-FRAME-00953,logical_frame,D:\magia\MyProducts\MagiaRe\Magia_CN_Project\dist\MagiaCN-r128-downloader-fix1.apk,assets/package/window/common_btn0.plist,assets/package/window/common_btn0.png,common_bg_pulldown.png,D:\magia\MyProducts\MagiaRe\Magia_CN_Project\dist\MagiaCN-r128-downloader-fix1.apk!/assets/package/window/common_btn0.plist#frame:common_bg_pulldown.png,assets/package/window/common_btn0.plist#frame:common_bg_pulldown.png,atlas-frames/assets/package/window/common_btn0/common_bg_pulldown.png,0,62,204,44,204,44,204,44,0.0,0.0,False,PNG,204,44,RGBA,1,True,40E8D8EFB2AAD38860B756970D936DDAD7B417C50D2FC47CEEC823A22B33F622,B9E07E18AFFDF83FF40575EA26E8C086F3E9118D6DE7E3E60DDAD717162310BD,D02F7A853FD02FD0,1056
L-FRAME-00954,logical_frame,D:\magia\MyProducts\MagiaRe\Magia_CN_Project\dist\MagiaCN-r128-downloader-fix1.apk,assets/package/window/common_btn0.plist,assets/package/window/common_btn0.png,common_btn01_01.png,D:\magia\MyProducts\MagiaRe\Magia_CN_Project\dist\MagiaCN-r128-downloader-fix1.apk!/assets/package/window/common_btn0.plist#frame:common_btn01_01.png,assets/package/window/common_btn0.plist#frame:common_btn01_01.png,atlas-frames/assets/package/window/common_btn0/common_btn01_01.png,0,108,190,64,190,64,190,64,0.0,0.0,False,PNG,190,64,RGBA,1,True,41EE32FB290168F5F4CD064DDBCE1330B6751BF8BCF52406E0E198AECAC024CE,9ACA069D28B6BE0B4BCF33541089091A4EF5F3046A46403690A6705C8FCE720F,9BD1956A9F239526,7159
L-FRAME-00955,logical_frame,D:\magia\MyProducts\MagiaRe\Magia_CN_Project\dist\MagiaCN-r128-downloader-fix1.apk,assets/package/window/common_btn0.plist,assets/package/window/common_btn0.png,common_btn01_02.png,D:\magia\MyProducts\MagiaRe\Magia_CN_Project\dist\MagiaCN-r128-downloader-fix1.apk!/assets/package/window/common_btn0.plist#frame:common_btn01_02.png,assets/package/window/common_btn0.plist#frame:common_btn01_02.png,atlas-frames/assets/package/window/common_btn0/common_btn01_02.png,0,174,190,64,190,64,190,64,0.0,0.0,False,PNG,190,64,RGBA,1,True,235B5056C207DFF21C80098BA5FA93A08749A31026DA37DD212808D8C12F14FC,CBEB33E70BBEEC282FF02CC43A883AA254E664E3983C66E9E3CABE484688987B,9A90956B9F669527,7049
L-FRAME-00956,logical_frame,D:\magia\MyProducts\MagiaRe\Magia_CN_Project\dist\MagiaCN-r128-downloader-fix1.apk,assets/package/window/common_btn0.plist,assets/package/window/common_btn0.png,common_btn01_03.png,D:\magia\MyProducts\MagiaRe\Magia_CN_Project\dist\MagiaCN-r128-downloader-fix1.apk!/assets/package/window/common_btn0.plist#frame:common_btn01_03.png,assets/package/window/common_btn0.plist#frame:common_btn01_03.png,atlas-frames/assets/package/window/common_btn0/common_btn01_03.png,206,62,190,64,190,64,190,64,0.0,0.0,False,PNG,190,64,RGBA,1,True,D980CCAAAEA6829217338DD8ECE8A4B530CAE732AAB7D1DFBDB67B6DAE02DD5C,766B4579C6A7DC46448DAD371768902A65368902149D22542A90D6592BC870BA,9A98956B9F669523,4734
L-FRAME-00957,logical_frame,D:\magia\MyProducts\MagiaRe\Magia_CN_Project\dist\MagiaCN-r128-downloader-fix1.apk,assets/package/window/common_btn0.plist,assets/package/window/common_btn0.png,common_btn02_01.png,D:\magia\MyProducts\MagiaRe\Magia_CN_Project\dist\MagiaCN-r128-downloader-fix1.apk!/assets/package/window/common_btn0.plist#frame:common_btn02_01.png,assets/package/window/common_btn0.plist#frame:common_btn02_01.png,atlas-frames/assets/package/window/common_btn0/common_btn02_01.png,192,128,190,64,190,64,190,64,0.0,0.0,False,PNG,190,64,RGBA,1,True,C3A9C9A5A263D9B470D97524DD743692A499B232E33D94ECC1D3095927039DB8,063FB257175FAFE2E3EED5F82F3497AA0343657C3DA686AF67BE30D59E3AB038,95841F2F157E1F2A,4986
L-FRAME-00958,logical_frame,D:\magia\MyProducts\MagiaRe\Magia_CN_Project\dist\MagiaCN-r128-downloader-fix1.apk,assets/package/window/common_btn0.plist,assets/package/window/common_btn0.png,common_btn02_02.png,D:\magia\MyProducts\MagiaRe\Magia_CN_Project\dist\MagiaCN-r128-downloader-fix1.apk!/assets/package/window/common_btn0.plist#frame:common_btn02_02.png,assets/package/window/common_btn0.plist#frame:common_btn02_02.png,atlas-frames/assets/package/window/common_btn0/common_btn02_02.png,0,240,190,64,190,64,190,64,0.0,0.0,False,PNG,190,64,RGBA,1,True,E147376AFF28A009D6429ADDC4A9FB711D64E829D83E1DBD391736F84F49A12C,159F5613F452942C21C2BE433768342D7CB6673C6B46CFB8FAEE57CC28F57CDC,95D51F3E15601F2B,4826
L-FRAME-00959,logical_frame,D:\magia\MyProducts\MagiaRe\Magia_CN_Project\dist\MagiaCN-r128-downloader-fix1.apk,assets/package/window/common_btn0.plist,assets/package/window/common_btn0.png,common_btn02_03.png,D:\magia\MyProducts\MagiaRe\Magia_CN_Project\dist\MagiaCN-r128-downloader-fix1.apk!/assets/package/window/common_btn0.plist#frame:common_btn02_03.png,assets/package/window/common_btn0.plist#frame:common_btn02_03.png,atlas-frames/assets/package/window/common_btn0/common_btn02_03.png,0,306,190,64,190,64,190,64,0.0,0.0,False,PNG,190,64,RGBA,1,True,C428D95B3801CAD9701C2AFC28ACF13D1A2CBD873C92D5F58CF50DA3F6498D2D,BF81C35E871E10A51020D2170E3CED24A89BE1D8D53F1A660C8B34A430AF25A5,95901B6F157E1F2A,3389
L-FRAME-00960,logical_frame,D:\magia\MyProducts\MagiaRe\Magia_CN_Project\dist\MagiaCN-r128-downloader-fix1.apk,assets/package/window/common_btn0.plist,assets/package/window/common_btn0.png,common_btn03_01.png,D:\magia\MyProducts\MagiaRe\Magia_CN_Project\dist\MagiaCN-r128-downloader-fix1.apk!/assets/package/window/common_btn0.plist#frame:common_btn03_01.png,assets/package/window/common_btn0.plist#frame:common_btn03_01.png,atlas-frames/assets/package/window/common_btn0/common_btn03_01.png,0,372,190,64,190,64,190,64,0.0,0.0,False,PNG,190,64,RGBA,1,True,02D51935C233739A2FF9E9AA1F4F10485E5FA1F21091117BF1DD87CB0EDDB5B9,8F37E47F5EC9470788AC15C3CCC680F42491CE8B1F8807D5236B70F0802659C5,95D11D3A157B1F2A,4919
L-FRAME-00961,logical_frame,D:\magia\MyProducts\MagiaRe\Magia_CN_Project\dist\MagiaCN-r128-downloader-fix1.apk,assets/package/window/common_btn0.plist,assets/package/window/common_btn0.png,common_btn03_02.png,D:\magia\MyProducts\MagiaRe\Magia_CN_Project\dist\MagiaCN-r128-downloader-fix1.apk!/assets/package/window/common_btn0.plist#frame:common_btn03_02.png,assets/package/window/common_btn0.plist#frame:common_btn03_02.png,atlas-frames/assets/package/window/common_btn0/common_btn03_02.png,192,194,190,64,190,64,190,64,0.0,0.0,False,PNG,190,64,RGBA,1,True,01444D7C7AD7EAA7BE5A1355A3DD28FCE8AE139F08418C50A057FCDC7DB95350,D18B894AD9D55DDD1320BD79420B0551240A1BC420973D9382A7C58377BB110C,95901F3A1F7E1B2A,4946
L-FRAME-00962,logical_frame,D:\magia\MyProducts\MagiaRe\Magia_CN_Project\dist\MagiaCN-r128-downloader-fix1.apk,assets/package/window/common_btn0.plist,assets/package/window/common_btn0.png,common_btn03_03.png,D:\magia\MyProducts\MagiaRe\Magia_CN_Project\dist\MagiaCN-r128-downloader-fix1.apk!/assets/package/window/common_btn0.plist#frame:common_btn03_03.png,assets/package/window/common_btn0.plist#frame:common_btn03_03.png,atlas-frames/assets/package/window/common_btn0/common_btn03_03.png,0,438,190,64,190,64,190,64,0.0,0.0,False,PNG,190,64,RGBA,1,True,15F909988EF753CCB3BEA640F1BCBD157671AFAC7FA96776F64452D5CE63C8A5,8FA715AEB180C697BA45F1AA95C6F320DCB1F757BDCE53E7059B8186B1EDE1C2,95C4197F153E1F2A,3457
L-FRAME-00963,logical_frame,D:\magia\MyProducts\MagiaRe\Magia_CN_Project\dist\MagiaCN-r128-downloader-fix1.apk,assets/package/window/common_btn0.plist,assets/package/window/common_btn0.png,common_btn04_01.png,D:\magia\MyProducts\MagiaRe\Magia_CN_Project\dist\MagiaCN-r128-downloader-fix1.apk!/assets/package/window/common_btn0.plist#frame:common_btn04_01.png,assets/package/window/common_btn0.plist#frame:common_btn04_01.png,atlas-frames/assets/package/window/common_btn0/common_btn04_01.png,192,260,94,34,94,34,94,34,0.0,0.0,False,PNG,94,34,RGBA,1,True,E78E1A08D705B3B5FC8BABD235A126A5069116252ED0AB38EA205002FFF0D9B7,737CD387A8EBD58851F578B6D84A2FE8C60B87C62DCF914AE80B7F16FD83DA42,9590397F1F2A296B,1984
L-FRAME-00964,logical_frame,D:\magia\MyProducts\MagiaRe\Magia_CN_Project\dist\MagiaCN-r128-downloader-fix1.apk,assets/package/window/common_btn0.plist,assets/package/window/common_btn0.png,common_btn04_02.png,D:\magia\MyProducts\MagiaRe\Magia_CN_Project\dist\MagiaCN-r128-downloader-fix1.apk!/assets/package/window/common_btn0.plist#frame:common_btn04_02.png,assets/package/window/common_btn0.plist#frame:common_btn04_02.png,atlas-frames/assets/package/window/common_btn0/common_btn04_02.png,398,62,94,34,94,34,94,34,0.0,0.0,False,PNG,94,34,RGBA,1,True,798FF2043BB39750572B51EDBCD1A17C1F855C98F29BDDA75D973064BB0F0635,1791B7884DE3E19C2E4902727970198582468B9C5B72C5A8834D575F347EA563,94C53F2A1F3A297A,1888
L-FRAME-00965,logical_frame,D:\magia\MyProducts\MagiaRe\Magia_CN_Project\dist\MagiaCN-r128-downloader-fix1.apk,assets/package/window/common_btn0.plist,assets/package/window/common_btn0.png,common_btn04_03.png,D:\magia\MyProducts\MagiaRe\Magia_CN_Project\dist\MagiaCN-r128-downloader-fix1.apk!/assets/package/window/common_btn0.plist#frame:common_btn04_03.png,assets/package/window/common_btn0.plist#frame:common_btn04_03.png,atlas-frames/assets/package/window/common_btn0/common_btn04_03.png,192,296,94,34,94,34,94,34,0.0,0.0,False,PNG,94,34,RGBA,1,True,9976366259869D1443B00688E424C649893EDC809177A346D4D65098F6BF0825,C860FA74D405EFC0C5946B9095F60496584649E88544A4D562444706134A8DC9,9584397E1F2A297B,1428
L-FRAME-00966,logical_frame,D:\magia\MyProducts\MagiaRe\Magia_CN_Project\dist\MagiaCN-r128-downloader-fix1.apk,assets/package/window/common_btn0.plist,assets/package/window/common_btn0.png,common_btn05_01.png,D:\magia\MyProducts\MagiaRe\Magia_CN_Project\dist\MagiaCN-r128-downloader-fix1.apk!/assets/package/window/common_btn0.plist#frame:common_btn05_01.png,assets/package/window/common_btn0.plist#frame:common_btn05_01.png,atlas-frames/assets/package/window/common_btn0/common_btn05_01.png,384,128,122,34,122,34,122,34,0.0,0.0,False,PNG,122,34,RGBA,1,True,E2F09E46FCDDA189E0C294C0FFED5D9793516BD376CA69551F56F13D301DA95E,48C1B5E45BC51D94860F8E7A8FA89D1262138B1D9DB9E71F201D6430324299A3,90C01F7E1F3A15DE,1448
L-FRAME-00967,logical_frame,D:\magia\MyProducts\MagiaRe\Magia_CN_Project\dist\MagiaCN-r128-downloader-fix1.apk,assets/package/window/common_btn0.plist,assets/package/window/common_btn0.png,common_btn05_02.png,D:\magia\MyProducts\MagiaRe\Magia_CN_Project\dist\MagiaCN-r128-downloader-fix1.apk!/assets/package/window/common_btn0.plist#frame:common_btn05_02.png,assets/package/window/common_btn0.plist#frame:common_btn05_02.png,atlas-frames/assets/package/window/common_btn0/common_btn05_02.png,192,332,122,34,122,34,122,34,0.0,0.0,False,PNG,122,34,RGBA,1,True,527339F4D558ABA74BA4E5CBDED89407D96639EF39039715BEB124CE50D231BC,EA9C66FE74B8A00E2B93A10059AC8415E65FEB50BF30693817C4139FC4073C6B,91811F7B1F2E1AAE,1223
L-FRAME-00968,logical_frame,D:\magia\MyProducts\MagiaRe\Magia_CN_Project\dist\MagiaCN-r128-downloader-fix1.apk,assets/package/window/common_btn0.plist,assets/package/window/common_btn0.png,common_btn05_03.png,D:\magia\MyProducts\MagiaRe\Magia_CN_Project\dist\MagiaCN-r128-downloader-fix1.apk!/assets/package/window/common_btn0.plist#frame:common_btn05_03.png,assets/package/window/common_btn0.plist#frame:common_btn05_03.png,atlas-frames/assets/package/window/common_btn0/common_btn05_03.png,384,164,122,34,122,34,122,34,0.0,0.0,False,PNG,122,34,RGBA,1,True,27061C253595D19F9197DAA381A7DD04BE0517975C1E527BC2EB824C3373FB73,AF62E14493C9EF66309145ACC5765107AF563A3AADA719FFCF9BD377C0A41E1B,91801F3F1F2B15DD,1084
L-FRAME-00969,logical_frame,D:\magia\MyProducts\MagiaRe\Magia_CN_Project\dist\MagiaCN-r128-downloader-fix1.apk,assets/package/window/common_btn0.plist,assets/package/window/common_btn0.png,common_btn06_01.png,D:\magia\MyProducts\MagiaRe\Magia_CN_Project\dist\MagiaCN-r128-downloader-fix1.apk!/assets/package/window/common_btn0.plist#frame:common_btn06_01.png,assets/package/window/common_btn0.plist#frame:common_btn06_01.png,atlas-frames/assets/package/window/common_btn0/common_btn06_01.png,288,260,122,34,122,34,122,34,0.0,0.0,False,PNG,122,34,RGBA,1,True,90661185BAAFABA6E340F413C1C86600E606934D30A7A662194B92B5DE141E21,A1A70165ED7C31A5B4ABE612DC648934917649B7C16998D90A565E8F0B14B34C,80D45F7F1F2F5580,1260
L-FRAME-00970,logical_frame,D:\magia\MyProducts\MagiaRe\Magia_CN_Project\dist\MagiaCN-r128-downloader-fix1.apk,assets/package/window/common_btn0.plist,assets/package/window/common_btn0.png,common_btn06_02.png,D:\magia\MyProducts\MagiaRe\Magia_CN_Project\dist\MagiaCN-r128-downloader-fix1.apk!/assets/package/window/common_btn0.plist#frame:common_btn06_02.png,assets/package/window/common_btn0.plist#frame:common_btn06_02.png,atlas-frames/assets/package/window/common_btn0/common_btn06_02.png,192,368,122,34,122,34,122,34,0.0,0.0,False,PNG,122,34,RGBA,1,True,3DF5721861583F82182CC367E3D3A4AA2FA17E9C863EF2D59894294264EA8463,E4D355B1ED57349816991D4057691973BE42818F0AD7177EF445356D1888BE12,80D57F7F5F2A50A0,1196
L-FRAME-00971,logical_frame,D:\magia\MyProducts\MagiaRe\Magia_CN_Project\dist\MagiaCN-r128-downloader-fix1.apk,assets/package/window/common_btn0.plist,assets/package/window/common_btn0.png,common_btn06_03.png,D:\magia\MyProducts\MagiaRe\Magia_CN_Project\dist\MagiaCN-r128-downloader-fix1.apk!/assets/package/window/common_btn0.plist#frame:common_btn06_03.png,assets/package/window/common_btn0.plist#frame:common_btn06_03.png,atlas-frames/assets/package/window/common_btn0/common_btn06_03.png,288,296,122,34,122,34,122,34,0.0,0.0,False,PNG,122,34,RGBA,1,True,F5FFAEC78EED1F87888F15EBEF0F7F8B60C1ACF4B766FB2F340CA2624242BF02,A0D80F965056982C88B7DFE645BB034774B272311D404A292333107037E95EB8,80851F7F1F735594,1008
L-FRAME-00972,logical_frame,D:\magia\MyProducts\MagiaRe\Magia_CN_Project\dist\MagiaCN-r128-downloader-fix1.apk,assets/package/window/common_btn0.plist,assets/package/window/common_btn0.png,common_btn_arrow.png,D:\magia\MyProducts\MagiaRe\Magia_CN_Project\dist\MagiaCN-r128-downloader-fix1.apk!/assets/package/window/common_btn0.plist#frame:common_btn_arrow.png,assets/package/window/common_btn0.plist#frame:common_btn_arrow.png,atlas-frames/assets/package/window/common_btn0/common_btn_arrow.png,470,0,36,44,36,44,36,44,0.0,0.0,False,PNG,36,44,RGBA,1,True,6D696E741E63275ED3E397C177D5F14B49D655945E92F941EE95FC90FFFF5565,7AAAF262528CBF77345A7B41D246DFFBA0909F5A9648E08B0A224D061FCBBC30,C0D27A2D3C27379D,1528
L-FRAME-00973,logical_frame,D:\magia\MyProducts\MagiaRe\Magia_CN_Project\dist\MagiaCN-r128-downloader-fix1.apk,assets/package/window/common_btn0.plist,assets/package/window/common_btn0.png,common_check.png,D:\magia\MyProducts\MagiaRe\Magia_CN_Project\dist\MagiaCN-r128-downloader-fix1.apk!/assets/package/window/common_btn0.plist#frame:common_check.png,assets/package/window/common_btn0.plist#frame:common_check.png,atlas-frames/assets/package/window/common_btn0/common_check.png,384,200,32,32,32,32,32,32,0.0,0.0,False,PNG,32,32,RGBA,1,True,1FDF710D6CF8667AAEBF488C7F531749A3DDBCFA6E924B6C0FC7EDCFC1D3744C,1B337ED2E6815CF44FCB7B591FF7B139838ADCE42AC16F6DC19C9C562169F2CD,B8C6D837C5F87A06,648
L-FRAME-00974,logical_frame,D:\magia\MyProducts\MagiaRe\Magia_CN_Project\dist\MagiaCN-r128-downloader-fix1.apk,assets/package/window/common_btn0.plist,assets/package/window/common_btn0.png,common_checkbox.png,D:\magia\MyProducts\MagiaRe\Magia_CN_Project\dist\MagiaCN-r128-downloader-fix1.apk!/assets/package/window/common_btn0.plist#frame:common_checkbox.png,assets/package/window/common_btn0.plist#frame:common_checkbox.png,atlas-frames/assets/package/window/common_btn0/common_checkbox.png,192,404,32,32,32,32,32,32,0.0,0.0,False,PNG,32,32,RGBA,1,True,DAC58A49D185C0497CA5CBB54CD966C61E967C9B7DB400D755CCBEB3815E0A6A,3412AE56338EC41CBD21C22D26A36DE35E9022432C46DD8C2324E99DA76007E3,EADFD48AC08B81AF,970
L-FRAME-00975,logical_frame,D:\magia\MyProducts\MagiaRe\Magia_CN_Project\dist\MagiaCN-r128-downloader-fix1.apk,assets/package/window/common_btn0.plist,assets/package/window/common_btn0.png,common_scroll_bar.png,D:\magia\MyProducts\MagiaRe\Magia_CN_Project\dist\MagiaCN-r128-downloader-fix1.apk!/assets/package/window/common_btn0.plist#frame:common_scroll_bar.png,assets/package/window/common_btn0.plist#frame:common_scroll_bar.png,atlas-frames/assets/package/window/common_btn0/common_scroll_bar.png,494,46,13,35,13,35,13,35,0.0,0.0,False,PNG,13,35,RGBA,1,True,7DC8CFB6576C62C45C396BB553654AD8235E8C404BA6FF30513C8AB62690DA11,CACCF11B9D56FA6C01AAAC4EBE5F14AC2EEA8A745AF24E51773070525715F5AF,AFCE4233429935CF,518
L-FRAME-00976,logical_frame,D:\magia\MyProducts\MagiaRe\Magia_CN_Project\dist\MagiaCN-r128-downloader-fix1.apk,assets/package/window/common_btn0.plist,assets/package/window/common_btn0.png,common_scroll_bar_bg.png,D:\magia\MyProducts\MagiaRe\Magia_CN_Project\dist\MagiaCN-r128-downloader-fix1.apk!/assets/package/window/common_btn0.plist#frame:common_scroll_bar_bg.png,assets/package/window/common_btn0.plist#frame:common_scroll_bar_bg.png,atlas-frames/assets/package/window/common_btn0/common_scroll_bar_bg.png,494,83,13,35,13,35,13,35,0.0,0.0,False,PNG,13,35,RGBA,1,True,68011AA257D9944B3536C92AA40F6A680E459498FD124AD04A0A917E58CF82D0,ACB552908C6B92082D34F3163D9AD563E7FAD7809C722A6AF74C3793FE9E2459,BF29E298E2D0F5D0,381
L-FRAME-00977,logical_frame,D:\magia\MyProducts\MagiaRe\Magia_CN_Project\dist\MagiaCN-r128-downloader-fix1.apk,assets/package/window/common_btn0.plist,assets/package/window/common_btn0.png,common_window_close_01_01.png,D:\magia\MyProducts\MagiaRe\Magia_CN_Project\dist\MagiaCN-r128-downloader-fix1.apk!/assets/package/window/common_btn0.plist#frame:common_window_close_01_01.png,assets/package/window/common_btn0.plist#frame:common_window_close_01_01.png,atlas-frames/assets/package/window/common_btn0/common_window_close_01_01.png,418,200,44,44,44,44,44,44,0.0,0.0,False,PNG,44,44,RGBA,1,True,49E4B7087F7521832202D8B7F861AE6C3D4876B0E8990218B859A98B504B436C,B2F7183BD74379B06BDE478B2E8AF9F011BC8A61CEDB4800C5EFBAA87AEA1451,81D45E8A66AB793D,2108
L-FRAME-00978,logical_frame,D:\magia\MyProducts\MagiaRe\Magia_CN_Project\dist\MagiaCN-r128-downloader-fix1.apk,assets/package/window/common_btn0.plist,assets/package/window/common_btn0.png,common_window_close_01_02.png,D:\magia\MyProducts\MagiaRe\Magia_CN_Project\dist\MagiaCN-r128-downloader-fix1.apk!/assets/package/window/common_btn0.plist#frame:common_window_close_01_02.png,assets/package/window/common_btn0.plist#frame:common_window_close_01_02.png,atlas-frames/assets/package/window/common_btn0/common_window_close_01_02.png,192,438,44,44,44,44,44,44,0.0,0.0,False,PNG,44,44,RGBA,1,True,7BFE1865CDC6235F99CBDAB88B42EF53C2E1469BE106A1E206C4C297CAA5A672,59861207E796345F64B96404348BD6A30986E783B2E4EFD27858E3FBDCFDAF23,81D45E8A662B797D,2040
L-FRAME-00979,logical_frame,D:\magia\MyProducts\MagiaRe\Magia_CN_Project\dist\MagiaCN-r128-downloader-fix1.apk,assets/package/window/popup_bg00.plist,assets/package/window/popup_bg00.png,popup_bg01.png,D:\magia\MyProducts\MagiaRe\Magia_CN_Project\dist\MagiaCN-r128-downloader-fix1.apk!/assets/package/window/popup_bg00.plist#frame:popup_bg01.png,assets/package/window/popup_bg00.plist#frame:popup_bg01.png,atlas-frames/assets/package/window/popup_bg00/popup_bg01.png,0,0,256,536,256,536,256,536,0.0,0.0,False,PNG,256,536,RGBA,1,True,9E9770EEE3C7036272BF2A2D8D9F1842E0B88CD1E2154A2C9580A591C308F31B,C1DEE89C09C3601FADDA369B5A8BDCB138CCA78EA3877AB0C258664A20951171,E8686878785F9597,6321
L-FRAME-00980,logical_frame,D:\magia\MyProducts\MagiaRe\Magia_CN_Project\dist\MagiaCN-r128-downloader-fix1.apk,assets/package/window/popup_bg00.plist,assets/package/window/popup_bg00.png,popup_bg02.png,D:\magia\MyProducts\MagiaRe\Magia_CN_Project\dist\MagiaCN-r128-downloader-fix1.apk!/assets/package/window/popup_bg00.plist#frame:popup_bg02.png,assets/package/window/popup_bg00.plist#frame:popup_bg02.png,atlas-frames/assets/package/window/popup_bg00/popup_bg02.png,258,0,256,456,256,456,256,456,0.0,0.0,False,PNG,256,456,RGBA,1,True,9090D52AA20E2FE2B1039150A419CCFB018BF7EBD3BE9C2E003AACEE944F1328,B1137EE404B59B29360E9D5235A540EC86F59DE3FA86C97087928202427BDC96,A83D3D287D9780D7,6179
L-FRAME-00981,logical_frame,D:\magia\MyProducts\MagiaRe\Magia_CN_Project\dist\MagiaCN-r128-downloader-fix1.apk,assets/package/window/popup_bg00.plist,assets/package/window/popup_bg00.png,popup_bg03.png,D:\magia\MyProducts\MagiaRe\Magia_CN_Project\dist\MagiaCN-r128-downloader-fix1.apk!/assets/package/window/popup_bg00.plist#frame:popup_bg03.png,assets/package/window/popup_bg00.plist#frame:popup_bg03.png,atlas-frames/assets/package/window/popup_bg00/popup_bg03.png,516,0,256,360,256,360,256,360,0.0,0.0,False,PNG,256,360,RGBA,1,True,1609B97D41A0177C09FF596A1DF9CD54ACB2CD509D739053A939D45A5931A585,ACB2C7D8463CB42F33190EDC9D13145F7B0D9969373BFCBD9C4F85539683DA4E,BC7D69699497C1C1,5396
L-FRAME-00982,logical_frame,D:\magia\MyProducts\MagiaRe\Magia_CN_Project\dist\MagiaCN-r128-downloader-fix1.apk,assets/resource/image_native/bg/quest/bg_quest_xxxxx.plist,assets/resource/image_native/bg/quest/bg_quest_xxxxx.png,bg_quest_xxxxx_f.png,D:\magia\MyProducts\MagiaRe\Magia_CN_Project\dist\MagiaCN-r128-downloader-fix1.apk!/assets/resource/image_native/bg/quest/bg_quest_xxxxx.plist#frame:bg_quest_xxxxx_f.png,assets/resource/image_native/bg/quest/bg_quest_xxxxx.plist#frame:bg_quest_xxxxx_f.png,atlas-frames/assets/resource/image_native/bg/quest/bg_quest_xxxxx/bg_quest_xxxxx_f.png,0,640,2048,600,2048,600,2048,600,0.0,0.0,False,PNG,2048,600,RGBA,1,True,8C91E2645ED9BA4043633AA366F8857856D30B35A7542DADB34163476C29A14B,A6A49EC9DAAF44044624AEE065857241D09EF454BAA892FD456B4F2752DE303A,D91323AF2CAC17D3,287814
L-FRAME-00983,logical_frame,D:\magia\MyProducts\MagiaRe\Magia_CN_Project\dist\MagiaCN-r128-downloader-fix1.apk,assets/resource/image_native/bg/quest/bg_quest_xxxxx.plist,assets/resource/image_native/bg/quest/bg_quest_xxxxx.png,bg_quest_xxxxx_g.png,D:\magia\MyProducts\MagiaRe\Magia_CN_Project\dist\MagiaCN-r128-downloader-fix1.apk!/assets/resource/image_native/bg/quest/bg_quest_xxxxx.plist#frame:bg_quest_xxxxx_g.png,assets/resource/image_native/bg/quest/bg_quest_xxxxx.plist#frame:bg_quest_xxxxx_g.png,atlas-frames/assets/resource/image_native/bg/quest/bg_quest_xxxxx/bg_quest_xxxxx_g.png,0,0,2048,640,2048,640,2048,640,0.0,0.0,False,PNG,2048,640,RGBA,1,True,06D9B1DF3DA74C478275BE6E71ECBF0AA41CC044C727FC5BE61956D1206337CC,450CFB9D97A8F1CC6F831F3C9FFF37D55A97063D43A4A08C0179C26054E8D2B2,C4443E387973333F,324556
L-FRAME-00984,logical_frame,D:\magia\MyProducts\MagiaRe\Magia_CN_Project\dist\MagiaCN-r128-downloader-fix1.apk,assets/resource/image_native/bg/quest/bg_quest_xxxxx.plist,assets/resource/image_native/bg/quest/bg_quest_xxxxx.png,bg_quest_xxxxx_n.png,D:\magia\MyProducts\MagiaRe\Magia_CN_Project\dist\MagiaCN-r128-downloader-fix1.apk!/assets/resource/image_native/bg/quest/bg_quest_xxxxx.plist#frame:bg_quest_xxxxx_n.png,assets/resource/image_native/bg/quest/bg_quest_xxxxx.plist#frame:bg_quest_xxxxx_n.png,atlas-frames/assets/resource/image_native/bg/quest/bg_quest_xxxxx/bg_quest_xxxxx_n.png,0,1240,2048,234,2048,234,2048,600,0.0,-181.0,False,PNG,2048,600,RGBA,1,True,998F5F9293462C9C041CC602BFB9EB92D854697A2000CEC2B21B2D10329208D1,73062D08B12261F5F87F0BA6D578D04CC0296EAEC336D098E704A03D2FFD14E9,AED360AED1269C6B,211638
L-FRAME-00985,logical_frame,D:\magia\MyProducts\MagiaRe\Magia_CN_Project\dist\MagiaCN-r128-downloader-fix1.apk,assets/resource/image_native/bg/web/web_common0.plist,assets/resource/image_native/bg/web/web_common0.png,bg.png,D:\magia\MyProducts\MagiaRe\Magia_CN_Project\dist\MagiaCN-r128-downloader-fix1.apk!/assets/resource/image_native/bg/web/web_common0.plist#frame:bg.png,assets/resource/image_native/bg/web/web_common0.plist#frame:bg.png,atlas-frames/assets/resource/image_native/bg/web/web_common0/bg.png,0,0,1024,768,1024,768,1024,768,0.0,0.0,False,PNG,1024,768,RGBA,1,True,F15FDC2697E77C9F39F7F00457F428B6B304BADDCD9F109D70244425954CB6D8,6B35348AFC47FC1DDF10198A7BE2A4D85BB08D60CA5D819B5798DD02007E227F,BF3F055256529399,436670
L-FRAME-00986,logical_frame,D:\magia\MyProducts\MagiaRe\Magia_CN_Project\dist\MagiaCN-r128-downloader-fix1.apk,assets/resource/image_native/effect/quest_v2/effect_xx_xx0.plist,assets/resource/image_native/effect/quest_v2/effect_xx_xx0.png,effect_xx_xx_b_img.png,D:\magia\MyProducts\MagiaRe\Magia_CN_Project\dist\MagiaCN-r128-downloader-fix1.apk!/assets/resource/image_native/effect/quest_v2/effect_xx_xx0.plist#frame:effect_xx_xx_b_img.png,assets/resource/image_native/effect/quest_v2/effect_xx_xx0.plist#frame:effect_xx_xx_b_img.png,atlas-frames/assets/resource/image_native/effect/quest_v2/effect_xx_xx0/effect_xx_xx_b_img.png,0,0,1,1,1,1,8,8,3.5,-3.5,False,PNG,8,8,RGBA,1,True,E0F89DC98BC3CD5E36FE43AFBF3D9CE142F69BE881931E0A9733700E0DF30628,7A5D9CE14D31CBEDE47452BB738C5B385B91CECB4A13AC209A71740A0FA8E474,D72929D639D6D729,71
L-FRAME-00987,logical_frame,D:\magia\MyProducts\MagiaRe\Magia_CN_Project\dist\MagiaCN-r128-downloader-fix1.apk,assets/resource/image_native/mini/anime_v2/mini_xxxxxx_d_l0.plist,assets/resource/image_native/mini/anime_v2/mini_xxxxxx_d_l0.png,xxxxxxdr_parts_b_img.png,D:\magia\MyProducts\MagiaRe\Magia_CN_Project\dist\MagiaCN-r128-downloader-fix1.apk!/assets/resource/image_native/mini/anime_v2/mini_xxxxxx_d_l0.plist#frame:xxxxxxdr_parts_b_img.png,assets/resource/image_native/mini/anime_v2/mini_xxxxxx_d_l0.plist#frame:xxxxxxdr_parts_b_img.png,atlas-frames/assets/resource/image_native/mini/anime_v2/mini_xxxxxx_d_l0/xxxxxxdr_parts_b_img.png,0,0,1,1,1,1,8,8,3.5,-3.5,False,PNG,8,8,RGBA,1,True,E0F89DC98BC3CD5E36FE43AFBF3D9CE142F69BE881931E0A9733700E0DF30628,7A5D9CE14D31CBEDE47452BB738C5B385B91CECB4A13AC209A71740A0FA8E474,D72929D639D6D729,71
L-FRAME-00988,logical_frame,D:\magia\MyProducts\MagiaRe\Magia_CN_Project\dist\MagiaCN-r128-downloader-fix1.apk,assets/resource/image_native/mini/anime_v2/mini_xxxxxx_d_l0.plist,assets/resource/image_native/mini/anime_v2/mini_xxxxxx_d_l0.png,xxxxxxdr_parts0.png,D:\magia\MyProducts\MagiaRe\Magia_CN_Project\dist\MagiaCN-r128-downloader-fix1.apk!/assets/resource/image_native/mini/anime_v2/mini_xxxxxx_d_l0.plist#frame:xxxxxxdr_parts0.png,assets/resource/image_native/mini/anime_v2/mini_xxxxxx_d_l0.plist#frame:xxxxxxdr_parts0.png,atlas-frames/assets/resource/image_native/mini/anime_v2/mini_xxxxxx_d_l0/xxxxxxdr_parts0.png,0,3,164,34,164,34,164,34,0.0,0.0,False,PNG,164,34,RGBA,1,True,C72F69F100DA87E3AE89C0CBA8A6199C767CDA117747AF189A67A6F3CEB89018,64ABDF48D0EB1FF6C61A5C323BBB74378EE041095EC9E711AEBE40D7ADEF67AE,B95D4DC80AA376DC,1495
L-FRAME-00989,logical_frame,D:\magia\MyProducts\MagiaRe\Magia_CN_Project\dist\MagiaCN-r128-downloader-fix1.apk,assets/resource/image_native/mini/anime_v2/mini_xxxxxx_d_r0.plist,assets/resource/image_native/mini/anime_v2/mini_xxxxxx_d_r0.png,xxxxxxdr_parts_b_img.png,D:\magia\MyProducts\MagiaRe\Magia_CN_Project\dist\MagiaCN-r128-downloader-fix1.apk!/assets/resource/image_native/mini/anime_v2/mini_xxxxxx_d_r0.plist#frame:xxxxxxdr_parts_b_img.png,assets/resource/image_native/mini/anime_v2/mini_xxxxxx_d_r0.plist#frame:xxxxxxdr_parts_b_img.png,atlas-frames/assets/resource/image_native/mini/anime_v2/mini_xxxxxx_d_r0/xxxxxxdr_parts_b_img.png,0,0,1,1,1,1,8,8,3.5,-3.5,False,PNG,8,8,RGBA,1,True,E0F89DC98BC3CD5E36FE43AFBF3D9CE142F69BE881931E0A9733700E0DF30628,7A5D9CE14D31CBEDE47452BB738C5B385B91CECB4A13AC209A71740A0FA8E474,D72929D639D6D729,71
L-FRAME-00990,logical_frame,D:\magia\MyProducts\MagiaRe\Magia_CN_Project\dist\MagiaCN-r128-downloader-fix1.apk,assets/resource/image_native/mini/anime_v2/mini_xxxxxx_d_r0.plist,assets/resource/image_native/mini/anime_v2/mini_xxxxxx_d_r0.png,xxxxxxdr_parts0.png,D:\magia\MyProducts\MagiaRe\Magia_CN_Project\dist\MagiaCN-r128-downloader-fix1.apk!/assets/resource/image_native/mini/anime_v2/mini_xxxxxx_d_r0.plist#frame:xxxxxxdr_parts0.png,assets/resource/image_native/mini/anime_v2/mini_xxxxxx_d_r0.plist#frame:xxxxxxdr_parts0.png,atlas-frames/assets/resource/image_native/mini/anime_v2/mini_xxxxxx_d_r0/xxxxxxdr_parts0.png,0,3,164,34,164,34,164,34,0.0,0.0,False,PNG,164,34,RGBA,1,True,C72F69F100DA87E3AE89C0CBA8A6199C767CDA117747AF189A67A6F3CEB89018,64ABDF48D0EB1FF6C61A5C323BBB74378EE041095EC9E711AEBE40D7ADEF67AE,B95D4DC80AA376DC,1495
L-FRAME-00991,logical_frame,D:\magia\MyProducts\MagiaRe\Magia_CN_Project\dist\MagiaCN-r128-downloader-fix1.apk,assets/resource/image_native/mini/anime_v2/mini_xxxxxx_l0.plist,assets/resource/image_native/mini/anime_v2/mini_xxxxxx_l0.png,xxxxxxl_parts_b_img.png,D:\magia\MyProducts\MagiaRe\Magia_CN_Project\dist\MagiaCN-r128-downloader-fix1.apk!/assets/resource/image_native/mini/anime_v2/mini_xxxxxx_l0.plist#frame:xxxxxxl_parts_b_img.png,assets/resource/image_native/mini/anime_v2/mini_xxxxxx_l0.plist#frame:xxxxxxl_parts_b_img.png,atlas-frames/assets/resource/image_native/mini/anime_v2/mini_xxxxxx_l0/xxxxxxl_parts_b_img.png,0,0,1,1,1,1,8,8,3.5,-3.5,False,PNG,8,8,RGBA,1,True,E0F89DC98BC3CD5E36FE43AFBF3D9CE142F69BE881931E0A9733700E0DF30628,7A5D9CE14D31CBEDE47452BB738C5B385B91CECB4A13AC209A71740A0FA8E474,D72929D639D6D729,71
L-FRAME-00992,logical_frame,D:\magia\MyProducts\MagiaRe\Magia_CN_Project\dist\MagiaCN-r128-downloader-fix1.apk,assets/resource/image_native/mini/anime_v2/mini_xxxxxx_l0.plist,assets/resource/image_native/mini/anime_v2/mini_xxxxxx_l0.png,xxxxxxl_parts0.png,D:\magia\MyProducts\MagiaRe\Magia_CN_Project\dist\MagiaCN-r128-downloader-fix1.apk!/assets/resource/image_native/mini/anime_v2/mini_xxxxxx_l0.plist#frame:xxxxxxl_parts0.png,assets/resource/image_native/mini/anime_v2/mini_xxxxxx_l0.plist#frame:xxxxxxl_parts0.png,atlas-frames/assets/resource/image_native/mini/anime_v2/mini_xxxxxx_l0/xxxxxxl_parts0.png,0,3,297,83,297,83,304,120,-0.5,-2.5,False,PNG,304,120,RGBA,1,True,6EB44428BACFA73C1F83724B0993B2F87E0AB51B2614998A05D0D092C60FD546,B7A3C6E3D3B4E59386290D3D48C3EDC000EE01C2BDC71502C7BFD2DB0BB8C23B,BBC1E4169B696C96,8035
L-FRAME-00993,logical_frame,D:\magia\MyProducts\MagiaRe\Magia_CN_Project\dist\MagiaCN-r128-downloader-fix1.apk,assets/resource/image_native/mini/anime_v2/mini_xxxxxx_l_b0.plist,assets/resource/image_native/mini/anime_v2/mini_xxxxxx_l0.png,xxxxxxl_parts_b_img.png,D:\magia\MyProducts\MagiaRe\Magia_CN_Project\dist\MagiaCN-r128-downloader-fix1.apk!/assets/resource/image_native/mini/anime_v2/mini_xxxxxx_l_b0.plist#frame:xxxxxxl_parts_b_img.png,assets/resource/image_native/mini/anime_v2/mini_xxxxxx_l_b0.plist#frame:xxxxxxl_parts_b_img.png,atlas-frames/assets/resource/image_native/mini/anime_v2/mini_xxxxxx_l_b0/xxxxxxl_parts_b_img.png,0,0,1,1,1,1,8,8,3.5,-3.5,False,PNG,8,8,RGBA,1,True,E0F89DC98BC3CD5E36FE43AFBF3D9CE142F69BE881931E0A9733700E0DF30628,7A5D9CE14D31CBEDE47452BB738C5B385B91CECB4A13AC209A71740A0FA8E474,D72929D639D6D729,71
L-FRAME-00994,logical_frame,D:\magia\MyProducts\MagiaRe\Magia_CN_Project\dist\MagiaCN-r128-downloader-fix1.apk,assets/resource/image_native/mini/anime_v2/mini_xxxxxx_l_b0.plist,assets/resource/image_native/mini/anime_v2/mini_xxxxxx_l0.png,xxxxxxl_parts0.png,D:\magia\MyProducts\MagiaRe\Magia_CN_Project\dist\MagiaCN-r128-downloader-fix1.apk!/assets/resource/image_native/mini/anime_v2/mini_xxxxxx_l_b0.plist#frame:xxxxxxl_parts0.png,assets/resource/image_native/mini/anime_v2/mini_xxxxxx_l_b0.plist#frame:xxxxxxl_parts0.png,atlas-frames/assets/resource/image_native/mini/anime_v2/mini_xxxxxx_l_b0/xxxxxxl_parts0.png,0,3,297,83,297,83,304,120,-0.5,-2.5,False,PNG,304,120,RGBA,1,True,6EB44428BACFA73C1F83724B0993B2F87E0AB51B2614998A05D0D092C60FD546,B7A3C6E3D3B4E59386290D3D48C3EDC000EE01C2BDC71502C7BFD2DB0BB8C23B,BBC1E4169B696C96,8035
L-FRAME-00995,logical_frame,D:\magia\MyProducts\MagiaRe\Magia_CN_Project\dist\MagiaCN-r128-downloader-fix1.apk,assets/resource/image_native/mini/anime_v2/mini_xxxxxx_m_l0.plist,assets/resource/image_native/mini/anime_v2/mini_xxxxxx_m_l0.png,xxxxxxmr_parts_b_img.png,D:\magia\MyProducts\MagiaRe\Magia_CN_Project\dist\MagiaCN-r128-downloader-fix1.apk!/assets/resource/image_native/mini/anime_v2/mini_xxxxxx_m_l0.plist#frame:xxxxxxmr_parts_b_img.png,assets/resource/image_native/mini/anime_v2/mini_xxxxxx_m_l0.plist#frame:xxxxxxmr_parts_b_img.png,atlas-frames/assets/resource/image_native/mini/anime_v2/mini_xxxxxx_m_l0/xxxxxxmr_parts_b_img.png,0,0,1,1,1,1,8,8,3.5,-3.5,False,PNG,8,8,RGBA,1,True,E0F89DC98BC3CD5E36FE43AFBF3D9CE142F69BE881931E0A9733700E0DF30628,7A5D9CE14D31CBEDE47452BB738C5B385B91CECB4A13AC209A71740A0FA8E474,D72929D639D6D729,71
L-FRAME-00996,logical_frame,D:\magia\MyProducts\MagiaRe\Magia_CN_Project\dist\MagiaCN-r128-downloader-fix1.apk,assets/resource/image_native/mini/anime_v2/mini_xxxxxx_m_l0.plist,assets/resource/image_native/mini/anime_v2/mini_xxxxxx_m_l0.png,xxxxxxmr_parts0.png,D:\magia\MyProducts\MagiaRe\Magia_CN_Project\dist\MagiaCN-r128-downloader-fix1.apk!/assets/resource/image_native/mini/anime_v2/mini_xxxxxx_m_l0.plist#frame:xxxxxxmr_parts0.png,assets/resource/image_native/mini/anime_v2/mini_xxxxxx_m_l0.plist#frame:xxxxxxmr_parts0.png,atlas-frames/assets/resource/image_native/mini/anime_v2/mini_xxxxxx_m_l0/xxxxxxmr_parts0.png,0,3,164,34,164,34,164,34,0.0,0.0,False,PNG,164,34,RGBA,1,True,C72F69F100DA87E3AE89C0CBA8A6199C767CDA117747AF189A67A6F3CEB89018,64ABDF48D0EB1FF6C61A5C323BBB74378EE041095EC9E711AEBE40D7ADEF67AE,B95D4DC80AA376DC,1495
L-FRAME-00997,logical_frame,D:\magia\MyProducts\MagiaRe\Magia_CN_Project\dist\MagiaCN-r128-downloader-fix1.apk,assets/resource/image_native/mini/anime_v2/mini_xxxxxx_m_r0.plist,assets/resource/image_native/mini/anime_v2/mini_xxxxxx_m_r0.png,xxxxxxmr_parts_b_img.png,D:\magia\MyProducts\MagiaRe\Magia_CN_Project\dist\MagiaCN-r128-downloader-fix1.apk!/assets/resource/image_native/mini/anime_v2/mini_xxxxxx_m_r0.plist#frame:xxxxxxmr_parts_b_img.png,assets/resource/image_native/mini/anime_v2/mini_xxxxxx_m_r0.plist#frame:xxxxxxmr_parts_b_img.png,atlas-frames/assets/resource/image_native/mini/anime_v2/mini_xxxxxx_m_r0/xxxxxxmr_parts_b_img.png,0,0,1,1,1,1,8,8,3.5,-3.5,False,PNG,8,8,RGBA,1,True,E0F89DC98BC3CD5E36FE43AFBF3D9CE142F69BE881931E0A9733700E0DF30628,7A5D9CE14D31CBEDE47452BB738C5B385B91CECB4A13AC209A71740A0FA8E474,D72929D639D6D729,71
L-FRAME-00998,logical_frame,D:\magia\MyProducts\MagiaRe\Magia_CN_Project\dist\MagiaCN-r128-downloader-fix1.apk,assets/resource/image_native/mini/anime_v2/mini_xxxxxx_m_r0.plist,assets/resource/image_native/mini/anime_v2/mini_xxxxxx_m_r0.png,xxxxxxmr_parts0.png,D:\magia\MyProducts\MagiaRe\Magia_CN_Project\dist\MagiaCN-r128-downloader-fix1.apk!/assets/resource/image_native/mini/anime_v2/mini_xxxxxx_m_r0.plist#frame:xxxxxxmr_parts0.png,assets/resource/image_native/mini/anime_v2/mini_xxxxxx_m_r0.plist#frame:xxxxxxmr_parts0.png,atlas-frames/assets/resource/image_native/mini/anime_v2/mini_xxxxxx_m_r0/xxxxxxmr_parts0.png,0,3,164,34,164,34,164,34,0.0,0.0,False,PNG,164,34,RGBA,1,True,C72F69F100DA87E3AE89C0CBA8A6199C767CDA117747AF189A67A6F3CEB89018,64ABDF48D0EB1FF6C61A5C323BBB74378EE041095EC9E711AEBE40D7ADEF67AE,B95D4DC80AA376DC,1495
L-FRAME-00999,logical_frame,D:\magia\MyProducts\MagiaRe\Magia_CN_Project\dist\MagiaCN-r128-downloader-fix1.apk,assets/resource/image_native/mini/anime_v2/mini_xxxxxx_r0.plist,assets/resource/image_native/mini/anime_v2/mini_xxxxxx_r0.png,xxxxxxr_parts_b_img.png,D:\magia\MyProducts\MagiaRe\Magia_CN_Project\dist\MagiaCN-r128-downloader-fix1.apk!/assets/resource/image_native/mini/anime_v2/mini_xxxxxx_r0.plist#frame:xxxxxxr_parts_b_img.png,assets/resource/image_native/mini/anime_v2/mini_xxxxxx_r0.plist#frame:xxxxxxr_parts_b_img.png,atlas-frames/assets/resource/image_native/mini/anime_v2/mini_xxxxxx_r0/xxxxxxr_parts_b_img.png,0,0,1,1,1,1,8,8,3.5,-3.5,False,PNG,8,8,RGBA,1,True,E0F89DC98BC3CD5E36FE43AFBF3D9CE142F69BE881931E0A9733700E0DF30628,7A5D9CE14D31CBEDE47452BB738C5B385B91CECB4A13AC209A71740A0FA8E474,D72929D639D6D729,71
L-FRAME-01000,logical_frame,D:\magia\MyProducts\MagiaRe\Magia_CN_Project\dist\MagiaCN-r128-downloader-fix1.apk,assets/resource/image_native/mini/anime_v2/mini_xxxxxx_r0.plist,assets/resource/image_native/mini/anime_v2/mini_xxxxxx_r0.png,xxxxxxr_parts0.png,D:\magia\MyProducts\MagiaRe\Magia_CN_Project\dist\MagiaCN-r128-downloader-fix1.apk!/assets/resource/image_native/mini/anime_v2/mini_xxxxxx_r0.plist#frame:xxxxxxr_parts0.png,assets/resource/image_native/mini/anime_v2/mini_xxxxxx_r0.plist#frame:xxxxxxr_parts0.png,atlas-frames/assets/resource/image_native/mini/anime_v2/mini_xxxxxx_r0/xxxxxxr_parts0.png,0,3,297,83,297,83,304,120,-0.5,-2.5,False,PNG,304,120,RGBA,1,True,6EB44428BACFA73C1F83724B0993B2F87E0AB51B2614998A05D0D092C60FD546,B7A3C6E3D3B4E59386290D3D48C3EDC000EE01C2BDC71502C7BFD2DB0BB8C23B,BBC1E4169B696C96,8035
L-FRAME-01001,logical_frame,D:\magia\MyProducts\MagiaRe\Magia_CN_Project\dist\MagiaCN-r128-downloader-fix1.apk,assets/resource/image_native/scene/quest/field_art.plist,assets/resource/image_native/scene/quest/field_art.png,field_art_button.png,D:\magia\MyProducts\MagiaRe\Magia_CN_Project\dist\MagiaCN-r128-downloader-fix1.apk!/assets/resource/image_native/scene/quest/field_art.plist#frame:field_art_button.png,assets/resource/image_native/scene/quest/field_art.plist#frame:field_art_button.png,atlas-frames/assets/resource/image_native/scene/quest/field_art/field_art_button.png,899,67,55,66,55,66,58,66,0.0,0.0,False,PNG,58,66,RGBA,1,True,9B109BB5A2BA4AF62CD4D6F8F0CE706176CEB931CBA2515C8E702076C13C96A8,CF6D24507BF76A193954B8A73E8E25EC4C9CEF28C694B9D291C58151B362E990,90B54F5E386571D9,6837
L-FRAME-01002,logical_frame,D:\magia\MyProducts\MagiaRe\Magia_CN_Project\dist\MagiaCN-r128-downloader-fix1.apk,assets/resource/image_native/scene/quest/field_art.plist,assets/resource/image_native/scene/quest/field_art.png,field_art_button_gray.png,D:\magia\MyProducts\MagiaRe\Magia_CN_Project\dist\MagiaCN-r128-downloader-fix1.apk!/assets/resource/image_native/scene/quest/field_art.plist#frame:field_art_button_gray.png,assets/resource/image_native/scene/quest/field_art.plist#frame:field_art_button_gray.png,atlas-frames/assets/resource/image_native/scene/quest/field_art/field_art_button_gray.png,899,0,55,66,55,66,58,66,0.0,0.0,False,PNG,58,66,RGBA,1,True,C26E9F2724C1249A09CBD4EFB9D35ACAA897ED2E1A1744F6AEBD5998021CE3B5,F581C4AB50D1A041E417FDBA47C8B6B64556C972CCF75D11F5C127B54E77D24F,90B54F5E386571D9,4636
L-FRAME-01003,logical_frame,D:\magia\MyProducts\MagiaRe\Magia_CN_Project\dist\MagiaCN-r128-downloader-fix1.apk,assets/resource/image_native/scene/quest/field_art.plist,assets/resource/image_native/scene/quest/field_art.png,field_art_close.png,D:\magia\MyProducts\MagiaRe\Magia_CN_Project\dist\MagiaCN-r128-downloader-fix1.apk!/assets/resource/image_native/scene/quest/field_art.plist#frame:field_art_close.png,assets/resource/image_native/scene/quest/field_art.plist#frame:field_art_close.png,atlas-frames/assets/resource/image_native/scene/quest/field_art/field_art_close.png,0,454,42,42,42,42,42,42,0.0,0.0,False,PNG,42,42,RGBA,1,True,F74198FA29B2144D62AA1982B402A98A52DC44231D18455AA475340813C91BE6,586162E5B2C0001E9800E6470A3D05660A1EDEC7A28224DD50B298C064A51F33,EA20F5DDC837C21D,1854
L-FRAME-01004,logical_frame,D:\magia\MyProducts\MagiaRe\Magia_CN_Project\dist\MagiaCN-r128-downloader-fix1.apk,assets/resource/image_native/scene/quest/field_art.plist,assets/resource/image_native/scene/quest/field_art.png,field_art_line.png,D:\magia\MyProducts\MagiaRe\Magia_CN_Project\dist\MagiaCN-r128-downloader-fix1.apk!/assets/resource/image_native/scene/quest/field_art.plist#frame:field_art_line.png,assets/resource/image_native/scene/quest/field_art.plist#frame:field_art_line.png,atlas-frames/assets/resource/image_native/scene/quest/field_art/field_art_line.png,0,451,702,2,702,2,720,2,0.0,0.0,False,PNG,720,2,RGBA,1,True,F11AC6A1FB971597B865A02D7E62E1D55D64389719300C4859117A3C39ACB607,07C8EC2212AE76E74244B0C297F89A7AF2761C3A42208EF6AE76A0FA893004B7,D5CE253175CE9331,1456
L-FRAME-01005,logical_frame,D:\magia\MyProducts\MagiaRe\Magia_CN_Project\dist\MagiaCN-r128-downloader-fix1.apk,assets/resource/image_native/scene/quest/field_art.plist,assets/resource/image_native/scene/quest/field_art.png,field_art_window.png,D:\magia\MyProducts\MagiaRe\Magia_CN_Project\dist\MagiaCN-r128-downloader-fix1.apk!/assets/resource/image_native/scene/quest/field_art.plist#frame:field_art_window.png,assets/resource/image_native/scene/quest/field_art.plist#frame:field_art_window.png,atlas-frames/assets/resource/image_native/scene/quest/field_art/field_art_window.png,0,0,898,450,898,450,898,450,0.0,0.0,False,PNG,898,450,RGBA,1,True,A6B3846D2098E0DB817372A8854019EF2A5A01A8E337D4D088438089D4588DCE,1C5F24B8380612832D4541AA886E6E3917995C2846C66891C116FB354531FD89,FF99999999999920,78781
L-FRAME-01006,logical_frame,D:\magia\MyProducts\MagiaRe\Magia_CN_Project\dist\MagiaCN-r128-downloader-fix1.apk,assets/resource/image_native/scene/quest/ui_button_field0.plist,assets/resource/image_native/scene/quest/ui_button_field0.png,txt_field_btn.png,D:\magia\MyProducts\MagiaRe\Magia_CN_Project\dist\MagiaCN-r128-downloader-fix1.apk!/assets/resource/image_native/scene/quest/ui_button_field0.plist#frame:txt_field_btn.png,assets/resource/image_native/scene/quest/ui_button_field0.plist#frame:txt_field_btn.png,atlas-frames/assets/resource/image_native/scene/quest/ui_button_field0/txt_field_btn.png,0,0,40,15,40,15,40,15,0.0,0.0,False,PNG,40,15,RGBA,1,True,4CE7D546FE4BACAD68D57FBCB6CDE6E646869CB0198BB62E4F481B902F961D09,1FCB8AB63444A9DC2211BDD78A4630499B3BC9DF49DB7E7BB08276105C1C7CE7,94607B1F6B4A9765,1879
L-FRAME-01007,logical_frame,D:\magia\MyProducts\MagiaRe\Magia_CN_Project\dist\MagiaCN-r128-downloader-fix1.apk,assets/resource/image_native/scene/quest/ui_button_field0.plist,assets/resource/image_native/scene/quest/ui_button_field0.png,efe_field_btn.png,D:\magia\MyProducts\MagiaRe\Magia_CN_Project\dist\MagiaCN-r128-downloader-fix1.apk!/assets/resource/image_native/scene/quest/ui_button_field0.plist#frame:efe_field_btn.png,assets/resource/image_native/scene/quest/ui_button_field0.plist#frame:efe_field_btn.png,atlas-frames/assets/resource/image_native/scene/quest/ui_button_field0/efe_field_btn.png,0,17,69,78,69,78,69,78,0.0,0.0,False,PNG,69,78,RGBA,1,True,4F80D9BCC799F4785FA85ACCB9153E3E7EFBBBFB24FC85178E0996757A868B8E,9A7FC983FFD5ED65DF63BC8C8EF1A6AA33445BCD4DEE3F0CD836863C732DB2F9,962B6A9565CA876D,6918
L-FRAME-01008,logical_frame,D:\magia\MyProducts\MagiaRe\Magia_CN_Project\dist\MagiaCN-r128-downloader-fix1.apk,assets/resource/image_native/scene/quest/ui_button_field0.plist,assets/resource/image_native/scene/quest/ui_button_field0.png,field_btn.png,D:\magia\MyProducts\MagiaRe\Magia_CN_Project\dist\MagiaCN-r128-downloader-fix1.apk!/assets/resource/image_native/scene/quest/ui_button_field0.plist#frame:field_btn.png,assets/resource/image_native/scene/quest/ui_button_field0.plist#frame:field_btn.png,atlas-frames/assets/resource/image_native/scene/quest/ui_button_field0/field_btn.png,71,0,55,66,55,66,58,66,0.5,0.0,False,PNG,58,66,RGBA,1,True,B6E1F12857686F1F14C9D40FDF18EF636508ED023372A3223844B4397B7B9DDC,C5E301F017711FD79426A5FF4094EF28DF044E00A592EA44F4010632C5EDE0CA,90B54F5E386571D9,6835
