charaNo	messageId	ja	zhCN	cn_keys	confidence	reason	evidence_occurrences	jp_record_paths
1001	6	それを人は…絆って言うのかな	那就是……人与人之间的羁绊吗……	"[""vo_char_1001_00_06_hca""]"	key_aligned	unique_charaNo_messageId_key_and_unique_cn_value	8	"[""12/response_body/userCharaList/0/chara/charaMessageList/0"",""19/response_body/userCharaList/0/chara/charaMessageList/0"",""31/response_body/userCharaList/0/chara/charaMessageList/0"",""44/response_body/userCharaList/0/chara/charaMessageList/0"",""61/response_body/userCharaList/0/chara/charaMessageList/0"",""73/response_body/userCharaList/0/chara/charaMessageList/0"",""89/response_body/userCharaList/3/chara/charaMessageList/0"",""107/response_body/userCharaList/3/chara/charaMessageList/0""]"
1001	7	みんなで外食なんて…いつぶりだろう？	大家一起聚餐……有多久没这样了呢？	"[""vo_char_1001_00_07_hca""]"	key_aligned	unique_charaNo_messageId_key_and_unique_cn_value	8	"[""12/response_body/userCharaList/0/chara/charaMessageList/1"",""19/response_body/userCharaList/0/chara/charaMessageList/1"",""31/response_body/userCharaList/0/chara/charaMessageList/1"",""44/response_body/userCharaList/0/chara/charaMessageList/1"",""61/response_body/userCharaList/0/chara/charaMessageList/1"",""73/response_body/userCharaList/0/chara/charaMessageList/1"",""89/response_body/userCharaList/3/chara/charaMessageList/1"",""107/response_body/userCharaList/3/chara/charaMessageList/1""]"
1001	8	嫌われるのが怖くて…自分に嘘をついた	"因为害怕被别人讨厌……
就违背了自己的内心……"	"[""vo_char_1001_00_08_hca""]"	key_aligned	unique_charaNo_messageId_key_and_unique_cn_value	8	"[""12/response_body/userCharaList/0/chara/charaMessageList/2"",""19/response_body/userCharaList/0/chara/charaMessageList/2"",""31/response_body/userCharaList/0/chara/charaMessageList/2"",""44/response_body/userCharaList/0/chara/charaMessageList/2"",""61/response_body/userCharaList/0/chara/charaMessageList/2"",""73/response_body/userCharaList/0/chara/charaMessageList/2"",""89/response_body/userCharaList/3/chara/charaMessageList/2"",""107/response_body/userCharaList/3/chara/charaMessageList/2""]"
1001	9	お帰りなさい。待ってたよ	欢迎回来。我一直在等着哦！	"[""vo_char_1001_00_09_hca""]"	key_aligned	unique_charaNo_messageId_key_and_unique_cn_value	8	"[""12/response_body/userCharaList/0/chara/charaMessageList/3"",""19/response_body/userCharaList/0/chara/charaMessageList/3"",""31/response_body/userCharaList/0/chara/charaMessageList/3"",""44/response_body/userCharaList/0/chara/charaMessageList/3"",""61/response_body/userCharaList/0/chara/charaMessageList/3"",""73/response_body/userCharaList/0/chara/charaMessageList/3"",""89/response_body/userCharaList/3/chara/charaMessageList/3"",""107/response_body/userCharaList/3/chara/charaMessageList/3""]"
1001	10	大切だからっ…！本音でぶつかるんだよ！	"正因为是重要的人…！
所以才要说真心话啊！"	"[""vo_char_1001_00_10_hca""]"	key_aligned	unique_charaNo_messageId_key_and_unique_cn_value	8	"[""12/response_body/userCharaList/0/chara/charaMessageList/4"",""19/response_body/userCharaList/0/chara/charaMessageList/4"",""31/response_body/userCharaList/0/chara/charaMessageList/4"",""44/response_body/userCharaList/0/chara/charaMessageList/4"",""61/response_body/userCharaList/0/chara/charaMessageList/4"",""73/response_body/userCharaList/0/chara/charaMessageList/4"",""89/response_body/userCharaList/3/chara/charaMessageList/4"",""107/response_body/userCharaList/3/chara/charaMessageList/4""]"
1001	11	ごめんね…お姉ちゃん、本当は…	对不起……姐姐我，其实……	"[""vo_char_1001_00_11_hca""]"	key_aligned	unique_charaNo_messageId_key_and_unique_cn_value	8	"[""12/response_body/userCharaList/0/chara/charaMessageList/5"",""19/response_body/userCharaList/0/chara/charaMessageList/5"",""31/response_body/userCharaList/0/chara/charaMessageList/5"",""44/response_body/userCharaList/0/chara/charaMessageList/5"",""61/response_body/userCharaList/0/chara/charaMessageList/5"",""73/response_body/userCharaList/0/chara/charaMessageList/5"",""89/response_body/userCharaList/3/chara/charaMessageList/5"",""107/response_body/userCharaList/3/chara/charaMessageList/5""]"
1001	12	ちょっぴり苦い…思い出の料理です	"这是略带苦涩……
却又充满回忆的料理。"	"[""vo_char_1001_00_12_hca""]"	key_aligned	unique_charaNo_messageId_key_and_unique_cn_value	8	"[""12/response_body/userCharaList/0/chara/charaMessageList/6"",""19/response_body/userCharaList/0/chara/charaMessageList/6"",""31/response_body/userCharaList/0/chara/charaMessageList/6"",""44/response_body/userCharaList/0/chara/charaMessageList/6"",""61/response_body/userCharaList/0/chara/charaMessageList/6"",""73/response_body/userCharaList/0/chara/charaMessageList/6"",""89/response_body/userCharaList/3/chara/charaMessageList/6"",""107/response_body/userCharaList/3/chara/charaMessageList/6""]"
1001	43	諦めなくって良かった…！	还好没放弃……！	"[""vo_char_1001_00_43_hca""]"	key_aligned	unique_charaNo_messageId_key_and_unique_cn_value	8	"[""12/response_body/userCharaList/0/chara/charaMessageList/7"",""19/response_body/userCharaList/0/chara/charaMessageList/7"",""31/response_body/userCharaList/0/chara/charaMessageList/7"",""44/response_body/userCharaList/0/chara/charaMessageList/7"",""61/response_body/userCharaList/0/chara/charaMessageList/7"",""73/response_body/userCharaList/0/chara/charaMessageList/7"",""89/response_body/userCharaList/3/chara/charaMessageList/7"",""107/response_body/userCharaList/3/chara/charaMessageList/7""]"
1001	44	大丈夫って…信じてたから	没问题的……我相信！	"[""vo_char_1001_00_44_hca""]"	key_aligned	unique_charaNo_messageId_key_and_unique_cn_value	8	"[""12/response_body/userCharaList/0/chara/charaMessageList/8"",""19/response_body/userCharaList/0/chara/charaMessageList/8"",""31/response_body/userCharaList/0/chara/charaMessageList/8"",""44/response_body/userCharaList/0/chara/charaMessageList/8"",""61/response_body/userCharaList/0/chara/charaMessageList/8"",""73/response_body/userCharaList/0/chara/charaMessageList/8"",""89/response_body/userCharaList/3/chara/charaMessageList/8"",""107/response_body/userCharaList/3/chara/charaMessageList/8""]"
1001	45	お姉ちゃん、勝ったよ	姐姐赢了哦！	"[""vo_char_1001_00_45_hca""]"	key_aligned	unique_charaNo_messageId_key_and_unique_cn_value	8	"[""12/response_body/userCharaList/0/chara/charaMessageList/9"",""19/response_body/userCharaList/0/chara/charaMessageList/9"",""31/response_body/userCharaList/0/chara/charaMessageList/9"",""44/response_body/userCharaList/0/chara/charaMessageList/9"",""61/response_body/userCharaList/0/chara/charaMessageList/9"",""73/response_body/userCharaList/0/chara/charaMessageList/9"",""89/response_body/userCharaList/3/chara/charaMessageList/9"",""107/response_body/userCharaList/3/chara/charaMessageList/9""]"
1001	46	強いお姉ちゃんになれたかな	是不是变成了厉害的姐姐了呢？	"[""vo_char_1001_00_46_hca""]"	key_aligned	unique_charaNo_messageId_key_and_unique_cn_value	8	"[""12/response_body/userCharaList/0/chara/charaMessageList/10"",""19/response_body/userCharaList/0/chara/charaMessageList/10"",""31/response_body/userCharaList/0/chara/charaMessageList/10"",""44/response_body/userCharaList/0/chara/charaMessageList/10"",""61/response_body/userCharaList/0/chara/charaMessageList/10"",""73/response_body/userCharaList/0/chara/charaMessageList/10"",""89/response_body/userCharaList/3/chara/charaMessageList/10"",""107/response_body/userCharaList/3/chara/charaMessageList/10""]"
1003	6	もっと訓練してもっと強くなりたいのに！	本想着增加训练就能变强的！	"[""vo_char_1003_00_06_hca""]"	key_aligned	unique_charaNo_messageId_key_and_unique_cn_value	4	"[""20/response_body/userLimitedChallengeList/87/challenge/rewardList/0/chara/charaMessageList/0"",""90/response_body/userLimitedChallengeList/87/challenge/rewardList/0/chara/charaMessageList/0"",""97/response_body/userLimitedChallengeList/87/challenge/rewardList/0/chara/charaMessageList/0"",""107/response_body/userLimitedChallengeList/85/challenge/rewardList/0/chara/charaMessageList/0""]"
1003	7	人間の強さは根っこの部分で同じなんだよね	人的强大就跟树的根部是一样的嘛。	"[""vo_char_1003_00_07_hca""]"	key_aligned	unique_charaNo_messageId_key_and_unique_cn_value	4	"[""20/response_body/userLimitedChallengeList/87/challenge/rewardList/0/chara/charaMessageList/1"",""90/response_body/userLimitedChallengeList/87/challenge/rewardList/0/chara/charaMessageList/1"",""97/response_body/userLimitedChallengeList/87/challenge/rewardList/0/chara/charaMessageList/1"",""107/response_body/userLimitedChallengeList/85/challenge/rewardList/0/chara/charaMessageList/1""]"
1003	8	強くなったら何でもやれるでしょ！	只要变强就什么都能做到了吧！	"[""vo_char_1003_00_08_hca""]"	key_aligned	unique_charaNo_messageId_key_and_unique_cn_value	4	"[""20/response_body/userLimitedChallengeList/87/challenge/rewardList/0/chara/charaMessageList/2"",""90/response_body/userLimitedChallengeList/87/challenge/rewardList/0/chara/charaMessageList/2"",""97/response_body/userLimitedChallengeList/87/challenge/rewardList/0/chara/charaMessageList/2"",""107/response_body/userLimitedChallengeList/85/challenge/rewardList/0/chara/charaMessageList/2""]"
1003	9	ちょとつもうしん？…ってどういう意味？	长驱猛进？……什么意思呀？	"[""vo_char_1003_00_09_hca""]"	key_aligned	unique_charaNo_messageId_key_and_unique_cn_value	4	"[""20/response_body/userLimitedChallengeList/87/challenge/rewardList/0/chara/charaMessageList/3"",""90/response_body/userLimitedChallengeList/87/challenge/rewardList/0/chara/charaMessageList/3"",""97/response_body/userLimitedChallengeList/87/challenge/rewardList/0/chara/charaMessageList/3"",""107/response_body/userLimitedChallengeList/85/challenge/rewardList/0/chara/charaMessageList/3""]"
1003	10	うう…まためちゃくちゃ怒られちゃった…	呜……又被凶了一顿……	"[""vo_char_1003_00_10_hca""]"	key_aligned	unique_charaNo_messageId_key_and_unique_cn_value	4	"[""20/response_body/userLimitedChallengeList/87/challenge/rewardList/0/chara/charaMessageList/4"",""90/response_body/userLimitedChallengeList/87/challenge/rewardList/0/chara/charaMessageList/4"",""97/response_body/userLimitedChallengeList/87/challenge/rewardList/0/chara/charaMessageList/4"",""107/response_body/userLimitedChallengeList/85/challenge/rewardList/0/chara/charaMessageList/4""]"
1003	11	最強の魔法少女の座は、私がもらった～！	最强魔法少女的宝座，我收下啦~！	"[""vo_char_1003_00_11_hca""]"	key_aligned	unique_charaNo_messageId_key_and_unique_cn_value	4	"[""20/response_body/userLimitedChallengeList/87/challenge/rewardList/0/chara/charaMessageList/5"",""90/response_body/userLimitedChallengeList/87/challenge/rewardList/0/chara/charaMessageList/5"",""97/response_body/userLimitedChallengeList/87/challenge/rewardList/0/chara/charaMessageList/5"",""107/response_body/userLimitedChallengeList/85/challenge/rewardList/0/chara/charaMessageList/5""]"
1003	12	これこれ！これぞまさに修行！	就是这个！这也是修行！	"[""vo_char_1003_00_12_hca""]"	key_aligned	unique_charaNo_messageId_key_and_unique_cn_value	4	"[""20/response_body/userLimitedChallengeList/87/challenge/rewardList/0/chara/charaMessageList/6"",""90/response_body/userLimitedChallengeList/87/challenge/rewardList/0/chara/charaMessageList/6"",""97/response_body/userLimitedChallengeList/87/challenge/rewardList/0/chara/charaMessageList/6"",""107/response_body/userLimitedChallengeList/85/challenge/rewardList/0/chara/charaMessageList/6""]"
1003	43	もっともっと強くなりそー！	感觉能变得更强了！	"[""vo_char_1003_00_43_hca""]"	key_aligned	unique_charaNo_messageId_key_and_unique_cn_value	4	"[""20/response_body/userLimitedChallengeList/87/challenge/rewardList/0/chara/charaMessageList/7"",""90/response_body/userLimitedChallengeList/87/challenge/rewardList/0/chara/charaMessageList/7"",""97/response_body/userLimitedChallengeList/87/challenge/rewardList/0/chara/charaMessageList/7"",""107/response_body/userLimitedChallengeList/85/challenge/rewardList/0/chara/charaMessageList/7""]"
1003	44	負けられないっての！	可不会输的呀！	"[""vo_char_1003_00_44_hca""]"	key_aligned	unique_charaNo_messageId_key_and_unique_cn_value	4	"[""20/response_body/userLimitedChallengeList/87/challenge/rewardList/0/chara/charaMessageList/8"",""90/response_body/userLimitedChallengeList/87/challenge/rewardList/0/chara/charaMessageList/8"",""97/response_body/userLimitedChallengeList/87/challenge/rewardList/0/chara/charaMessageList/8"",""107/response_body/userLimitedChallengeList/85/challenge/rewardList/0/chara/charaMessageList/8""]"
1003	45	これが強さの証明！	这就是强大的证明！	"[""vo_char_1003_00_45_hca""]"	key_aligned	unique_charaNo_messageId_key_and_unique_cn_value	4	"[""20/response_body/userLimitedChallengeList/87/challenge/rewardList/0/chara/charaMessageList/9"",""90/response_body/userLimitedChallengeList/87/challenge/rewardList/0/chara/charaMessageList/9"",""97/response_body/userLimitedChallengeList/87/challenge/rewardList/0/chara/charaMessageList/9"",""107/response_body/userLimitedChallengeList/85/challenge/rewardList/0/chara/charaMessageList/9""]"
1003	46	今の私、最強でしょ！	现在的我，就是最强吧！	"[""vo_char_1003_00_46_hca""]"	key_aligned	unique_charaNo_messageId_key_and_unique_cn_value	4	"[""20/response_body/userLimitedChallengeList/87/challenge/rewardList/0/chara/charaMessageList/10"",""90/response_body/userLimitedChallengeList/87/challenge/rewardList/0/chara/charaMessageList/10"",""97/response_body/userLimitedChallengeList/87/challenge/rewardList/0/chara/charaMessageList/10"",""107/response_body/userLimitedChallengeList/85/challenge/rewardList/0/chara/charaMessageList/10""]"
1004	6	私が遠くに居るんですか？それとも…	我应该站远点吗？还是……	"[""vo_char_1004_00_06_hca""]"	key_aligned	unique_charaNo_messageId_key_and_unique_cn_value	4	"[""20/response_body/userLimitedChallengeList/59/challenge/rewardList/0/chara/charaMessageList/0"",""90/response_body/userLimitedChallengeList/59/challenge/rewardList/0/chara/charaMessageList/0"",""97/response_body/userLimitedChallengeList/59/challenge/rewardList/0/chara/charaMessageList/0"",""107/response_body/userLimitedChallengeList/57/challenge/rewardList/0/chara/charaMessageList/0""]"
1004	7	猫の目って、澄んでいてとても綺麗ですよね	猫的眼睛那么清澈，真漂亮啊。	"[""vo_char_1004_00_07_hca""]"	key_aligned	unique_charaNo_messageId_key_and_unique_cn_value	4	"[""20/response_body/userLimitedChallengeList/59/challenge/rewardList/0/chara/charaMessageList/1"",""90/response_body/userLimitedChallengeList/59/challenge/rewardList/0/chara/charaMessageList/1"",""97/response_body/userLimitedChallengeList/59/challenge/rewardList/0/chara/charaMessageList/1"",""107/response_body/userLimitedChallengeList/57/challenge/rewardList/0/chara/charaMessageList/1""]"
1004	8	あ、いえ、そんな、私なんかお構いなく…	啊，不是，那个，不用在意我……	"[""vo_char_1004_00_08_hca""]"	key_aligned	unique_charaNo_messageId_key_and_unique_cn_value	4	"[""20/response_body/userLimitedChallengeList/59/challenge/rewardList/0/chara/charaMessageList/2"",""90/response_body/userLimitedChallengeList/59/challenge/rewardList/0/chara/charaMessageList/2"",""97/response_body/userLimitedChallengeList/59/challenge/rewardList/0/chara/charaMessageList/2"",""107/response_body/userLimitedChallengeList/57/challenge/rewardList/0/chara/charaMessageList/2""]"
1004	9	なんだか周りの景色がぼんやり見えるんです	总觉得周边的景色都变得模糊了。	"[""vo_char_1004_00_09_hca""]"	key_aligned	unique_charaNo_messageId_key_and_unique_cn_value	4	"[""20/response_body/userLimitedChallengeList/59/challenge/rewardList/0/chara/charaMessageList/3"",""90/response_body/userLimitedChallengeList/59/challenge/rewardList/0/chara/charaMessageList/3"",""97/response_body/userLimitedChallengeList/59/challenge/rewardList/0/chara/charaMessageList/3"",""107/response_body/userLimitedChallengeList/57/challenge/rewardList/0/chara/charaMessageList/3""]"
1004	10	ひとりでいるのが好きなわけじゃないんです	并不是喜欢一个人待着。	"[""vo_char_1004_00_10_hca""]"	key_aligned	unique_charaNo_messageId_key_and_unique_cn_value	4	"[""20/response_body/userLimitedChallengeList/59/challenge/rewardList/0/chara/charaMessageList/4"",""90/response_body/userLimitedChallengeList/59/challenge/rewardList/0/chara/charaMessageList/4"",""97/response_body/userLimitedChallengeList/59/challenge/rewardList/0/chara/charaMessageList/4"",""107/response_body/userLimitedChallengeList/57/challenge/rewardList/0/chara/charaMessageList/4""]"
1004	11	私って、なんで生まれたんでしょうかね…	我，为什么会出生呢……	"[""vo_char_1004_00_11_hca""]"	key_aligned	unique_charaNo_messageId_key_and_unique_cn_value	4	"[""20/response_body/userLimitedChallengeList/59/challenge/rewardList/0/chara/charaMessageList/5"",""90/response_body/userLimitedChallengeList/59/challenge/rewardList/0/chara/charaMessageList/5"",""97/response_body/userLimitedChallengeList/59/challenge/rewardList/0/chara/charaMessageList/5"",""107/response_body/userLimitedChallengeList/57/challenge/rewardList/0/chara/charaMessageList/5""]"
1004	12	いろはさん、今なにをしてるんでしょうか…	彩羽，你在做什么呀……	"[""vo_char_1004_00_12_hca""]"	key_aligned	unique_charaNo_messageId_key_and_unique_cn_value	4	"[""20/response_body/userLimitedChallengeList/59/challenge/rewardList/0/chara/charaMessageList/6"",""90/response_body/userLimitedChallengeList/59/challenge/rewardList/0/chara/charaMessageList/6"",""97/response_body/userLimitedChallengeList/59/challenge/rewardList/0/chara/charaMessageList/6"",""107/response_body/userLimitedChallengeList/57/challenge/rewardList/0/chara/charaMessageList/6""]"
1004	43	よかった…助かった～…	太好了……得救了……	"[""vo_char_1004_00_43_hca""]"	key_aligned	unique_charaNo_messageId_key_and_unique_cn_value	4	"[""20/response_body/userLimitedChallengeList/59/challenge/rewardList/0/chara/charaMessageList/7"",""90/response_body/userLimitedChallengeList/59/challenge/rewardList/0/chara/charaMessageList/7"",""97/response_body/userLimitedChallengeList/59/challenge/rewardList/0/chara/charaMessageList/7"",""107/response_body/userLimitedChallengeList/57/challenge/rewardList/0/chara/charaMessageList/7""]"
1004	44	へ？うそ？勝てました？	诶？真的吗？赢了吗？	"[""vo_char_1004_00_44_hca""]"	key_aligned	unique_charaNo_messageId_key_and_unique_cn_value	4	"[""20/response_body/userLimitedChallengeList/59/challenge/rewardList/0/chara/charaMessageList/8"",""90/response_body/userLimitedChallengeList/59/challenge/rewardList/0/chara/charaMessageList/8"",""97/response_body/userLimitedChallengeList/59/challenge/rewardList/0/chara/charaMessageList/8"",""107/response_body/userLimitedChallengeList/57/challenge/rewardList/0/chara/charaMessageList/8""]"
1004	45	はぁ～…勝ててラッキー…	哈……运气太好了，赢了……	"[""vo_char_1004_00_45_hca""]"	key_aligned	unique_charaNo_messageId_key_and_unique_cn_value	4	"[""20/response_body/userLimitedChallengeList/59/challenge/rewardList/0/chara/charaMessageList/9"",""90/response_body/userLimitedChallengeList/59/challenge/rewardList/0/chara/charaMessageList/9"",""97/response_body/userLimitedChallengeList/59/challenge/rewardList/0/chara/charaMessageList/9"",""107/response_body/userLimitedChallengeList/57/challenge/rewardList/0/chara/charaMessageList/9""]"
1004	46	…あの、私…強いんですか？	……那个，我……很强吗？	"[""vo_char_1004_00_46_hca""]"	key_aligned	unique_charaNo_messageId_key_and_unique_cn_value	4	"[""20/response_body/userLimitedChallengeList/59/challenge/rewardList/0/chara/charaMessageList/10"",""90/response_body/userLimitedChallengeList/59/challenge/rewardList/0/chara/charaMessageList/10"",""97/response_body/userLimitedChallengeList/59/challenge/rewardList/0/chara/charaMessageList/10"",""107/response_body/userLimitedChallengeList/57/challenge/rewardList/0/chara/charaMessageList/10""]"
1005	6	なーなー？オレのこと雇ってみない？	喂喂，不雇佣我试试嘛？	"[""vo_char_1005_00_06_hca""]"	key_aligned	unique_charaNo_messageId_key_and_unique_cn_value	4	"[""20/response_body/userLimitedChallengeList/61/challenge/rewardList/0/chara/charaMessageList/0"",""90/response_body/userLimitedChallengeList/61/challenge/rewardList/0/chara/charaMessageList/0"",""97/response_body/userLimitedChallengeList/61/challenge/rewardList/0/chara/charaMessageList/0"",""107/response_body/userLimitedChallengeList/59/challenge/rewardList/0/chara/charaMessageList/0""]"
1005	7	あーだりー！面倒くせーのだいきらいー！	啊——好累啊！这么麻烦的事好讨厌啊！	"[""vo_char_1005_00_07_hca""]"	key_aligned	unique_charaNo_messageId_key_and_unique_cn_value	4	"[""20/response_body/userLimitedChallengeList/61/challenge/rewardList/0/chara/charaMessageList/1"",""90/response_body/userLimitedChallengeList/61/challenge/rewardList/0/chara/charaMessageList/1"",""97/response_body/userLimitedChallengeList/61/challenge/rewardList/0/chara/charaMessageList/1"",""107/response_body/userLimitedChallengeList/59/challenge/rewardList/0/chara/charaMessageList/1""]"
1005	8	大丈夫大丈夫！報酬なんてちょっとだからさ！	放心放心！报酬要得不多！	"[""vo_char_1005_00_08_hca""]"	key_aligned	unique_charaNo_messageId_key_and_unique_cn_value	4	"[""20/response_body/userLimitedChallengeList/61/challenge/rewardList/0/chara/charaMessageList/2"",""90/response_body/userLimitedChallengeList/61/challenge/rewardList/0/chara/charaMessageList/2"",""97/response_body/userLimitedChallengeList/61/challenge/rewardList/0/chara/charaMessageList/2"",""107/response_body/userLimitedChallengeList/59/challenge/rewardList/0/chara/charaMessageList/2""]"
1005	9	オレの戦い方？相手がバーンと来たらゴンよ！	"我的战斗方式？
对手要是敢冒头就咚地砸下去！"	"[""vo_char_1005_00_09_hca""]"	key_aligned	unique_charaNo_messageId_key_and_unique_cn_value	4	"[""20/response_body/userLimitedChallengeList/61/challenge/rewardList/0/chara/charaMessageList/3"",""90/response_body/userLimitedChallengeList/61/challenge/rewardList/0/chara/charaMessageList/3"",""97/response_body/userLimitedChallengeList/61/challenge/rewardList/0/chara/charaMessageList/3"",""107/response_body/userLimitedChallengeList/59/challenge/rewardList/0/chara/charaMessageList/3""]"
1005	10	任せろよ！オレ、ムチャクチャ強いから！	交给我来！我巨强无比！	"[""vo_char_1005_00_10_hca""]"	key_aligned	unique_charaNo_messageId_key_and_unique_cn_value	4	"[""20/response_body/userLimitedChallengeList/61/challenge/rewardList/0/chara/charaMessageList/4"",""90/response_body/userLimitedChallengeList/61/challenge/rewardList/0/chara/charaMessageList/4"",""97/response_body/userLimitedChallengeList/61/challenge/rewardList/0/chara/charaMessageList/4"",""107/response_body/userLimitedChallengeList/59/challenge/rewardList/0/chara/charaMessageList/4""]"
1005	11	無理すんなよ！手伝ってやろうか？	别强撑着了！我来帮你吧？	"[""vo_char_1005_00_11_hca""]"	key_aligned	unique_charaNo_messageId_key_and_unique_cn_value	4	"[""20/response_body/userLimitedChallengeList/61/challenge/rewardList/0/chara/charaMessageList/5"",""90/response_body/userLimitedChallengeList/61/challenge/rewardList/0/chara/charaMessageList/5"",""97/response_body/userLimitedChallengeList/61/challenge/rewardList/0/chara/charaMessageList/5"",""107/response_body/userLimitedChallengeList/59/challenge/rewardList/0/chara/charaMessageList/5""]"
1005	12	ぜーんぶひとりで始末しとくからさ…！	我一个人就能解决干净……！	"[""vo_char_1005_00_12_hca""]"	key_aligned	unique_charaNo_messageId_key_and_unique_cn_value	4	"[""20/response_body/userLimitedChallengeList/61/challenge/rewardList/0/chara/charaMessageList/6"",""90/response_body/userLimitedChallengeList/61/challenge/rewardList/0/chara/charaMessageList/6"",""97/response_body/userLimitedChallengeList/61/challenge/rewardList/0/chara/charaMessageList/6"",""107/response_body/userLimitedChallengeList/59/challenge/rewardList/0/chara/charaMessageList/6""]"
1005	43	いえーい！オレの勝ち～！	耶——！是咱赢了！	"[""vo_char_1005_00_43_hca""]"	key_aligned	unique_charaNo_messageId_key_and_unique_cn_value	4	"[""20/response_body/userLimitedChallengeList/61/challenge/rewardList/0/chara/charaMessageList/7"",""90/response_body/userLimitedChallengeList/61/challenge/rewardList/0/chara/charaMessageList/7"",""97/response_body/userLimitedChallengeList/61/challenge/rewardList/0/chara/charaMessageList/7"",""107/response_body/userLimitedChallengeList/59/challenge/rewardList/0/chara/charaMessageList/7""]"
1005	44	は！それじゃー勝てないって！	哈！那就给我认输吧！	"[""vo_char_1005_00_44_hca""]"	key_aligned	unique_charaNo_messageId_key_and_unique_cn_value	4	"[""20/response_body/userLimitedChallengeList/61/challenge/rewardList/0/chara/charaMessageList/8"",""90/response_body/userLimitedChallengeList/61/challenge/rewardList/0/chara/charaMessageList/8"",""97/response_body/userLimitedChallengeList/61/challenge/rewardList/0/chara/charaMessageList/8"",""107/response_body/userLimitedChallengeList/59/challenge/rewardList/0/chara/charaMessageList/8""]"
1005	45	これ、とーぜんの結果でしょ！	这个结果是当然啦！	"[""vo_char_1005_00_45_hca""]"	key_aligned	unique_charaNo_messageId_key_and_unique_cn_value	4	"[""20/response_body/userLimitedChallengeList/61/challenge/rewardList/0/chara/charaMessageList/9"",""90/response_body/userLimitedChallengeList/61/challenge/rewardList/0/chara/charaMessageList/9"",""97/response_body/userLimitedChallengeList/61/challenge/rewardList/0/chara/charaMessageList/9"",""107/response_body/userLimitedChallengeList/59/challenge/rewardList/0/chara/charaMessageList/9""]"
1005	46	負けるイメージまったくなし！	想不到能怎么输！	"[""vo_char_1005_00_46_hca""]"	key_aligned	unique_charaNo_messageId_key_and_unique_cn_value	4	"[""20/response_body/userLimitedChallengeList/61/challenge/rewardList/0/chara/charaMessageList/10"",""90/response_body/userLimitedChallengeList/61/challenge/rewardList/0/chara/charaMessageList/10"",""97/response_body/userLimitedChallengeList/61/challenge/rewardList/0/chara/charaMessageList/10"",""107/response_body/userLimitedChallengeList/59/challenge/rewardList/0/chara/charaMessageList/10""]"
1006	6	ワタシの罪はワタシが背負います	我所背负的罪，我会一直背负下去。	"[""vo_char_1006_00_06_hca""]"	key_aligned	unique_charaNo_messageId_key_and_unique_cn_value	2	"[""101/response_body/gachaScheduleList/2/selectableCharaList/88/charaMessageList/0"",""104/response_body/gachaScheduleList/2/selectableCharaList/88/charaMessageList/0""]"
1006	7	ただ、普通の女性にワタシはなりたかった…	我只是，想做一个普通的女孩……	"[""vo_char_1006_00_07_hca""]"	key_aligned	unique_charaNo_messageId_key_and_unique_cn_value	2	"[""101/response_body/gachaScheduleList/2/selectableCharaList/88/charaMessageList/1"",""104/response_body/gachaScheduleList/2/selectableCharaList/88/charaMessageList/1""]"
1006	8	ワタシの心も、やっちゃんの心も救います	我要拯救自己，还有小八的心。	"[""vo_char_1006_00_08_hca""]"	key_aligned	unique_charaNo_messageId_key_and_unique_cn_value	2	"[""101/response_body/gachaScheduleList/2/selectableCharaList/88/charaMessageList/2"",""104/response_body/gachaScheduleList/2/selectableCharaList/88/charaMessageList/2""]"
1006	9	ん～ワタシ、お饅頭が食べたいなー	嗯~我好想吃馒头啊。	"[""vo_char_1006_00_09_hca""]"	key_aligned	unique_charaNo_messageId_key_and_unique_cn_value	2	"[""101/response_body/gachaScheduleList/2/selectableCharaList/88/charaMessageList/3"",""104/response_body/gachaScheduleList/2/selectableCharaList/88/charaMessageList/3""]"
1006	10	やっちゃんの手紙は全て覚えていますよ	小八写给我的信，我全都记得哦。	"[""vo_char_1006_00_10_hca""]"	key_aligned	unique_charaNo_messageId_key_and_unique_cn_value	2	"[""101/response_body/gachaScheduleList/2/selectableCharaList/88/charaMessageList/4"",""104/response_body/gachaScheduleList/2/selectableCharaList/88/charaMessageList/4""]"
1006	11	どうですか？一緒にカフェで読書でも	怎么样？一起去咖啡厅读书也可以。	"[""vo_char_1006_00_11_hca""]"	key_aligned	unique_charaNo_messageId_key_and_unique_cn_value	2	"[""101/response_body/gachaScheduleList/2/selectableCharaList/88/charaMessageList/5"",""104/response_body/gachaScheduleList/2/selectableCharaList/88/charaMessageList/5""]"
1006	12	ベタ甘なドラマでもいいじゃないですか～	甜掉牙的肥皂剧也不错嘛~	"[""vo_char_1006_00_12_hca""]"	key_aligned	unique_charaNo_messageId_key_and_unique_cn_value	2	"[""101/response_body/gachaScheduleList/2/selectableCharaList/88/charaMessageList/6"",""104/response_body/gachaScheduleList/2/selectableCharaList/88/charaMessageList/6""]"
1006	43	みなさんが無事で良かったです	还好大家都没事。	"[""vo_char_1006_00_43_hca""]"	key_aligned	unique_charaNo_messageId_key_and_unique_cn_value	2	"[""101/response_body/gachaScheduleList/2/selectableCharaList/88/charaMessageList/7"",""104/response_body/gachaScheduleList/2/selectableCharaList/88/charaMessageList/7""]"
1006	44	昔なら、もう少し頑張れたんですが	如果是以前，还能再努力一点的。	"[""vo_char_1006_00_44_hca""]"	key_aligned	unique_charaNo_messageId_key_and_unique_cn_value	2	"[""101/response_body/gachaScheduleList/2/selectableCharaList/88/charaMessageList/8"",""104/response_body/gachaScheduleList/2/selectableCharaList/88/charaMessageList/8""]"
1006	45	この勝利が@自分の幻覚でないことを祈ります	但愿这胜利并不是我的幻觉。	"[""vo_char_1006_00_45_hca""]"	key_aligned	unique_charaNo_messageId_key_and_unique_cn_value	2	"[""101/response_body/gachaScheduleList/2/selectableCharaList/88/charaMessageList/9"",""104/response_body/gachaScheduleList/2/selectableCharaList/88/charaMessageList/9""]"
1006	46	もう少し胸を張っていられそうですね	也许我能更加自信了吧。	"[""vo_char_1006_00_46_hca""]"	key_aligned	unique_charaNo_messageId_key_and_unique_cn_value	2	"[""101/response_body/gachaScheduleList/2/selectableCharaList/88/charaMessageList/10"",""104/response_body/gachaScheduleList/2/selectableCharaList/88/charaMessageList/10""]"
1007	6	やっぱり電波を飛ばすのがいいのかにゃー	还是把电波发射出去比较好喵——	"[""vo_char_1007_00_06_hca""]"	key_aligned	unique_charaNo_messageId_key_and_unique_cn_value	2	"[""101/response_body/gachaScheduleList/2/selectableCharaList/89/charaMessageList/0"",""104/response_body/gachaScheduleList/2/selectableCharaList/89/charaMessageList/0""]"
1007	7	いーーーーやっ	不——行。	"[""vo_char_1007_00_07_hca""]"	key_aligned	unique_charaNo_messageId_key_and_unique_cn_value	2	"[""101/response_body/gachaScheduleList/2/selectableCharaList/89/charaMessageList/1"",""104/response_body/gachaScheduleList/2/selectableCharaList/89/charaMessageList/1""]"
1007	8	宇宙はわたくしにとって唯一の自由なんだよ	宇宙是我唯一的自由哦。	"[""vo_char_1007_00_08_hca""]"	key_aligned	unique_charaNo_messageId_key_and_unique_cn_value	2	"[""101/response_body/gachaScheduleList/2/selectableCharaList/89/charaMessageList/2"",""104/response_body/gachaScheduleList/2/selectableCharaList/89/charaMessageList/2""]"
1007	9	また、ねむの頑固が始まったよー	音梦又开始顽固起来了——	"[""vo_char_1007_00_09_hca""]"	key_aligned	unique_charaNo_messageId_key_and_unique_cn_value	2	"[""101/response_body/gachaScheduleList/2/selectableCharaList/89/charaMessageList/3"",""104/response_body/gachaScheduleList/2/selectableCharaList/89/charaMessageList/3""]"
1007	10	知ってる？星言葉っていうのもあるんだよー	"你知道吗？
有种叫做星语的东西哦——"	"[""vo_char_1007_00_10_hca""]"	key_aligned	unique_charaNo_messageId_key_and_unique_cn_value	2	"[""101/response_body/gachaScheduleList/2/selectableCharaList/89/charaMessageList/4"",""104/response_body/gachaScheduleList/2/selectableCharaList/89/charaMessageList/4""]"
1007	11	くふふっ、電波望遠鏡を自由に使えるなんて	嗯哼，竟然能自由地使用射电望远镜。	"[""vo_char_1007_00_11_hca""]"	key_aligned	unique_charaNo_messageId_key_and_unique_cn_value	2	"[""101/response_body/gachaScheduleList/2/selectableCharaList/89/charaMessageList/5"",""104/response_body/gachaScheduleList/2/selectableCharaList/89/charaMessageList/5""]"
1007	12	叔父様は何を見てどこに消えたのかな…	叔父大人看到了什么，又消失在哪里了呢……	"[""vo_char_1007_00_12_hca""]"	key_aligned	unique_charaNo_messageId_key_and_unique_cn_value	2	"[""101/response_body/gachaScheduleList/2/selectableCharaList/89/charaMessageList/6"",""104/response_body/gachaScheduleList/2/selectableCharaList/89/charaMessageList/6""]"
1007	43	さっすがわたくしだよねー、@えっへん！	不愧是我，诶嘿！	"[""vo_char_1007_00_43_hca""]"	key_aligned	unique_charaNo_messageId_key_and_unique_cn_value	2	"[""101/response_body/gachaScheduleList/2/selectableCharaList/89/charaMessageList/7"",""104/response_body/gachaScheduleList/2/selectableCharaList/89/charaMessageList/7""]"
1007	44	うんうん、@いっぱいアドレナリンが出てるねー！	嗯嗯，分泌了不少肾上腺素！	"[""vo_char_1007_00_44_hca""]"	key_aligned	unique_charaNo_messageId_key_and_unique_cn_value	2	"[""101/response_body/gachaScheduleList/2/selectableCharaList/89/charaMessageList/8"",""104/response_body/gachaScheduleList/2/selectableCharaList/89/charaMessageList/8""]"
1007	45	頑張ったと思うよ？@お疲れさまー	我觉得你很努力哦？辛苦啦——	"[""vo_char_1007_00_45_hca""]"	key_aligned	unique_charaNo_messageId_key_and_unique_cn_value	2	"[""101/response_body/gachaScheduleList/2/selectableCharaList/89/charaMessageList/9"",""104/response_body/gachaScheduleList/2/selectableCharaList/89/charaMessageList/9""]"
1007	46	人類進化の道を閉ざすのは許さない！	绝不允许关上人类进化的道路！	"[""vo_char_1007_00_46_hca""]"	key_aligned	unique_charaNo_messageId_key_and_unique_cn_value	2	"[""101/response_body/gachaScheduleList/2/selectableCharaList/89/charaMessageList/10"",""104/response_body/gachaScheduleList/2/selectableCharaList/89/charaMessageList/10""]"
1008	6	アリナは見たい、ベストアートを…！	阿莉娜想看到最棒的作品……！	"[""vo_char_1008_00_06_hca""]"	key_aligned	unique_charaNo_messageId_key_and_unique_cn_value	5	"[""81/response_body/gachaScheduleList/0/selectableCharaList/0/charaMessageList/0"",""84/response_body/gachaScheduleList/0/selectableCharaList/0/charaMessageList/0"",""86/response_body/gachaScheduleList/0/selectableCharaList/0/charaMessageList/0"",""101/response_body/gachaScheduleList/2/selectableCharaList/90/charaMessageList/0"",""104/response_body/gachaScheduleList/2/selectableCharaList/90/charaMessageList/0""]"
1008	7	フールガールの好きな漫画もフールだヨネ…	"Fool girl喜欢的漫画也笨笨的……
但还不坏……"	"[""vo_char_1008_00_07_hca""]"	key_aligned	unique_charaNo_messageId_key_and_unique_cn_value	5	"[""81/response_body/gachaScheduleList/0/selectableCharaList/0/charaMessageList/1"",""84/response_body/gachaScheduleList/0/selectableCharaList/0/charaMessageList/1"",""86/response_body/gachaScheduleList/0/selectableCharaList/0/charaMessageList/1"",""101/response_body/gachaScheduleList/2/selectableCharaList/90/charaMessageList/1"",""104/response_body/gachaScheduleList/2/selectableCharaList/90/charaMessageList/1""]"
1008	8	ちがう…これじゃない…これじゃない！	不……不是这样……不是这样！	"[""vo_char_1008_00_08_hca""]"	key_aligned	unique_charaNo_messageId_key_and_unique_cn_value	5	"[""81/response_body/gachaScheduleList/0/selectableCharaList/0/charaMessageList/2"",""84/response_body/gachaScheduleList/0/selectableCharaList/0/charaMessageList/2"",""86/response_body/gachaScheduleList/0/selectableCharaList/0/charaMessageList/2"",""101/response_body/gachaScheduleList/2/selectableCharaList/90/charaMessageList/2"",""104/response_body/gachaScheduleList/2/selectableCharaList/90/charaMessageList/2""]"
1008	9	最後の作品は自分って決めてるんだヨネ	最后的作品，就决定是我自己了。	"[""vo_char_1008_00_09_hca""]"	key_aligned	unique_charaNo_messageId_key_and_unique_cn_value	5	"[""81/response_body/gachaScheduleList/0/selectableCharaList/0/charaMessageList/3"",""84/response_body/gachaScheduleList/0/selectableCharaList/0/charaMessageList/3"",""86/response_body/gachaScheduleList/0/selectableCharaList/0/charaMessageList/3"",""101/response_body/gachaScheduleList/2/selectableCharaList/90/charaMessageList/3"",""104/response_body/gachaScheduleList/2/selectableCharaList/90/charaMessageList/3""]"
1008	10	シット…生きてるなんて…	烂透了……居然还活着……	"[""vo_char_1008_00_10_hca""]"	key_aligned	unique_charaNo_messageId_key_and_unique_cn_value	5	"[""81/response_body/gachaScheduleList/0/selectableCharaList/0/charaMessageList/4"",""84/response_body/gachaScheduleList/0/selectableCharaList/0/charaMessageList/4"",""86/response_body/gachaScheduleList/0/selectableCharaList/0/charaMessageList/4"",""101/response_body/gachaScheduleList/2/selectableCharaList/90/charaMessageList/4"",""104/response_body/gachaScheduleList/2/selectableCharaList/90/charaMessageList/4""]"
1008	11	アリナはアリナのスランプを認めないカラ！	阿莉娜不会承认自己陷入低谷的！	"[""vo_char_1008_00_11_hca""]"	key_aligned	unique_charaNo_messageId_key_and_unique_cn_value	5	"[""81/response_body/gachaScheduleList/0/selectableCharaList/0/charaMessageList/5"",""84/response_body/gachaScheduleList/0/selectableCharaList/0/charaMessageList/5"",""86/response_body/gachaScheduleList/0/selectableCharaList/0/charaMessageList/5"",""101/response_body/gachaScheduleList/2/selectableCharaList/90/charaMessageList/5"",""104/response_body/gachaScheduleList/2/selectableCharaList/90/charaMessageList/5""]"
1008	12	自分にウソをつくとかデッドライフだヨネ	要对自己说谎，那就跟活死人没两样。	"[""vo_char_1008_00_12_hca""]"	key_aligned	unique_charaNo_messageId_key_and_unique_cn_value	5	"[""81/response_body/gachaScheduleList/0/selectableCharaList/0/charaMessageList/6"",""84/response_body/gachaScheduleList/0/selectableCharaList/0/charaMessageList/6"",""86/response_body/gachaScheduleList/0/selectableCharaList/0/charaMessageList/6"",""101/response_body/gachaScheduleList/2/selectableCharaList/90/charaMessageList/6"",""104/response_body/gachaScheduleList/2/selectableCharaList/90/charaMessageList/6""]"
1008	43	ふぅ…エキサイトしちゃった	呼，开始兴奋了。	"[""vo_char_1008_00_43_hca""]"	key_aligned	unique_charaNo_messageId_key_and_unique_cn_value	5	"[""81/response_body/gachaScheduleList/0/selectableCharaList/0/charaMessageList/7"",""84/response_body/gachaScheduleList/0/selectableCharaList/0/charaMessageList/7"",""86/response_body/gachaScheduleList/0/selectableCharaList/0/charaMessageList/7"",""101/response_body/gachaScheduleList/2/selectableCharaList/90/charaMessageList/7"",""104/response_body/gachaScheduleList/2/selectableCharaList/90/charaMessageList/7""]"
1008	44	はぁ…アリナ的に飽きちゃったカモ…	哈……阿莉娜差不多看腻了。	"[""vo_char_1008_00_44_hca""]"	key_aligned	unique_charaNo_messageId_key_and_unique_cn_value	5	"[""81/response_body/gachaScheduleList/0/selectableCharaList/0/charaMessageList/8"",""84/response_body/gachaScheduleList/0/selectableCharaList/0/charaMessageList/8"",""86/response_body/gachaScheduleList/0/selectableCharaList/0/charaMessageList/8"",""101/response_body/gachaScheduleList/2/selectableCharaList/90/charaMessageList/8"",""104/response_body/gachaScheduleList/2/selectableCharaList/90/charaMessageList/8""]"
1008	45	もうこんなのクセになっちゃうヨネ	这种事真是令人上瘾呢。	"[""vo_char_1008_00_45_hca""]"	key_aligned	unique_charaNo_messageId_key_and_unique_cn_value	5	"[""81/response_body/gachaScheduleList/0/selectableCharaList/0/charaMessageList/9"",""84/response_body/gachaScheduleList/0/selectableCharaList/0/charaMessageList/9"",""86/response_body/gachaScheduleList/0/selectableCharaList/0/charaMessageList/9"",""101/response_body/gachaScheduleList/2/selectableCharaList/90/charaMessageList/9"",""104/response_body/gachaScheduleList/2/selectableCharaList/90/charaMessageList/9""]"
1008	46	アリナの作品になる価値も@ないんですケド	连变成阿莉娜的作品的价值都没有。	"[""vo_char_1008_00_46_hca""]"	key_aligned	unique_charaNo_messageId_key_and_unique_cn_value	5	"[""81/response_body/gachaScheduleList/0/selectableCharaList/0/charaMessageList/10"",""84/response_body/gachaScheduleList/0/selectableCharaList/0/charaMessageList/10"",""86/response_body/gachaScheduleList/0/selectableCharaList/0/charaMessageList/10"",""101/response_body/gachaScheduleList/2/selectableCharaList/90/charaMessageList/10"",""104/response_body/gachaScheduleList/2/selectableCharaList/90/charaMessageList/10""]"
1009	6	ももこのヤツ…何してんのよ…！	桃子这家伙……到底在干嘛啊！	"[""vo_char_1009_00_06_hca""]"	key_aligned	unique_charaNo_messageId_key_and_unique_cn_value	5	"[""81/response_body/gachaScheduleList/0/selectableCharaList/1/charaMessageList/0"",""84/response_body/gachaScheduleList/0/selectableCharaList/1/charaMessageList/0"",""86/response_body/gachaScheduleList/0/selectableCharaList/1/charaMessageList/0"",""101/response_body/gachaScheduleList/2/selectableCharaList/91/charaMessageList/0"",""104/response_body/gachaScheduleList/2/selectableCharaList/91/charaMessageList/0""]"
1009	7	じ、じゃぁッ…レナの下僕になりなさいっ！	那、那就……做玲奈的仆人吧！	"[""vo_char_1009_00_07_hca""]"	key_aligned	unique_charaNo_messageId_key_and_unique_cn_value	5	"[""81/response_body/gachaScheduleList/0/selectableCharaList/1/charaMessageList/1"",""84/response_body/gachaScheduleList/0/selectableCharaList/1/charaMessageList/1"",""86/response_body/gachaScheduleList/0/selectableCharaList/1/charaMessageList/1"",""101/response_body/gachaScheduleList/2/selectableCharaList/91/charaMessageList/1"",""104/response_body/gachaScheduleList/2/selectableCharaList/91/charaMessageList/1""]"
1009	8	また…ひとりに逆戻りか…	又变回……一个人了……	"[""vo_char_1009_00_08_hca""]"	key_aligned	unique_charaNo_messageId_key_and_unique_cn_value	5	"[""81/response_body/gachaScheduleList/0/selectableCharaList/1/charaMessageList/2"",""84/response_body/gachaScheduleList/0/selectableCharaList/1/charaMessageList/2"",""86/response_body/gachaScheduleList/0/selectableCharaList/1/charaMessageList/2"",""101/response_body/gachaScheduleList/2/selectableCharaList/91/charaMessageList/2"",""104/response_body/gachaScheduleList/2/selectableCharaList/91/charaMessageList/2""]"
1009	9	ふふっ、このライブDVD、ほんと好き	嗯哼，这场演唱会的DVD，我好喜欢。	"[""vo_char_1009_00_09_hca""]"	key_aligned	unique_charaNo_messageId_key_and_unique_cn_value	5	"[""81/response_body/gachaScheduleList/0/selectableCharaList/1/charaMessageList/3"",""84/response_body/gachaScheduleList/0/selectableCharaList/1/charaMessageList/3"",""86/response_body/gachaScheduleList/0/selectableCharaList/1/charaMessageList/3"",""101/response_body/gachaScheduleList/2/selectableCharaList/91/charaMessageList/3"",""104/response_body/gachaScheduleList/2/selectableCharaList/91/charaMessageList/3""]"
1009	10	ケンカ売ってきたのは、そっちでしょ⁉	挑起争端的明明是另一方吧!?	"[""vo_char_1009_00_10_hca""]"	key_aligned	unique_charaNo_messageId_key_and_unique_cn_value	5	"[""81/response_body/gachaScheduleList/0/selectableCharaList/1/charaMessageList/4"",""84/response_body/gachaScheduleList/0/selectableCharaList/1/charaMessageList/4"",""86/response_body/gachaScheduleList/0/selectableCharaList/1/charaMessageList/4"",""101/response_body/gachaScheduleList/2/selectableCharaList/91/charaMessageList/4"",""104/response_body/gachaScheduleList/2/selectableCharaList/91/charaMessageList/4""]"
1009	11	レナだって…水波レナなんて、大っ嫌い…	玲奈……水波玲奈，真是太讨厌了……	"[""vo_char_1009_00_11_hca""]"	key_aligned	unique_charaNo_messageId_key_and_unique_cn_value	5	"[""81/response_body/gachaScheduleList/0/selectableCharaList/1/charaMessageList/5"",""84/response_body/gachaScheduleList/0/selectableCharaList/1/charaMessageList/5"",""86/response_body/gachaScheduleList/0/selectableCharaList/1/charaMessageList/5"",""101/response_body/gachaScheduleList/2/selectableCharaList/91/charaMessageList/5"",""104/response_body/gachaScheduleList/2/selectableCharaList/91/charaMessageList/5""]"
1009	12	だから！怒ってないって言ってんの!!	我都说了！我没在生气!!	"[""vo_char_1009_00_12_hca""]"	key_aligned	unique_charaNo_messageId_key_and_unique_cn_value	5	"[""81/response_body/gachaScheduleList/0/selectableCharaList/1/charaMessageList/6"",""84/response_body/gachaScheduleList/0/selectableCharaList/1/charaMessageList/6"",""86/response_body/gachaScheduleList/0/selectableCharaList/1/charaMessageList/6"",""101/response_body/gachaScheduleList/2/selectableCharaList/91/charaMessageList/6"",""104/response_body/gachaScheduleList/2/selectableCharaList/91/charaMessageList/6""]"
1009	43	ま、当然の結果じゃない？	嘛，理所应当不是？	"[""vo_char_1009_00_43_hca""]"	key_aligned	unique_charaNo_messageId_key_and_unique_cn_value	5	"[""81/response_body/gachaScheduleList/0/selectableCharaList/1/charaMessageList/7"",""84/response_body/gachaScheduleList/0/selectableCharaList/1/charaMessageList/7"",""86/response_body/gachaScheduleList/0/selectableCharaList/1/charaMessageList/7"",""101/response_body/gachaScheduleList/2/selectableCharaList/91/charaMessageList/7"",""104/response_body/gachaScheduleList/2/selectableCharaList/91/charaMessageList/7""]"
1009	44	アンタ、なかなかやるじゃん	你做得还不错嘛。	"[""vo_char_1009_00_44_hca""]"	key_aligned	unique_charaNo_messageId_key_and_unique_cn_value	5	"[""81/response_body/gachaScheduleList/0/selectableCharaList/1/charaMessageList/8"",""84/response_body/gachaScheduleList/0/selectableCharaList/1/charaMessageList/8"",""86/response_body/gachaScheduleList/0/selectableCharaList/1/charaMessageList/8"",""101/response_body/gachaScheduleList/2/selectableCharaList/91/charaMessageList/8"",""104/response_body/gachaScheduleList/2/selectableCharaList/91/charaMessageList/8""]"
1009	45	アンタのおかげでしょ。ありがと	多亏有你。谢谢。	"[""vo_char_1009_00_45_hca""]"	key_aligned	unique_charaNo_messageId_key_and_unique_cn_value	5	"[""81/response_body/gachaScheduleList/0/selectableCharaList/1/charaMessageList/9"",""84/response_body/gachaScheduleList/0/selectableCharaList/1/charaMessageList/9"",""86/response_body/gachaScheduleList/0/selectableCharaList/1/charaMessageList/9"",""101/response_body/gachaScheduleList/2/selectableCharaList/91/charaMessageList/9"",""104/response_body/gachaScheduleList/2/selectableCharaList/91/charaMessageList/9""]"
1009	46	こういうときはハイタッチでしょ！	这时候就该来个击掌嘛！	"[""vo_char_1009_00_46_hca""]"	key_aligned	unique_charaNo_messageId_key_and_unique_cn_value	5	"[""81/response_body/gachaScheduleList/0/selectableCharaList/1/charaMessageList/10"",""84/response_body/gachaScheduleList/0/selectableCharaList/1/charaMessageList/10"",""86/response_body/gachaScheduleList/0/selectableCharaList/1/charaMessageList/10"",""101/response_body/gachaScheduleList/2/selectableCharaList/91/charaMessageList/10"",""104/response_body/gachaScheduleList/2/selectableCharaList/91/charaMessageList/10""]"
1010	6	悪いか！アイドルはアタシの憧れなんだよ！	不好吗！我就是憧憬着偶像！	"[""vo_char_1010_00_06_hca""]"	key_aligned	unique_charaNo_messageId_key_and_unique_cn_value	5	"[""81/response_body/gachaScheduleList/0/selectableCharaList/2/charaMessageList/0"",""84/response_body/gachaScheduleList/0/selectableCharaList/2/charaMessageList/0"",""86/response_body/gachaScheduleList/0/selectableCharaList/2/charaMessageList/0"",""101/response_body/gachaScheduleList/2/selectableCharaList/92/charaMessageList/0"",""104/response_body/gachaScheduleList/2/selectableCharaList/92/charaMessageList/0""]"
1010	7	アタシ…なんで魔法少女になったんだっけ…	我……是为了什么而成为魔法少女的来着……	"[""vo_char_1010_00_07_hca""]"	key_aligned	unique_charaNo_messageId_key_and_unique_cn_value	5	"[""81/response_body/gachaScheduleList/0/selectableCharaList/2/charaMessageList/1"",""84/response_body/gachaScheduleList/0/selectableCharaList/2/charaMessageList/1"",""86/response_body/gachaScheduleList/0/selectableCharaList/2/charaMessageList/1"",""101/response_body/gachaScheduleList/2/selectableCharaList/92/charaMessageList/1"",""104/response_body/gachaScheduleList/2/selectableCharaList/92/charaMessageList/1""]"
1010	8	お節介って言われようが放っとけないって！	就算说我多管闲事，我也不能放任不管！	"[""vo_char_1010_00_08_hca""]"	key_aligned	unique_charaNo_messageId_key_and_unique_cn_value	5	"[""81/response_body/gachaScheduleList/0/selectableCharaList/2/charaMessageList/2"",""84/response_body/gachaScheduleList/0/selectableCharaList/2/charaMessageList/2"",""86/response_body/gachaScheduleList/0/selectableCharaList/2/charaMessageList/2"",""101/response_body/gachaScheduleList/2/selectableCharaList/92/charaMessageList/2"",""104/response_body/gachaScheduleList/2/selectableCharaList/92/charaMessageList/2""]"
1010	9	アタシがこういうの好きとか…変だろ…！	我喜欢这种东西……是不是很奇怪……！	"[""vo_char_1010_00_09_hca""]"	key_aligned	unique_charaNo_messageId_key_and_unique_cn_value	5	"[""81/response_body/gachaScheduleList/0/selectableCharaList/2/charaMessageList/3"",""84/response_body/gachaScheduleList/0/selectableCharaList/2/charaMessageList/3"",""86/response_body/gachaScheduleList/0/selectableCharaList/2/charaMessageList/3"",""101/response_body/gachaScheduleList/2/selectableCharaList/92/charaMessageList/3"",""104/response_body/gachaScheduleList/2/selectableCharaList/92/charaMessageList/3""]"
1010	10	なーんで、こんな逞しく育っちゃったかねぇ	为啥会成长得这么男孩子气呢……	"[""vo_char_1010_00_10_hca""]"	key_aligned	unique_charaNo_messageId_key_and_unique_cn_value	5	"[""81/response_body/gachaScheduleList/0/selectableCharaList/2/charaMessageList/4"",""84/response_body/gachaScheduleList/0/selectableCharaList/2/charaMessageList/4"",""86/response_body/gachaScheduleList/0/selectableCharaList/2/charaMessageList/4"",""101/response_body/gachaScheduleList/2/selectableCharaList/92/charaMessageList/4"",""104/response_body/gachaScheduleList/2/selectableCharaList/92/charaMessageList/4""]"
1010	11	バランス良いだろっ？アタシらのチーム！	我们的团队能力很均衡，对吧？	"[""vo_char_1010_00_11_hca""]"	key_aligned	unique_charaNo_messageId_key_and_unique_cn_value	5	"[""81/response_body/gachaScheduleList/0/selectableCharaList/2/charaMessageList/5"",""84/response_body/gachaScheduleList/0/selectableCharaList/2/charaMessageList/5"",""86/response_body/gachaScheduleList/0/selectableCharaList/2/charaMessageList/5"",""101/response_body/gachaScheduleList/2/selectableCharaList/92/charaMessageList/5"",""104/response_body/gachaScheduleList/2/selectableCharaList/92/charaMessageList/5""]"
1010	12	あーあ…アタシって本っ当タイミング悪い！	哎呀……我真是又赶了个坏时机！	"[""vo_char_1010_00_12_hca""]"	key_aligned	unique_charaNo_messageId_key_and_unique_cn_value	5	"[""81/response_body/gachaScheduleList/0/selectableCharaList/2/charaMessageList/6"",""84/response_body/gachaScheduleList/0/selectableCharaList/2/charaMessageList/6"",""86/response_body/gachaScheduleList/0/selectableCharaList/2/charaMessageList/6"",""101/response_body/gachaScheduleList/2/selectableCharaList/92/charaMessageList/6"",""104/response_body/gachaScheduleList/2/selectableCharaList/92/charaMessageList/6""]"
1010	43	スッキリさっぱりだなっ！	干脆利落！	"[""vo_char_1010_00_43_hca""]"	key_aligned	unique_charaNo_messageId_key_and_unique_cn_value	5	"[""81/response_body/gachaScheduleList/0/selectableCharaList/2/charaMessageList/7"",""84/response_body/gachaScheduleList/0/selectableCharaList/2/charaMessageList/7"",""86/response_body/gachaScheduleList/0/selectableCharaList/2/charaMessageList/7"",""101/response_body/gachaScheduleList/2/selectableCharaList/92/charaMessageList/7"",""104/response_body/gachaScheduleList/2/selectableCharaList/92/charaMessageList/7""]"
1010	44	やっぱチームワークだろ！	果然还是要团队行动啊！	"[""vo_char_1010_00_44_hca""]"	key_aligned	unique_charaNo_messageId_key_and_unique_cn_value	5	"[""81/response_body/gachaScheduleList/0/selectableCharaList/2/charaMessageList/8"",""84/response_body/gachaScheduleList/0/selectableCharaList/2/charaMessageList/8"",""86/response_body/gachaScheduleList/0/selectableCharaList/2/charaMessageList/8"",""101/response_body/gachaScheduleList/2/selectableCharaList/92/charaMessageList/8"",""104/response_body/gachaScheduleList/2/selectableCharaList/92/charaMessageList/8""]"
1010	45	これからもフォローよろしくな！	今后也要拜托你帮忙啦！	"[""vo_char_1010_00_45_hca""]"	key_aligned	unique_charaNo_messageId_key_and_unique_cn_value	5	"[""81/response_body/gachaScheduleList/0/selectableCharaList/2/charaMessageList/9"",""84/response_body/gachaScheduleList/0/selectableCharaList/2/charaMessageList/9"",""86/response_body/gachaScheduleList/0/selectableCharaList/2/charaMessageList/9"",""101/response_body/gachaScheduleList/2/selectableCharaList/92/charaMessageList/9"",""104/response_body/gachaScheduleList/2/selectableCharaList/92/charaMessageList/9""]"
1010	46	みんながいるんだから！当然だろ！	众人拾柴火焰高！当然咯！	"[""vo_char_1010_00_46_hca""]"	key_aligned	unique_charaNo_messageId_key_and_unique_cn_value	5	"[""81/response_body/gachaScheduleList/0/selectableCharaList/2/charaMessageList/10"",""84/response_body/gachaScheduleList/0/selectableCharaList/2/charaMessageList/10"",""86/response_body/gachaScheduleList/0/selectableCharaList/2/charaMessageList/10"",""101/response_body/gachaScheduleList/2/selectableCharaList/92/charaMessageList/10"",""104/response_body/gachaScheduleList/2/selectableCharaList/92/charaMessageList/10""]"
1012	6	マジカルきりんは、思い出の漫画なの	魔法希凛，是满载回忆的漫画。	"[""vo_char_1012_00_06_hca""]"	key_aligned	unique_charaNo_messageId_key_and_unique_cn_value	5	"[""81/response_body/gachaScheduleList/0/selectableCharaList/3/charaMessageList/0"",""84/response_body/gachaScheduleList/0/selectableCharaList/3/charaMessageList/0"",""86/response_body/gachaScheduleList/0/selectableCharaList/3/charaMessageList/0"",""101/response_body/gachaScheduleList/2/selectableCharaList/93/charaMessageList/0"",""104/response_body/gachaScheduleList/2/selectableCharaList/93/charaMessageList/0""]"
1012	7	アリナ先輩、絵の描き方を教えて欲しいの！	阿莉娜学姐，可以教我画画吗！	"[""vo_char_1012_00_07_hca""]"	key_aligned	unique_charaNo_messageId_key_and_unique_cn_value	5	"[""81/response_body/gachaScheduleList/0/selectableCharaList/3/charaMessageList/1"",""84/response_body/gachaScheduleList/0/selectableCharaList/3/charaMessageList/1"",""86/response_body/gachaScheduleList/0/selectableCharaList/3/charaMessageList/1"",""101/response_body/gachaScheduleList/2/selectableCharaList/93/charaMessageList/1"",""104/response_body/gachaScheduleList/2/selectableCharaList/93/charaMessageList/1""]"
1012	8	我は弱き魔法少女を助ける、マジカルかりん	援助弱小的魔法少女，我乃魔法花凛是也。	"[""vo_char_1012_00_08_hca""]"	key_aligned	unique_charaNo_messageId_key_and_unique_cn_value	5	"[""81/response_body/gachaScheduleList/0/selectableCharaList/3/charaMessageList/2"",""84/response_body/gachaScheduleList/0/selectableCharaList/3/charaMessageList/2"",""86/response_body/gachaScheduleList/0/selectableCharaList/3/charaMessageList/2"",""101/response_body/gachaScheduleList/2/selectableCharaList/93/charaMessageList/2"",""104/response_body/gachaScheduleList/2/selectableCharaList/93/charaMessageList/2""]"
1012	9	ハロウィンはわたしを生んだ特別な日なの	万圣节，是我诞生的特别的日子。	"[""vo_char_1012_00_09_hca""]"	key_aligned	unique_charaNo_messageId_key_and_unique_cn_value	5	"[""81/response_body/gachaScheduleList/0/selectableCharaList/3/charaMessageList/3"",""84/response_body/gachaScheduleList/0/selectableCharaList/3/charaMessageList/3"",""86/response_body/gachaScheduleList/0/selectableCharaList/3/charaMessageList/3"",""101/response_body/gachaScheduleList/2/selectableCharaList/93/charaMessageList/3"",""104/response_body/gachaScheduleList/2/selectableCharaList/93/charaMessageList/3""]"
1012	10	みんなのおかげで新しい生き方を見つけたの	在大家的帮助下，我找到了新的生活方式。	"[""vo_char_1012_00_10_hca""]"	key_aligned	unique_charaNo_messageId_key_and_unique_cn_value	5	"[""81/response_body/gachaScheduleList/0/selectableCharaList/3/charaMessageList/4"",""84/response_body/gachaScheduleList/0/selectableCharaList/3/charaMessageList/4"",""86/response_body/gachaScheduleList/0/selectableCharaList/3/charaMessageList/4"",""101/response_body/gachaScheduleList/2/selectableCharaList/93/charaMessageList/4"",""104/response_body/gachaScheduleList/2/selectableCharaList/93/charaMessageList/4""]"
1012	11	おばあちゃんは私が助けるの！	我一定要帮到奶奶！	"[""vo_char_1012_00_11_hca""]"	key_aligned	unique_charaNo_messageId_key_and_unique_cn_value	5	"[""81/response_body/gachaScheduleList/0/selectableCharaList/3/charaMessageList/5"",""84/response_body/gachaScheduleList/0/selectableCharaList/3/charaMessageList/5"",""86/response_body/gachaScheduleList/0/selectableCharaList/3/charaMessageList/5"",""101/response_body/gachaScheduleList/2/selectableCharaList/93/charaMessageList/5"",""104/response_body/gachaScheduleList/2/selectableCharaList/93/charaMessageList/5""]"
1012	12	トリックオアじゃなくてトリックアンドなの	不是Trick or而是and的说	"[""vo_char_1012_00_12_hca""]"	key_aligned	unique_charaNo_messageId_key_and_unique_cn_value	5	"[""81/response_body/gachaScheduleList/0/selectableCharaList/3/charaMessageList/6"",""84/response_body/gachaScheduleList/0/selectableCharaList/3/charaMessageList/6"",""86/response_body/gachaScheduleList/0/selectableCharaList/3/charaMessageList/6"",""101/response_body/gachaScheduleList/2/selectableCharaList/93/charaMessageList/6"",""104/response_body/gachaScheduleList/2/selectableCharaList/93/charaMessageList/6""]"
1012	43	これぞハッピーハロウィーン	这就是欢乐万圣节。	"[""vo_char_1012_00_43_hca""]"	key_aligned	unique_charaNo_messageId_key_and_unique_cn_value	5	"[""81/response_body/gachaScheduleList/0/selectableCharaList/3/charaMessageList/7"",""84/response_body/gachaScheduleList/0/selectableCharaList/3/charaMessageList/7"",""86/response_body/gachaScheduleList/0/selectableCharaList/3/charaMessageList/7"",""101/response_body/gachaScheduleList/2/selectableCharaList/93/charaMessageList/7"",""104/response_body/gachaScheduleList/2/selectableCharaList/93/charaMessageList/7""]"
1012	44	この大鎌に狩れぬものはない	没有这把镰刀无法猎取之物。	"[""vo_char_1012_00_44_hca""]"	key_aligned	unique_charaNo_messageId_key_and_unique_cn_value	5	"[""81/response_body/gachaScheduleList/0/selectableCharaList/3/charaMessageList/8"",""84/response_body/gachaScheduleList/0/selectableCharaList/3/charaMessageList/8"",""86/response_body/gachaScheduleList/0/selectableCharaList/3/charaMessageList/8"",""101/response_body/gachaScheduleList/2/selectableCharaList/93/charaMessageList/8"",""104/response_body/gachaScheduleList/2/selectableCharaList/93/charaMessageList/8""]"
1012	45	次はお菓子を持ってきたら許すのだ	下次带上糖果就放过你。	"[""vo_char_1012_00_45_hca""]"	key_aligned	unique_charaNo_messageId_key_and_unique_cn_value	5	"[""81/response_body/gachaScheduleList/0/selectableCharaList/3/charaMessageList/9"",""84/response_body/gachaScheduleList/0/selectableCharaList/3/charaMessageList/9"",""86/response_body/gachaScheduleList/0/selectableCharaList/3/charaMessageList/9"",""101/response_body/gachaScheduleList/2/selectableCharaList/93/charaMessageList/9"",""104/response_body/gachaScheduleList/2/selectableCharaList/93/charaMessageList/9""]"
1012	46	これぞ、あの世から来た魔物の力なのだ	此乃由另一个世界而来的魔物之力。	"[""vo_char_1012_00_46_hca""]"	key_aligned	unique_charaNo_messageId_key_and_unique_cn_value	5	"[""81/response_body/gachaScheduleList/0/selectableCharaList/3/charaMessageList/10"",""84/response_body/gachaScheduleList/0/selectableCharaList/3/charaMessageList/10"",""86/response_body/gachaScheduleList/0/selectableCharaList/3/charaMessageList/10"",""101/response_body/gachaScheduleList/2/selectableCharaList/93/charaMessageList/10"",""104/response_body/gachaScheduleList/2/selectableCharaList/93/charaMessageList/10""]"
1014	6	魔法少女の宿命、僕達の選択	魔法少女的宿命，我们的选择。	"[""vo_char_1014_00_06_hca""]"	key_aligned	unique_charaNo_messageId_key_and_unique_cn_value	2	"[""101/response_body/gachaScheduleList/2/selectableCharaList/94/charaMessageList/0"",""104/response_body/gachaScheduleList/2/selectableCharaList/94/charaMessageList/0""]"
1014	7	紡がれた物語は、ここでひとつの形に…!!	被编织的故事，在此显形……！！	"[""vo_char_1014_00_07_hca""]"	key_aligned	unique_charaNo_messageId_key_and_unique_cn_value	2	"[""101/response_body/gachaScheduleList/2/selectableCharaList/94/charaMessageList/1"",""104/response_body/gachaScheduleList/2/selectableCharaList/94/charaMessageList/1""]"
1014	8	退院できたのは奇跡を超えた一大事だよ	能够出院，真是超出奇迹的头等大事。	"[""vo_char_1014_00_08_hca""]"	key_aligned	unique_charaNo_messageId_key_and_unique_cn_value	2	"[""101/response_body/gachaScheduleList/2/selectableCharaList/94/charaMessageList/2"",""104/response_body/gachaScheduleList/2/selectableCharaList/94/charaMessageList/2""]"
1014	9	弟は姉弟という名の他人のような関係かな	"只是名为姐弟
却形同陌路的关系而已。"	"[""vo_char_1014_00_09_hca""]"	key_aligned	unique_charaNo_messageId_key_and_unique_cn_value	2	"[""101/response_body/gachaScheduleList/2/selectableCharaList/94/charaMessageList/3"",""104/response_body/gachaScheduleList/2/selectableCharaList/94/charaMessageList/3""]"
1014	10	また灯花が荒ぶってるみたいだね…	好像灯花又在胡闹了……	"[""vo_char_1014_00_10_hca""]"	key_aligned	unique_charaNo_messageId_key_and_unique_cn_value	2	"[""101/response_body/gachaScheduleList/2/selectableCharaList/94/charaMessageList/4"",""104/response_body/gachaScheduleList/2/selectableCharaList/94/charaMessageList/4""]"
1014	11	魔法少女は…孤独で虚しい…	魔法少女……孤独而空虚……	"[""vo_char_1014_00_11_hca""]"	key_aligned	unique_charaNo_messageId_key_and_unique_cn_value	2	"[""101/response_body/gachaScheduleList/2/selectableCharaList/94/charaMessageList/5"",""104/response_body/gachaScheduleList/2/selectableCharaList/94/charaMessageList/5""]"
1014	12	足跡を残そう、僕を知ってもらう足跡を	留下足迹吧，知晓了我的足迹。	"[""vo_char_1014_00_12_hca""]"	key_aligned	unique_charaNo_messageId_key_and_unique_cn_value	2	"[""101/response_body/gachaScheduleList/2/selectableCharaList/94/charaMessageList/6"",""104/response_body/gachaScheduleList/2/selectableCharaList/94/charaMessageList/6""]"
1014	43	これで完結	这样就完结了。	"[""vo_char_1014_00_43_hca""]"	key_aligned	unique_charaNo_messageId_key_and_unique_cn_value	2	"[""101/response_body/gachaScheduleList/2/selectableCharaList/94/charaMessageList/7"",""104/response_body/gachaScheduleList/2/selectableCharaList/94/charaMessageList/7""]"
1014	44	筆を折ったのはそっちだね	结果是对面就此封笔了呢。	"[""vo_char_1014_00_44_hca""]"	key_aligned	unique_charaNo_messageId_key_and_unique_cn_value	2	"[""101/response_body/gachaScheduleList/2/selectableCharaList/94/charaMessageList/8"",""104/response_body/gachaScheduleList/2/selectableCharaList/94/charaMessageList/8""]"
1014	45	僕の物語は終わりを知らないんだよ	我的故事，可没有什么终结。	"[""vo_char_1014_00_45_hca""]"	key_aligned	unique_charaNo_messageId_key_and_unique_cn_value	2	"[""101/response_body/gachaScheduleList/2/selectableCharaList/94/charaMessageList/9"",""104/response_body/gachaScheduleList/2/selectableCharaList/94/charaMessageList/9""]"
1014	46	創造の全ては皆のために	创造，是为了全体。	"[""vo_char_1014_00_46_hca""]"	key_aligned	unique_charaNo_messageId_key_and_unique_cn_value	2	"[""101/response_body/gachaScheduleList/2/selectableCharaList/94/charaMessageList/10"",""104/response_body/gachaScheduleList/2/selectableCharaList/94/charaMessageList/10""]"
1015	6	外の世界ってすごい…	外面的世界好厉害啊……	"[""vo_char_1015_00_06_hca""]"	key_aligned	unique_charaNo_messageId_key_and_unique_cn_value	2	"[""101/response_body/gachaScheduleList/2/selectableCharaList/95/charaMessageList/0"",""104/response_body/gachaScheduleList/2/selectableCharaList/95/charaMessageList/0""]"
1015	7	もう、これ以上ケンカしないでよー！	不要再吵架了啊！	"[""vo_char_1015_00_07_hca""]"	key_aligned	unique_charaNo_messageId_key_and_unique_cn_value	2	"[""101/response_body/gachaScheduleList/2/selectableCharaList/95/charaMessageList/1"",""104/response_body/gachaScheduleList/2/selectableCharaList/95/charaMessageList/1""]"
1015	8	わたしの夢はね、学校で合唱曲を歌うことっ	我的梦想，是在学校参加合唱。	"[""vo_char_1015_00_08_hca""]"	key_aligned	unique_charaNo_messageId_key_and_unique_cn_value	2	"[""101/response_body/gachaScheduleList/2/selectableCharaList/95/charaMessageList/2"",""104/response_body/gachaScheduleList/2/selectableCharaList/95/charaMessageList/2""]"
1015	9	こうして生きてるだけで、わたしは嬉しいな	能够像这样自由地生活，我就很开心了。	"[""vo_char_1015_00_09_hca""]"	key_aligned	unique_charaNo_messageId_key_and_unique_cn_value	2	"[""101/response_body/gachaScheduleList/2/selectableCharaList/95/charaMessageList/3"",""104/response_body/gachaScheduleList/2/selectableCharaList/95/charaMessageList/3""]"
1015	10	はやく一人前にならないといけないよねっ！	要快快长成独当一面的人才行！	"[""vo_char_1015_00_10_hca""]"	key_aligned	unique_charaNo_messageId_key_and_unique_cn_value	2	"[""101/response_body/gachaScheduleList/2/selectableCharaList/95/charaMessageList/4"",""104/response_body/gachaScheduleList/2/selectableCharaList/95/charaMessageList/4""]"
1015	11	わたしは、どんな大人になるのかな…？	长大后，我会变成什么样的人呢……？	"[""vo_char_1015_00_11_hca""]"	key_aligned	unique_charaNo_messageId_key_and_unique_cn_value	2	"[""101/response_body/gachaScheduleList/2/selectableCharaList/95/charaMessageList/5"",""104/response_body/gachaScheduleList/2/selectableCharaList/95/charaMessageList/5""]"
1015	12	すごい、外で初めて友だちができちゃった！	太棒啦，在外面第一次交到了朋友！	"[""vo_char_1015_00_12_hca""]"	key_aligned	unique_charaNo_messageId_key_and_unique_cn_value	2	"[""101/response_body/gachaScheduleList/2/selectableCharaList/95/charaMessageList/6"",""104/response_body/gachaScheduleList/2/selectableCharaList/95/charaMessageList/6""]"
1015	43	お姉ちゃん、わたしでも倒せたよ！	姐姐，我也能打败敌人了！	"[""vo_char_1015_00_43_hca""]"	key_aligned	unique_charaNo_messageId_key_and_unique_cn_value	2	"[""101/response_body/gachaScheduleList/2/selectableCharaList/95/charaMessageList/7"",""104/response_body/gachaScheduleList/2/selectableCharaList/95/charaMessageList/7""]"
1015	44	うんっ、能力も安定してる！	嗯，能力状态稳定！	"[""vo_char_1015_00_44_hca""]"	key_aligned	unique_charaNo_messageId_key_and_unique_cn_value	2	"[""101/response_body/gachaScheduleList/2/selectableCharaList/95/charaMessageList/8"",""104/response_body/gachaScheduleList/2/selectableCharaList/95/charaMessageList/8""]"
1015	45	ありがとう、ツバメさんっ！	谢谢你，燕子！	"[""vo_char_1015_00_45_hca""]"	key_aligned	unique_charaNo_messageId_key_and_unique_cn_value	2	"[""101/response_body/gachaScheduleList/2/selectableCharaList/95/charaMessageList/9"",""104/response_body/gachaScheduleList/2/selectableCharaList/95/charaMessageList/9""]"
1015	46	役に立てるようになったかな	是不是能帮上忙了呢？	"[""vo_char_1015_00_46_hca""]"	key_aligned	unique_charaNo_messageId_key_and_unique_cn_value	2	"[""101/response_body/gachaScheduleList/2/selectableCharaList/95/charaMessageList/10"",""104/response_body/gachaScheduleList/2/selectableCharaList/95/charaMessageList/10""]"
1016	6	接客というのは思ったより面倒だな…	接待客人真是比想象中还要棘手……	"[""vo_char_1016_00_06_hca""]"	key_aligned	unique_charaNo_messageId_key_and_unique_cn_value	2	"[""101/response_body/gachaScheduleList/2/selectableCharaList/96/charaMessageList/0"",""104/response_body/gachaScheduleList/2/selectableCharaList/96/charaMessageList/0""]"
1016	7	さぁご主人、さっさと食いたいものを選べ	那么主人，请赶快选好想吃的东西。	"[""vo_char_1016_00_07_hca""]"	key_aligned	unique_charaNo_messageId_key_and_unique_cn_value	2	"[""101/response_body/gachaScheduleList/2/selectableCharaList/96/charaMessageList/1"",""104/response_body/gachaScheduleList/2/selectableCharaList/96/charaMessageList/1""]"
1016	8	アニメ、マンガ、ゲーム、勉強しないとな	动漫、漫画、游戏，得学习才行啊。	"[""vo_char_1016_00_08_hca""]"	key_aligned	unique_charaNo_messageId_key_and_unique_cn_value	2	"[""101/response_body/gachaScheduleList/2/selectableCharaList/96/charaMessageList/2"",""104/response_body/gachaScheduleList/2/selectableCharaList/96/charaMessageList/2""]"
1016	9	火が点いた家計が、もはや崩れそうだな…	家境陷入燃眉之急，已经快要倒了……	"[""vo_char_1016_00_09_hca""]"	key_aligned	unique_charaNo_messageId_key_and_unique_cn_value	2	"[""101/response_body/gachaScheduleList/2/selectableCharaList/96/charaMessageList/3"",""104/response_body/gachaScheduleList/2/selectableCharaList/96/charaMessageList/3""]"
1016	10	こんな理由で…我々は虐げられていたのか…	因为这种理由……我们就要忍受欺凌吗……	"[""vo_char_1016_00_10_hca""]"	key_aligned	unique_charaNo_messageId_key_and_unique_cn_value	2	"[""101/response_body/gachaScheduleList/2/selectableCharaList/96/charaMessageList/4"",""104/response_body/gachaScheduleList/2/selectableCharaList/96/charaMessageList/4""]"
1016	11	自覚のない悪は正義と表裏一体、最も面倒だ	不自觉的作恶与正义是表里一体，最为棘手。	"[""vo_char_1016_00_11_hca""]"	key_aligned	unique_charaNo_messageId_key_and_unique_cn_value	2	"[""101/response_body/gachaScheduleList/2/selectableCharaList/96/charaMessageList/5"",""104/response_body/gachaScheduleList/2/selectableCharaList/96/charaMessageList/5""]"
1016	12	毒に侵されたこの町は、燃やさねば…	这座被毒害的城市，不得不将其烧毁……	"[""vo_char_1016_00_12_hca""]"	key_aligned	unique_charaNo_messageId_key_and_unique_cn_value	2	"[""101/response_body/gachaScheduleList/2/selectableCharaList/96/charaMessageList/6"",""104/response_body/gachaScheduleList/2/selectableCharaList/96/charaMessageList/6""]"
1016	43	まずまずと言ったところか	该说越发进步了吗？	"[""vo_char_1016_00_43_hca""]"	key_aligned	unique_charaNo_messageId_key_and_unique_cn_value	2	"[""101/response_body/gachaScheduleList/2/selectableCharaList/96/charaMessageList/7"",""104/response_body/gachaScheduleList/2/selectableCharaList/96/charaMessageList/7""]"
1016	44	店長から電話だ、@すぐにバイトに行く！	店长打电话来了，得马上去店里！	"[""vo_char_1016_00_44_hca""]"	key_aligned	unique_charaNo_messageId_key_and_unique_cn_value	2	"[""101/response_body/gachaScheduleList/2/selectableCharaList/96/charaMessageList/8"",""104/response_body/gachaScheduleList/2/selectableCharaList/96/charaMessageList/8""]"
1016	45	生も死も我々に@平等に与えられた権利だ	生死是平等地给予我们的权利。	"[""vo_char_1016_00_45_hca""]"	key_aligned	unique_charaNo_messageId_key_and_unique_cn_value	2	"[""101/response_body/gachaScheduleList/2/selectableCharaList/96/charaMessageList/9"",""104/response_body/gachaScheduleList/2/selectableCharaList/96/charaMessageList/9""]"
1016	46	自身の行動を呪い、そして償え	为自己的行动感到痛心，而后偿还吧。	"[""vo_char_1016_00_46_hca""]"	key_aligned	unique_charaNo_messageId_key_and_unique_cn_value	2	"[""101/response_body/gachaScheduleList/2/selectableCharaList/96/charaMessageList/10"",""104/response_body/gachaScheduleList/2/selectableCharaList/96/charaMessageList/10""]"
1017	6	どうも～調整屋さんにようこそぉ♪	你好～欢迎来调整专家的店里～	"[""vo_char_1017_00_06_hca""]"	key_aligned	unique_charaNo_messageId_key_and_unique_cn_value	5	"[""81/response_body/gachaScheduleList/0/selectableCharaList/4/charaMessageList/0"",""84/response_body/gachaScheduleList/0/selectableCharaList/4/charaMessageList/0"",""86/response_body/gachaScheduleList/0/selectableCharaList/4/charaMessageList/0"",""101/response_body/gachaScheduleList/2/selectableCharaList/97/charaMessageList/0"",""104/response_body/gachaScheduleList/2/selectableCharaList/97/charaMessageList/0""]"
1017	7	必要なのは調整？アイテム？わたし？	需要调整？道具？还是我？	"[""vo_char_1017_00_07_hca""]"	key_aligned	unique_charaNo_messageId_key_and_unique_cn_value	5	"[""81/response_body/gachaScheduleList/0/selectableCharaList/4/charaMessageList/1"",""84/response_body/gachaScheduleList/0/selectableCharaList/4/charaMessageList/1"",""86/response_body/gachaScheduleList/0/selectableCharaList/4/charaMessageList/1"",""101/response_body/gachaScheduleList/2/selectableCharaList/97/charaMessageList/1"",""104/response_body/gachaScheduleList/2/selectableCharaList/97/charaMessageList/1""]"
1017	8	ごめんなさい、真剣にからかっただけなのよ	抱歉啦，我是认真地在开玩笑的。	"[""vo_char_1017_00_08_hca""]"	key_aligned	unique_charaNo_messageId_key_and_unique_cn_value	5	"[""81/response_body/gachaScheduleList/0/selectableCharaList/4/charaMessageList/2"",""84/response_body/gachaScheduleList/0/selectableCharaList/4/charaMessageList/2"",""86/response_body/gachaScheduleList/0/selectableCharaList/4/charaMessageList/2"",""101/response_body/gachaScheduleList/2/selectableCharaList/97/charaMessageList/2"",""104/response_body/gachaScheduleList/2/selectableCharaList/97/charaMessageList/2""]"
1017	9	甘く見てるとこわ～い目に遭うわよぉ？	要是小看我，会遇到恐怖的事情哦。	"[""vo_char_1017_00_09_hca""]"	key_aligned	unique_charaNo_messageId_key_and_unique_cn_value	5	"[""81/response_body/gachaScheduleList/0/selectableCharaList/4/charaMessageList/3"",""84/response_body/gachaScheduleList/0/selectableCharaList/4/charaMessageList/3"",""86/response_body/gachaScheduleList/0/selectableCharaList/4/charaMessageList/3"",""101/response_body/gachaScheduleList/2/selectableCharaList/97/charaMessageList/3"",""104/response_body/gachaScheduleList/2/selectableCharaList/97/charaMessageList/3""]"
1017	10	きっとわたしは後悔する運命にあるの	我的命运就是要如此后悔吧。	"[""vo_char_1017_00_10_hca""]"	key_aligned	unique_charaNo_messageId_key_and_unique_cn_value	5	"[""81/response_body/gachaScheduleList/0/selectableCharaList/4/charaMessageList/4"",""84/response_body/gachaScheduleList/0/selectableCharaList/4/charaMessageList/4"",""86/response_body/gachaScheduleList/0/selectableCharaList/4/charaMessageList/4"",""101/response_body/gachaScheduleList/2/selectableCharaList/97/charaMessageList/4"",""104/response_body/gachaScheduleList/2/selectableCharaList/97/charaMessageList/4""]"
1017	11	えぇ、大好きだし大嫌いよ、みーんなね	嗯，我对大家是爱恨交织的。	"[""vo_char_1017_00_11_hca""]"	key_aligned	unique_charaNo_messageId_key_and_unique_cn_value	5	"[""81/response_body/gachaScheduleList/0/selectableCharaList/4/charaMessageList/5"",""84/response_body/gachaScheduleList/0/selectableCharaList/4/charaMessageList/5"",""86/response_body/gachaScheduleList/0/selectableCharaList/4/charaMessageList/5"",""101/response_body/gachaScheduleList/2/selectableCharaList/97/charaMessageList/5"",""104/response_body/gachaScheduleList/2/selectableCharaList/97/charaMessageList/5""]"
1017	12	全部キレイにできれば、きっと気持ちいいわ	如果能完全净化，一定很舒服哦。	"[""vo_char_1017_00_12_hca""]"	key_aligned	unique_charaNo_messageId_key_and_unique_cn_value	5	"[""81/response_body/gachaScheduleList/0/selectableCharaList/4/charaMessageList/6"",""84/response_body/gachaScheduleList/0/selectableCharaList/4/charaMessageList/6"",""86/response_body/gachaScheduleList/0/selectableCharaList/4/charaMessageList/6"",""101/response_body/gachaScheduleList/2/selectableCharaList/97/charaMessageList/6"",""104/response_body/gachaScheduleList/2/selectableCharaList/97/charaMessageList/6""]"
1017	43	あら、わたしでもやれるものねぇ♪	哎呀，我也能做到了呢～	"[""vo_char_1017_00_43_hca""]"	key_aligned	unique_charaNo_messageId_key_and_unique_cn_value	5	"[""81/response_body/gachaScheduleList/0/selectableCharaList/4/charaMessageList/7"",""84/response_body/gachaScheduleList/0/selectableCharaList/4/charaMessageList/7"",""86/response_body/gachaScheduleList/0/selectableCharaList/4/charaMessageList/7"",""101/response_body/gachaScheduleList/2/selectableCharaList/97/charaMessageList/7"",""104/response_body/gachaScheduleList/2/selectableCharaList/97/charaMessageList/7""]"
1017	44	もう緊張しちゃって@ドキドキしちゃう…	已经紧张得心脏怦怦直跳了……	"[""vo_char_1017_00_44_hca""]"	key_aligned	unique_charaNo_messageId_key_and_unique_cn_value	5	"[""81/response_body/gachaScheduleList/0/selectableCharaList/4/charaMessageList/8"",""84/response_body/gachaScheduleList/0/selectableCharaList/4/charaMessageList/8"",""86/response_body/gachaScheduleList/0/selectableCharaList/4/charaMessageList/8"",""101/response_body/gachaScheduleList/2/selectableCharaList/97/charaMessageList/8"",""104/response_body/gachaScheduleList/2/selectableCharaList/97/charaMessageList/8""]"
1017	45	調整屋さん褒められたいなぁ♪	调整专家也想被表扬一下啦～	"[""vo_char_1017_00_45_hca""]"	key_aligned	unique_charaNo_messageId_key_and_unique_cn_value	5	"[""81/response_body/gachaScheduleList/0/selectableCharaList/4/charaMessageList/9"",""84/response_body/gachaScheduleList/0/selectableCharaList/4/charaMessageList/9"",""86/response_body/gachaScheduleList/0/selectableCharaList/4/charaMessageList/9"",""101/response_body/gachaScheduleList/2/selectableCharaList/97/charaMessageList/9"",""104/response_body/gachaScheduleList/2/selectableCharaList/97/charaMessageList/9""]"
1017	46	ありがとうみんな、とっても助かるわ	谢谢大家，帮了很多忙。	"[""vo_char_1017_00_46_hca""]"	key_aligned	unique_charaNo_messageId_key_and_unique_cn_value	5	"[""81/response_body/gachaScheduleList/0/selectableCharaList/4/charaMessageList/10"",""84/response_body/gachaScheduleList/0/selectableCharaList/4/charaMessageList/10"",""86/response_body/gachaScheduleList/0/selectableCharaList/4/charaMessageList/10"",""101/response_body/gachaScheduleList/2/selectableCharaList/97/charaMessageList/10"",""104/response_body/gachaScheduleList/2/selectableCharaList/97/charaMessageList/10""]"
1018	6	あなたが、私の妹でございますか…？	你，可是我的妹妹……？	"[""vo_char_1018_00_06_hca""]"	key_aligned	unique_charaNo_messageId_key_and_unique_cn_value	5	"[""81/response_body/gachaScheduleList/0/selectableCharaList/5/charaMessageList/0"",""84/response_body/gachaScheduleList/0/selectableCharaList/5/charaMessageList/0"",""86/response_body/gachaScheduleList/0/selectableCharaList/5/charaMessageList/0"",""101/response_body/gachaScheduleList/2/selectableCharaList/98/charaMessageList/0"",""104/response_body/gachaScheduleList/2/selectableCharaList/98/charaMessageList/0""]"
1018	7	父様の篠笛には秘密があったでございます	父亲的竹笛，蕴藏着秘密。	"[""vo_char_1018_00_07_hca""]"	key_aligned	unique_charaNo_messageId_key_and_unique_cn_value	5	"[""81/response_body/gachaScheduleList/0/selectableCharaList/5/charaMessageList/1"",""84/response_body/gachaScheduleList/0/selectableCharaList/5/charaMessageList/1"",""86/response_body/gachaScheduleList/0/selectableCharaList/5/charaMessageList/1"",""101/response_body/gachaScheduleList/2/selectableCharaList/98/charaMessageList/1"",""104/response_body/gachaScheduleList/2/selectableCharaList/98/charaMessageList/1""]"
1018	8	由比鶴乃…深月フェリシア…!?	由比鹤乃……还有深月菲莉希亚！？	"[""vo_char_1018_00_08_hca""]"	key_aligned	unique_charaNo_messageId_key_and_unique_cn_value	5	"[""81/response_body/gachaScheduleList/0/selectableCharaList/5/charaMessageList/2"",""84/response_body/gachaScheduleList/0/selectableCharaList/5/charaMessageList/2"",""86/response_body/gachaScheduleList/0/selectableCharaList/5/charaMessageList/2"",""101/response_body/gachaScheduleList/2/selectableCharaList/98/charaMessageList/2"",""104/response_body/gachaScheduleList/2/selectableCharaList/98/charaMessageList/2""]"
1018	9	私とずいぶん似ていたでございます	和我的外貌尤其相似。	"[""vo_char_1018_00_09_hca""]"	key_aligned	unique_charaNo_messageId_key_and_unique_cn_value	5	"[""81/response_body/gachaScheduleList/0/selectableCharaList/5/charaMessageList/3"",""84/response_body/gachaScheduleList/0/selectableCharaList/5/charaMessageList/3"",""86/response_body/gachaScheduleList/0/selectableCharaList/5/charaMessageList/3"",""101/response_body/gachaScheduleList/2/selectableCharaList/98/charaMessageList/3"",""104/response_body/gachaScheduleList/2/selectableCharaList/98/charaMessageList/3""]"
1018	10	私は月咲ちゃんを嫌いになりたくない…	我不想和月咲妹妹闹不愉快……	"[""vo_char_1018_00_10_hca""]"	key_aligned	unique_charaNo_messageId_key_and_unique_cn_value	5	"[""81/response_body/gachaScheduleList/0/selectableCharaList/5/charaMessageList/4"",""84/response_body/gachaScheduleList/0/selectableCharaList/5/charaMessageList/4"",""86/response_body/gachaScheduleList/0/selectableCharaList/5/charaMessageList/4"",""101/response_body/gachaScheduleList/2/selectableCharaList/98/charaMessageList/4"",""104/response_body/gachaScheduleList/2/selectableCharaList/98/charaMessageList/4""]"
1018	11	あの子、私とまるで瓜二つでございます！	那个女孩，跟我宛如一个模子里刻出来的！	"[""vo_char_1018_00_11_hca""]"	key_aligned	unique_charaNo_messageId_key_and_unique_cn_value	5	"[""81/response_body/gachaScheduleList/0/selectableCharaList/5/charaMessageList/5"",""84/response_body/gachaScheduleList/0/selectableCharaList/5/charaMessageList/5"",""86/response_body/gachaScheduleList/0/selectableCharaList/5/charaMessageList/5"",""101/response_body/gachaScheduleList/2/selectableCharaList/98/charaMessageList/5"",""104/response_body/gachaScheduleList/2/selectableCharaList/98/charaMessageList/5""]"
1018	12	母様、私は何者なのでございましょうか!?	母亲，我到底是谁！？	"[""vo_char_1018_00_12_hca""]"	key_aligned	unique_charaNo_messageId_key_and_unique_cn_value	5	"[""81/response_body/gachaScheduleList/0/selectableCharaList/5/charaMessageList/6"",""84/response_body/gachaScheduleList/0/selectableCharaList/5/charaMessageList/6"",""86/response_body/gachaScheduleList/0/selectableCharaList/5/charaMessageList/6"",""101/response_body/gachaScheduleList/2/selectableCharaList/98/charaMessageList/6"",""104/response_body/gachaScheduleList/2/selectableCharaList/98/charaMessageList/6""]"
1018	43	やったでございます！	做到了！	"[""vo_char_1018_00_43_hca""]"	key_aligned	unique_charaNo_messageId_key_and_unique_cn_value	5	"[""81/response_body/gachaScheduleList/0/selectableCharaList/5/charaMessageList/7"",""84/response_body/gachaScheduleList/0/selectableCharaList/5/charaMessageList/7"",""86/response_body/gachaScheduleList/0/selectableCharaList/5/charaMessageList/7"",""101/response_body/gachaScheduleList/2/selectableCharaList/98/charaMessageList/7"",""104/response_body/gachaScheduleList/2/selectableCharaList/98/charaMessageList/7""]"
1018	44	これも我慢の賜物でございます	这也是忍耐的恩赐吧。	"[""vo_char_1018_00_44_hca""]"	key_aligned	unique_charaNo_messageId_key_and_unique_cn_value	5	"[""81/response_body/gachaScheduleList/0/selectableCharaList/5/charaMessageList/8"",""84/response_body/gachaScheduleList/0/selectableCharaList/5/charaMessageList/8"",""86/response_body/gachaScheduleList/0/selectableCharaList/5/charaMessageList/8"",""101/response_body/gachaScheduleList/2/selectableCharaList/98/charaMessageList/8"",""104/response_body/gachaScheduleList/2/selectableCharaList/98/charaMessageList/8""]"
1018	45	ご静聴ありがとうございました	感谢聆听。	"[""vo_char_1018_00_45_hca""]"	key_aligned	unique_charaNo_messageId_key_and_unique_cn_value	5	"[""81/response_body/gachaScheduleList/0/selectableCharaList/5/charaMessageList/9"",""84/response_body/gachaScheduleList/0/selectableCharaList/5/charaMessageList/9"",""86/response_body/gachaScheduleList/0/selectableCharaList/5/charaMessageList/9"",""101/response_body/gachaScheduleList/2/selectableCharaList/98/charaMessageList/9"",""104/response_body/gachaScheduleList/2/selectableCharaList/98/charaMessageList/9""]"
1018	46	これにて終演にございます	演出到此结束。	"[""vo_char_1018_00_46_hca""]"	key_aligned	unique_charaNo_messageId_key_and_unique_cn_value	5	"[""81/response_body/gachaScheduleList/0/selectableCharaList/5/charaMessageList/10"",""84/response_body/gachaScheduleList/0/selectableCharaList/5/charaMessageList/10"",""86/response_body/gachaScheduleList/0/selectableCharaList/5/charaMessageList/10"",""101/response_body/gachaScheduleList/2/selectableCharaList/98/charaMessageList/10"",""104/response_body/gachaScheduleList/2/selectableCharaList/98/charaMessageList/10""]"
1020	6	いろはさんに出会ってなかったら、私は…		[]	fuzzy_review	official_cn_key_not_present	2	"[""101/response_body/gachaScheduleList/2/selectableCharaList/99/charaMessageList/0"",""104/response_body/gachaScheduleList/2/selectableCharaList/99/charaMessageList/0""]"
1020	7	はぁ…いいお話だった…。明日は何を読もう？		[]	fuzzy_review	official_cn_key_not_present	2	"[""101/response_body/gachaScheduleList/2/selectableCharaList/99/charaMessageList/1"",""104/response_body/gachaScheduleList/2/selectableCharaList/99/charaMessageList/1""]"
1020	8	アルちゃんと一緒なら怖くないよ…！		[]	fuzzy_review	official_cn_key_not_present	2	"[""101/response_body/gachaScheduleList/2/selectableCharaList/99/charaMessageList/2"",""104/response_body/gachaScheduleList/2/selectableCharaList/99/charaMessageList/2""]"
1020	9	花壇のお花、すくすく育ってくれるかな？		[]	fuzzy_review	official_cn_key_not_present	2	"[""101/response_body/gachaScheduleList/2/selectableCharaList/99/charaMessageList/3"",""104/response_body/gachaScheduleList/2/selectableCharaList/99/charaMessageList/3""]"
1020	10	手記をまとめるのって、なかなか難しいな		[]	fuzzy_review	official_cn_key_not_present	2	"[""101/response_body/gachaScheduleList/2/selectableCharaList/99/charaMessageList/4"",""104/response_body/gachaScheduleList/2/selectableCharaList/99/charaMessageList/4""]"
1020	11	メッセージの差出人は…ひばりちゃん！？		[]	fuzzy_review	official_cn_key_not_present	2	"[""101/response_body/gachaScheduleList/2/selectableCharaList/99/charaMessageList/5"",""104/response_body/gachaScheduleList/2/selectableCharaList/99/charaMessageList/5""]"
1020	12	私だって…みんなの役に立ちたい…！		[]	fuzzy_review	official_cn_key_not_present	2	"[""101/response_body/gachaScheduleList/2/selectableCharaList/99/charaMessageList/6"",""104/response_body/gachaScheduleList/2/selectableCharaList/99/charaMessageList/6""]"
1020	43	す、少しは頑張れたよね…!?		[]	fuzzy_review	official_cn_key_not_present	2	"[""101/response_body/gachaScheduleList/2/selectableCharaList/99/charaMessageList/7"",""104/response_body/gachaScheduleList/2/selectableCharaList/99/charaMessageList/7""]"
1020	44	やったよアルちゃん！@私たち勝てたんだよ！		[]	fuzzy_review	official_cn_key_not_present	2	"[""101/response_body/gachaScheduleList/2/selectableCharaList/99/charaMessageList/8"",""104/response_body/gachaScheduleList/2/selectableCharaList/99/charaMessageList/8""]"
1020	45	これも記さないと…@誰も気づかない出来事として…		[]	fuzzy_review	official_cn_key_not_present	2	"[""101/response_body/gachaScheduleList/2/selectableCharaList/99/charaMessageList/9"",""104/response_body/gachaScheduleList/2/selectableCharaList/99/charaMessageList/9""]"
1020	46	良い出会いも悪い出会いも@私を強くしてくれたんだよ		[]	fuzzy_review	official_cn_key_not_present	2	"[""101/response_body/gachaScheduleList/2/selectableCharaList/99/charaMessageList/10"",""104/response_body/gachaScheduleList/2/selectableCharaList/99/charaMessageList/10""]"
1021	6	この万年筆は大事に使います		[]	fuzzy_review	official_cn_key_not_present	2	"[""101/response_body/gachaScheduleList/2/selectableCharaList/100/charaMessageList/0"",""104/response_body/gachaScheduleList/2/selectableCharaList/100/charaMessageList/0""]"
1021	7	良くも悪くも樹里との付き合いは長いわぁ		[]	fuzzy_review	official_cn_key_not_present	2	"[""101/response_body/gachaScheduleList/2/selectableCharaList/100/charaMessageList/1"",""104/response_body/gachaScheduleList/2/selectableCharaList/100/charaMessageList/1""]"
1021	8	ひかるの正体を知った時は驚いたわねぇ		[]	fuzzy_review	official_cn_key_not_present	2	"[""101/response_body/gachaScheduleList/2/selectableCharaList/100/charaMessageList/2"",""104/response_body/gachaScheduleList/2/selectableCharaList/100/charaMessageList/2""]"
1021	9	まだ、知らないことばかりだったわぁ		[]	fuzzy_review	official_cn_key_not_present	2	"[""101/response_body/gachaScheduleList/2/selectableCharaList/100/charaMessageList/3"",""104/response_body/gachaScheduleList/2/selectableCharaList/100/charaMessageList/3""]"
1021	10	ヒントは色んなところに隠れているものねぇ		[]	fuzzy_review	official_cn_key_not_present	2	"[""101/response_body/gachaScheduleList/2/selectableCharaList/100/charaMessageList/4"",""104/response_body/gachaScheduleList/2/selectableCharaList/100/charaMessageList/4""]"
1021	11	頼れる人がいるって安心するわよねぇ		[]	fuzzy_review	official_cn_key_not_present	2	"[""101/response_body/gachaScheduleList/2/selectableCharaList/100/charaMessageList/5"",""104/response_body/gachaScheduleList/2/selectableCharaList/100/charaMessageList/5""]"
1021	12	本当はもっとあの人に甘えていたかった		[]	fuzzy_review	official_cn_key_not_present	2	"[""101/response_body/gachaScheduleList/2/selectableCharaList/100/charaMessageList/6"",""104/response_body/gachaScheduleList/2/selectableCharaList/100/charaMessageList/6""]"
1021	43	これが私たちの日常よぉ…		[]	fuzzy_review	official_cn_key_not_present	2	"[""101/response_body/gachaScheduleList/2/selectableCharaList/100/charaMessageList/7"",""104/response_body/gachaScheduleList/2/selectableCharaList/100/charaMessageList/7""]"
1021	44	仲間の叫びが消えないのよぉ…		[]	fuzzy_review	official_cn_key_not_present	2	"[""101/response_body/gachaScheduleList/2/selectableCharaList/100/charaMessageList/8"",""104/response_body/gachaScheduleList/2/selectableCharaList/100/charaMessageList/8""]"
1021	45	追いかけるわぁ、地獄の果てまで…		[]	fuzzy_review	official_cn_key_not_present	2	"[""101/response_body/gachaScheduleList/2/selectableCharaList/100/charaMessageList/9"",""104/response_body/gachaScheduleList/2/selectableCharaList/100/charaMessageList/9""]"
1021	46	どんな侮蔑の言葉も響かないわぁ…		[]	fuzzy_review	official_cn_key_not_present	2	"[""101/response_body/gachaScheduleList/2/selectableCharaList/100/charaMessageList/10"",""104/response_body/gachaScheduleList/2/selectableCharaList/100/charaMessageList/10""]"
1022	6	血の惨劇を見れば、何も怖くないっすよ	见证过血之惨剧的话，什么都不再会害怕	"[""vo_char_1022_00_06_hca""]"	key_aligned	unique_charaNo_messageId_key_and_unique_cn_value	2	"[""101/response_body/gachaScheduleList/2/selectableCharaList/101/charaMessageList/0"",""104/response_body/gachaScheduleList/2/selectableCharaList/101/charaMessageList/0""]"
1022	7	自分のことが疎かなのは許して欲しいっす！	还请原谅我对自己的事很敷衍这一点！	"[""vo_char_1022_00_07_hca""]"	key_aligned	unique_charaNo_messageId_key_and_unique_cn_value	2	"[""101/response_body/gachaScheduleList/2/selectableCharaList/101/charaMessageList/1"",""104/response_body/gachaScheduleList/2/selectableCharaList/101/charaMessageList/1""]"
1022	8	数年前のひかるだと未来が見えなかったっす	数年前的我预料不到这样的未来	"[""vo_char_1022_00_08_hca""]"	key_aligned	unique_charaNo_messageId_key_and_unique_cn_value	2	"[""101/response_body/gachaScheduleList/2/selectableCharaList/101/charaMessageList/2"",""104/response_body/gachaScheduleList/2/selectableCharaList/101/charaMessageList/2""]"
1022	9	その恨み、ひかるも一緒に背負うっすよ	这份冤恨，由我来一同承担	"[""vo_char_1022_00_09_hca""]"	key_aligned	unique_charaNo_messageId_key_and_unique_cn_value	2	"[""101/response_body/gachaScheduleList/2/selectableCharaList/101/charaMessageList/3"",""104/response_body/gachaScheduleList/2/selectableCharaList/101/charaMessageList/3""]"
1022	10	アイスを切らすと長女さんを冷やせないっす	不把冰糕给用完的话可没法让长女冷静下来	"[""vo_char_1022_00_10_hca""]"	key_aligned	unique_charaNo_messageId_key_and_unique_cn_value	2	"[""101/response_body/gachaScheduleList/2/selectableCharaList/101/charaMessageList/4"",""104/response_body/gachaScheduleList/2/selectableCharaList/101/charaMessageList/4""]"
1022	11	次女さんのキレっぽいのも考えものっすね…	次女的像要发狂的样子也耐人寻味呢…	"[""vo_char_1022_00_11_hca""]"	key_aligned	unique_charaNo_messageId_key_and_unique_cn_value	2	"[""101/response_body/gachaScheduleList/2/selectableCharaList/101/charaMessageList/5"",""104/response_body/gachaScheduleList/2/selectableCharaList/101/charaMessageList/5""]"
1022	12	まーた、三女さんは徹ゲーっすか！	三女，又通宵打游戏了吗！	"[""vo_char_1022_00_12_hca""]"	key_aligned	unique_charaNo_messageId_key_and_unique_cn_value	2	"[""101/response_body/gachaScheduleList/2/selectableCharaList/101/charaMessageList/6"",""104/response_body/gachaScheduleList/2/selectableCharaList/101/charaMessageList/6""]"
1022	43	お役に立ててなによりっす！	能帮到忙就最好不过了！	"[""vo_char_1022_00_43_hca""]"	key_aligned	unique_charaNo_messageId_key_and_unique_cn_value	2	"[""101/response_body/gachaScheduleList/2/selectableCharaList/101/charaMessageList/7"",""104/response_body/gachaScheduleList/2/selectableCharaList/101/charaMessageList/7""]"
1022	44	この軍勢の勢いは、@誰にも止められないっす！	这支军队的威势，谁也无法阻挡！	"[""vo_char_1022_00_44_hca""]"	key_aligned	unique_charaNo_messageId_key_and_unique_cn_value	2	"[""101/response_body/gachaScheduleList/2/selectableCharaList/101/charaMessageList/8"",""104/response_body/gachaScheduleList/2/selectableCharaList/101/charaMessageList/8""]"
1022	45	長女さんに褒められる@良い結果っすよね！	这是能被长女表扬的好结果呢！	"[""vo_char_1022_00_45_hca""]"	key_aligned	unique_charaNo_messageId_key_and_unique_cn_value	2	"[""101/response_body/gachaScheduleList/2/selectableCharaList/101/charaMessageList/9"",""104/response_body/gachaScheduleList/2/selectableCharaList/101/charaMessageList/9""]"
1022	46	全ての勝利は@我ら二木の魔法少女のために！	所有的胜利都是为了我们二木的魔法少女！	"[""vo_char_1022_00_46_hca""]"	key_aligned	unique_charaNo_messageId_key_and_unique_cn_value	2	"[""101/response_body/gachaScheduleList/2/selectableCharaList/101/charaMessageList/10"",""104/response_body/gachaScheduleList/2/selectableCharaList/101/charaMessageList/10""]"
1023	6	姉さまの部屋に住みた～い！快適すぎる～！	"好想住在姐姐大人的屋子里呀~！太舒适了~
！"	"[""vo_char_1023_00_06_hca""]"	key_aligned	unique_charaNo_messageId_key_and_unique_cn_value	2	"[""101/response_body/gachaScheduleList/2/selectableCharaList/102/charaMessageList/0"",""104/response_body/gachaScheduleList/2/selectableCharaList/102/charaMessageList/0""]"
1023	7	はぁ…姉ちゃんはやり方が乱暴だな～…	哈…姐姐的做法真是太粗暴了~…	"[""vo_char_1023_00_07_hca""]"	key_aligned	unique_charaNo_messageId_key_and_unique_cn_value	2	"[""101/response_body/gachaScheduleList/2/selectableCharaList/102/charaMessageList/1"",""104/response_body/gachaScheduleList/2/selectableCharaList/102/charaMessageList/1""]"
1023	8	…あの頃は…地獄が永遠に続くと思ってた…	…那时候…还以为地狱会永久持续下去…	"[""vo_char_1023_00_08_hca""]"	key_aligned	unique_charaNo_messageId_key_and_unique_cn_value	2	"[""101/response_body/gachaScheduleList/2/selectableCharaList/102/charaMessageList/2"",""104/response_body/gachaScheduleList/2/selectableCharaList/102/charaMessageList/2""]"
1023	9	ひかるはホントに空っぽだね～…	小光真的是一具空壳呢…	"[""vo_char_1023_00_09_hca""]"	key_aligned	unique_charaNo_messageId_key_and_unique_cn_value	2	"[""101/response_body/gachaScheduleList/2/selectableCharaList/102/charaMessageList/3"",""104/response_body/gachaScheduleList/2/selectableCharaList/102/charaMessageList/3""]"
1023	10	ふわぁ…また徹ゲーしちゃったよ～	哈…又通宵打游戏了~	"[""vo_char_1023_00_10_hca""]"	key_aligned	unique_charaNo_messageId_key_and_unique_cn_value	2	"[""101/response_body/gachaScheduleList/2/selectableCharaList/102/charaMessageList/4"",""104/response_body/gachaScheduleList/2/selectableCharaList/102/charaMessageList/4""]"
1023	11	すごろくか…ひとりじゃ遊べないゲームだね	双陆吗…不是一个人能玩的游戏呢	"[""vo_char_1023_00_11_hca""]"	key_aligned	unique_charaNo_messageId_key_and_unique_cn_value	2	"[""101/response_body/gachaScheduleList/2/selectableCharaList/102/charaMessageList/5"",""104/response_body/gachaScheduleList/2/selectableCharaList/102/charaMessageList/5""]"
1023	12	神浜のヤツらに…思い知らせてやるんだ…！	我要让神滨的家伙…都痛感到自己的罪过…！	"[""vo_char_1023_00_12_hca""]"	key_aligned	unique_charaNo_messageId_key_and_unique_cn_value	2	"[""101/response_body/gachaScheduleList/2/selectableCharaList/102/charaMessageList/6"",""104/response_body/gachaScheduleList/2/selectableCharaList/102/charaMessageList/6""]"
1023	43	こんなの小学生でも勝てるよ～	这种游戏小学生也能赢哦~	"[""vo_char_1023_00_43_hca""]"	key_aligned	unique_charaNo_messageId_key_and_unique_cn_value	2	"[""101/response_body/gachaScheduleList/2/selectableCharaList/102/charaMessageList/7"",""104/response_body/gachaScheduleList/2/selectableCharaList/102/charaMessageList/7""]"
1023	44	ふぅ…@ちょっと、ハードモードだったかも…	呼…可能稍微有点，Hard Mode…	"[""vo_char_1023_00_44_hca""]"	key_aligned	unique_charaNo_messageId_key_and_unique_cn_value	2	"[""101/response_body/gachaScheduleList/2/selectableCharaList/102/charaMessageList/8"",""104/response_body/gachaScheduleList/2/selectableCharaList/102/charaMessageList/8""]"
1023	45	ゲームオーバー！@早くお家に帰りなよ～？	Game Over！快点回家去吧~？	"[""vo_char_1023_00_45_hca""]"	key_aligned	unique_charaNo_messageId_key_and_unique_cn_value	2	"[""101/response_body/gachaScheduleList/2/selectableCharaList/102/charaMessageList/9"",""104/response_body/gachaScheduleList/2/selectableCharaList/102/charaMessageList/9""]"
1023	46	ふふんっ、ミッションクリアーだね～	哼哼，任务完成呢~	"[""vo_char_1023_00_46_hca""]"	key_aligned	unique_charaNo_messageId_key_and_unique_cn_value	2	"[""101/response_body/gachaScheduleList/2/selectableCharaList/102/charaMessageList/10"",""104/response_body/gachaScheduleList/2/selectableCharaList/102/charaMessageList/10""]"
1024	6	キュゥべえも消えたしヒマになっちまったな		[]	fuzzy_review	official_cn_key_not_present	2	"[""101/response_body/gachaScheduleList/2/selectableCharaList/103/charaMessageList/0"",""104/response_body/gachaScheduleList/2/selectableCharaList/103/charaMessageList/0""]"
1024	7	樹里サマを受け止められるのは姉さんだけだ		[]	fuzzy_review	official_cn_key_not_present	2	"[""101/response_body/gachaScheduleList/2/selectableCharaList/103/charaMessageList/1"",""104/response_body/gachaScheduleList/2/selectableCharaList/103/charaMessageList/1""]"
1024	8	魔法少女の世界ってのは殺しも上等だろ？		[]	fuzzy_review	official_cn_key_not_present	2	"[""101/response_body/gachaScheduleList/2/selectableCharaList/103/charaMessageList/2"",""104/response_body/gachaScheduleList/2/selectableCharaList/103/charaMessageList/2""]"
1024	9	学校じゃ上手くやってるように見せねーとな		[]	fuzzy_review	official_cn_key_not_present	2	"[""101/response_body/gachaScheduleList/2/selectableCharaList/103/charaMessageList/3"",""104/response_body/gachaScheduleList/2/selectableCharaList/103/charaMessageList/3""]"
1024	10	アアッ!!くっそ！勉強には勝てねーー!!		[]	fuzzy_review	official_cn_key_not_present	2	"[""101/response_body/gachaScheduleList/2/selectableCharaList/103/charaMessageList/4"",""104/response_body/gachaScheduleList/2/selectableCharaList/103/charaMessageList/4""]"
1024	11	ファミレスでおごってやるよ、ニヒッ		[]	fuzzy_review	official_cn_key_not_present	2	"[""101/response_body/gachaScheduleList/2/selectableCharaList/103/charaMessageList/5"",""104/response_body/gachaScheduleList/2/selectableCharaList/103/charaMessageList/5""]"
1024	12	ほんと姉さんは上手に馬のヤツを隠したよな		[]	fuzzy_review	official_cn_key_not_present	2	"[""101/response_body/gachaScheduleList/2/selectableCharaList/103/charaMessageList/6"",""104/response_body/gachaScheduleList/2/selectableCharaList/103/charaMessageList/6""]"
1024	43	こんがり焼けましたって感じだな		[]	fuzzy_review	official_cn_key_not_present	2	"[""101/response_body/gachaScheduleList/2/selectableCharaList/103/charaMessageList/7"",""104/response_body/gachaScheduleList/2/selectableCharaList/103/charaMessageList/7""]"
1024	44	樹里サマは、まだまだ燃えたりねえな		[]	fuzzy_review	official_cn_key_not_present	2	"[""101/response_body/gachaScheduleList/2/selectableCharaList/103/charaMessageList/8"",""104/response_body/gachaScheduleList/2/selectableCharaList/103/charaMessageList/8""]"
1024	45	ウェルダンにされた気分はどうだ？		[]	fuzzy_review	official_cn_key_not_present	2	"[""101/response_body/gachaScheduleList/2/selectableCharaList/103/charaMessageList/9"",""104/response_body/gachaScheduleList/2/selectableCharaList/103/charaMessageList/9""]"
1024	46	消し炭すら残さねーっつーの		[]	fuzzy_review	official_cn_key_not_present	2	"[""101/response_body/gachaScheduleList/2/selectableCharaList/103/charaMessageList/10"",""104/response_body/gachaScheduleList/2/selectableCharaList/103/charaMessageList/10""]"
1025	6	そんな横文字を並べられても困るわよ！		[]	fuzzy_review	official_cn_key_not_present	2	"[""101/response_body/gachaScheduleList/2/selectableCharaList/104/charaMessageList/0"",""104/response_body/gachaScheduleList/2/selectableCharaList/104/charaMessageList/0""]"
1025	7	過去がどうであれ時女の矜持は潰えないわ！		[]	fuzzy_review	official_cn_key_not_present	2	"[""101/response_body/gachaScheduleList/2/selectableCharaList/104/charaMessageList/1"",""104/response_body/gachaScheduleList/2/selectableCharaList/104/charaMessageList/1""]"
1025	8	神浜は集落と比べると音がすごく多いわね		[]	fuzzy_review	official_cn_key_not_present	2	"[""101/response_body/gachaScheduleList/2/selectableCharaList/104/charaMessageList/2"",""104/response_body/gachaScheduleList/2/selectableCharaList/104/charaMessageList/2""]"
1025	9	改札ってお腹を殴ろうとするから嫌いよ…！		[]	fuzzy_review	official_cn_key_not_present	2	"[""101/response_body/gachaScheduleList/2/selectableCharaList/104/charaMessageList/3"",""104/response_body/gachaScheduleList/2/selectableCharaList/104/charaMessageList/3""]"
1025	10	ちゃるとすなおが居るから本当に安心よ		[]	fuzzy_review	official_cn_key_not_present	2	"[""101/response_body/gachaScheduleList/2/selectableCharaList/104/charaMessageList/4"",""104/response_body/gachaScheduleList/2/selectableCharaList/104/charaMessageList/4""]"
1025	11	私の願いは間違いなく国を動かしてる…		[]	fuzzy_review	official_cn_key_not_present	2	"[""101/response_body/gachaScheduleList/2/selectableCharaList/104/charaMessageList/5"",""104/response_body/gachaScheduleList/2/selectableCharaList/104/charaMessageList/5""]"
1025	12	この音声には手を出したくなかったけど…		[]	fuzzy_review	official_cn_key_not_present	2	"[""101/response_body/gachaScheduleList/2/selectableCharaList/104/charaMessageList/6"",""104/response_body/gachaScheduleList/2/selectableCharaList/104/charaMessageList/6""]"
1025	43	田舎娘だからって舐めないでよね		[]	fuzzy_review	official_cn_key_not_present	2	"[""101/response_body/gachaScheduleList/2/selectableCharaList/104/charaMessageList/7"",""104/response_body/gachaScheduleList/2/selectableCharaList/104/charaMessageList/7""]"
1025	44	母さま、時女一心流の技が@輝きました！		[]	fuzzy_review	official_cn_key_not_present	2	"[""101/response_body/gachaScheduleList/2/selectableCharaList/104/charaMessageList/8"",""104/response_body/gachaScheduleList/2/selectableCharaList/104/charaMessageList/8""]"
1025	45	この積み重ねが人々のためになるのよ		[]	fuzzy_review	official_cn_key_not_present	2	"[""101/response_body/gachaScheduleList/2/selectableCharaList/104/charaMessageList/9"",""104/response_body/gachaScheduleList/2/selectableCharaList/104/charaMessageList/9""]"
1025	46	戦う以外の道も見つけたかったわ…		[]	fuzzy_review	official_cn_key_not_present	2	"[""101/response_body/gachaScheduleList/2/selectableCharaList/104/charaMessageList/10"",""104/response_body/gachaScheduleList/2/selectableCharaList/104/charaMessageList/10""]"
1026	6	この集落の方が本当になにもないよ	这个村落里真的什么都没有。	"[""vo_char_1026_00_06_hca""]"	key_aligned	unique_charaNo_messageId_key_and_unique_cn_value	2	"[""101/response_body/gachaScheduleList/2/selectableCharaList/105/charaMessageList/0"",""104/response_body/gachaScheduleList/2/selectableCharaList/105/charaMessageList/0""]"
1026	7	うー、わたしも魚釣るの上手くなりたいっ	唔——，我也想变得擅长钓鱼。	"[""vo_char_1026_00_07_hca""]"	key_aligned	unique_charaNo_messageId_key_and_unique_cn_value	2	"[""101/response_body/gachaScheduleList/2/selectableCharaList/105/charaMessageList/1"",""104/response_body/gachaScheduleList/2/selectableCharaList/105/charaMessageList/1""]"
1026	8	衛星写真にも写らない…集落…	连卫星照片里都不显示的……村落……	"[""vo_char_1026_00_08_hca""]"	key_aligned	unique_charaNo_messageId_key_and_unique_cn_value	2	"[""101/response_body/gachaScheduleList/2/selectableCharaList/105/charaMessageList/2"",""104/response_body/gachaScheduleList/2/selectableCharaList/105/charaMessageList/2""]"
1026	9	警察とか探偵とかヒーローになりたいの	我想变成警察或者侦探这种英雄	"[""vo_char_1026_00_09_hca""]"	key_aligned	unique_charaNo_messageId_key_and_unique_cn_value	2	"[""101/response_body/gachaScheduleList/2/selectableCharaList/105/charaMessageList/3"",""104/response_body/gachaScheduleList/2/selectableCharaList/105/charaMessageList/3""]"
1026	10	理屈ってそんなに必要かな？	所谓的理由真的有那么重要吗？	"[""vo_char_1026_00_10_hca""]"	key_aligned	unique_charaNo_messageId_key_and_unique_cn_value	2	"[""101/response_body/gachaScheduleList/2/selectableCharaList/105/charaMessageList/4"",""104/response_body/gachaScheduleList/2/selectableCharaList/105/charaMessageList/4""]"
1026	11	それで日の本が救われるなら、わたしは…	如果那样就能拯救日出之国的话，我……	"[""vo_char_1026_00_11_hca""]"	key_aligned	unique_charaNo_messageId_key_and_unique_cn_value	2	"[""101/response_body/gachaScheduleList/2/selectableCharaList/105/charaMessageList/5"",""104/response_body/gachaScheduleList/2/selectableCharaList/105/charaMessageList/5""]"
1026	12	この血は、わたしの体にも流れてるの…？	这份血脉，也在我的身体里流淌着？	"[""vo_char_1026_00_12_hca""]"	key_aligned	unique_charaNo_messageId_key_and_unique_cn_value	2	"[""101/response_body/gachaScheduleList/2/selectableCharaList/105/charaMessageList/6"",""104/response_body/gachaScheduleList/2/selectableCharaList/105/charaMessageList/6""]"
1026	43	うんっ、スカッとしたね！	嗯，心情舒爽了！	"[""vo_char_1026_00_43_hca""]"	key_aligned	unique_charaNo_messageId_key_and_unique_cn_value	2	"[""101/response_body/gachaScheduleList/2/selectableCharaList/105/charaMessageList/7"",""104/response_body/gachaScheduleList/2/selectableCharaList/105/charaMessageList/7""]"
1026	44	今日のヒーローはわたしだよ！	今天的英雄是我哦！	"[""vo_char_1026_00_44_hca""]"	key_aligned	unique_charaNo_messageId_key_and_unique_cn_value	2	"[""101/response_body/gachaScheduleList/2/selectableCharaList/105/charaMessageList/8"",""104/response_body/gachaScheduleList/2/selectableCharaList/105/charaMessageList/8""]"
1026	45	この勝利が、@しきたりを変える第一歩！	这份胜利，就是改变成规的第一步！	"[""vo_char_1026_00_45_hca""]"	key_aligned	unique_charaNo_messageId_key_and_unique_cn_value	2	"[""101/response_body/gachaScheduleList/2/selectableCharaList/105/charaMessageList/9"",""104/response_body/gachaScheduleList/2/selectableCharaList/105/charaMessageList/9""]"
1026	46	わたしにも時女の血が@流れてるんだから！	因为我的体内也流淌着时女的血！	"[""vo_char_1026_00_46_hca""]"	key_aligned	unique_charaNo_messageId_key_and_unique_cn_value	2	"[""101/response_body/gachaScheduleList/2/selectableCharaList/105/charaMessageList/10"",""104/response_body/gachaScheduleList/2/selectableCharaList/105/charaMessageList/10""]"
1027	6	本当に都会って便利ですね、驚きばかりです	大都市真的很便利，全都让我惊讶不已	"[""vo_char_1027_00_06_hca""]"	key_aligned	unique_charaNo_messageId_key_and_unique_cn_value	2	"[""101/response_body/gachaScheduleList/2/selectableCharaList/106/charaMessageList/0"",""104/response_body/gachaScheduleList/2/selectableCharaList/106/charaMessageList/0""]"
1027	7	時女の魔法少女にとって私は異質なんです	对时女的魔法少女而言，我是异质的	"[""vo_char_1027_00_07_hca""]"	key_aligned	unique_charaNo_messageId_key_and_unique_cn_value	2	"[""101/response_body/gachaScheduleList/2/selectableCharaList/106/charaMessageList/1"",""104/response_body/gachaScheduleList/2/selectableCharaList/106/charaMessageList/1""]"
1027	8	こっ、このキャラクター、かわいいです！	这、这个角色，好可爱！	"[""vo_char_1027_00_08_hca""]"	key_aligned	unique_charaNo_messageId_key_and_unique_cn_value	2	"[""101/response_body/gachaScheduleList/2/selectableCharaList/106/charaMessageList/2"",""104/response_body/gachaScheduleList/2/selectableCharaList/106/charaMessageList/2""]"
1027	9	一度背負った罪は生涯下ろせないんですよ…	一度背负的罪孽将伴随一生呢…	"[""vo_char_1027_00_09_hca""]"	key_aligned	unique_charaNo_messageId_key_and_unique_cn_value	2	"[""101/response_body/gachaScheduleList/2/selectableCharaList/106/charaMessageList/3"",""104/response_body/gachaScheduleList/2/selectableCharaList/106/charaMessageList/3""]"
1027	10	みんなホームシックにならないか、心配です	我很担心大家会不会想家	"[""vo_char_1027_00_10_hca""]"	key_aligned	unique_charaNo_messageId_key_and_unique_cn_value	2	"[""101/response_body/gachaScheduleList/2/selectableCharaList/106/charaMessageList/4"",""104/response_body/gachaScheduleList/2/selectableCharaList/106/charaMessageList/4""]"
1027	11	今日は公民館でボランティアなんですよっ	今天要去公民馆当志愿者哦	"[""vo_char_1027_00_11_hca""]"	key_aligned	unique_charaNo_messageId_key_and_unique_cn_value	2	"[""101/response_body/gachaScheduleList/2/selectableCharaList/106/charaMessageList/5"",""104/response_body/gachaScheduleList/2/selectableCharaList/106/charaMessageList/5""]"
1027	12	古い慣習の軛から、どうか解かれますように	但愿我们都能从旧习的桎梏中挣脱出来	"[""vo_char_1027_00_12_hca""]"	key_aligned	unique_charaNo_messageId_key_and_unique_cn_value	2	"[""101/response_body/gachaScheduleList/2/selectableCharaList/106/charaMessageList/6"",""104/response_body/gachaScheduleList/2/selectableCharaList/106/charaMessageList/6""]"
1027	43	私たちの目的のために、@すみません…！	为了我们的目的，对不起了…！	"[""vo_char_1027_00_43_hca""]"	key_aligned	unique_charaNo_messageId_key_and_unique_cn_value	2	"[""101/response_body/gachaScheduleList/2/selectableCharaList/106/charaMessageList/7"",""104/response_body/gachaScheduleList/2/selectableCharaList/106/charaMessageList/7""]"
1027	44	これが過去を払拭する@一歩になれば嬉しい	希望这能成为抹除过去的一小步	"[""vo_char_1027_00_44_hca""]"	key_aligned	unique_charaNo_messageId_key_and_unique_cn_value	2	"[""101/response_body/gachaScheduleList/2/selectableCharaList/106/charaMessageList/8"",""104/response_body/gachaScheduleList/2/selectableCharaList/106/charaMessageList/8""]"
1027	45	未来が少し明るくなったと思います！	未来变得稍微明朗一些了！	"[""vo_char_1027_00_45_hca""]"	key_aligned	unique_charaNo_messageId_key_and_unique_cn_value	2	"[""101/response_body/gachaScheduleList/2/selectableCharaList/106/charaMessageList/9"",""104/response_body/gachaScheduleList/2/selectableCharaList/106/charaMessageList/9""]"
1027	46	あ、急がないと！@お手伝いの時間なのに！	啊，得赶紧了！都到了该去帮忙的时间了！	"[""vo_char_1027_00_46_hca""]"	key_aligned	unique_charaNo_messageId_key_and_unique_cn_value	2	"[""101/response_body/gachaScheduleList/2/selectableCharaList/106/charaMessageList/10"",""104/response_body/gachaScheduleList/2/selectableCharaList/106/charaMessageList/10""]"
1028	6	持ち寄りパーティーもアリ寄りのアリ！		[]	fuzzy_review	official_cn_key_not_present	2	"[""101/response_body/gachaScheduleList/2/selectableCharaList/107/charaMessageList/0"",""104/response_body/gachaScheduleList/2/selectableCharaList/107/charaMessageList/0""]"
1028	7	ほらほら、近くに来ないと写んないって		[]	fuzzy_review	official_cn_key_not_present	2	"[""101/response_body/gachaScheduleList/2/selectableCharaList/107/charaMessageList/1"",""104/response_body/gachaScheduleList/2/selectableCharaList/107/charaMessageList/1""]"
1028	8	あ…！ここにいたんだね…ヒコ君…		[]	fuzzy_review	official_cn_key_not_present	2	"[""101/response_body/gachaScheduleList/2/selectableCharaList/107/charaMessageList/2"",""104/response_body/gachaScheduleList/2/selectableCharaList/107/charaMessageList/2""]"
1028	9	ありがとう…一生大切にするね…		[]	fuzzy_review	official_cn_key_not_present	2	"[""101/response_body/gachaScheduleList/2/selectableCharaList/107/charaMessageList/3"",""104/response_body/gachaScheduleList/2/selectableCharaList/107/charaMessageList/3""]"
1028	10	おかしいのはみんなのほうだから！		[]	fuzzy_review	official_cn_key_not_present	2	"[""101/response_body/gachaScheduleList/2/selectableCharaList/107/charaMessageList/4"",""104/response_body/gachaScheduleList/2/selectableCharaList/107/charaMessageList/4""]"
1028	11	スマホの充電なくなった～…ぴえん		[]	fuzzy_review	official_cn_key_not_present	2	"[""101/response_body/gachaScheduleList/2/selectableCharaList/107/charaMessageList/5"",""104/response_body/gachaScheduleList/2/selectableCharaList/107/charaMessageList/5""]"
1028	12	ちょっとちょっと！もっと喜んでよ？		[]	fuzzy_review	official_cn_key_not_present	2	"[""101/response_body/gachaScheduleList/2/selectableCharaList/107/charaMessageList/6"",""104/response_body/gachaScheduleList/2/selectableCharaList/107/charaMessageList/6""]"
1028	43	え、もう終わり？レベチだったかー		[]	fuzzy_review	official_cn_key_not_present	2	"[""101/response_body/gachaScheduleList/2/selectableCharaList/107/charaMessageList/7"",""104/response_body/gachaScheduleList/2/selectableCharaList/107/charaMessageList/7""]"
1028	44	私チャンとヒコ君しか勝たん！		[]	fuzzy_review	official_cn_key_not_present	2	"[""101/response_body/gachaScheduleList/2/selectableCharaList/107/charaMessageList/8"",""104/response_body/gachaScheduleList/2/selectableCharaList/107/charaMessageList/8""]"
1028	45	もうちょいで天辺も取れるかも@キャハッ★		[]	fuzzy_review	official_cn_key_not_present	2	"[""101/response_body/gachaScheduleList/2/selectableCharaList/107/charaMessageList/9"",""104/response_body/gachaScheduleList/2/selectableCharaList/107/charaMessageList/9""]"
1028	46	これでふたりっきりになれるね@ヒコ君		[]	fuzzy_review	official_cn_key_not_present	2	"[""101/response_body/gachaScheduleList/2/selectableCharaList/107/charaMessageList/10"",""104/response_body/gachaScheduleList/2/selectableCharaList/107/charaMessageList/10""]"
1029	6	ぼく、ここでも弱い…	我是、这么地弱小……	"[""vo_char_1029_00_06_hca""]"	key_aligned	unique_charaNo_messageId_key_and_unique_cn_value	2	"[""101/response_body/gachaScheduleList/2/selectableCharaList/108/charaMessageList/0"",""104/response_body/gachaScheduleList/2/selectableCharaList/108/charaMessageList/0""]"
1029	7	はぐむの膝枕が好き	好喜欢育梦的膝枕……	"[""vo_char_1029_00_07_hca""]"	key_aligned	unique_charaNo_messageId_key_and_unique_cn_value	2	"[""101/response_body/gachaScheduleList/2/selectableCharaList/108/charaMessageList/1"",""104/response_body/gachaScheduleList/2/selectableCharaList/108/charaMessageList/1""]"
1029	8	どうして母はフラフラしてるのかな	为什么妈妈会那么容易上当呢？	"[""vo_char_1029_00_08_hca""]"	key_aligned	unique_charaNo_messageId_key_and_unique_cn_value	2	"[""101/response_body/gachaScheduleList/2/selectableCharaList/108/charaMessageList/2"",""104/response_body/gachaScheduleList/2/selectableCharaList/108/charaMessageList/2""]"
1029	9	灯花様の言葉が、ぼくの救い	灯花大人的话语，就是我的救赎。	"[""vo_char_1029_00_09_hca""]"	key_aligned	unique_charaNo_messageId_key_and_unique_cn_value	2	"[""101/response_body/gachaScheduleList/2/selectableCharaList/108/charaMessageList/3"",""104/response_body/gachaScheduleList/2/selectableCharaList/108/charaMessageList/3""]"
1029	10	やだ、あっち行け	别这样，快去那边。	"[""vo_char_1029_00_10_hca""]"	key_aligned	unique_charaNo_messageId_key_and_unique_cn_value	2	"[""101/response_body/gachaScheduleList/2/selectableCharaList/108/charaMessageList/4"",""104/response_body/gachaScheduleList/2/selectableCharaList/108/charaMessageList/4""]"
1029	11	すごい、このキーボードの打ち心地、いいね	好厉害，这个键盘敲起来真舒服呢。	"[""vo_char_1029_00_11_hca""]"	key_aligned	unique_charaNo_messageId_key_and_unique_cn_value	2	"[""101/response_body/gachaScheduleList/2/selectableCharaList/108/charaMessageList/5"",""104/response_body/gachaScheduleList/2/selectableCharaList/108/charaMessageList/5""]"
1029	12	動いたっ、ぼくのプログラムで…！	动了，它靠我的程序动起来了……！	"[""vo_char_1029_00_12_hca""]"	key_aligned	unique_charaNo_messageId_key_and_unique_cn_value	2	"[""101/response_body/gachaScheduleList/2/selectableCharaList/108/charaMessageList/6"",""104/response_body/gachaScheduleList/2/selectableCharaList/108/charaMessageList/6""]"
1029	43	おす、これでおわり	好，这样就结束了。	"[""vo_char_1029_00_43_hca""]"	key_aligned	unique_charaNo_messageId_key_and_unique_cn_value	2	"[""101/response_body/gachaScheduleList/2/selectableCharaList/108/charaMessageList/7"",""104/response_body/gachaScheduleList/2/selectableCharaList/108/charaMessageList/7""]"
1029	44	３・２・１、はいアウト	3、2、1，好了，出局。	"[""vo_char_1029_00_44_hca""]"	key_aligned	unique_charaNo_messageId_key_and_unique_cn_value	2	"[""101/response_body/gachaScheduleList/2/selectableCharaList/108/charaMessageList/8"",""104/response_body/gachaScheduleList/2/selectableCharaList/108/charaMessageList/8""]"
1029	45	これで少しだけ、理想に近付けた？	这样，我是不是就稍微接近了一点理想？	"[""vo_char_1029_00_45_hca""]"	key_aligned	unique_charaNo_messageId_key_and_unique_cn_value	2	"[""101/response_body/gachaScheduleList/2/selectableCharaList/108/charaMessageList/9"",""104/response_body/gachaScheduleList/2/selectableCharaList/108/charaMessageList/9""]"
1029	46	もう退けないところまできたよ	我已经走到了再也无法后退的地方哦。	"[""vo_char_1029_00_46_hca""]"	key_aligned	unique_charaNo_messageId_key_and_unique_cn_value	2	"[""101/response_body/gachaScheduleList/2/selectableCharaList/108/charaMessageList/10"",""104/response_body/gachaScheduleList/2/selectableCharaList/108/charaMessageList/10""]"
1030	6	ガラスの靴…私にもあったらいいのに…	玻璃鞋……如果我也有一双就好了啊……	"[""vo_char_1030_00_06_hca""]"	key_aligned	unique_charaNo_messageId_key_and_unique_cn_value	2	"[""101/response_body/gachaScheduleList/2/selectableCharaList/109/charaMessageList/0"",""104/response_body/gachaScheduleList/2/selectableCharaList/109/charaMessageList/0""]"
1030	7	時雨ちゃん、今日ヒマかな？お話したいなぁ	时雨，今天有空吗？好想跟你聊聊天啊。	"[""vo_char_1030_00_07_hca""]"	key_aligned	unique_charaNo_messageId_key_and_unique_cn_value	2	"[""101/response_body/gachaScheduleList/2/selectableCharaList/109/charaMessageList/1"",""104/response_body/gachaScheduleList/2/selectableCharaList/109/charaMessageList/1""]"
1030	8	…うぅ、ドジしたいわけじゃないもん…	……呜呜，我也不想这么笨手笨脚的啊……	"[""vo_char_1030_00_08_hca""]"	key_aligned	unique_charaNo_messageId_key_and_unique_cn_value	2	"[""101/response_body/gachaScheduleList/2/selectableCharaList/109/charaMessageList/2"",""104/response_body/gachaScheduleList/2/selectableCharaList/109/charaMessageList/2""]"
1030	9	あっ！このテープカッター可愛い！	啊！这个胶带切割器好可爱！	"[""vo_char_1030_00_09_hca""]"	key_aligned	unique_charaNo_messageId_key_and_unique_cn_value	2	"[""101/response_body/gachaScheduleList/2/selectableCharaList/109/charaMessageList/3"",""104/response_body/gachaScheduleList/2/selectableCharaList/109/charaMessageList/3""]"
1030	10	わ、笑わないでってばぁ…もうっ…	别、别笑啦……真是的……	"[""vo_char_1030_00_10_hca""]"	key_aligned	unique_charaNo_messageId_key_and_unique_cn_value	2	"[""101/response_body/gachaScheduleList/2/selectableCharaList/109/charaMessageList/4"",""104/response_body/gachaScheduleList/2/selectableCharaList/109/charaMessageList/4""]"
1030	11	「ワー、イイ天気ダナ」…セリフ読み苦手…	“哇，天气真好”……我不擅长念台词啊……	"[""vo_char_1030_00_11_hca""]"	key_aligned	unique_charaNo_messageId_key_and_unique_cn_value	2	"[""101/response_body/gachaScheduleList/2/selectableCharaList/109/charaMessageList/5"",""104/response_body/gachaScheduleList/2/selectableCharaList/109/charaMessageList/5""]"
1030	12	ユニオン…灯花様もねむ様もいるけど…	联盟……虽然灯花和音梦大人都在那，但……	"[""vo_char_1030_00_12_hca""]"	key_aligned	unique_charaNo_messageId_key_and_unique_cn_value	2	"[""101/response_body/gachaScheduleList/2/selectableCharaList/109/charaMessageList/6"",""104/response_body/gachaScheduleList/2/selectableCharaList/109/charaMessageList/6""]"
1030	43	はぁ…なんとかなった…よね？	哈……总算是做到了……吧？	"[""vo_char_1030_00_43_hca""]"	key_aligned	unique_charaNo_messageId_key_and_unique_cn_value	2	"[""101/response_body/gachaScheduleList/2/selectableCharaList/109/charaMessageList/7"",""104/response_body/gachaScheduleList/2/selectableCharaList/109/charaMessageList/7""]"
1030	44	ふぅ…生き残れてよかった…	呼……能存活下来真是太好了……	"[""vo_char_1030_00_44_hca""]"	key_aligned	unique_charaNo_messageId_key_and_unique_cn_value	2	"[""101/response_body/gachaScheduleList/2/selectableCharaList/109/charaMessageList/8"",""104/response_body/gachaScheduleList/2/selectableCharaList/109/charaMessageList/8""]"
1030	45	勝てた…！少し自信を持てるかも	赢了……！说不定，我能稍微有点自信了。	"[""vo_char_1030_00_45_hca""]"	key_aligned	unique_charaNo_messageId_key_and_unique_cn_value	2	"[""101/response_body/gachaScheduleList/2/selectableCharaList/109/charaMessageList/9"",""104/response_body/gachaScheduleList/2/selectableCharaList/109/charaMessageList/9""]"
1030	46	私だって、十分戦える…！	就算是我，也是有相当的战斗能力的……！	"[""vo_char_1030_00_46_hca""]"	key_aligned	unique_charaNo_messageId_key_and_unique_cn_value	2	"[""101/response_body/gachaScheduleList/2/selectableCharaList/109/charaMessageList/10"",""104/response_body/gachaScheduleList/2/selectableCharaList/109/charaMessageList/10""]"
1031	6	ミユ、私の足をまじまじ見るのは良くないわ		[]	fuzzy_review	official_cn_key_not_present	2	"[""101/response_body/gachaScheduleList/2/selectableCharaList/110/charaMessageList/0"",""104/response_body/gachaScheduleList/2/selectableCharaList/110/charaMessageList/0""]"
1031	7	ほんと、青年会の人はみんな古いんだから…		[]	fuzzy_review	official_cn_key_not_present	2	"[""101/response_body/gachaScheduleList/2/selectableCharaList/110/charaMessageList/1"",""104/response_body/gachaScheduleList/2/selectableCharaList/110/charaMessageList/1""]"
1031	8	この祭りが私の全てを形作ったのよ		[]	fuzzy_review	official_cn_key_not_present	2	"[""101/response_body/gachaScheduleList/2/selectableCharaList/110/charaMessageList/2"",""104/response_body/gachaScheduleList/2/selectableCharaList/110/charaMessageList/2""]"
1031	9	終わりにさせない…私が、絶対に…!!		[]	fuzzy_review	official_cn_key_not_present	2	"[""101/response_body/gachaScheduleList/2/selectableCharaList/110/charaMessageList/3"",""104/response_body/gachaScheduleList/2/selectableCharaList/110/charaMessageList/3""]"
1031	10	姫様にだって神になりたい理由があるはずよ		[]	fuzzy_review	official_cn_key_not_present	2	"[""101/response_body/gachaScheduleList/2/selectableCharaList/110/charaMessageList/4"",""104/response_body/gachaScheduleList/2/selectableCharaList/110/charaMessageList/4""]"
1031	11	私は私にとって愛おしい日々を守るだけよ		[]	fuzzy_review	official_cn_key_not_present	2	"[""101/response_body/gachaScheduleList/2/selectableCharaList/110/charaMessageList/5"",""104/response_body/gachaScheduleList/2/selectableCharaList/110/charaMessageList/5""]"
1031	12	安積と宮尾は鍛えがいがあって楽しいわ		[]	fuzzy_review	official_cn_key_not_present	2	"[""101/response_body/gachaScheduleList/2/selectableCharaList/110/charaMessageList/6"",""104/response_body/gachaScheduleList/2/selectableCharaList/110/charaMessageList/6""]"
1031	43	害を取り除くのは当然よ		[]	fuzzy_review	official_cn_key_not_present	2	"[""101/response_body/gachaScheduleList/2/selectableCharaList/110/charaMessageList/7"",""104/response_body/gachaScheduleList/2/selectableCharaList/110/charaMessageList/7""]"
1031	44	次に抗う者は前に出なさい		[]	fuzzy_review	official_cn_key_not_present	2	"[""101/response_body/gachaScheduleList/2/selectableCharaList/110/charaMessageList/8"",""104/response_body/gachaScheduleList/2/selectableCharaList/110/charaMessageList/8""]"
1031	45	これが理想への一歩になるわ		[]	fuzzy_review	official_cn_key_not_present	2	"[""101/response_body/gachaScheduleList/2/selectableCharaList/110/charaMessageList/9"",""104/response_body/gachaScheduleList/2/selectableCharaList/110/charaMessageList/9""]"
1031	46	さぁ、頂きは近いわよ！		[]	fuzzy_review	official_cn_key_not_present	2	"[""101/response_body/gachaScheduleList/2/selectableCharaList/110/charaMessageList/10"",""104/response_body/gachaScheduleList/2/selectableCharaList/110/charaMessageList/10""]"
1032	6	ミ、ミユだって好きで緊張してるわけじゃ…		[]	fuzzy_review	official_cn_key_not_present	2	"[""101/response_body/gachaScheduleList/2/selectableCharaList/111/charaMessageList/0"",""104/response_body/gachaScheduleList/2/selectableCharaList/111/charaMessageList/0""]"
1032	7	あの瞬間、ミユの世界は色づいたんです		[]	fuzzy_review	official_cn_key_not_present	2	"[""101/response_body/gachaScheduleList/2/selectableCharaList/111/charaMessageList/1"",""104/response_body/gachaScheduleList/2/selectableCharaList/111/charaMessageList/1""]"
1032	8	燦様のおみ足…あぁもう、想像するだけで…		[]	fuzzy_review	official_cn_key_not_present	2	"[""101/response_body/gachaScheduleList/2/selectableCharaList/111/charaMessageList/2"",""104/response_body/gachaScheduleList/2/selectableCharaList/111/charaMessageList/2""]"
1032	9	すごい、すごい…！ミユ、風を切ってます！		[]	fuzzy_review	official_cn_key_not_present	2	"[""101/response_body/gachaScheduleList/2/selectableCharaList/111/charaMessageList/3"",""104/response_body/gachaScheduleList/2/selectableCharaList/111/charaMessageList/3""]"
1032	10	あぁ、ミユは緊張して飛んじゃいそうです…		[]	fuzzy_review	official_cn_key_not_present	2	"[""101/response_body/gachaScheduleList/2/selectableCharaList/111/charaMessageList/4"",""104/response_body/gachaScheduleList/2/selectableCharaList/111/charaMessageList/4""]"
1032	11	ミユは、変…なのかもしれません		[]	fuzzy_review	official_cn_key_not_present	2	"[""101/response_body/gachaScheduleList/2/selectableCharaList/111/charaMessageList/5"",""104/response_body/gachaScheduleList/2/selectableCharaList/111/charaMessageList/5""]"
1032	12	宮尾と安積はもう少し食べた方がいいです		[]	fuzzy_review	official_cn_key_not_present	2	"[""101/response_body/gachaScheduleList/2/selectableCharaList/111/charaMessageList/6"",""104/response_body/gachaScheduleList/2/selectableCharaList/111/charaMessageList/6""]"
1032	43	ミユは燦様の秘密兵器ですから！		[]	fuzzy_review	official_cn_key_not_present	2	"[""101/response_body/gachaScheduleList/2/selectableCharaList/111/charaMessageList/7"",""104/response_body/gachaScheduleList/2/selectableCharaList/111/charaMessageList/7""]"
1032	44	…はっ！ミユ、やりました!?		[]	fuzzy_review	official_cn_key_not_present	2	"[""101/response_body/gachaScheduleList/2/selectableCharaList/111/charaMessageList/8"",""104/response_body/gachaScheduleList/2/selectableCharaList/111/charaMessageList/8""]"
1032	45	燦様、燦様！やりましたね！		[]	fuzzy_review	official_cn_key_not_present	2	"[""101/response_body/gachaScheduleList/2/selectableCharaList/111/charaMessageList/9"",""104/response_body/gachaScheduleList/2/selectableCharaList/111/charaMessageList/9""]"
1032	46	逆らったことを後悔するがいいです！		[]	fuzzy_review	official_cn_key_not_present	2	"[""101/response_body/gachaScheduleList/2/selectableCharaList/111/charaMessageList/10"",""104/response_body/gachaScheduleList/2/selectableCharaList/111/charaMessageList/10""]"
1033	6	救われるようにできている…はずだった		[]	fuzzy_review	official_cn_key_not_present	2	"[""101/response_body/gachaScheduleList/2/selectableCharaList/112/charaMessageList/0"",""104/response_body/gachaScheduleList/2/selectableCharaList/112/charaMessageList/0""]"
1033	7	顔を上げてください、那由他様		[]	fuzzy_review	official_cn_key_not_present	2	"[""101/response_body/gachaScheduleList/2/selectableCharaList/112/charaMessageList/1"",""104/response_body/gachaScheduleList/2/selectableCharaList/112/charaMessageList/1""]"
1033	8	私の仕事を見学…ですか？		[]	fuzzy_review	official_cn_key_not_present	2	"[""101/response_body/gachaScheduleList/2/selectableCharaList/112/charaMessageList/2"",""104/response_body/gachaScheduleList/2/selectableCharaList/112/charaMessageList/2""]"
1033	9	いずれ皆、呑まれるはず…諦念に		[]	fuzzy_review	official_cn_key_not_present	2	"[""101/response_body/gachaScheduleList/2/selectableCharaList/112/charaMessageList/3"",""104/response_body/gachaScheduleList/2/selectableCharaList/112/charaMessageList/3""]"
1033	10	まったく…那由他様は次から次へと…		[]	fuzzy_review	official_cn_key_not_present	2	"[""101/response_body/gachaScheduleList/2/selectableCharaList/112/charaMessageList/4"",""104/response_body/gachaScheduleList/2/selectableCharaList/112/charaMessageList/4""]"
1033	11	家族に救われて、今の私があるんです		[]	fuzzy_review	official_cn_key_not_present	2	"[""101/response_body/gachaScheduleList/2/selectableCharaList/112/charaMessageList/5"",""104/response_body/gachaScheduleList/2/selectableCharaList/112/charaMessageList/5""]"
1033	12	友人が少なかったのには理由があるんですよ		[]	fuzzy_review	official_cn_key_not_present	2	"[""101/response_body/gachaScheduleList/2/selectableCharaList/112/charaMessageList/6"",""104/response_body/gachaScheduleList/2/selectableCharaList/112/charaMessageList/6""]"
1033	43	大丈夫、行きつく先は皆同じだから		[]	fuzzy_review	official_cn_key_not_present	2	"[""101/response_body/gachaScheduleList/2/selectableCharaList/112/charaMessageList/7"",""104/response_body/gachaScheduleList/2/selectableCharaList/112/charaMessageList/7""]"
1033	44	たとえ勝利を得ても@魔法少女には意味がない		[]	fuzzy_review	official_cn_key_not_present	2	"[""101/response_body/gachaScheduleList/2/selectableCharaList/112/charaMessageList/8"",""104/response_body/gachaScheduleList/2/selectableCharaList/112/charaMessageList/8""]"
1033	45	せめて、苦しんでいなければいいけど		[]	fuzzy_review	official_cn_key_not_present	2	"[""101/response_body/gachaScheduleList/2/selectableCharaList/112/charaMessageList/9"",""104/response_body/gachaScheduleList/2/selectableCharaList/112/charaMessageList/9""]"
1033	46	どちらにせよ、皆救われないのは同じ		[]	fuzzy_review	official_cn_key_not_present	2	"[""101/response_body/gachaScheduleList/2/selectableCharaList/112/charaMessageList/10"",""104/response_body/gachaScheduleList/2/selectableCharaList/112/charaMessageList/10""]"
1034	6	干渉されるのは好きじゃないでありますよ		[]	fuzzy_review	official_cn_key_not_present	2	"[""101/response_body/gachaScheduleList/2/selectableCharaList/113/charaMessageList/0"",""104/response_body/gachaScheduleList/2/selectableCharaList/113/charaMessageList/0""]"
1034	7	っくし…うぅ…誰かが我の噂話を…？		[]	fuzzy_review	official_cn_key_not_present	2	"[""101/response_body/gachaScheduleList/2/selectableCharaList/113/charaMessageList/1"",""104/response_body/gachaScheduleList/2/selectableCharaList/113/charaMessageList/1""]"
1034	8	あちっ…失敬、気を抜いたでありますよ		[]	fuzzy_review	official_cn_key_not_present	2	"[""101/response_body/gachaScheduleList/2/selectableCharaList/113/charaMessageList/2"",""104/response_body/gachaScheduleList/2/selectableCharaList/113/charaMessageList/2""]"
1034	9	三浦旭、16歳…以上であります		[]	fuzzy_review	official_cn_key_not_present	2	"[""101/response_body/gachaScheduleList/2/selectableCharaList/113/charaMessageList/3"",""104/response_body/gachaScheduleList/2/selectableCharaList/113/charaMessageList/3""]"
1034	10	時女一族は、みんな優しい人たちであります		[]	fuzzy_review	official_cn_key_not_present	2	"[""101/response_body/gachaScheduleList/2/selectableCharaList/113/charaMessageList/4"",""104/response_body/gachaScheduleList/2/selectableCharaList/113/charaMessageList/4""]"
1034	11	星に願いを捧げるなら…我は…		[]	fuzzy_review	official_cn_key_not_present	2	"[""101/response_body/gachaScheduleList/2/selectableCharaList/113/charaMessageList/5"",""104/response_body/gachaScheduleList/2/selectableCharaList/113/charaMessageList/5""]"
1034	12	願いなど、いまさらないでありますが…		[]	fuzzy_review	official_cn_key_not_present	2	"[""101/response_body/gachaScheduleList/2/selectableCharaList/113/charaMessageList/6"",""104/response_body/gachaScheduleList/2/selectableCharaList/113/charaMessageList/6""]"
1034	43	いつ終わろうと同じことでありますよ		[]	fuzzy_review	official_cn_key_not_present	2	"[""101/response_body/gachaScheduleList/2/selectableCharaList/113/charaMessageList/7"",""104/response_body/gachaScheduleList/2/selectableCharaList/113/charaMessageList/7""]"
1034	44	苦しまずに逝かせられたのなら@幸いであります		[]	fuzzy_review	official_cn_key_not_present	2	"[""101/response_body/gachaScheduleList/2/selectableCharaList/113/charaMessageList/8"",""104/response_body/gachaScheduleList/2/selectableCharaList/113/charaMessageList/8""]"
1034	45	我の狩猟スキルを@なめないでほしいであります		[]	fuzzy_review	official_cn_key_not_present	2	"[""101/response_body/gachaScheduleList/2/selectableCharaList/113/charaMessageList/9"",""104/response_body/gachaScheduleList/2/selectableCharaList/113/charaMessageList/9""]"
1034	46	我にも、@救えるものがあったのでありますね		[]	fuzzy_review	official_cn_key_not_present	2	"[""101/response_body/gachaScheduleList/2/selectableCharaList/113/charaMessageList/10"",""104/response_body/gachaScheduleList/2/selectableCharaList/113/charaMessageList/10""]"
1035	6	さぁ、私の音色で心地良くなってください♪		[]	fuzzy_review	official_cn_key_not_present	2	"[""101/response_body/gachaScheduleList/2/selectableCharaList/114/charaMessageList/0"",""104/response_body/gachaScheduleList/2/selectableCharaList/114/charaMessageList/0""]"
1035	7	私から見れば、先生は魅力的なんです！		[]	fuzzy_review	official_cn_key_not_present	2	"[""101/response_body/gachaScheduleList/2/selectableCharaList/114/charaMessageList/1"",""104/response_body/gachaScheduleList/2/selectableCharaList/114/charaMessageList/1""]"
1035	8	ひめちゃんの恋を応援したいけど…		[]	fuzzy_review	official_cn_key_not_present	2	"[""101/response_body/gachaScheduleList/2/selectableCharaList/114/charaMessageList/2"",""104/response_body/gachaScheduleList/2/selectableCharaList/114/charaMessageList/2""]"
1035	9	私たちは最初から救いがない存在…		[]	fuzzy_review	official_cn_key_not_present	2	"[""101/response_body/gachaScheduleList/2/selectableCharaList/114/charaMessageList/3"",""104/response_body/gachaScheduleList/2/selectableCharaList/114/charaMessageList/3""]"
1035	10	恋心が失われるとこんなに空虚なんですね…		[]	fuzzy_review	official_cn_key_not_present	2	"[""101/response_body/gachaScheduleList/2/selectableCharaList/114/charaMessageList/4"",""104/response_body/gachaScheduleList/2/selectableCharaList/114/charaMessageList/4""]"
1035	11	甘いものは女の子のエネルギーです♪		[]	fuzzy_review	official_cn_key_not_present	2	"[""101/response_body/gachaScheduleList/2/selectableCharaList/114/charaMessageList/5"",""104/response_body/gachaScheduleList/2/selectableCharaList/114/charaMessageList/5""]"
1035	12	いずれ訪れますよ、私が居なくなる時が…		[]	fuzzy_review	official_cn_key_not_present	2	"[""101/response_body/gachaScheduleList/2/selectableCharaList/114/charaMessageList/6"",""104/response_body/gachaScheduleList/2/selectableCharaList/114/charaMessageList/6""]"
1035	43	ゆっくり眠れましたか？		[]	fuzzy_review	official_cn_key_not_present	2	"[""101/response_body/gachaScheduleList/2/selectableCharaList/114/charaMessageList/7"",""104/response_body/gachaScheduleList/2/selectableCharaList/114/charaMessageList/7""]"
1035	44	きっと苦しまずに終わったはずです♪		[]	fuzzy_review	official_cn_key_not_present	2	"[""101/response_body/gachaScheduleList/2/selectableCharaList/114/charaMessageList/8"",""104/response_body/gachaScheduleList/2/selectableCharaList/114/charaMessageList/8""]"
1035	45	せーので勝利の歌を始めましょう♪		[]	fuzzy_review	official_cn_key_not_present	2	"[""101/response_body/gachaScheduleList/2/selectableCharaList/114/charaMessageList/9"",""104/response_body/gachaScheduleList/2/selectableCharaList/114/charaMessageList/9""]"
1035	46	終末にはレクイエムを捧げます		[]	fuzzy_review	official_cn_key_not_present	2	"[""101/response_body/gachaScheduleList/2/selectableCharaList/114/charaMessageList/10"",""104/response_body/gachaScheduleList/2/selectableCharaList/114/charaMessageList/10""]"
1036	6	うぅ…またドジしちゃったんよ…		[]	fuzzy_review	official_cn_key_not_present	2	"[""101/response_body/gachaScheduleList/2/selectableCharaList/115/charaMessageList/0"",""104/response_body/gachaScheduleList/2/selectableCharaList/115/charaMessageList/0""]"
1036	7	ウチがディアボロのコーチをやるのん!?		[]	fuzzy_review	official_cn_key_not_present	2	"[""101/response_body/gachaScheduleList/2/selectableCharaList/115/charaMessageList/1"",""104/response_body/gachaScheduleList/2/selectableCharaList/115/charaMessageList/1""]"
1036	8	やっぱりラビさんはすごい…憧れなんよ！		[]	fuzzy_review	official_cn_key_not_present	2	"[""101/response_body/gachaScheduleList/2/selectableCharaList/115/charaMessageList/2"",""104/response_body/gachaScheduleList/2/selectableCharaList/115/charaMessageList/2""]"
1036	9	ウチも頼られたいんよ～！		[]	fuzzy_review	official_cn_key_not_present	2	"[""101/response_body/gachaScheduleList/2/selectableCharaList/115/charaMessageList/3"",""104/response_body/gachaScheduleList/2/selectableCharaList/115/charaMessageList/3""]"
1036	10	どうしたら、すれ違わずに済んだのん…？		[]	fuzzy_review	official_cn_key_not_present	2	"[""101/response_body/gachaScheduleList/2/selectableCharaList/115/charaMessageList/4"",""104/response_body/gachaScheduleList/2/selectableCharaList/115/charaMessageList/4""]"
1036	11	あの子はかけがえのない存在なんよ		[]	fuzzy_review	official_cn_key_not_present	2	"[""101/response_body/gachaScheduleList/2/selectableCharaList/115/charaMessageList/5"",""104/response_body/gachaScheduleList/2/selectableCharaList/115/charaMessageList/5""]"
1036	12	もう！また樹里さんのパシリなんよ！		[]	fuzzy_review	official_cn_key_not_present	2	"[""101/response_body/gachaScheduleList/2/selectableCharaList/115/charaMessageList/6"",""104/response_body/gachaScheduleList/2/selectableCharaList/115/charaMessageList/6""]"
1036	43	これに懲りたら改心するんよ！		[]	fuzzy_review	official_cn_key_not_present	2	"[""101/response_body/gachaScheduleList/2/selectableCharaList/115/charaMessageList/7"",""104/response_body/gachaScheduleList/2/selectableCharaList/115/charaMessageList/7""]"
1036	44	ウチのプレイスタイルに@見惚れちゃったのん？		[]	fuzzy_review	official_cn_key_not_present	2	"[""101/response_body/gachaScheduleList/2/selectableCharaList/115/charaMessageList/8"",""104/response_body/gachaScheduleList/2/selectableCharaList/115/charaMessageList/8""]"
1036	45	勝利を運ぶお手伝いなんよ！		[]	fuzzy_review	official_cn_key_not_present	2	"[""101/response_body/gachaScheduleList/2/selectableCharaList/115/charaMessageList/9"",""104/response_body/gachaScheduleList/2/selectableCharaList/115/charaMessageList/9""]"
1036	46	ウチも誰かの助けになれるんよ…！		[]	fuzzy_review	official_cn_key_not_present	2	"[""101/response_body/gachaScheduleList/2/selectableCharaList/115/charaMessageList/10"",""104/response_body/gachaScheduleList/2/selectableCharaList/115/charaMessageList/10""]"
1037	6	ラビさんは少し私に冷たいんですの…		[]	fuzzy_review	official_cn_key_not_present	2	"[""101/response_body/gachaScheduleList/2/selectableCharaList/116/charaMessageList/0"",""104/response_body/gachaScheduleList/2/selectableCharaList/116/charaMessageList/0""]"
1037	7	私のワガママが…パパとママを…		[]	fuzzy_review	official_cn_key_not_present	2	"[""101/response_body/gachaScheduleList/2/selectableCharaList/116/charaMessageList/1"",""104/response_body/gachaScheduleList/2/selectableCharaList/116/charaMessageList/1""]"
1037	8	私とパパは良きパートナーなんですの！		[]	fuzzy_review	official_cn_key_not_present	2	"[""101/response_body/gachaScheduleList/2/selectableCharaList/116/charaMessageList/2"",""104/response_body/gachaScheduleList/2/selectableCharaList/116/charaMessageList/2""]"
1037	9	これはきっと…パパの足跡ですの！		[]	fuzzy_review	official_cn_key_not_present	2	"[""101/response_body/gachaScheduleList/2/selectableCharaList/116/charaMessageList/3"",""104/response_body/gachaScheduleList/2/selectableCharaList/116/charaMessageList/3""]"
1037	10	魔法少女にも希望はあるはず…		[]	fuzzy_review	official_cn_key_not_present	2	"[""101/response_body/gachaScheduleList/2/selectableCharaList/116/charaMessageList/4"",""104/response_body/gachaScheduleList/2/selectableCharaList/116/charaMessageList/4""]"
1037	11	民俗学だって人のためになるんですの…！		[]	fuzzy_review	official_cn_key_not_present	2	"[""101/response_body/gachaScheduleList/2/selectableCharaList/116/charaMessageList/5"",""104/response_body/gachaScheduleList/2/selectableCharaList/116/charaMessageList/5""]"
1037	12	なゆたん…ふふっ、ちょっと可愛いですの		[]	fuzzy_review	official_cn_key_not_present	2	"[""101/response_body/gachaScheduleList/2/selectableCharaList/116/charaMessageList/6"",""104/response_body/gachaScheduleList/2/selectableCharaList/116/charaMessageList/6""]"
1037	43	ほら、実は戦えるんですの！		[]	fuzzy_review	official_cn_key_not_present	2	"[""101/response_body/gachaScheduleList/2/selectableCharaList/116/charaMessageList/7"",""104/response_body/gachaScheduleList/2/selectableCharaList/116/charaMessageList/7""]"
1037	44	危ない…ギリギリなんですの…！		[]	fuzzy_review	official_cn_key_not_present	2	"[""101/response_body/gachaScheduleList/2/selectableCharaList/116/charaMessageList/8"",""104/response_body/gachaScheduleList/2/selectableCharaList/116/charaMessageList/8""]"
1037	45	パパとみんなを救いますの！		[]	fuzzy_review	official_cn_key_not_present	2	"[""101/response_body/gachaScheduleList/2/selectableCharaList/116/charaMessageList/9"",""104/response_body/gachaScheduleList/2/selectableCharaList/116/charaMessageList/9""]"
1037	46	未来のために、諦めないっ!!		[]	fuzzy_review	official_cn_key_not_present	2	"[""101/response_body/gachaScheduleList/2/selectableCharaList/116/charaMessageList/10"",""104/response_body/gachaScheduleList/2/selectableCharaList/116/charaMessageList/10""]"
1038	6	ミィ、新しい姉ちゃを捜す！		[]	fuzzy_review	official_cn_key_not_present	2	"[""101/response_body/gachaScheduleList/2/selectableCharaList/117/charaMessageList/0"",""104/response_body/gachaScheduleList/2/selectableCharaList/117/charaMessageList/0""]"
1038	7	妹ができればミィって大人じゃないかな!?		[]	fuzzy_review	official_cn_key_not_present	2	"[""101/response_body/gachaScheduleList/2/selectableCharaList/117/charaMessageList/1"",""104/response_body/gachaScheduleList/2/selectableCharaList/117/charaMessageList/1""]"
1038	8	姉ちゃばっかり楽しそうでズルい！		[]	fuzzy_review	official_cn_key_not_present	2	"[""101/response_body/gachaScheduleList/2/selectableCharaList/117/charaMessageList/2"",""104/response_body/gachaScheduleList/2/selectableCharaList/117/charaMessageList/2""]"
1038	9	なゆたんとラビたんも良いお姉ちゃだよ		[]	fuzzy_review	official_cn_key_not_present	2	"[""101/response_body/gachaScheduleList/2/selectableCharaList/117/charaMessageList/3"",""104/response_body/gachaScheduleList/2/selectableCharaList/117/charaMessageList/3""]"
1038	10	ミィが恨まなくて良い世界にするんだからね		[]	fuzzy_review	official_cn_key_not_present	2	"[""101/response_body/gachaScheduleList/2/selectableCharaList/117/charaMessageList/4"",""104/response_body/gachaScheduleList/2/selectableCharaList/117/charaMessageList/4""]"
1038	11	また20円当たった！さすがヨッシャー麺！		[]	fuzzy_review	official_cn_key_not_present	2	"[""101/response_body/gachaScheduleList/2/selectableCharaList/117/charaMessageList/5"",""104/response_body/gachaScheduleList/2/selectableCharaList/117/charaMessageList/5""]"
1038	12	今日ぐらい、悪い子になっちゃおーかなー？		[]	fuzzy_review	official_cn_key_not_present	2	"[""101/response_body/gachaScheduleList/2/selectableCharaList/117/charaMessageList/6"",""104/response_body/gachaScheduleList/2/selectableCharaList/117/charaMessageList/6""]"
1038	43	姉ちゃに調整してもらった@おかげだね！		[]	fuzzy_review	official_cn_key_not_present	2	"[""101/response_body/gachaScheduleList/2/selectableCharaList/117/charaMessageList/7"",""104/response_body/gachaScheduleList/2/selectableCharaList/117/charaMessageList/7""]"
1038	44	身軽さだったら負けないもん！		[]	fuzzy_review	official_cn_key_not_present	2	"[""101/response_body/gachaScheduleList/2/selectableCharaList/117/charaMessageList/8"",""104/response_body/gachaScheduleList/2/selectableCharaList/117/charaMessageList/8""]"
1038	45	ちょっと悪い子になっちゃった！		[]	fuzzy_review	official_cn_key_not_present	2	"[""101/response_body/gachaScheduleList/2/selectableCharaList/117/charaMessageList/9"",""104/response_body/gachaScheduleList/2/selectableCharaList/117/charaMessageList/9""]"
1038	46	次はラビたん連れてくるからねっ！		[]	fuzzy_review	official_cn_key_not_present	2	"[""101/response_body/gachaScheduleList/2/selectableCharaList/117/charaMessageList/10"",""104/response_body/gachaScheduleList/2/selectableCharaList/117/charaMessageList/10""]"
1039	6	１名様、ケアトレーラーにご案内！		[]	fuzzy_review	official_cn_key_not_present	2	"[""101/response_body/gachaScheduleList/2/selectableCharaList/118/charaMessageList/0"",""104/response_body/gachaScheduleList/2/selectableCharaList/118/charaMessageList/0""]"
1039	7	これ、小学生には高すぎるよ…！		[]	fuzzy_review	official_cn_key_not_present	2	"[""101/response_body/gachaScheduleList/2/selectableCharaList/118/charaMessageList/1"",""104/response_body/gachaScheduleList/2/selectableCharaList/118/charaMessageList/1""]"
1039	8	芸能人はあこがれ		[]	fuzzy_review	official_cn_key_not_present	2	"[""101/response_body/gachaScheduleList/2/selectableCharaList/118/charaMessageList/2"",""104/response_body/gachaScheduleList/2/selectableCharaList/118/charaMessageList/2""]"
1039	9	ふたりは、わたしと、同じだよ？		[]	fuzzy_review	official_cn_key_not_present	2	"[""101/response_body/gachaScheduleList/2/selectableCharaList/118/charaMessageList/3"",""104/response_body/gachaScheduleList/2/selectableCharaList/118/charaMessageList/3""]"
1039	10	教卓見えた、赤潮…		[]	fuzzy_review	official_cn_key_not_present	2	"[""101/response_body/gachaScheduleList/2/selectableCharaList/118/charaMessageList/4"",""104/response_body/gachaScheduleList/2/selectableCharaList/118/charaMessageList/4""]"
1039	11	男の言葉…ぐるぐる…巡る…		[]	fuzzy_review	official_cn_key_not_present	2	"[""101/response_body/gachaScheduleList/2/selectableCharaList/118/charaMessageList/5"",""104/response_body/gachaScheduleList/2/selectableCharaList/118/charaMessageList/5""]"
1039	12	仲良くしたいし、したくないし…		[]	fuzzy_review	official_cn_key_not_present	2	"[""101/response_body/gachaScheduleList/2/selectableCharaList/118/charaMessageList/6"",""104/response_body/gachaScheduleList/2/selectableCharaList/118/charaMessageList/6""]"
1039	43	ふんむむ、ふっむむんむむ		[]	fuzzy_review	official_cn_key_not_present	2	"[""101/response_body/gachaScheduleList/2/selectableCharaList/118/charaMessageList/7"",""104/response_body/gachaScheduleList/2/selectableCharaList/118/charaMessageList/7""]"
1039	44	ふんむんむ、ふむむむんむむ…		[]	fuzzy_review	official_cn_key_not_present	2	"[""101/response_body/gachaScheduleList/2/selectableCharaList/118/charaMessageList/8"",""104/response_body/gachaScheduleList/2/selectableCharaList/118/charaMessageList/8""]"
1039	45	ふむむふんむむ、ふんむんふむんむ…		[]	fuzzy_review	official_cn_key_not_present	2	"[""101/response_body/gachaScheduleList/2/selectableCharaList/118/charaMessageList/9"",""104/response_body/gachaScheduleList/2/selectableCharaList/118/charaMessageList/9""]"
1039	46	ふむむんふんむふむむ、@ふむむんむふんむむ…		[]	fuzzy_review	official_cn_key_not_present	2	"[""101/response_body/gachaScheduleList/2/selectableCharaList/118/charaMessageList/10"",""104/response_body/gachaScheduleList/2/selectableCharaList/118/charaMessageList/10""]"
1040	6	昔の自分を思い出すのは恥ずかしいですね	昔の自分を思い出すのは恥ずかしいですね	"[""vo_char_1040_00_06_hca""]"	key_aligned	unique_charaNo_messageId_key_and_unique_cn_value	2	"[""101/response_body/gachaScheduleList/2/selectableCharaList/119/charaMessageList/0"",""104/response_body/gachaScheduleList/2/selectableCharaList/119/charaMessageList/0""]"
1040	7	母親の様な彼女を見ると、少しイラ立ちが…	母親の様な彼女を見ると、少しイラ立ちが…	"[""vo_char_1040_00_07_hca""]"	key_aligned	unique_charaNo_messageId_key_and_unique_cn_value	2	"[""101/response_body/gachaScheduleList/2/selectableCharaList/119/charaMessageList/1"",""104/response_body/gachaScheduleList/2/selectableCharaList/119/charaMessageList/1""]"
1040	8	私は、どこで間違えてしまったのでしょう	私は、どこで間違えてしまったのでしょう	"[""vo_char_1040_00_08_hca""]"	key_aligned	unique_charaNo_messageId_key_and_unique_cn_value	2	"[""101/response_body/gachaScheduleList/2/selectableCharaList/119/charaMessageList/2"",""104/response_body/gachaScheduleList/2/selectableCharaList/119/charaMessageList/2""]"
1040	9	どんな理由であれお客様はもてなします	どんな理由であれお客様はもてなします	"[""vo_char_1040_00_09_hca""]"	key_aligned	unique_charaNo_messageId_key_and_unique_cn_value	2	"[""101/response_body/gachaScheduleList/2/selectableCharaList/119/charaMessageList/3"",""104/response_body/gachaScheduleList/2/selectableCharaList/119/charaMessageList/3""]"
1040	10	死にたくない…卑しい欲望です	死にたくない…卑しい欲望です	"[""vo_char_1040_00_10_hca""]"	key_aligned	unique_charaNo_messageId_key_and_unique_cn_value	2	"[""101/response_body/gachaScheduleList/2/selectableCharaList/119/charaMessageList/4"",""104/response_body/gachaScheduleList/2/selectableCharaList/119/charaMessageList/4""]"
1040	11	素晴らしい…親子のようでした…	素晴らしい…親子のようでした…	"[""vo_char_1040_00_11_hca""]"	key_aligned	unique_charaNo_messageId_key_and_unique_cn_value	2	"[""101/response_body/gachaScheduleList/2/selectableCharaList/119/charaMessageList/5"",""104/response_body/gachaScheduleList/2/selectableCharaList/119/charaMessageList/5""]"
1040	12	習い事はたくさんしましたね	習い事はたくさんしましたね	"[""vo_char_1040_00_12_hca""]"	key_aligned	unique_charaNo_messageId_key_and_unique_cn_value	2	"[""101/response_body/gachaScheduleList/2/selectableCharaList/119/charaMessageList/6"",""104/response_body/gachaScheduleList/2/selectableCharaList/119/charaMessageList/6""]"
1040	43	きょ、強敵でした…！	きょ、強敵でした…！	"[""vo_char_1040_00_43_hca""]"	key_aligned	unique_charaNo_messageId_key_and_unique_cn_value	2	"[""101/response_body/gachaScheduleList/2/selectableCharaList/119/charaMessageList/7"",""104/response_body/gachaScheduleList/2/selectableCharaList/119/charaMessageList/7""]"
1040	44	勝ちたければ、ぜひ調整屋に	勝ちたければ、ぜひ調整屋に	"[""vo_char_1040_00_44_hca""]"	key_aligned	unique_charaNo_messageId_key_and_unique_cn_value	2	"[""101/response_body/gachaScheduleList/2/selectableCharaList/119/charaMessageList/8"",""104/response_body/gachaScheduleList/2/selectableCharaList/119/charaMessageList/8""]"
1040	45	今まで何やってきたんですか？	今まで何やってきたんですか？	"[""vo_char_1040_00_45_hca""]"	key_aligned	unique_charaNo_messageId_key_and_unique_cn_value	2	"[""101/response_body/gachaScheduleList/2/selectableCharaList/119/charaMessageList/9"",""104/response_body/gachaScheduleList/2/selectableCharaList/119/charaMessageList/9""]"
1040	46	死んで詫びろ…!!	死んで詫びろ…!!	"[""vo_char_1040_00_46_hca""]"	key_aligned	unique_charaNo_messageId_key_and_unique_cn_value	2	"[""101/response_body/gachaScheduleList/2/selectableCharaList/119/charaMessageList/10"",""104/response_body/gachaScheduleList/2/selectableCharaList/119/charaMessageList/10""]"
1041	6	これでも、貧乏性なんやで？	这也是，天生穷命之类的？	"[""vo_char_1041_00_06_hca""]"	key_aligned	unique_charaNo_messageId_key_and_unique_cn_value	2	"[""101/response_body/gachaScheduleList/2/selectableCharaList/120/charaMessageList/0"",""104/response_body/gachaScheduleList/2/selectableCharaList/120/charaMessageList/0""]"
1041	7	ケアトレーラーも立派になったもんやわ	调整用房车也变得有模有样了啊	"[""vo_char_1041_00_07_hca""]"	key_aligned	unique_charaNo_messageId_key_and_unique_cn_value	2	"[""101/response_body/gachaScheduleList/2/selectableCharaList/120/charaMessageList/1"",""104/response_body/gachaScheduleList/2/selectableCharaList/120/charaMessageList/1""]"
1041	8	みーんな私の可愛い教え子やからなぁ	大家都是我可爱的弟子啊	"[""vo_char_1041_00_08_hca""]"	key_aligned	unique_charaNo_messageId_key_and_unique_cn_value	2	"[""101/response_body/gachaScheduleList/2/selectableCharaList/120/charaMessageList/2"",""104/response_body/gachaScheduleList/2/selectableCharaList/120/charaMessageList/2""]"
1041	9	値切らんし、値切らせもせんわ！	不讲价！不议价！	"[""vo_char_1041_00_09_hca""]"	key_aligned	unique_charaNo_messageId_key_and_unique_cn_value	2	"[""101/response_body/gachaScheduleList/2/selectableCharaList/120/charaMessageList/3"",""104/response_body/gachaScheduleList/2/selectableCharaList/120/charaMessageList/3""]"
1041	10	平気平気、人間に肩入れする気はあれへんし	不用担心，我可没打算要特别支援别人	"[""vo_char_1041_00_10_hca""]"	key_aligned	unique_charaNo_messageId_key_and_unique_cn_value	2	"[""101/response_body/gachaScheduleList/2/selectableCharaList/120/charaMessageList/4"",""104/response_body/gachaScheduleList/2/selectableCharaList/120/charaMessageList/4""]"
1041	11	願いに翻弄されるなんて、私はアホやわ…	竟然被愿望给玩弄，我可真是个笨蛋啊…	"[""vo_char_1041_00_11_hca""]"	key_aligned	unique_charaNo_messageId_key_and_unique_cn_value	2	"[""101/response_body/gachaScheduleList/2/selectableCharaList/120/charaMessageList/5"",""104/response_body/gachaScheduleList/2/selectableCharaList/120/charaMessageList/5""]"
1041	12	私の周りだけが腐った世界になってくんや…	只有我周围的世界会变得腐败…	"[""vo_char_1041_00_12_hca""]"	key_aligned	unique_charaNo_messageId_key_and_unique_cn_value	2	"[""101/response_body/gachaScheduleList/2/selectableCharaList/120/charaMessageList/6"",""104/response_body/gachaScheduleList/2/selectableCharaList/120/charaMessageList/6""]"
1041	43	調整だけやと思ったら、@痛い目見るで？	认为只是调整的话，要尝尝苦头吗？	"[""vo_char_1041_00_43_hca""]"	key_aligned	unique_charaNo_messageId_key_and_unique_cn_value	2	"[""101/response_body/gachaScheduleList/2/selectableCharaList/120/charaMessageList/7"",""104/response_body/gachaScheduleList/2/selectableCharaList/120/charaMessageList/7""]"
1041	44	カーテンコールで終いやな	在欢声中谢幕吧	"[""vo_char_1041_00_44_hca""]"	key_aligned	unique_charaNo_messageId_key_and_unique_cn_value	2	"[""101/response_body/gachaScheduleList/2/selectableCharaList/120/charaMessageList/8"",""104/response_body/gachaScheduleList/2/selectableCharaList/120/charaMessageList/8""]"
1041	45	汗かいたしベタベタやわ、@帰りは銭湯にでも寄ろか	"出了汗浑身黏糊糊的，回去的时候顺便去澡堂
吧"	"[""vo_char_1041_00_45_hca""]"	key_aligned	unique_charaNo_messageId_key_and_unique_cn_value	2	"[""101/response_body/gachaScheduleList/2/selectableCharaList/120/charaMessageList/9"",""104/response_body/gachaScheduleList/2/selectableCharaList/120/charaMessageList/9""]"
1041	46	いずれはみんな宇宙の塵や、@かんにんしてや	大家总归会变成宇宙的尘埃，抱歉了	"[""vo_char_1041_00_46_hca""]"	key_aligned	unique_charaNo_messageId_key_and_unique_cn_value	2	"[""101/response_body/gachaScheduleList/2/selectableCharaList/120/charaMessageList/10"",""104/response_body/gachaScheduleList/2/selectableCharaList/120/charaMessageList/10""]"
1043	6	環さんは救われたいって思わないの？		[]	fuzzy_review	official_cn_key_not_present	2	"[""101/response_body/gachaScheduleList/2/selectableCharaList/51/charaMessageList/0"",""104/response_body/gachaScheduleList/2/selectableCharaList/51/charaMessageList/0""]"
1043	7	どうして、こんなこと願ったんだろ…		[]	fuzzy_review	official_cn_key_not_present	2	"[""101/response_body/gachaScheduleList/2/selectableCharaList/51/charaMessageList/1"",""104/response_body/gachaScheduleList/2/selectableCharaList/51/charaMessageList/1""]"
1043	8	環さんや七海さんみたいになれるかな…		[]	fuzzy_review	official_cn_key_not_present	2	"[""101/response_body/gachaScheduleList/2/selectableCharaList/51/charaMessageList/2"",""104/response_body/gachaScheduleList/2/selectableCharaList/51/charaMessageList/2""]"
1043	9	あなたのこと…忘れたつもり、ないよ…		[]	fuzzy_review	official_cn_key_not_present	2	"[""101/response_body/gachaScheduleList/2/selectableCharaList/51/charaMessageList/3"",""104/response_body/gachaScheduleList/2/selectableCharaList/51/charaMessageList/3""]"
1043	10	見捨ててない…見捨てたりなんか…私は…！		[]	fuzzy_review	official_cn_key_not_present	2	"[""101/response_body/gachaScheduleList/2/selectableCharaList/51/charaMessageList/4"",""104/response_body/gachaScheduleList/2/selectableCharaList/51/charaMessageList/4""]"
1043	11	私…助かる資格なんてない…		[]	fuzzy_review	official_cn_key_not_present	2	"[""101/response_body/gachaScheduleList/2/selectableCharaList/51/charaMessageList/5"",""104/response_body/gachaScheduleList/2/selectableCharaList/51/charaMessageList/5""]"
1043	12	いつまで魔法少女を続ければいいの…？		[]	fuzzy_review	official_cn_key_not_present	2	"[""101/response_body/gachaScheduleList/2/selectableCharaList/51/charaMessageList/6"",""104/response_body/gachaScheduleList/2/selectableCharaList/51/charaMessageList/6""]"
1043	43	危なかった…@けど、なんとかなったね…		[]	fuzzy_review	official_cn_key_not_present	2	"[""101/response_body/gachaScheduleList/2/selectableCharaList/51/charaMessageList/7"",""104/response_body/gachaScheduleList/2/selectableCharaList/51/charaMessageList/7""]"
1043	44	良かった…@うまく戦えたみたい		[]	fuzzy_review	official_cn_key_not_present	2	"[""101/response_body/gachaScheduleList/2/selectableCharaList/51/charaMessageList/8"",""104/response_body/gachaScheduleList/2/selectableCharaList/51/charaMessageList/8""]"
1043	45	私…もしかして、変われたのかな…？		[]	fuzzy_review	official_cn_key_not_present	2	"[""101/response_body/gachaScheduleList/2/selectableCharaList/51/charaMessageList/9"",""104/response_body/gachaScheduleList/2/selectableCharaList/51/charaMessageList/9""]"
1043	46	少しは強くなれてるのかも…なんて…		[]	fuzzy_review	official_cn_key_not_present	2	"[""101/response_body/gachaScheduleList/2/selectableCharaList/51/charaMessageList/10"",""104/response_body/gachaScheduleList/2/selectableCharaList/51/charaMessageList/10""]"
1044	6	これはきっと私たちの青春なんだって思う		[]	fuzzy_review	official_cn_key_not_present	2	"[""101/response_body/gachaScheduleList/2/selectableCharaList/59/charaMessageList/0"",""104/response_body/gachaScheduleList/2/selectableCharaList/59/charaMessageList/0""]"
1044	7	知ってる？希望を持つって苦しいんだよ		[]	fuzzy_review	official_cn_key_not_present	2	"[""101/response_body/gachaScheduleList/2/selectableCharaList/59/charaMessageList/1"",""104/response_body/gachaScheduleList/2/selectableCharaList/59/charaMessageList/1""]"
1044	8	だから嘘を書くしかなかった		[]	fuzzy_review	official_cn_key_not_present	2	"[""101/response_body/gachaScheduleList/2/selectableCharaList/59/charaMessageList/2"",""104/response_body/gachaScheduleList/2/selectableCharaList/59/charaMessageList/2""]"
1044	9	もう私を止めるものは何もない		[]	fuzzy_review	official_cn_key_not_present	2	"[""101/response_body/gachaScheduleList/2/selectableCharaList/59/charaMessageList/3"",""104/response_body/gachaScheduleList/2/selectableCharaList/59/charaMessageList/3""]"
1044	10	でも私は、気づかないふりをした		[]	fuzzy_review	official_cn_key_not_present	2	"[""101/response_body/gachaScheduleList/2/selectableCharaList/59/charaMessageList/4"",""104/response_body/gachaScheduleList/2/selectableCharaList/59/charaMessageList/4""]"
1044	11	さようなら、帆奈ちゃん		[]	fuzzy_review	official_cn_key_not_present	2	"[""101/response_body/gachaScheduleList/2/selectableCharaList/59/charaMessageList/5"",""104/response_body/gachaScheduleList/2/selectableCharaList/59/charaMessageList/5""]"
1044	12	この願いだけは本物だと信じて…		[]	fuzzy_review	official_cn_key_not_present	2	"[""101/response_body/gachaScheduleList/2/selectableCharaList/59/charaMessageList/6"",""104/response_body/gachaScheduleList/2/selectableCharaList/59/charaMessageList/6""]"
1044	43	滅んで消えた方が幸せ		[]	fuzzy_review	official_cn_key_not_present	2	"[""101/response_body/gachaScheduleList/2/selectableCharaList/59/charaMessageList/7"",""104/response_body/gachaScheduleList/2/selectableCharaList/59/charaMessageList/7""]"
1044	44	まだまだ見せたりないよ		[]	fuzzy_review	official_cn_key_not_present	2	"[""101/response_body/gachaScheduleList/2/selectableCharaList/59/charaMessageList/8"",""104/response_body/gachaScheduleList/2/selectableCharaList/59/charaMessageList/8""]"
1044	45	ふふっ、そう…全部滅びればいいの		[]	fuzzy_review	official_cn_key_not_present	2	"[""101/response_body/gachaScheduleList/2/selectableCharaList/59/charaMessageList/9"",""104/response_body/gachaScheduleList/2/selectableCharaList/59/charaMessageList/9""]"
1044	46	それでも、私の憎しみは消えない		[]	fuzzy_review	official_cn_key_not_present	2	"[""101/response_body/gachaScheduleList/2/selectableCharaList/59/charaMessageList/10"",""104/response_body/gachaScheduleList/2/selectableCharaList/59/charaMessageList/10""]"
1045	6	御神木を守り切るには、もう頼るしかない		[]	fuzzy_review	official_cn_key_not_present	2	"[""101/response_body/gachaScheduleList/2/selectableCharaList/66/charaMessageList/0"",""104/response_body/gachaScheduleList/2/selectableCharaList/66/charaMessageList/0""]"
1045	7	隅谷の息子はともかく、現当主は厄介ね…		[]	fuzzy_review	official_cn_key_not_present	2	"[""101/response_body/gachaScheduleList/2/selectableCharaList/66/charaMessageList/1"",""104/response_body/gachaScheduleList/2/selectableCharaList/66/charaMessageList/1""]"
1045	8	焼けた鉄を運ぶなんて、おかしな話よね		[]	fuzzy_review	official_cn_key_not_present	2	"[""101/response_body/gachaScheduleList/2/selectableCharaList/66/charaMessageList/2"",""104/response_body/gachaScheduleList/2/selectableCharaList/66/charaMessageList/2""]"
1045	9	今は戦にならないよう水路を伸ばしましょう		[]	fuzzy_review	official_cn_key_not_present	2	"[""101/response_body/gachaScheduleList/2/selectableCharaList/66/charaMessageList/3"",""104/response_body/gachaScheduleList/2/selectableCharaList/66/charaMessageList/3""]"
1045	10	弱きを守るっていうのは大切なことでしょ		[]	fuzzy_review	official_cn_key_not_present	2	"[""101/response_body/gachaScheduleList/2/selectableCharaList/66/charaMessageList/4"",""104/response_body/gachaScheduleList/2/selectableCharaList/66/charaMessageList/4""]"
1045	11	飄々としてるようで、千鶴も嫉妬するのね		[]	fuzzy_review	official_cn_key_not_present	2	"[""101/response_body/gachaScheduleList/2/selectableCharaList/66/charaMessageList/5"",""104/response_body/gachaScheduleList/2/selectableCharaList/66/charaMessageList/5""]"
1045	12	誰もいないうちに舞の練習でもしようかしら		[]	fuzzy_review	official_cn_key_not_present	2	"[""101/response_body/gachaScheduleList/2/selectableCharaList/66/charaMessageList/6"",""104/response_body/gachaScheduleList/2/selectableCharaList/66/charaMessageList/6""]"
1045	43	民の様子を見に行ってくるわ		[]	fuzzy_review	official_cn_key_not_present	2	"[""101/response_body/gachaScheduleList/2/selectableCharaList/66/charaMessageList/7"",""104/response_body/gachaScheduleList/2/selectableCharaList/66/charaMessageList/7""]"
1045	44	これなら父上も怒らないはずよ		[]	fuzzy_review	official_cn_key_not_present	2	"[""101/response_body/gachaScheduleList/2/selectableCharaList/66/charaMessageList/8"",""104/response_body/gachaScheduleList/2/selectableCharaList/66/charaMessageList/8""]"
1045	45	勝利の時こそ気を引き締めないとね		[]	fuzzy_review	official_cn_key_not_present	2	"[""101/response_body/gachaScheduleList/2/selectableCharaList/66/charaMessageList/9"",""104/response_body/gachaScheduleList/2/selectableCharaList/66/charaMessageList/9""]"
1045	46	飢饉からの不幸は断ち切るから		[]	fuzzy_review	official_cn_key_not_present	2	"[""101/response_body/gachaScheduleList/2/selectableCharaList/66/charaMessageList/10"",""104/response_body/gachaScheduleList/2/selectableCharaList/66/charaMessageList/10""]"
1046	6	買いたたいた分は回収させてもらうよ		[]	fuzzy_review	official_cn_key_not_present	2	"[""101/response_body/gachaScheduleList/2/selectableCharaList/67/charaMessageList/0"",""104/response_body/gachaScheduleList/2/selectableCharaList/67/charaMessageList/0""]"
1046	7	巧生のヤツらとは古い付き合いなんだよ		[]	fuzzy_review	official_cn_key_not_present	2	"[""101/response_body/gachaScheduleList/2/selectableCharaList/67/charaMessageList/1"",""104/response_body/gachaScheduleList/2/selectableCharaList/67/charaMessageList/1""]"
1046	8	男だったら良かった…今のはナシだ！		[]	fuzzy_review	official_cn_key_not_present	2	"[""101/response_body/gachaScheduleList/2/selectableCharaList/67/charaMessageList/2"",""104/response_body/gachaScheduleList/2/selectableCharaList/67/charaMessageList/2""]"
1046	9	花嫁修業ねぇ…アタシには縁遠い話だな		[]	fuzzy_review	official_cn_key_not_present	2	"[""101/response_body/gachaScheduleList/2/selectableCharaList/67/charaMessageList/3"",""104/response_body/gachaScheduleList/2/selectableCharaList/67/charaMessageList/3""]"
1046	10	まずいぞ露…男の子がさらわれた…!!		[]	fuzzy_review	official_cn_key_not_present	2	"[""101/response_body/gachaScheduleList/2/selectableCharaList/67/charaMessageList/4"",""104/response_body/gachaScheduleList/2/selectableCharaList/67/charaMessageList/4""]"
1046	11	アタシら一人百殺の人間凶器だ！		[]	fuzzy_review	official_cn_key_not_present	2	"[""101/response_body/gachaScheduleList/2/selectableCharaList/67/charaMessageList/5"",""104/response_body/gachaScheduleList/2/selectableCharaList/67/charaMessageList/5""]"
1046	12	終わりが良けりゃいいけど、反省も必要だな		[]	fuzzy_review	official_cn_key_not_present	2	"[""101/response_body/gachaScheduleList/2/selectableCharaList/67/charaMessageList/6"",""104/response_body/gachaScheduleList/2/selectableCharaList/67/charaMessageList/6""]"
1046	43	へへっ、これが泰党の技だ！		[]	fuzzy_review	official_cn_key_not_present	2	"[""101/response_body/gachaScheduleList/2/selectableCharaList/67/charaMessageList/7"",""104/response_body/gachaScheduleList/2/selectableCharaList/67/charaMessageList/7""]"
1046	44	よしっ@手に入れたもんはばら撒くぞ！		[]	fuzzy_review	official_cn_key_not_present	2	"[""101/response_body/gachaScheduleList/2/selectableCharaList/67/charaMessageList/8"",""104/response_body/gachaScheduleList/2/selectableCharaList/67/charaMessageList/8""]"
1046	45	勝利のあとはみんなで宴だ！		[]	fuzzy_review	official_cn_key_not_present	2	"[""101/response_body/gachaScheduleList/2/selectableCharaList/67/charaMessageList/9"",""104/response_body/gachaScheduleList/2/selectableCharaList/67/charaMessageList/9""]"
1046	46	さ、あとは任せてずらかるぞ！		[]	fuzzy_review	official_cn_key_not_present	2	"[""101/response_body/gachaScheduleList/2/selectableCharaList/67/charaMessageList/10"",""104/response_body/gachaScheduleList/2/selectableCharaList/67/charaMessageList/10""]"
1048	6	生まれた時からこの身は王家に捧げられたの…		[]	fuzzy_review	official_cn_key_not_present	2	"[""101/response_body/gachaScheduleList/2/selectableCharaList/69/charaMessageList/0"",""104/response_body/gachaScheduleList/2/selectableCharaList/69/charaMessageList/0""]"
1048	7	あの鳥…気持ちよさそうに飛んでいるわね…		[]	fuzzy_review	official_cn_key_not_present	2	"[""101/response_body/gachaScheduleList/2/selectableCharaList/69/charaMessageList/1"",""104/response_body/gachaScheduleList/2/selectableCharaList/69/charaMessageList/1""]"
1048	8	砂漠には目に見えない道があるのよ		[]	fuzzy_review	official_cn_key_not_present	2	"[""101/response_body/gachaScheduleList/2/selectableCharaList/69/charaMessageList/2"",""104/response_body/gachaScheduleList/2/selectableCharaList/69/charaMessageList/2""]"
1048	9	私にできるのは、ただ歩くことのみ…		[]	fuzzy_review	official_cn_key_not_present	2	"[""101/response_body/gachaScheduleList/2/selectableCharaList/69/charaMessageList/3"",""104/response_body/gachaScheduleList/2/selectableCharaList/69/charaMessageList/3""]"
1048	10	人はなぜ、この世に生を受けるのか…		[]	fuzzy_review	official_cn_key_not_present	2	"[""101/response_body/gachaScheduleList/2/selectableCharaList/69/charaMessageList/4"",""104/response_body/gachaScheduleList/2/selectableCharaList/69/charaMessageList/4""]"
1048	11	時々、現実が蜃気楼のように見える…		[]	fuzzy_review	official_cn_key_not_present	2	"[""101/response_body/gachaScheduleList/2/selectableCharaList/69/charaMessageList/5"",""104/response_body/gachaScheduleList/2/selectableCharaList/69/charaMessageList/5""]"
1048	12	闇の中にしか、私の居場所はないの…？		[]	fuzzy_review	official_cn_key_not_present	2	"[""101/response_body/gachaScheduleList/2/selectableCharaList/69/charaMessageList/6"",""104/response_body/gachaScheduleList/2/selectableCharaList/69/charaMessageList/6""]"
1048	43	道は続いていくのね…		[]	fuzzy_review	official_cn_key_not_present	2	"[""101/response_body/gachaScheduleList/2/selectableCharaList/69/charaMessageList/7"",""104/response_body/gachaScheduleList/2/selectableCharaList/69/charaMessageList/7""]"
1048	44	これで終わりでは、ない…		[]	fuzzy_review	official_cn_key_not_present	2	"[""101/response_body/gachaScheduleList/2/selectableCharaList/69/charaMessageList/8"",""104/response_body/gachaScheduleList/2/selectableCharaList/69/charaMessageList/8""]"
1048	45	確かに私は、生きている…		[]	fuzzy_review	official_cn_key_not_present	2	"[""101/response_body/gachaScheduleList/2/selectableCharaList/69/charaMessageList/9"",""104/response_body/gachaScheduleList/2/selectableCharaList/69/charaMessageList/9""]"
1048	46	歩き続ければ、きっと…		[]	fuzzy_review	official_cn_key_not_present	2	"[""101/response_body/gachaScheduleList/2/selectableCharaList/69/charaMessageList/10"",""104/response_body/gachaScheduleList/2/selectableCharaList/69/charaMessageList/10""]"
1049	6	神話の世界はなにもかも桁外れなんだ！		[]	fuzzy_review	official_cn_key_not_present	2	"[""101/response_body/gachaScheduleList/2/selectableCharaList/71/charaMessageList/0"",""104/response_body/gachaScheduleList/2/selectableCharaList/71/charaMessageList/0""]"
1049	7	あたしの心はいつも海の上にある！		[]	fuzzy_review	official_cn_key_not_present	2	"[""101/response_body/gachaScheduleList/2/selectableCharaList/71/charaMessageList/1"",""104/response_body/gachaScheduleList/2/selectableCharaList/71/charaMessageList/1""]"
1049	8	さあ、帆をあげろ！風に乗って一気に！		[]	fuzzy_review	official_cn_key_not_present	2	"[""101/response_body/gachaScheduleList/2/selectableCharaList/71/charaMessageList/2"",""104/response_body/gachaScheduleList/2/selectableCharaList/71/charaMessageList/2""]"
1049	9	気に入ってくれた？あたしの作った詩は		[]	fuzzy_review	official_cn_key_not_present	2	"[""101/response_body/gachaScheduleList/2/selectableCharaList/71/charaMessageList/3"",""104/response_body/gachaScheduleList/2/selectableCharaList/71/charaMessageList/3""]"
1049	10	戦いなんて、怖くないよ！ほ、ホントに！		[]	fuzzy_review	official_cn_key_not_present	2	"[""101/response_body/gachaScheduleList/2/selectableCharaList/71/charaMessageList/4"",""104/response_body/gachaScheduleList/2/selectableCharaList/71/charaMessageList/4""]"
1049	11	オーディンがどこかで見ているはずだよ		[]	fuzzy_review	official_cn_key_not_present	2	"[""101/response_body/gachaScheduleList/2/selectableCharaList/71/charaMessageList/5"",""104/response_body/gachaScheduleList/2/selectableCharaList/71/charaMessageList/5""]"
1049	12	ああ、世界樹を登ってみたいなぁ～…		[]	fuzzy_review	official_cn_key_not_present	2	"[""101/response_body/gachaScheduleList/2/selectableCharaList/71/charaMessageList/6"",""104/response_body/gachaScheduleList/2/selectableCharaList/71/charaMessageList/6""]"
1049	43	ふぅ…勝てたみたい		[]	fuzzy_review	official_cn_key_not_present	2	"[""101/response_body/gachaScheduleList/2/selectableCharaList/71/charaMessageList/7"",""104/response_body/gachaScheduleList/2/selectableCharaList/71/charaMessageList/7""]"
1049	44	うん、快勝快勝！		[]	fuzzy_review	official_cn_key_not_present	2	"[""101/response_body/gachaScheduleList/2/selectableCharaList/71/charaMessageList/8"",""104/response_body/gachaScheduleList/2/selectableCharaList/71/charaMessageList/8""]"
1049	45	次も勝つからね！		[]	fuzzy_review	official_cn_key_not_present	2	"[""101/response_body/gachaScheduleList/2/selectableCharaList/71/charaMessageList/9"",""104/response_body/gachaScheduleList/2/selectableCharaList/71/charaMessageList/9""]"
1049	46	オーディンに捧げる！		[]	fuzzy_review	official_cn_key_not_present	2	"[""101/response_body/gachaScheduleList/2/selectableCharaList/71/charaMessageList/10"",""104/response_body/gachaScheduleList/2/selectableCharaList/71/charaMessageList/10""]"
1050	6	姉さんとなら、夢を実現できるはず…！		[]	fuzzy_review	official_cn_key_not_present	2	"[""101/response_body/gachaScheduleList/2/selectableCharaList/72/charaMessageList/0"",""104/response_body/gachaScheduleList/2/selectableCharaList/72/charaMessageList/0""]"
1050	7	大丈夫、私がきっと答えを見つけてみせる		[]	fuzzy_review	official_cn_key_not_present	2	"[""101/response_body/gachaScheduleList/2/selectableCharaList/72/charaMessageList/1"",""104/response_body/gachaScheduleList/2/selectableCharaList/72/charaMessageList/1""]"
1050	8	戦いで斃れた時、ヴァルハラへ行けるんだ…		[]	fuzzy_review	official_cn_key_not_present	2	"[""101/response_body/gachaScheduleList/2/selectableCharaList/72/charaMessageList/2"",""104/response_body/gachaScheduleList/2/selectableCharaList/72/charaMessageList/2""]"
1050	9	好機と見たら、あとは一気に攻めるだけ…！		[]	fuzzy_review	official_cn_key_not_present	2	"[""101/response_body/gachaScheduleList/2/selectableCharaList/72/charaMessageList/3"",""104/response_body/gachaScheduleList/2/selectableCharaList/72/charaMessageList/3""]"
1050	10	いつもそばにいてくれてありがとう、姉さん		[]	fuzzy_review	official_cn_key_not_present	2	"[""101/response_body/gachaScheduleList/2/selectableCharaList/72/charaMessageList/4"",""104/response_body/gachaScheduleList/2/selectableCharaList/72/charaMessageList/4""]"
1050	11	利用できるのであれば、たとえ王の力でも…		[]	fuzzy_review	official_cn_key_not_present	2	"[""101/response_body/gachaScheduleList/2/selectableCharaList/72/charaMessageList/5"",""104/response_body/gachaScheduleList/2/selectableCharaList/72/charaMessageList/5""]"
1050	12	私は、私のためだけでは生きていけないんだ		[]	fuzzy_review	official_cn_key_not_present	2	"[""101/response_body/gachaScheduleList/2/selectableCharaList/72/charaMessageList/6"",""104/response_body/gachaScheduleList/2/selectableCharaList/72/charaMessageList/6""]"
1050	43	これはほんの一歩…		[]	fuzzy_review	official_cn_key_not_present	2	"[""101/response_body/gachaScheduleList/2/selectableCharaList/72/charaMessageList/7"",""104/response_body/gachaScheduleList/2/selectableCharaList/72/charaMessageList/7""]"
1050	44	この先も積み重ねていく…！		[]	fuzzy_review	official_cn_key_not_present	2	"[""101/response_body/gachaScheduleList/2/selectableCharaList/72/charaMessageList/8"",""104/response_body/gachaScheduleList/2/selectableCharaList/72/charaMessageList/8""]"
1050	45	勝利の先に待っているんだ		[]	fuzzy_review	official_cn_key_not_present	2	"[""101/response_body/gachaScheduleList/2/selectableCharaList/72/charaMessageList/9"",""104/response_body/gachaScheduleList/2/selectableCharaList/72/charaMessageList/9""]"
1050	46	勝たなければ意味がない…！		[]	fuzzy_review	official_cn_key_not_present	2	"[""101/response_body/gachaScheduleList/2/selectableCharaList/72/charaMessageList/10"",""104/response_body/gachaScheduleList/2/selectableCharaList/72/charaMessageList/10""]"
1051	6	あの青い花はどこにあるのでしょう？		[]	fuzzy_review	official_cn_key_not_present	2	"[""101/response_body/gachaScheduleList/2/selectableCharaList/73/charaMessageList/0"",""104/response_body/gachaScheduleList/2/selectableCharaList/73/charaMessageList/0""]"
1051	7	生きているだけではダメですか…？		[]	fuzzy_review	official_cn_key_not_present	2	"[""101/response_body/gachaScheduleList/2/selectableCharaList/73/charaMessageList/1"",""104/response_body/gachaScheduleList/2/selectableCharaList/73/charaMessageList/1""]"
1051	8	誰かの何かになりたかったのです		[]	fuzzy_review	official_cn_key_not_present	2	"[""101/response_body/gachaScheduleList/2/selectableCharaList/73/charaMessageList/2"",""104/response_body/gachaScheduleList/2/selectableCharaList/73/charaMessageList/2""]"
1051	9	バター茶、飲みたかったな…		[]	fuzzy_review	official_cn_key_not_present	2	"[""101/response_body/gachaScheduleList/2/selectableCharaList/73/charaMessageList/3"",""104/response_body/gachaScheduleList/2/selectableCharaList/73/charaMessageList/3""]"
1051	10	尼僧院は守りたい…そう思えたのです		[]	fuzzy_review	official_cn_key_not_present	2	"[""101/response_body/gachaScheduleList/2/selectableCharaList/73/charaMessageList/4"",""104/response_body/gachaScheduleList/2/selectableCharaList/73/charaMessageList/4""]"
1051	11	私は、ラクシャーシーになります		[]	fuzzy_review	official_cn_key_not_present	2	"[""101/response_body/gachaScheduleList/2/selectableCharaList/73/charaMessageList/5"",""104/response_body/gachaScheduleList/2/selectableCharaList/73/charaMessageList/5""]"
1051	12	それでもモンゴルは迫ってきています		[]	fuzzy_review	official_cn_key_not_present	2	"[""101/response_body/gachaScheduleList/2/selectableCharaList/73/charaMessageList/6"",""104/response_body/gachaScheduleList/2/selectableCharaList/73/charaMessageList/6""]"
1051	43	涅槃で安らかに		[]	fuzzy_review	official_cn_key_not_present	2	"[""101/response_body/gachaScheduleList/2/selectableCharaList/73/charaMessageList/7"",""104/response_body/gachaScheduleList/2/selectableCharaList/73/charaMessageList/7""]"
1051	44	悪意の根源に打ち克たないと…		[]	fuzzy_review	official_cn_key_not_present	2	"[""101/response_body/gachaScheduleList/2/selectableCharaList/73/charaMessageList/8"",""104/response_body/gachaScheduleList/2/selectableCharaList/73/charaMessageList/8""]"
1051	45	敵も味方もなく、みんなが幸せに…		[]	fuzzy_review	official_cn_key_not_present	2	"[""101/response_body/gachaScheduleList/2/selectableCharaList/73/charaMessageList/9"",""104/response_body/gachaScheduleList/2/selectableCharaList/73/charaMessageList/9""]"
1051	46	私にも守りたい景色があるのです		[]	fuzzy_review	official_cn_key_not_present	2	"[""101/response_body/gachaScheduleList/2/selectableCharaList/73/charaMessageList/10"",""104/response_body/gachaScheduleList/2/selectableCharaList/73/charaMessageList/10""]"
1052	6	さすが吾のべろべろなのだ！		[]	fuzzy_review	official_cn_key_not_present	2	"[""101/response_body/gachaScheduleList/2/selectableCharaList/75/charaMessageList/0"",""104/response_body/gachaScheduleList/2/selectableCharaList/75/charaMessageList/0""]"
1052	7	こんな日々がいつまでもつづけばいいのに…		[]	fuzzy_review	official_cn_key_not_present	2	"[""101/response_body/gachaScheduleList/2/selectableCharaList/75/charaMessageList/1"",""104/response_body/gachaScheduleList/2/selectableCharaList/75/charaMessageList/1""]"
1052	8	吾が、ヒミコ様のこーけーしゃに…!?		[]	fuzzy_review	official_cn_key_not_present	2	"[""101/response_body/gachaScheduleList/2/selectableCharaList/75/charaMessageList/2"",""104/response_body/gachaScheduleList/2/selectableCharaList/75/charaMessageList/2""]"
1052	9	かか様は吾のえーえんの目標なのだ		[]	fuzzy_review	official_cn_key_not_present	2	"[""101/response_body/gachaScheduleList/2/selectableCharaList/75/charaMessageList/3"",""104/response_body/gachaScheduleList/2/selectableCharaList/75/charaMessageList/3""]"
1052	10	ヒミコ様の思いを受け継いでみせるのだ		[]	fuzzy_review	official_cn_key_not_present	2	"[""101/response_body/gachaScheduleList/2/selectableCharaList/75/charaMessageList/4"",""104/response_body/gachaScheduleList/2/selectableCharaList/75/charaMessageList/4""]"
1052	11	青々とした豊かな地平をこの世の果てまで！		[]	fuzzy_review	official_cn_key_not_present	2	"[""101/response_body/gachaScheduleList/2/selectableCharaList/75/charaMessageList/5"",""104/response_body/gachaScheduleList/2/selectableCharaList/75/charaMessageList/5""]"
1052	12	祟りなどに吾らが負けることは…ない！		[]	fuzzy_review	official_cn_key_not_present	2	"[""101/response_body/gachaScheduleList/2/selectableCharaList/75/charaMessageList/6"",""104/response_body/gachaScheduleList/2/selectableCharaList/75/charaMessageList/6""]"
1052	43	田んぼが荒れてなければいいのだが		[]	fuzzy_review	official_cn_key_not_present	2	"[""101/response_body/gachaScheduleList/2/selectableCharaList/75/charaMessageList/7"",""104/response_body/gachaScheduleList/2/selectableCharaList/75/charaMessageList/7""]"
1052	44	民は無事なのだろうか		[]	fuzzy_review	official_cn_key_not_present	2	"[""101/response_body/gachaScheduleList/2/selectableCharaList/75/charaMessageList/8"",""104/response_body/gachaScheduleList/2/selectableCharaList/75/charaMessageList/8""]"
1052	45	なんにせよ、勝利は気持ちいいのだ！		[]	fuzzy_review	official_cn_key_not_present	2	"[""101/response_body/gachaScheduleList/2/selectableCharaList/75/charaMessageList/9"",""104/response_body/gachaScheduleList/2/selectableCharaList/75/charaMessageList/9""]"
1052	46	ふっ、これが鬼道の神髄なのだ		[]	fuzzy_review	official_cn_key_not_present	2	"[""101/response_body/gachaScheduleList/2/selectableCharaList/75/charaMessageList/10"",""104/response_body/gachaScheduleList/2/selectableCharaList/75/charaMessageList/10""]"
1053	6	ふっふっふっ…わたしの知略が冴えましたね		[]	fuzzy_review	official_cn_key_not_present	2	"[""101/response_body/gachaScheduleList/2/selectableCharaList/77/charaMessageList/0"",""104/response_body/gachaScheduleList/2/selectableCharaList/77/charaMessageList/0""]"
1053	7	戦車競走…えへ…永遠に見ていたいですぅ…		[]	fuzzy_review	official_cn_key_not_present	2	"[""101/response_body/gachaScheduleList/2/selectableCharaList/77/charaMessageList/1"",""104/response_body/gachaScheduleList/2/selectableCharaList/77/charaMessageList/1""]"
1053	8	冴えたやりかたというやつです		[]	fuzzy_review	official_cn_key_not_present	2	"[""101/response_body/gachaScheduleList/2/selectableCharaList/77/charaMessageList/2"",""104/response_body/gachaScheduleList/2/selectableCharaList/77/charaMessageList/2""]"
1053	9	陰謀・暗躍・権謀術数…なんて素敵な響き！		[]	fuzzy_review	official_cn_key_not_present	2	"[""101/response_body/gachaScheduleList/2/selectableCharaList/77/charaMessageList/3"",""104/response_body/gachaScheduleList/2/selectableCharaList/77/charaMessageList/3""]"
1053	10	人が傷つくのは、もう見たくないです…		[]	fuzzy_review	official_cn_key_not_present	2	"[""101/response_body/gachaScheduleList/2/selectableCharaList/77/charaMessageList/4"",""104/response_body/gachaScheduleList/2/selectableCharaList/77/charaMessageList/4""]"
1053	11	わたしの“なりすまし”の出番ですね！		[]	fuzzy_review	official_cn_key_not_present	2	"[""101/response_body/gachaScheduleList/2/selectableCharaList/77/charaMessageList/5"",""104/response_body/gachaScheduleList/2/selectableCharaList/77/charaMessageList/5""]"
1053	12	今は楽しみましょう…儚い人生ですので		[]	fuzzy_review	official_cn_key_not_present	2	"[""101/response_body/gachaScheduleList/2/selectableCharaList/77/charaMessageList/6"",""104/response_body/gachaScheduleList/2/selectableCharaList/77/charaMessageList/6""]"
1053	43	あの…お怪我、ありませんか？		[]	fuzzy_review	official_cn_key_not_present	2	"[""101/response_body/gachaScheduleList/2/selectableCharaList/77/charaMessageList/7"",""104/response_body/gachaScheduleList/2/selectableCharaList/77/charaMessageList/7""]"
1053	44	みんな無事で、よかった…		[]	fuzzy_review	official_cn_key_not_present	2	"[""101/response_body/gachaScheduleList/2/selectableCharaList/77/charaMessageList/8"",""104/response_body/gachaScheduleList/2/selectableCharaList/77/charaMessageList/8""]"
1053	45	えへ…詭計が功を奏しました		[]	fuzzy_review	official_cn_key_not_present	2	"[""101/response_body/gachaScheduleList/2/selectableCharaList/77/charaMessageList/9"",""104/response_body/gachaScheduleList/2/selectableCharaList/77/charaMessageList/9""]"
1053	46	わたしの策が上でしたね		[]	fuzzy_review	official_cn_key_not_present	2	"[""101/response_body/gachaScheduleList/2/selectableCharaList/77/charaMessageList/10"",""104/response_body/gachaScheduleList/2/selectableCharaList/77/charaMessageList/10""]"
1101	6	わ、私と浮き輪はセットなんです！	我、我和泳圈是一套的！	"[""vo_char_1101_00_06_hca""]"	key_aligned	unique_charaNo_messageId_key_and_unique_cn_value	2	"[""101/response_body/gachaScheduleList/2/selectableCharaList/7/charaMessageList/0"",""104/response_body/gachaScheduleList/2/selectableCharaList/7/charaMessageList/0""]"
1101	7	無理だよ！この浮き輪、離せないんだもん！	做不到的！我真的离不开这个泳圈！	"[""vo_char_1101_00_07_hca""]"	key_aligned	unique_charaNo_messageId_key_and_unique_cn_value	2	"[""101/response_body/gachaScheduleList/2/selectableCharaList/7/charaMessageList/1"",""104/response_body/gachaScheduleList/2/selectableCharaList/7/charaMessageList/1""]"
1101	8	贅沢は言いません…せめて５メートルは！	不说大话……哪怕是5米也好！	"[""vo_char_1101_00_08_hca""]"	key_aligned	unique_charaNo_messageId_key_and_unique_cn_value	2	"[""101/response_body/gachaScheduleList/2/selectableCharaList/7/charaMessageList/2"",""104/response_body/gachaScheduleList/2/selectableCharaList/7/charaMessageList/2""]"
1101	9	泳ぎだしたら頭真っ白になっちゃって…	游起来大脑一片空白……	"[""vo_char_1101_00_09_hca""]"	key_aligned	unique_charaNo_messageId_key_and_unique_cn_value	2	"[""101/response_body/gachaScheduleList/2/selectableCharaList/7/charaMessageList/3"",""104/response_body/gachaScheduleList/2/selectableCharaList/7/charaMessageList/3""]"
1101	10	ふふ…魚って…すごいよね…ふふ…	呵呵……鱼好厉害啊……呵呵……	"[""vo_char_1101_00_10_hca""]"	key_aligned	unique_charaNo_messageId_key_and_unique_cn_value	2	"[""101/response_body/gachaScheduleList/2/selectableCharaList/7/charaMessageList/4"",""104/response_body/gachaScheduleList/2/selectableCharaList/7/charaMessageList/4""]"
1101	11	ああ、鶴乃ちゃん！手を握ってて～！	啊，鹤乃！握住我的手！	"[""vo_char_1101_00_11_hca""]"	key_aligned	unique_charaNo_messageId_key_and_unique_cn_value	2	"[""101/response_body/gachaScheduleList/2/selectableCharaList/7/charaMessageList/5"",""104/response_body/gachaScheduleList/2/selectableCharaList/7/charaMessageList/5""]"
1101	12	ビート板があれば、私でも無敵です！	只要有浮板，我也能无敌了！	"[""vo_char_1101_00_12_hca""]"	key_aligned	unique_charaNo_messageId_key_and_unique_cn_value	2	"[""101/response_body/gachaScheduleList/2/selectableCharaList/7/charaMessageList/6"",""104/response_body/gachaScheduleList/2/selectableCharaList/7/charaMessageList/6""]"
1101	43	一応…泳ぎ切れた…かな？	算是……游到终点了……吧？	"[""vo_char_1101_00_43_hca""]"	key_aligned	unique_charaNo_messageId_key_and_unique_cn_value	2	"[""101/response_body/gachaScheduleList/2/selectableCharaList/7/charaMessageList/7"",""104/response_body/gachaScheduleList/2/selectableCharaList/7/charaMessageList/7""]"
1101	44	泳ぎの方もどうにかならないかな…	游泳真的没什么办法吗……	"[""vo_char_1101_00_44_hca""]"	key_aligned	unique_charaNo_messageId_key_and_unique_cn_value	2	"[""101/response_body/gachaScheduleList/2/selectableCharaList/7/charaMessageList/8"",""104/response_body/gachaScheduleList/2/selectableCharaList/7/charaMessageList/8""]"
1101	45	コツコツやっていかないとね！	只能踏踏实实地去练了呢！	"[""vo_char_1101_00_45_hca""]"	key_aligned	unique_charaNo_messageId_key_and_unique_cn_value	2	"[""101/response_body/gachaScheduleList/2/selectableCharaList/7/charaMessageList/9"",""104/response_body/gachaScheduleList/2/selectableCharaList/7/charaMessageList/9""]"
1101	46	この手応え…今なら泳げるかも!?	这感觉……说不定现在就能游起来了！？	"[""vo_char_1101_00_46_hca""]"	key_aligned	unique_charaNo_messageId_key_and_unique_cn_value	2	"[""101/response_body/gachaScheduleList/2/selectableCharaList/7/charaMessageList/10"",""104/response_body/gachaScheduleList/2/selectableCharaList/7/charaMessageList/10""]"
1102	6	大変…！誰か来ちゃう…!?		[]	fuzzy_review	official_cn_key_not_present	2	"[""101/response_body/gachaScheduleList/2/selectableCharaList/26/charaMessageList/0"",""104/response_body/gachaScheduleList/2/selectableCharaList/26/charaMessageList/0""]"
1102	7	これからも…一緒にいてくれる？		[]	fuzzy_review	official_cn_key_not_present	2	"[""101/response_body/gachaScheduleList/2/selectableCharaList/26/charaMessageList/1"",""104/response_body/gachaScheduleList/2/selectableCharaList/26/charaMessageList/1""]"
1102	8	私、間違ったことなんかしてない…っ		[]	fuzzy_review	official_cn_key_not_present	2	"[""101/response_body/gachaScheduleList/2/selectableCharaList/26/charaMessageList/2"",""104/response_body/gachaScheduleList/2/selectableCharaList/26/charaMessageList/2""]"
1102	9	やっちゃんは本当にテキパキしてますねぇ		[]	fuzzy_review	official_cn_key_not_present	2	"[""101/response_body/gachaScheduleList/2/selectableCharaList/26/charaMessageList/3"",""104/response_body/gachaScheduleList/2/selectableCharaList/26/charaMessageList/3""]"
1102	10	あの、お付き合いというのは…つまり…？		[]	fuzzy_review	official_cn_key_not_present	2	"[""101/response_body/gachaScheduleList/2/selectableCharaList/26/charaMessageList/4"",""104/response_body/gachaScheduleList/2/selectableCharaList/26/charaMessageList/4""]"
1102	11	ワタシには、夢を見る資格なんてないんです		[]	fuzzy_review	official_cn_key_not_present	2	"[""101/response_body/gachaScheduleList/2/selectableCharaList/26/charaMessageList/5"",""104/response_body/gachaScheduleList/2/selectableCharaList/26/charaMessageList/5""]"
1102	12	これが恋…？絶対認めないわ…		[]	fuzzy_review	official_cn_key_not_present	2	"[""101/response_body/gachaScheduleList/2/selectableCharaList/26/charaMessageList/6"",""104/response_body/gachaScheduleList/2/selectableCharaList/26/charaMessageList/6""]"
1102	43	はぁ…緊張しました…！		[]	fuzzy_review	official_cn_key_not_present	2	"[""101/response_body/gachaScheduleList/2/selectableCharaList/26/charaMessageList/7"",""104/response_body/gachaScheduleList/2/selectableCharaList/26/charaMessageList/7""]"
1102	44	前よりも、少しは強くなれた気がする		[]	fuzzy_review	official_cn_key_not_present	2	"[""101/response_body/gachaScheduleList/2/selectableCharaList/26/charaMessageList/8"",""104/response_body/gachaScheduleList/2/selectableCharaList/26/charaMessageList/8""]"
1102	45	『ありがとうみふゆ、助かったわ』@「どういたしまして」		[]	fuzzy_review	official_cn_key_not_present	2	"[""101/response_body/gachaScheduleList/2/selectableCharaList/26/charaMessageList/9"",""104/response_body/gachaScheduleList/2/selectableCharaList/26/charaMessageList/9""]"
1102	46	「あ…勝ちました…!?」@『えぇ、連勝記録を更新ね』		[]	fuzzy_review	official_cn_key_not_present	2	"[""101/response_body/gachaScheduleList/2/selectableCharaList/26/charaMessageList/10"",""104/response_body/gachaScheduleList/2/selectableCharaList/26/charaMessageList/10""]"
1104	6	絵本を作るのって…こんなに大変なんだ…		[]	fuzzy_review	official_cn_key_not_present	2	"[""101/response_body/gachaScheduleList/2/selectableCharaList/33/charaMessageList/0"",""104/response_body/gachaScheduleList/2/selectableCharaList/33/charaMessageList/0""]"
1104	7	>ぴゃ…っ!?何か受信しちゃいました～…		[]	fuzzy_review	official_cn_key_not_present	2	"[""101/response_body/gachaScheduleList/2/selectableCharaList/33/charaMessageList/1"",""104/response_body/gachaScheduleList/2/selectableCharaList/33/charaMessageList/1""]"
1104	8	んー…目は丸くして、毛はモジャモジャで…		[]	fuzzy_review	official_cn_key_not_present	2	"[""101/response_body/gachaScheduleList/2/selectableCharaList/33/charaMessageList/2"",""104/response_body/gachaScheduleList/2/selectableCharaList/33/charaMessageList/2""]"
1104	9	ういちゃん、絵が上手で羨ましいな…		[]	fuzzy_review	official_cn_key_not_present	2	"[""101/response_body/gachaScheduleList/2/selectableCharaList/33/charaMessageList/3"",""104/response_body/gachaScheduleList/2/selectableCharaList/33/charaMessageList/3""]"
1104	10	夢を叶えたいなんて…やっぱり無理だよね…		[]	fuzzy_review	official_cn_key_not_present	2	"[""101/response_body/gachaScheduleList/2/selectableCharaList/33/charaMessageList/4"",""104/response_body/gachaScheduleList/2/selectableCharaList/33/charaMessageList/4""]"
1104	11	>電波を使えば、動物と話せるでしょうか…？		[]	fuzzy_review	official_cn_key_not_present	2	"[""101/response_body/gachaScheduleList/2/selectableCharaList/33/charaMessageList/5"",""104/response_body/gachaScheduleList/2/selectableCharaList/33/charaMessageList/5""]"
1104	12	私の手で…残せるかもしれない…！		[]	fuzzy_review	official_cn_key_not_present	2	"[""101/response_body/gachaScheduleList/2/selectableCharaList/33/charaMessageList/6"",""104/response_body/gachaScheduleList/2/selectableCharaList/33/charaMessageList/6""]"
1104	43	>はぁ～…終わりました…		[]	fuzzy_review	official_cn_key_not_present	2	"[""101/response_body/gachaScheduleList/2/selectableCharaList/33/charaMessageList/7"",""104/response_body/gachaScheduleList/2/selectableCharaList/33/charaMessageList/7""]"
1104	44	>ミッション完了、お疲れさまでした		[]	fuzzy_review	official_cn_key_not_present	2	"[""101/response_body/gachaScheduleList/2/selectableCharaList/33/charaMessageList/8"",""104/response_body/gachaScheduleList/2/selectableCharaList/33/charaMessageList/8""]"
1104	45	>勝てて良かった…！@>ね、ヤギさん…！		[]	fuzzy_review	official_cn_key_not_present	2	"[""101/response_body/gachaScheduleList/2/selectableCharaList/33/charaMessageList/9"",""104/response_body/gachaScheduleList/2/selectableCharaList/33/charaMessageList/9""]"
1104	46	>勝てたのは、アイちゃんのおかげです…！		[]	fuzzy_review	official_cn_key_not_present	2	"[""101/response_body/gachaScheduleList/2/selectableCharaList/33/charaMessageList/10"",""104/response_body/gachaScheduleList/2/selectableCharaList/33/charaMessageList/10""]"
1106	6	内緒のヒロイン…？ああ、懐かしいですね		[]	fuzzy_review	official_cn_key_not_present	2	"[""101/response_body/gachaScheduleList/2/selectableCharaList/63/charaMessageList/0"",""104/response_body/gachaScheduleList/2/selectableCharaList/63/charaMessageList/0""]"
1106	7	憧れていた大人にはまだなれていないけど…		[]	fuzzy_review	official_cn_key_not_present	2	"[""101/response_body/gachaScheduleList/2/selectableCharaList/63/charaMessageList/1"",""104/response_body/gachaScheduleList/2/selectableCharaList/63/charaMessageList/1""]"
1106	8	タイムカプセル、ですか…懐かしいですね		[]	fuzzy_review	official_cn_key_not_present	2	"[""101/response_body/gachaScheduleList/2/selectableCharaList/63/charaMessageList/2"",""104/response_body/gachaScheduleList/2/selectableCharaList/63/charaMessageList/2""]"
1106	9	子どもの頃のワタシが今のワタシを見たら…		[]	fuzzy_review	official_cn_key_not_present	2	"[""101/response_body/gachaScheduleList/2/selectableCharaList/63/charaMessageList/3"",""104/response_body/gachaScheduleList/2/selectableCharaList/63/charaMessageList/3""]"
1106	10	メリークリスマス！楽しい日にしましょうね		[]	fuzzy_review	official_cn_key_not_present	2	"[""101/response_body/gachaScheduleList/2/selectableCharaList/63/charaMessageList/4"",""104/response_body/gachaScheduleList/2/selectableCharaList/63/charaMessageList/4""]"
1106	11	夢を見ても夢を持ったことはなかったかも		[]	fuzzy_review	official_cn_key_not_present	2	"[""101/response_body/gachaScheduleList/2/selectableCharaList/63/charaMessageList/5"",""104/response_body/gachaScheduleList/2/selectableCharaList/63/charaMessageList/5""]"
1106	12	火の魔王と氷の女王、ですか…		[]	fuzzy_review	official_cn_key_not_present	2	"[""101/response_body/gachaScheduleList/2/selectableCharaList/63/charaMessageList/6"",""104/response_body/gachaScheduleList/2/selectableCharaList/63/charaMessageList/6""]"
1106	43	みなさん@熱くありませんでしたか…？		[]	fuzzy_review	official_cn_key_not_present	2	"[""101/response_body/gachaScheduleList/2/selectableCharaList/63/charaMessageList/7"",""104/response_body/gachaScheduleList/2/selectableCharaList/63/charaMessageList/7""]"
1106	44	マジカル☆みふゆ、内緒の勝利です！		[]	fuzzy_review	official_cn_key_not_present	2	"[""101/response_body/gachaScheduleList/2/selectableCharaList/63/charaMessageList/8"",""104/response_body/gachaScheduleList/2/selectableCharaList/63/charaMessageList/8""]"
1106	45	悪い敵さんは全部やっつけました！		[]	fuzzy_review	official_cn_key_not_present	2	"[""101/response_body/gachaScheduleList/2/selectableCharaList/63/charaMessageList/9"",""104/response_body/gachaScheduleList/2/selectableCharaList/63/charaMessageList/9""]"
1106	46	悪い子は、業火の中で@反省してください…！		[]	fuzzy_review	official_cn_key_not_present	2	"[""101/response_body/gachaScheduleList/2/selectableCharaList/63/charaMessageList/10"",""104/response_body/gachaScheduleList/2/selectableCharaList/63/charaMessageList/10""]"
1107	6	わたくしが王様だからね、けってーい！		[]	fuzzy_review	official_cn_key_not_present	2	"[""101/response_body/gachaScheduleList/2/selectableCharaList/30/charaMessageList/0"",""104/response_body/gachaScheduleList/2/selectableCharaList/30/charaMessageList/0""]"
1107	7	もうっ、わたくしの邪魔しないでよー！		[]	fuzzy_review	official_cn_key_not_present	2	"[""101/response_body/gachaScheduleList/2/selectableCharaList/30/charaMessageList/1"",""104/response_body/gachaScheduleList/2/selectableCharaList/30/charaMessageList/1""]"
1107	8	こんなこと…初めてだよ…		[]	fuzzy_review	official_cn_key_not_present	2	"[""101/response_body/gachaScheduleList/2/selectableCharaList/30/charaMessageList/2"",""104/response_body/gachaScheduleList/2/selectableCharaList/30/charaMessageList/2""]"
1107	9	クリスマス会…？僕には関係ないことだよ		[]	fuzzy_review	official_cn_key_not_present	2	"[""101/response_body/gachaScheduleList/2/selectableCharaList/30/charaMessageList/3"",""104/response_body/gachaScheduleList/2/selectableCharaList/30/charaMessageList/3""]"
1107	10	空飛ぶソリ…うん、悪くないね…		[]	fuzzy_review	official_cn_key_not_present	2	"[""101/response_body/gachaScheduleList/2/selectableCharaList/30/charaMessageList/4"",""104/response_body/gachaScheduleList/2/selectableCharaList/30/charaMessageList/4""]"
1107	11	呆れた…まるで「裸の王様」だね		[]	fuzzy_review	official_cn_key_not_present	2	"[""101/response_body/gachaScheduleList/2/selectableCharaList/30/charaMessageList/5"",""104/response_body/gachaScheduleList/2/selectableCharaList/30/charaMessageList/5""]"
1107	12	このプレゼント…お母さんからだ…！		[]	fuzzy_review	official_cn_key_not_present	2	"[""101/response_body/gachaScheduleList/2/selectableCharaList/30/charaMessageList/6"",""104/response_body/gachaScheduleList/2/selectableCharaList/30/charaMessageList/6""]"
1107	43	残念！灯花ちゃんの勝ちだよー		[]	fuzzy_review	official_cn_key_not_present	2	"[""101/response_body/gachaScheduleList/2/selectableCharaList/30/charaMessageList/7"",""104/response_body/gachaScheduleList/2/selectableCharaList/30/charaMessageList/7""]"
1107	44	未来は僕達の手にある		[]	fuzzy_review	official_cn_key_not_present	2	"[""101/response_body/gachaScheduleList/2/selectableCharaList/30/charaMessageList/8"",""104/response_body/gachaScheduleList/2/selectableCharaList/30/charaMessageList/8""]"
1107	45	『わぁっ、大勝利ー！』@「未来永劫語り継がれるね」		[]	fuzzy_review	official_cn_key_not_present	2	"[""101/response_body/gachaScheduleList/2/selectableCharaList/30/charaMessageList/9"",""104/response_body/gachaScheduleList/2/selectableCharaList/30/charaMessageList/9""]"
1107	46	「僕達がつかんだ奇跡だね」@『くふふっ』		[]	fuzzy_review	official_cn_key_not_present	2	"[""101/response_body/gachaScheduleList/2/selectableCharaList/30/charaMessageList/10"",""104/response_body/gachaScheduleList/2/selectableCharaList/30/charaMessageList/10""]"
1108	6	ほら、アリナが温めてアゲル	来吧，让阿莉娜带给你温暖。	"[""vo_char_1108_00_06_hca""]"	key_aligned	unique_charaNo_messageId_key_and_unique_cn_value	2	"[""101/response_body/gachaScheduleList/2/selectableCharaList/9/charaMessageList/0"",""104/response_body/gachaScheduleList/2/selectableCharaList/9/charaMessageList/0""]"
1108	7	アッハハ！アリナはアリナの美を見つけた！	啊哈哈！阿莉娜找到了阿莉娜的美！	"[""vo_char_1108_00_07_hca""]"	key_aligned	unique_charaNo_messageId_key_and_unique_cn_value	2	"[""101/response_body/gachaScheduleList/2/selectableCharaList/9/charaMessageList/1"",""104/response_body/gachaScheduleList/2/selectableCharaList/9/charaMessageList/1""]"
1108	8	ラストアートワークはきっと一瞬になるヨネ	最终的艺术品只在转瞬之间。	"[""vo_char_1108_00_08_hca""]"	key_aligned	unique_charaNo_messageId_key_and_unique_cn_value	2	"[""101/response_body/gachaScheduleList/2/selectableCharaList/9/charaMessageList/2"",""104/response_body/gachaScheduleList/2/selectableCharaList/9/charaMessageList/2""]"
1108	9	今回は参加型のインスタレーションなワケ	这次是可以参加的装置艺术作品。	"[""vo_char_1108_00_09_hca""]"	key_aligned	unique_charaNo_messageId_key_and_unique_cn_value	2	"[""101/response_body/gachaScheduleList/2/selectableCharaList/9/charaMessageList/3"",""104/response_body/gachaScheduleList/2/selectableCharaList/9/charaMessageList/3""]"
1108	10	フールガールのスチューピッドコミックが…	笨女孩的蠢漫画……	"[""vo_char_1108_00_10_hca""]"	key_aligned	unique_charaNo_messageId_key_and_unique_cn_value	2	"[""101/response_body/gachaScheduleList/2/selectableCharaList/9/charaMessageList/4"",""104/response_body/gachaScheduleList/2/selectableCharaList/9/charaMessageList/4""]"
1108	11	アリナも人間だカラ、この美を追い求めた…	阿莉娜也是人，所以追求着这份美……	"[""vo_char_1108_00_11_hca""]"	key_aligned	unique_charaNo_messageId_key_and_unique_cn_value	2	"[""101/response_body/gachaScheduleList/2/selectableCharaList/9/charaMessageList/5"",""104/response_body/gachaScheduleList/2/selectableCharaList/9/charaMessageList/5""]"
1108	12	ちょっと、アリナも世界を変えてみようカナ	阿莉娜也来试着改造世界好了。	"[""vo_char_1108_00_12_hca""]"	key_aligned	unique_charaNo_messageId_key_and_unique_cn_value	2	"[""101/response_body/gachaScheduleList/2/selectableCharaList/9/charaMessageList/6"",""104/response_body/gachaScheduleList/2/selectableCharaList/9/charaMessageList/6""]"
1108	43	代わりにライフタイムは頂いたカラ	作为代价，就拿走你的寿命了。	"[""vo_char_1108_00_43_hca""]"	key_aligned	unique_charaNo_messageId_key_and_unique_cn_value	2	"[""101/response_body/gachaScheduleList/2/selectableCharaList/9/charaMessageList/7"",""104/response_body/gachaScheduleList/2/selectableCharaList/9/charaMessageList/7""]"
1108	44	ハァ、@想像しただけでゾックゾクするぅ…	哈，光想想就兴奋了……	"[""vo_char_1108_00_44_hca""]"	key_aligned	unique_charaNo_messageId_key_and_unique_cn_value	2	"[""101/response_body/gachaScheduleList/2/selectableCharaList/9/charaMessageList/8"",""104/response_body/gachaScheduleList/2/selectableCharaList/9/charaMessageList/8""]"
1108	45	ベストアートのために、@いつか全てを包み込むカラ	"为了做出最棒的作品，总有一天要把一切都包
进去。"	"[""vo_char_1108_00_45_hca""]"	key_aligned	unique_charaNo_messageId_key_and_unique_cn_value	2	"[""101/response_body/gachaScheduleList/2/selectableCharaList/9/charaMessageList/9"",""104/response_body/gachaScheduleList/2/selectableCharaList/9/charaMessageList/9""]"
1108	46	想像して欲しいんだヨネ、滅びた世界を	请你想象一下毁灭的世界。	"[""vo_char_1108_00_46_hca""]"	key_aligned	unique_charaNo_messageId_key_and_unique_cn_value	2	"[""101/response_body/gachaScheduleList/2/selectableCharaList/9/charaMessageList/10"",""104/response_body/gachaScheduleList/2/selectableCharaList/9/charaMessageList/10""]"
1109	6	夢を見せるのがアイドルの役目よ…！	让大家看到梦想可是偶像的职责哦…！	"[""vo_char_1109_00_06_hca""]"	key_aligned	unique_charaNo_messageId_key_and_unique_cn_value	2	"[""101/response_body/gachaScheduleList/2/selectableCharaList/21/charaMessageList/0"",""104/response_body/gachaScheduleList/2/selectableCharaList/21/charaMessageList/0""]"
1109	7	アイドル坂…頂点は、はてなく遠い…！	偶像之坡道…的顶点，不可触及的遥远…！	"[""vo_char_1109_00_07_hca""]"	key_aligned	unique_charaNo_messageId_key_and_unique_cn_value	2	"[""101/response_body/gachaScheduleList/2/selectableCharaList/21/charaMessageList/1"",""104/response_body/gachaScheduleList/2/selectableCharaList/21/charaMessageList/1""]"
1109	8	あっ、美味しそうな果物！食べちゃえー	啊，看上去很好吃的水果！让我来吃掉它吧—	"[""vo_char_1109_00_08_hca""]"	key_aligned	unique_charaNo_messageId_key_and_unique_cn_value	2	"[""101/response_body/gachaScheduleList/2/selectableCharaList/21/charaMessageList/2"",""104/response_body/gachaScheduleList/2/selectableCharaList/21/charaMessageList/2""]"
1109	9	あっ、そろそろ今年の尊崇税納めなきゃ…	啊，差不多该要交今年的尊崇税了…	"[""vo_char_1109_00_09_hca""]"	key_aligned	unique_charaNo_messageId_key_and_unique_cn_value	2	"[""101/response_body/gachaScheduleList/2/selectableCharaList/21/charaMessageList/3"",""104/response_body/gachaScheduleList/2/selectableCharaList/21/charaMessageList/3""]"
1109	10	これが本当のレナ…えっ、これが？マジ…？	这是真的玲奈…咦，这就是？认真的…？	"[""vo_char_1109_00_10_hca""]"	key_aligned	unique_charaNo_messageId_key_and_unique_cn_value	2	"[""101/response_body/gachaScheduleList/2/selectableCharaList/21/charaMessageList/4"",""104/response_body/gachaScheduleList/2/selectableCharaList/21/charaMessageList/4""]"
1109	11	レナ、田んぼの様子見にいってくる！	玲奈，去看下稻田里的样子！	"[""vo_char_1109_00_11_hca""]"	key_aligned	unique_charaNo_messageId_key_and_unique_cn_value	2	"[""101/response_body/gachaScheduleList/2/selectableCharaList/21/charaMessageList/5"",""104/response_body/gachaScheduleList/2/selectableCharaList/21/charaMessageList/5""]"
1109	12	ウツボカズラ…うう、ウツボカズラが…！	猪笼草…呜呜，猪笼草啊…！	"[""vo_char_1109_00_12_hca""]"	key_aligned	unique_charaNo_messageId_key_and_unique_cn_value	2	"[""101/response_body/gachaScheduleList/2/selectableCharaList/21/charaMessageList/6"",""104/response_body/gachaScheduleList/2/selectableCharaList/21/charaMessageList/6""]"
1109	43	ぜー、はー@…ま、まあ当然の結果でしょ…	呼—，哈—…嘛，这是必然的结果吧…	"[""vo_char_1109_00_43_hca""]"	key_aligned	unique_charaNo_messageId_key_and_unique_cn_value	2	"[""101/response_body/gachaScheduleList/2/selectableCharaList/21/charaMessageList/7"",""104/response_body/gachaScheduleList/2/selectableCharaList/21/charaMessageList/7""]"
1109	44	なんかこの衣装…@胸元苦しい…	总觉得这件衣服…胸前好难受…	"[""vo_char_1109_00_44_hca""]"	key_aligned	unique_charaNo_messageId_key_and_unique_cn_value	2	"[""101/response_body/gachaScheduleList/2/selectableCharaList/21/charaMessageList/8"",""104/response_body/gachaScheduleList/2/selectableCharaList/21/charaMessageList/8""]"
1109	45	どーお？@レナの活躍ちゃんと見てたー!?	怎—样？有好好的看到玲奈的活跃吗—!?	"[""vo_char_1109_00_45_hca""]"	key_aligned	unique_charaNo_messageId_key_and_unique_cn_value	2	"[""101/response_body/gachaScheduleList/2/selectableCharaList/21/charaMessageList/9"",""104/response_body/gachaScheduleList/2/selectableCharaList/21/charaMessageList/9""]"
1109	46	全アイドル力、出しきったわ！	全部的偶像力，都发挥出来了！	"[""vo_char_1109_00_46_hca""]"	key_aligned	unique_charaNo_messageId_key_and_unique_cn_value	2	"[""101/response_body/gachaScheduleList/2/selectableCharaList/21/charaMessageList/10"",""104/response_body/gachaScheduleList/2/selectableCharaList/21/charaMessageList/10""]"
1110	6	あーいう顔されると…ちょっと心配…		[]	fuzzy_review	official_cn_key_not_present	2	"[""101/response_body/gachaScheduleList/2/selectableCharaList/28/charaMessageList/0"",""104/response_body/gachaScheduleList/2/selectableCharaList/28/charaMessageList/0""]"
1110	7	アタシの恋は…本気だったよ…絶対…		[]	fuzzy_review	official_cn_key_not_present	2	"[""101/response_body/gachaScheduleList/2/selectableCharaList/28/charaMessageList/1"",""104/response_body/gachaScheduleList/2/selectableCharaList/28/charaMessageList/1""]"
1110	8	届けないといけない祈りがあるから！		[]	fuzzy_review	official_cn_key_not_present	2	"[""101/response_body/gachaScheduleList/2/selectableCharaList/28/charaMessageList/2"",""104/response_body/gachaScheduleList/2/selectableCharaList/28/charaMessageList/2""]"
1110	9	恨みなら、アタシが買うよ！		[]	fuzzy_review	official_cn_key_not_present	2	"[""101/response_body/gachaScheduleList/2/selectableCharaList/28/charaMessageList/3"",""104/response_body/gachaScheduleList/2/selectableCharaList/28/charaMessageList/3""]"
1110	10	勇気が足りないなら、アタシに任せて		[]	fuzzy_review	official_cn_key_not_present	2	"[""101/response_body/gachaScheduleList/2/selectableCharaList/28/charaMessageList/4"",""104/response_body/gachaScheduleList/2/selectableCharaList/28/charaMessageList/4""]"
1110	11	祈りと愛って似てるよな…たぶん		[]	fuzzy_review	official_cn_key_not_present	2	"[""101/response_body/gachaScheduleList/2/selectableCharaList/28/charaMessageList/5"",""104/response_body/gachaScheduleList/2/selectableCharaList/28/charaMessageList/5""]"
1110	12	噛まれて痛かったのは首じゃないんだ		[]	fuzzy_review	official_cn_key_not_present	2	"[""101/response_body/gachaScheduleList/2/selectableCharaList/28/charaMessageList/6"",""104/response_body/gachaScheduleList/2/selectableCharaList/28/charaMessageList/6""]"
1110	43	赦しましょう…ってね		[]	fuzzy_review	official_cn_key_not_present	2	"[""101/response_body/gachaScheduleList/2/selectableCharaList/28/charaMessageList/7"",""104/response_body/gachaScheduleList/2/selectableCharaList/28/charaMessageList/7""]"
1110	44	墓標はこれでいいかな？		[]	fuzzy_review	official_cn_key_not_present	2	"[""101/response_body/gachaScheduleList/2/selectableCharaList/28/charaMessageList/8"",""104/response_body/gachaScheduleList/2/selectableCharaList/28/charaMessageList/8""]"
1110	45	安らかに眠りな！		[]	fuzzy_review	official_cn_key_not_present	2	"[""101/response_body/gachaScheduleList/2/selectableCharaList/28/charaMessageList/9"",""104/response_body/gachaScheduleList/2/selectableCharaList/28/charaMessageList/9""]"
1110	46	パーッとお祝いでもするか！		[]	fuzzy_review	official_cn_key_not_present	2	"[""101/response_body/gachaScheduleList/2/selectableCharaList/28/charaMessageList/10"",""104/response_body/gachaScheduleList/2/selectableCharaList/28/charaMessageList/10""]"
1112	6	アリナ先輩もハロウィンを楽しんで欲しいの		[]	fuzzy_review	official_cn_key_not_present	2	"[""101/response_body/gachaScheduleList/2/selectableCharaList/43/charaMessageList/0"",""104/response_body/gachaScheduleList/2/selectableCharaList/43/charaMessageList/0""]"
1112	7	みんなでパンプキンパイを焼くの！		[]	fuzzy_review	official_cn_key_not_present	2	"[""101/response_body/gachaScheduleList/2/selectableCharaList/43/charaMessageList/1"",""104/response_body/gachaScheduleList/2/selectableCharaList/43/charaMessageList/1""]"
1112	8	なんで次々とハプニングを持ってくるワケ！		[]	fuzzy_review	official_cn_key_not_present	2	"[""101/response_body/gachaScheduleList/2/selectableCharaList/43/charaMessageList/2"",""104/response_body/gachaScheduleList/2/selectableCharaList/43/charaMessageList/2""]"
1112	9	こんなに楽しいなら毎日ハロウィンがいいの		[]	fuzzy_review	official_cn_key_not_present	2	"[""101/response_body/gachaScheduleList/2/selectableCharaList/43/charaMessageList/3"",""104/response_body/gachaScheduleList/2/selectableCharaList/43/charaMessageList/3""]"
1112	10	ハロウィンをテーマに絵を…？却下！		[]	fuzzy_review	official_cn_key_not_present	2	"[""101/response_body/gachaScheduleList/2/selectableCharaList/43/charaMessageList/4"",""104/response_body/gachaScheduleList/2/selectableCharaList/43/charaMessageList/4""]"
1112	11	かぼちゃの王様に変身するの！		[]	fuzzy_review	official_cn_key_not_present	2	"[""101/response_body/gachaScheduleList/2/selectableCharaList/43/charaMessageList/5"",""104/response_body/gachaScheduleList/2/selectableCharaList/43/charaMessageList/5""]"
1112	12	チープな血のりとか見る価値もないカラ		[]	fuzzy_review	official_cn_key_not_present	2	"[""101/response_body/gachaScheduleList/2/selectableCharaList/43/charaMessageList/6"",""104/response_body/gachaScheduleList/2/selectableCharaList/43/charaMessageList/6""]"
1112	43	かぼちゃの王様として当然なの！		[]	fuzzy_review	official_cn_key_not_present	2	"[""101/response_body/gachaScheduleList/2/selectableCharaList/43/charaMessageList/7"",""104/response_body/gachaScheduleList/2/selectableCharaList/43/charaMessageList/7""]"
1112	44	もうエンド？物足りないんですケド		[]	fuzzy_review	official_cn_key_not_present	2	"[""101/response_body/gachaScheduleList/2/selectableCharaList/43/charaMessageList/8"",""104/response_body/gachaScheduleList/2/selectableCharaList/43/charaMessageList/8""]"
1112	45	『やったの！アリナ先輩！』@「…はぁ、やっとエンド」		[]	fuzzy_review	official_cn_key_not_present	2	"[""101/response_body/gachaScheduleList/2/selectableCharaList/43/charaMessageList/9"",""104/response_body/gachaScheduleList/2/selectableCharaList/43/charaMessageList/9""]"
1112	46	『ハロウィンの守護者、勝利なの』@「王様と守護者どっち？」		[]	fuzzy_review	official_cn_key_not_present	2	"[""101/response_body/gachaScheduleList/2/selectableCharaList/43/charaMessageList/10"",""104/response_body/gachaScheduleList/2/selectableCharaList/43/charaMessageList/10""]"
1113	6	うぅ…自害し、し…しません！ふぅ…		[]	fuzzy_review	official_cn_key_not_present	2	"[""101/response_body/gachaScheduleList/2/selectableCharaList/86/charaMessageList/0"",""104/response_body/gachaScheduleList/2/selectableCharaList/86/charaMessageList/0""]"
1113	7	幼子に無様なところは見せられないので		[]	fuzzy_review	official_cn_key_not_present	2	"[""101/response_body/gachaScheduleList/2/selectableCharaList/86/charaMessageList/1"",""104/response_body/gachaScheduleList/2/selectableCharaList/86/charaMessageList/1""]"
1113	8	ついに私も、お年玉をあげる側です！		[]	fuzzy_review	official_cn_key_not_present	2	"[""101/response_body/gachaScheduleList/2/selectableCharaList/86/charaMessageList/2"",""104/response_body/gachaScheduleList/2/selectableCharaList/86/charaMessageList/2""]"
1113	9	いつまでも粗忽者な私じゃありません！		[]	fuzzy_review	official_cn_key_not_present	2	"[""101/response_body/gachaScheduleList/2/selectableCharaList/86/charaMessageList/3"",""104/response_body/gachaScheduleList/2/selectableCharaList/86/charaMessageList/3""]"
1113	10	このアルバイトで己を磨いてみせます！		[]	fuzzy_review	official_cn_key_not_present	2	"[""101/response_body/gachaScheduleList/2/selectableCharaList/86/charaMessageList/4"",""104/response_body/gachaScheduleList/2/selectableCharaList/86/charaMessageList/4""]"
1113	11	みなさんすごいです…それに比べて、私は…		[]	fuzzy_review	official_cn_key_not_present	2	"[""101/response_body/gachaScheduleList/2/selectableCharaList/86/charaMessageList/5"",""104/response_body/gachaScheduleList/2/selectableCharaList/86/charaMessageList/5""]"
1113	12	私も、従兄弟殿みたく…大人に…！		[]	fuzzy_review	official_cn_key_not_present	2	"[""101/response_body/gachaScheduleList/2/selectableCharaList/86/charaMessageList/6"",""104/response_body/gachaScheduleList/2/selectableCharaList/86/charaMessageList/6""]"
1113	43	いい１年になりそうですね！		[]	fuzzy_review	official_cn_key_not_present	2	"[""101/response_body/gachaScheduleList/2/selectableCharaList/86/charaMessageList/7"",""104/response_body/gachaScheduleList/2/selectableCharaList/86/charaMessageList/7""]"
1113	44	さて、帰ったらまた稽古ですよ！		[]	fuzzy_review	official_cn_key_not_present	2	"[""101/response_body/gachaScheduleList/2/selectableCharaList/86/charaMessageList/8"",""104/response_body/gachaScheduleList/2/selectableCharaList/86/charaMessageList/8""]"
1113	45	新たな年に、輝かしい一歩です！		[]	fuzzy_review	official_cn_key_not_present	2	"[""101/response_body/gachaScheduleList/2/selectableCharaList/86/charaMessageList/9"",""104/response_body/gachaScheduleList/2/selectableCharaList/86/charaMessageList/9""]"
1113	46	これも龍神様の力…でしょうか？		[]	fuzzy_review	official_cn_key_not_present	2	"[""101/response_body/gachaScheduleList/2/selectableCharaList/86/charaMessageList/10"",""104/response_body/gachaScheduleList/2/selectableCharaList/86/charaMessageList/10""]"
1116	6	あの画伯が…スランプ…!?		[]	fuzzy_review	official_cn_key_not_present	2	"[""101/response_body/gachaScheduleList/2/selectableCharaList/27/charaMessageList/0"",""104/response_body/gachaScheduleList/2/selectableCharaList/27/charaMessageList/0""]"
1116	7	噛んだ際の傷はもう癒えただろうか		[]	fuzzy_review	official_cn_key_not_present	2	"[""101/response_body/gachaScheduleList/2/selectableCharaList/27/charaMessageList/1"",""104/response_body/gachaScheduleList/2/selectableCharaList/27/charaMessageList/1""]"
1116	8	リハーサルでの分を取り返すとしよう		[]	fuzzy_review	official_cn_key_not_present	2	"[""101/response_body/gachaScheduleList/2/selectableCharaList/27/charaMessageList/2"",""104/response_body/gachaScheduleList/2/selectableCharaList/27/charaMessageList/2""]"
1116	9	メイド吸血鬼…我ながらいい着眼点だな		[]	fuzzy_review	official_cn_key_not_present	2	"[""101/response_body/gachaScheduleList/2/selectableCharaList/27/charaMessageList/3"",""104/response_body/gachaScheduleList/2/selectableCharaList/27/charaMessageList/3""]"
1116	10	自分は操られていない、囚われただけだ		[]	fuzzy_review	official_cn_key_not_present	2	"[""101/response_body/gachaScheduleList/2/selectableCharaList/27/charaMessageList/4"",""104/response_body/gachaScheduleList/2/selectableCharaList/27/charaMessageList/4""]"
1116	11	戦闘シーンは全力で取り組むぞ		[]	fuzzy_review	official_cn_key_not_present	2	"[""101/response_body/gachaScheduleList/2/selectableCharaList/27/charaMessageList/5"",""104/response_body/gachaScheduleList/2/selectableCharaList/27/charaMessageList/5""]"
1116	12	私情を挟むつもりはなかったが…		[]	fuzzy_review	official_cn_key_not_present	2	"[""101/response_body/gachaScheduleList/2/selectableCharaList/27/charaMessageList/6"",""104/response_body/gachaScheduleList/2/selectableCharaList/27/charaMessageList/6""]"
1116	43	月が綺麗だな		[]	fuzzy_review	official_cn_key_not_present	2	"[""101/response_body/gachaScheduleList/2/selectableCharaList/27/charaMessageList/7"",""104/response_body/gachaScheduleList/2/selectableCharaList/27/charaMessageList/7""]"
1116	44	さあ、敗者は首筋を出せ		[]	fuzzy_review	official_cn_key_not_present	2	"[""101/response_body/gachaScheduleList/2/selectableCharaList/27/charaMessageList/8"",""104/response_body/gachaScheduleList/2/selectableCharaList/27/charaMessageList/8""]"
1116	45	棺桶は足りそうだな		[]	fuzzy_review	official_cn_key_not_present	2	"[""101/response_body/gachaScheduleList/2/selectableCharaList/27/charaMessageList/9"",""104/response_body/gachaScheduleList/2/selectableCharaList/27/charaMessageList/9""]"
1116	46	陽が昇る、さらばだ！		[]	fuzzy_review	official_cn_key_not_present	2	"[""101/response_body/gachaScheduleList/2/selectableCharaList/27/charaMessageList/10"",""104/response_body/gachaScheduleList/2/selectableCharaList/27/charaMessageList/10""]"
1117	6	初詣にはぴったりの、穏やかな天気ね～	是正适合初次参拜的平静天气呢~	"[""vo_char_1117_00_06_hca""]"	key_aligned	unique_charaNo_messageId_key_and_unique_cn_value	2	"[""101/response_body/gachaScheduleList/2/selectableCharaList/10/charaMessageList/0"",""104/response_body/gachaScheduleList/2/selectableCharaList/10/charaMessageList/0""]"
1117	7	書初めの言葉なら、もう決めてるわよぉ	初次书写的内容，已经想好了哦。	"[""vo_char_1117_00_07_hca""]"	key_aligned	unique_charaNo_messageId_key_and_unique_cn_value	2	"[""101/response_body/gachaScheduleList/2/selectableCharaList/10/charaMessageList/1"",""104/response_body/gachaScheduleList/2/selectableCharaList/10/charaMessageList/1""]"
1117	8	着付けは初めてだったし、ドキドキしたわぁ	第一次穿盛装，好激动啊。	"[""vo_char_1117_00_08_hca""]"	key_aligned	unique_charaNo_messageId_key_and_unique_cn_value	2	"[""101/response_body/gachaScheduleList/2/selectableCharaList/10/charaMessageList/2"",""104/response_body/gachaScheduleList/2/selectableCharaList/10/charaMessageList/2""]"
1117	9	お困りなら、この調整屋さんにお任せっ♪	要是有困难，就来找调整专家吧♪	"[""vo_char_1117_00_09_hca""]"	key_aligned	unique_charaNo_messageId_key_and_unique_cn_value	2	"[""101/response_body/gachaScheduleList/2/selectableCharaList/10/charaMessageList/3"",""104/response_body/gachaScheduleList/2/selectableCharaList/10/charaMessageList/3""]"
1117	10	お汁粉に、バターとチョコは欠かせないわ♪	年糕小豆汤里，少不了黄油和巧克力哦♪	"[""vo_char_1117_00_10_hca""]"	key_aligned	unique_charaNo_messageId_key_and_unique_cn_value	2	"[""101/response_body/gachaScheduleList/2/selectableCharaList/10/charaMessageList/4"",""104/response_body/gachaScheduleList/2/selectableCharaList/10/charaMessageList/4""]"
1117	11	今年の初夢は、ちょっと不思議だったわねぇ	今年的初梦，有点奇异呢。	"[""vo_char_1117_00_11_hca""]"	key_aligned	unique_charaNo_messageId_key_and_unique_cn_value	2	"[""101/response_body/gachaScheduleList/2/selectableCharaList/10/charaMessageList/5"",""104/response_body/gachaScheduleList/2/selectableCharaList/10/charaMessageList/5""]"
1117	12	やぁねぇ、わたしはまだお年玉をもらう側よ	唉呀，我还是收压岁钱的那一边啦。	"[""vo_char_1117_00_12_hca""]"	key_aligned	unique_charaNo_messageId_key_and_unique_cn_value	2	"[""101/response_body/gachaScheduleList/2/selectableCharaList/10/charaMessageList/6"",""104/response_body/gachaScheduleList/2/selectableCharaList/10/charaMessageList/6""]"
1117	43	みかん買って帰ろうっと	买点蜜柑带回去吧。	"[""vo_char_1117_00_43_hca""]"	key_aligned	unique_charaNo_messageId_key_and_unique_cn_value	2	"[""101/response_body/gachaScheduleList/2/selectableCharaList/10/charaMessageList/7"",""104/response_body/gachaScheduleList/2/selectableCharaList/10/charaMessageList/7""]"
1117	44	やった♪かるたの札が揃ったわ！	太好啦♪骨牌凑齐啦！	"[""vo_char_1117_00_44_hca""]"	key_aligned	unique_charaNo_messageId_key_and_unique_cn_value	2	"[""101/response_body/gachaScheduleList/2/selectableCharaList/10/charaMessageList/8"",""104/response_body/gachaScheduleList/2/selectableCharaList/10/charaMessageList/8""]"
1117	45	あなたの運勢…「大凶」ねっ	你的运势……是「大凶」啊。	"[""vo_char_1117_00_45_hca""]"	key_aligned	unique_charaNo_messageId_key_and_unique_cn_value	2	"[""101/response_body/gachaScheduleList/2/selectableCharaList/10/charaMessageList/9"",""104/response_body/gachaScheduleList/2/selectableCharaList/10/charaMessageList/9""]"
1117	46	新年からめでたいわぁ♪	新年值得庆祝♪	"[""vo_char_1117_00_46_hca""]"	key_aligned	unique_charaNo_messageId_key_and_unique_cn_value	2	"[""101/response_body/gachaScheduleList/2/selectableCharaList/10/charaMessageList/10"",""104/response_body/gachaScheduleList/2/selectableCharaList/10/charaMessageList/10""]"
1118	6	あー!?環いろは…どうしてここに!?	"啊！环彩羽……
为什么会在这！？"	"[""vo_char_1118_00_06_hca""]"	key_aligned	unique_charaNo_messageId_key_and_unique_cn_value	2	"[""101/response_body/gachaScheduleList/2/selectableCharaList/14/charaMessageList/0"",""104/response_body/gachaScheduleList/2/selectableCharaList/14/charaMessageList/0""]"
1118	7	バ、バナナボートとは…何でございますか？	香、香蕉船……那是什么？	"[""vo_char_1118_00_07_hca""]"	key_aligned	unique_charaNo_messageId_key_and_unique_cn_value	2	"[""101/response_body/gachaScheduleList/2/selectableCharaList/14/charaMessageList/1"",""104/response_body/gachaScheduleList/2/selectableCharaList/14/charaMessageList/1""]"
1118	8	ウチは、本当に今のままでいいのかな…	我真的可以这样吗……	"[""vo_char_1118_00_08_hca""]"	key_aligned	unique_charaNo_messageId_key_and_unique_cn_value	2	"[""101/response_body/gachaScheduleList/2/selectableCharaList/14/charaMessageList/2"",""104/response_body/gachaScheduleList/2/selectableCharaList/14/charaMessageList/2""]"
1118	9	はぁ…海でプカプカ…まったりでございます	哈……在海里漂着，真惬意啊……	"[""vo_char_1118_00_09_hca""]"	key_aligned	unique_charaNo_messageId_key_and_unique_cn_value	2	"[""101/response_body/gachaScheduleList/2/selectableCharaList/14/charaMessageList/3"",""104/response_body/gachaScheduleList/2/selectableCharaList/14/charaMessageList/3""]"
1118	10	綺麗な海…！月夜ちゃんと来れてよかった…	"好美的大海！
能和月夜一起来真是太好了……"	"[""vo_char_1118_00_10_hca""]"	key_aligned	unique_charaNo_messageId_key_and_unique_cn_value	2	"[""101/response_body/gachaScheduleList/2/selectableCharaList/14/charaMessageList/4"",""104/response_body/gachaScheduleList/2/selectableCharaList/14/charaMessageList/4""]"
1118	11	月咲ちゃんが楽しそうで何よりでございます	月咲很开心，这比什么都好。	"[""vo_char_1118_00_11_hca""]"	key_aligned	unique_charaNo_messageId_key_and_unique_cn_value	2	"[""101/response_body/gachaScheduleList/2/selectableCharaList/14/charaMessageList/5"",""104/response_body/gachaScheduleList/2/selectableCharaList/14/charaMessageList/5""]"
1118	12	こんなに夏を楽しめたのは、初めてだよっ！	像这样享受夏天，还是第一次啊！	"[""vo_char_1118_00_12_hca""]"	key_aligned	unique_charaNo_messageId_key_and_unique_cn_value	2	"[""101/response_body/gachaScheduleList/2/selectableCharaList/14/charaMessageList/6"",""104/response_body/gachaScheduleList/2/selectableCharaList/14/charaMessageList/6""]"
1118	43	はぁ…@やっと海に戻れるよ…	哈……终于可以回到海边了呢……	"[""vo_char_1118_00_43_hca""]"	key_aligned	unique_charaNo_messageId_key_and_unique_cn_value	2	"[""101/response_body/gachaScheduleList/2/selectableCharaList/14/charaMessageList/7"",""104/response_body/gachaScheduleList/2/selectableCharaList/14/charaMessageList/7""]"
1118	44	バナナボートは@重たいのでございます…	香蕉船是真的好重……	"[""vo_char_1118_00_44_hca""]"	key_aligned	unique_charaNo_messageId_key_and_unique_cn_value	2	"[""101/response_body/gachaScheduleList/2/selectableCharaList/14/charaMessageList/8"",""104/response_body/gachaScheduleList/2/selectableCharaList/14/charaMessageList/8""]"
1118	45	「ビッグウェーブに乗れたね！」@『ねー！』	"乘上大浪了呢！
对吧——"	"[""vo_char_1118_00_45_hca""]"	key_aligned	unique_charaNo_messageId_key_and_unique_cn_value	2	"[""101/response_body/gachaScheduleList/2/selectableCharaList/14/charaMessageList/9"",""104/response_body/gachaScheduleList/2/selectableCharaList/14/charaMessageList/9""]"
1118	46	『私たちの勝ちにございます』@「ねー！」	"这是我们的胜利。
对吧——"	"[""vo_char_1118_00_46_hca""]"	key_aligned	unique_charaNo_messageId_key_and_unique_cn_value	2	"[""101/response_body/gachaScheduleList/2/selectableCharaList/14/charaMessageList/10"",""104/response_body/gachaScheduleList/2/selectableCharaList/14/charaMessageList/10""]"
1120	6	「妖怪に用かい？」なんて…あはは…		[]	fuzzy_review	official_cn_key_not_present	2	"[""101/response_body/gachaScheduleList/2/selectableCharaList/78/charaMessageList/0"",""104/response_body/gachaScheduleList/2/selectableCharaList/78/charaMessageList/0""]"
1120	7	私も一緒に遊ぶんですか…!?		[]	fuzzy_review	official_cn_key_not_present	2	"[""101/response_body/gachaScheduleList/2/selectableCharaList/78/charaMessageList/1"",""104/response_body/gachaScheduleList/2/selectableCharaList/78/charaMessageList/1""]"
1120	8	大変なことになっちゃった…！		[]	fuzzy_review	official_cn_key_not_present	2	"[""101/response_body/gachaScheduleList/2/selectableCharaList/78/charaMessageList/2"",""104/response_body/gachaScheduleList/2/selectableCharaList/78/charaMessageList/2""]"
1120	9	みなさん、私に協力してください…！		[]	fuzzy_review	official_cn_key_not_present	2	"[""101/response_body/gachaScheduleList/2/selectableCharaList/78/charaMessageList/3"",""104/response_body/gachaScheduleList/2/selectableCharaList/78/charaMessageList/3""]"
1120	10	七不思議その１、「動くぬいぐるみ」…？		[]	fuzzy_review	official_cn_key_not_present	2	"[""101/response_body/gachaScheduleList/2/selectableCharaList/78/charaMessageList/4"",""104/response_body/gachaScheduleList/2/selectableCharaList/78/charaMessageList/4""]"
1120	11	今年の夏は、去年よりも楽しくなりそう		[]	fuzzy_review	official_cn_key_not_present	2	"[""101/response_body/gachaScheduleList/2/selectableCharaList/78/charaMessageList/5"",""104/response_body/gachaScheduleList/2/selectableCharaList/78/charaMessageList/5""]"
1120	12	あ、ひまわりにお水をあげなくちゃ		[]	fuzzy_review	official_cn_key_not_present	2	"[""101/response_body/gachaScheduleList/2/selectableCharaList/78/charaMessageList/6"",""104/response_body/gachaScheduleList/2/selectableCharaList/78/charaMessageList/6""]"
1120	43	ふぅ…なんとか勝てたね、アルちゃん		[]	fuzzy_review	official_cn_key_not_present	2	"[""101/response_body/gachaScheduleList/2/selectableCharaList/78/charaMessageList/7"",""104/response_body/gachaScheduleList/2/selectableCharaList/78/charaMessageList/7""]"
1120	44	忘れないために、私は書き残すよ		[]	fuzzy_review	official_cn_key_not_present	2	"[""101/response_body/gachaScheduleList/2/selectableCharaList/78/charaMessageList/8"",""104/response_body/gachaScheduleList/2/selectableCharaList/78/charaMessageList/8""]"
1120	45	やった…！@アルちゃんズと掴んだ勝利だよ		[]	fuzzy_review	official_cn_key_not_present	2	"[""101/response_body/gachaScheduleList/2/selectableCharaList/78/charaMessageList/9"",""104/response_body/gachaScheduleList/2/selectableCharaList/78/charaMessageList/9""]"
1120	46	アルちゃんズとなら@怖いもの知らず…かも！		[]	fuzzy_review	official_cn_key_not_present	2	"[""101/response_body/gachaScheduleList/2/selectableCharaList/78/charaMessageList/10"",""104/response_body/gachaScheduleList/2/selectableCharaList/78/charaMessageList/10""]"
1121	6	なんッで樹里サマがこんなこと…っ！		[]	fuzzy_review	official_cn_key_not_present	2	"[""101/response_body/gachaScheduleList/2/selectableCharaList/81/charaMessageList/0"",""104/response_body/gachaScheduleList/2/selectableCharaList/81/charaMessageList/0""]"
1121	7	トリックオアトリート！これでいいかよ！		[]	fuzzy_review	official_cn_key_not_present	2	"[""101/response_body/gachaScheduleList/2/selectableCharaList/81/charaMessageList/1"",""104/response_body/gachaScheduleList/2/selectableCharaList/81/charaMessageList/1""]"
1121	8	…ヒーローなんて、立派なモンじゃねぇよ		[]	fuzzy_review	official_cn_key_not_present	2	"[""101/response_body/gachaScheduleList/2/selectableCharaList/81/charaMessageList/2"",""104/response_body/gachaScheduleList/2/selectableCharaList/81/charaMessageList/2""]"
1121	9	…そんな恥ずかしい罰ゲームをするのぉ…？		[]	fuzzy_review	official_cn_key_not_present	2	"[""101/response_body/gachaScheduleList/2/selectableCharaList/81/charaMessageList/3"",""104/response_body/gachaScheduleList/2/selectableCharaList/81/charaMessageList/3""]"
1121	10	私たちにできることをやりましょぉ…		[]	fuzzy_review	official_cn_key_not_present	2	"[""101/response_body/gachaScheduleList/2/selectableCharaList/81/charaMessageList/4"",""104/response_body/gachaScheduleList/2/selectableCharaList/81/charaMessageList/4""]"
1121	11	ずいぶんと変わったものねぇ…樹里も、私も		[]	fuzzy_review	official_cn_key_not_present	2	"[""101/response_body/gachaScheduleList/2/selectableCharaList/81/charaMessageList/5"",""104/response_body/gachaScheduleList/2/selectableCharaList/81/charaMessageList/5""]"
1121	12	ま、たまにはこんなのも悪かねーな…ニヒッ		[]	fuzzy_review	official_cn_key_not_present	2	"[""101/response_body/gachaScheduleList/2/selectableCharaList/81/charaMessageList/6"",""104/response_body/gachaScheduleList/2/selectableCharaList/81/charaMessageList/6""]"
1121	43	オイオイ、まだ暴れ足りねーぞ		[]	fuzzy_review	official_cn_key_not_present	2	"[""101/response_body/gachaScheduleList/2/selectableCharaList/81/charaMessageList/7"",""104/response_body/gachaScheduleList/2/selectableCharaList/81/charaMessageList/7""]"
1121	44	イタズラ…し過ぎたかしらねぇ…		[]	fuzzy_review	official_cn_key_not_present	2	"[""101/response_body/gachaScheduleList/2/selectableCharaList/81/charaMessageList/8"",""104/response_body/gachaScheduleList/2/selectableCharaList/81/charaMessageList/8""]"
1121	45	「勝てると思ったのぉ…？」@『百年早いっつーの』		[]	fuzzy_review	official_cn_key_not_present	2	"[""101/response_body/gachaScheduleList/2/selectableCharaList/81/charaMessageList/9"",""104/response_body/gachaScheduleList/2/selectableCharaList/81/charaMessageList/9""]"
1121	46	「ご褒美のお菓子よぉ…」@『ガキ扱いしてんじゃねーぞ』		[]	fuzzy_review	official_cn_key_not_present	2	"[""101/response_body/gachaScheduleList/2/selectableCharaList/81/charaMessageList/10"",""104/response_body/gachaScheduleList/2/selectableCharaList/81/charaMessageList/10""]"
1125	6	実は年越しそばって食べたことないのよね…		[]	fuzzy_review	official_cn_key_not_present	2	"[""101/response_body/gachaScheduleList/2/selectableCharaList/46/charaMessageList/0"",""104/response_body/gachaScheduleList/2/selectableCharaList/46/charaMessageList/0""]"
1125	7	へぇ…これが当世風なのね…すごい…		[]	fuzzy_review	official_cn_key_not_present	2	"[""101/response_body/gachaScheduleList/2/selectableCharaList/46/charaMessageList/1"",""104/response_body/gachaScheduleList/2/selectableCharaList/46/charaMessageList/1""]"
1125	8	お正月の習慣って地域によって違うのね		[]	fuzzy_review	official_cn_key_not_present	2	"[""101/response_body/gachaScheduleList/2/selectableCharaList/46/charaMessageList/2"",""104/response_body/gachaScheduleList/2/selectableCharaList/46/charaMessageList/2""]"
1125	9	ちゃるとすなおの晴着、とっても素敵だわ		[]	fuzzy_review	official_cn_key_not_present	2	"[""101/response_body/gachaScheduleList/2/selectableCharaList/46/charaMessageList/3"",""104/response_body/gachaScheduleList/2/selectableCharaList/46/charaMessageList/3""]"
1125	10	一族のみんなも年末は里帰りするみたい		[]	fuzzy_review	official_cn_key_not_present	2	"[""101/response_body/gachaScheduleList/2/selectableCharaList/46/charaMessageList/4"",""104/response_body/gachaScheduleList/2/selectableCharaList/46/charaMessageList/4""]"
1125	11	正月太り…？うーん…気にしたことないけど		[]	fuzzy_review	official_cn_key_not_present	2	"[""101/response_body/gachaScheduleList/2/selectableCharaList/46/charaMessageList/5"",""104/response_body/gachaScheduleList/2/selectableCharaList/46/charaMessageList/5""]"
1125	12	成長は嬉しいけど…いいことだけじゃないわ		[]	fuzzy_review	official_cn_key_not_present	2	"[""101/response_body/gachaScheduleList/2/selectableCharaList/46/charaMessageList/6"",""104/response_body/gachaScheduleList/2/selectableCharaList/46/charaMessageList/6""]"
1125	43	新年早々おめでたいわね！		[]	fuzzy_review	official_cn_key_not_present	2	"[""101/response_body/gachaScheduleList/2/selectableCharaList/46/charaMessageList/7"",""104/response_body/gachaScheduleList/2/selectableCharaList/46/charaMessageList/7""]"
1125	44	これでのんびりお正月を過ごせるわね		[]	fuzzy_review	official_cn_key_not_present	2	"[""101/response_body/gachaScheduleList/2/selectableCharaList/46/charaMessageList/8"",""104/response_body/gachaScheduleList/2/selectableCharaList/46/charaMessageList/8""]"
1125	45	一族の新たな門出…勝利はその証よ		[]	fuzzy_review	official_cn_key_not_present	2	"[""101/response_body/gachaScheduleList/2/selectableCharaList/46/charaMessageList/9"",""104/response_body/gachaScheduleList/2/selectableCharaList/46/charaMessageList/9""]"
1125	46	この勝利が、みんなを照らしますように		[]	fuzzy_review	official_cn_key_not_present	2	"[""101/response_body/gachaScheduleList/2/selectableCharaList/46/charaMessageList/10"",""104/response_body/gachaScheduleList/2/selectableCharaList/46/charaMessageList/10""]"
1133	6	え…まさか、そんな手違いが…!?		[]	fuzzy_review	official_cn_key_not_present	2	"[""101/response_body/gachaScheduleList/2/selectableCharaList/62/charaMessageList/0"",""104/response_body/gachaScheduleList/2/selectableCharaList/62/charaMessageList/0""]"
1133	7	那由他様は荷造りがとことん下手ですね…		[]	fuzzy_review	official_cn_key_not_present	2	"[""101/response_body/gachaScheduleList/2/selectableCharaList/62/charaMessageList/1"",""104/response_body/gachaScheduleList/2/selectableCharaList/62/charaMessageList/1""]"
1133	8	ただ、慰めの言葉が欲しかっただけ…		[]	fuzzy_review	official_cn_key_not_present	2	"[""101/response_body/gachaScheduleList/2/selectableCharaList/62/charaMessageList/2"",""104/response_body/gachaScheduleList/2/selectableCharaList/62/charaMessageList/2""]"
1133	9	魔法少女が正しく理解されていれば…		[]	fuzzy_review	official_cn_key_not_present	2	"[""101/response_body/gachaScheduleList/2/selectableCharaList/62/charaMessageList/3"",""104/response_body/gachaScheduleList/2/selectableCharaList/62/charaMessageList/3""]"
1133	10	白金は、どんな未来を描いていたのだろう		[]	fuzzy_review	official_cn_key_not_present	2	"[""101/response_body/gachaScheduleList/2/selectableCharaList/62/charaMessageList/4"",""104/response_body/gachaScheduleList/2/selectableCharaList/62/charaMessageList/4""]"
1133	11	求める未来は、そう遠くないのかもしれない		[]	fuzzy_review	official_cn_key_not_present	2	"[""101/response_body/gachaScheduleList/2/selectableCharaList/62/charaMessageList/5"",""104/response_body/gachaScheduleList/2/selectableCharaList/62/charaMessageList/5""]"
1133	12	この私が、騒がしくて楽しい…だなんて		[]	fuzzy_review	official_cn_key_not_present	2	"[""101/response_body/gachaScheduleList/2/selectableCharaList/62/charaMessageList/6"",""104/response_body/gachaScheduleList/2/selectableCharaList/62/charaMessageList/6""]"
1133	43	これで、みんな安らかに終われる		[]	fuzzy_review	official_cn_key_not_present	2	"[""101/response_body/gachaScheduleList/2/selectableCharaList/62/charaMessageList/7"",""104/response_body/gachaScheduleList/2/selectableCharaList/62/charaMessageList/7""]"
1133	44	下手な希望を持つより幸せなはず…		[]	fuzzy_review	official_cn_key_not_present	2	"[""101/response_body/gachaScheduleList/2/selectableCharaList/62/charaMessageList/8"",""104/response_body/gachaScheduleList/2/selectableCharaList/62/charaMessageList/8""]"
1133	45	諦めれば、辛さもなくなる		[]	fuzzy_review	official_cn_key_not_present	2	"[""101/response_body/gachaScheduleList/2/selectableCharaList/62/charaMessageList/9"",""104/response_body/gachaScheduleList/2/selectableCharaList/62/charaMessageList/9""]"
1133	46	未来の魔法少女を救おう…		[]	fuzzy_review	official_cn_key_not_present	2	"[""101/response_body/gachaScheduleList/2/selectableCharaList/62/charaMessageList/10"",""104/response_body/gachaScheduleList/2/selectableCharaList/62/charaMessageList/10""]"
1137	6	ミィは笑ってクリスマスを迎えたいよ…！		[]	fuzzy_review	official_cn_key_not_present	2	"[""101/response_body/gachaScheduleList/2/selectableCharaList/45/charaMessageList/0"",""104/response_body/gachaScheduleList/2/selectableCharaList/45/charaMessageList/0""]"
1137	7	込められた想いに、希望はありますの		[]	fuzzy_review	official_cn_key_not_present	2	"[""101/response_body/gachaScheduleList/2/selectableCharaList/45/charaMessageList/1"",""104/response_body/gachaScheduleList/2/selectableCharaList/45/charaMessageList/1""]"
1137	8	ママにありがとうって言ったよ		[]	fuzzy_review	official_cn_key_not_present	2	"[""101/response_body/gachaScheduleList/2/selectableCharaList/45/charaMessageList/2"",""104/response_body/gachaScheduleList/2/selectableCharaList/45/charaMessageList/2""]"
1137	9	お菓子を用意しないといけませんの		[]	fuzzy_review	official_cn_key_not_present	2	"[""101/response_body/gachaScheduleList/2/selectableCharaList/45/charaMessageList/3"",""104/response_body/gachaScheduleList/2/selectableCharaList/45/charaMessageList/3""]"
1137	10	ケーキ作りって腕が疲れるね…		[]	fuzzy_review	official_cn_key_not_present	2	"[""101/response_body/gachaScheduleList/2/selectableCharaList/45/charaMessageList/4"",""104/response_body/gachaScheduleList/2/selectableCharaList/45/charaMessageList/4""]"
1137	11	みんなが幸せなクリスマスになったよね		[]	fuzzy_review	official_cn_key_not_present	2	"[""101/response_body/gachaScheduleList/2/selectableCharaList/45/charaMessageList/5"",""104/response_body/gachaScheduleList/2/selectableCharaList/45/charaMessageList/5""]"
1137	12	ラビさんは、本当は優しいんですの		[]	fuzzy_review	official_cn_key_not_present	2	"[""101/response_body/gachaScheduleList/2/selectableCharaList/45/charaMessageList/6"",""104/response_body/gachaScheduleList/2/selectableCharaList/45/charaMessageList/6""]"
1137	43	クリスマスはこれからですの		[]	fuzzy_review	official_cn_key_not_present	2	"[""101/response_body/gachaScheduleList/2/selectableCharaList/45/charaMessageList/7"",""104/response_body/gachaScheduleList/2/selectableCharaList/45/charaMessageList/7""]"
1137	44	冬休みの宿題より楽チン！		[]	fuzzy_review	official_cn_key_not_present	2	"[""101/response_body/gachaScheduleList/2/selectableCharaList/45/charaMessageList/8"",""104/response_body/gachaScheduleList/2/selectableCharaList/45/charaMessageList/8""]"
1137	45	『疲れた…』@「箒で帰りますの」		[]	fuzzy_review	official_cn_key_not_present	2	"[""101/response_body/gachaScheduleList/2/selectableCharaList/45/charaMessageList/9"",""104/response_body/gachaScheduleList/2/selectableCharaList/45/charaMessageList/9""]"
1137	46	『帰ろう！』@「暖かいお家が待ってますの」		[]	fuzzy_review	official_cn_key_not_present	2	"[""101/response_body/gachaScheduleList/2/selectableCharaList/45/charaMessageList/10"",""104/response_body/gachaScheduleList/2/selectableCharaList/45/charaMessageList/10""]"
1139	6	調整屋は全然怖くない！いいところだよ！		[]	fuzzy_review	official_cn_key_not_present	2	"[""101/response_body/gachaScheduleList/2/selectableCharaList/68/charaMessageList/0"",""104/response_body/gachaScheduleList/2/selectableCharaList/68/charaMessageList/0""]"
1139	7	やっぱり言葉が使えないからムリだよね		[]	fuzzy_review	official_cn_key_not_present	2	"[""101/response_body/gachaScheduleList/2/selectableCharaList/68/charaMessageList/1"",""104/response_body/gachaScheduleList/2/selectableCharaList/68/charaMessageList/1""]"
1139	8	このまま逃げてもわたしは悪くないよね…？		[]	fuzzy_review	official_cn_key_not_present	2	"[""101/response_body/gachaScheduleList/2/selectableCharaList/68/charaMessageList/2"",""104/response_body/gachaScheduleList/2/selectableCharaList/68/charaMessageList/2""]"
1139	9	久しぶりにミィちゃんと遊べるよ！		[]	fuzzy_review	official_cn_key_not_present	2	"[""101/response_body/gachaScheduleList/2/selectableCharaList/68/charaMessageList/3"",""104/response_body/gachaScheduleList/2/selectableCharaList/68/charaMessageList/3""]"
1139	10	ヨヅル、勘違いさせたらダメだよ…		[]	fuzzy_review	official_cn_key_not_present	2	"[""101/response_body/gachaScheduleList/2/selectableCharaList/68/charaMessageList/4"",""104/response_body/gachaScheduleList/2/selectableCharaList/68/charaMessageList/4""]"
1139	11	リヴィアさん、余計にうさんくさいよ…		[]	fuzzy_review	official_cn_key_not_present	2	"[""101/response_body/gachaScheduleList/2/selectableCharaList/68/charaMessageList/5"",""104/response_body/gachaScheduleList/2/selectableCharaList/68/charaMessageList/5""]"
1139	12	お母さんお父さん、これからも甘えるね		[]	fuzzy_review	official_cn_key_not_present	2	"[""101/response_body/gachaScheduleList/2/selectableCharaList/68/charaMessageList/6"",""104/response_body/gachaScheduleList/2/selectableCharaList/68/charaMessageList/6""]"
1139	43	ふむふっむ		[]	fuzzy_review	official_cn_key_not_present	2	"[""101/response_body/gachaScheduleList/2/selectableCharaList/68/charaMessageList/7"",""104/response_body/gachaScheduleList/2/selectableCharaList/68/charaMessageList/7""]"
1139	44	ふむむふむんむむ		[]	fuzzy_review	official_cn_key_not_present	2	"[""101/response_body/gachaScheduleList/2/selectableCharaList/68/charaMessageList/8"",""104/response_body/gachaScheduleList/2/selectableCharaList/68/charaMessageList/8""]"
1139	45	ふむむむふむむー！		[]	fuzzy_review	official_cn_key_not_present	2	"[""101/response_body/gachaScheduleList/2/selectableCharaList/68/charaMessageList/9"",""104/response_body/gachaScheduleList/2/selectableCharaList/68/charaMessageList/9""]"
1139	46	ふむふむふっむむ…		[]	fuzzy_review	official_cn_key_not_present	2	"[""101/response_body/gachaScheduleList/2/selectableCharaList/68/charaMessageList/10"",""104/response_body/gachaScheduleList/2/selectableCharaList/68/charaMessageList/10""]"
1143	6	パドルの持ち方は、ここをこうして…と		[]	fuzzy_review	official_cn_key_not_present	2	"[""101/response_body/gachaScheduleList/2/selectableCharaList/57/charaMessageList/0"",""104/response_body/gachaScheduleList/2/selectableCharaList/57/charaMessageList/0""]"
1143	7	アップウィンドに、ダウンウィンド…？		[]	fuzzy_review	official_cn_key_not_present	2	"[""101/response_body/gachaScheduleList/2/selectableCharaList/57/charaMessageList/1"",""104/response_body/gachaScheduleList/2/selectableCharaList/57/charaMessageList/1""]"
1143	8	ヨガの体勢ってキツ…あ、つ、つった…！		[]	fuzzy_review	official_cn_key_not_present	2	"[""101/response_body/gachaScheduleList/2/selectableCharaList/57/charaMessageList/2"",""104/response_body/gachaScheduleList/2/selectableCharaList/57/charaMessageList/2""]"
1143	9	夏の海と私って似合わないよね。知ってる		[]	fuzzy_review	official_cn_key_not_present	2	"[""101/response_body/gachaScheduleList/2/selectableCharaList/57/charaMessageList/3"",""104/response_body/gachaScheduleList/2/selectableCharaList/57/charaMessageList/3""]"
1143	10	う、うわぁあ…ク、クラゲ、クラゲが…！		[]	fuzzy_review	official_cn_key_not_present	2	"[""101/response_body/gachaScheduleList/2/selectableCharaList/57/charaMessageList/4"",""104/response_body/gachaScheduleList/2/selectableCharaList/57/charaMessageList/4""]"
1143	11	夏っぽいテンション？さ、さま～いぇ～い…		[]	fuzzy_review	official_cn_key_not_present	2	"[""101/response_body/gachaScheduleList/2/selectableCharaList/57/charaMessageList/5"",""104/response_body/gachaScheduleList/2/selectableCharaList/57/charaMessageList/5""]"
1143	12	え…待って待って、SUPって何…？		[]	fuzzy_review	official_cn_key_not_present	2	"[""101/response_body/gachaScheduleList/2/selectableCharaList/57/charaMessageList/6"",""104/response_body/gachaScheduleList/2/selectableCharaList/57/charaMessageList/6""]"
1143	43	風と太陽が味方についてくれたのかも		[]	fuzzy_review	official_cn_key_not_present	2	"[""101/response_body/gachaScheduleList/2/selectableCharaList/57/charaMessageList/7"",""104/response_body/gachaScheduleList/2/selectableCharaList/57/charaMessageList/7""]"
1143	44	波に乗っちゃってても…悪くないかも		[]	fuzzy_review	official_cn_key_not_present	2	"[""101/response_body/gachaScheduleList/2/selectableCharaList/57/charaMessageList/8"",""104/response_body/gachaScheduleList/2/selectableCharaList/57/charaMessageList/8""]"
1143	45	久しぶりにすごく汗かいちゃった		[]	fuzzy_review	official_cn_key_not_present	2	"[""101/response_body/gachaScheduleList/2/selectableCharaList/57/charaMessageList/9"",""104/response_body/gachaScheduleList/2/selectableCharaList/57/charaMessageList/9""]"
1143	46	パドルの水しぶきで、世界が輝いて見える		[]	fuzzy_review	official_cn_key_not_present	2	"[""101/response_body/gachaScheduleList/2/selectableCharaList/57/charaMessageList/10"",""104/response_body/gachaScheduleList/2/selectableCharaList/57/charaMessageList/10""]"
1144	6	私は、普通の生活がほしかっただけ…		[]	fuzzy_review	official_cn_key_not_present	2	"[""101/response_body/gachaScheduleList/2/selectableCharaList/85/charaMessageList/0"",""104/response_body/gachaScheduleList/2/selectableCharaList/85/charaMessageList/0""]"
1144	7	雪は何を覆い隠してきれいに見せているの？		[]	fuzzy_review	official_cn_key_not_present	2	"[""101/response_body/gachaScheduleList/2/selectableCharaList/85/charaMessageList/1"",""104/response_body/gachaScheduleList/2/selectableCharaList/85/charaMessageList/1""]"
1144	8	逃げよう、こんな汚くて怖い世界から		[]	fuzzy_review	official_cn_key_not_present	2	"[""101/response_body/gachaScheduleList/2/selectableCharaList/85/charaMessageList/2"",""104/response_body/gachaScheduleList/2/selectableCharaList/85/charaMessageList/2""]"
1144	9	この町を燃やせば、もう私たちは寒くないよ		[]	fuzzy_review	official_cn_key_not_present	2	"[""101/response_body/gachaScheduleList/2/selectableCharaList/85/charaMessageList/3"",""104/response_body/gachaScheduleList/2/selectableCharaList/85/charaMessageList/3""]"
1144	10	帆奈ちゃんと一緒にお店ができるなんて…！		[]	fuzzy_review	official_cn_key_not_present	2	"[""101/response_body/gachaScheduleList/2/selectableCharaList/85/charaMessageList/4"",""104/response_body/gachaScheduleList/2/selectableCharaList/85/charaMessageList/4""]"
1144	11	他の人たちはいらない、ふたりだけがいい		[]	fuzzy_review	official_cn_key_not_present	2	"[""101/response_body/gachaScheduleList/2/selectableCharaList/85/charaMessageList/5"",""104/response_body/gachaScheduleList/2/selectableCharaList/85/charaMessageList/5""]"
1144	12	なんで私、こんなにも社会に馴染めないの？		[]	fuzzy_review	official_cn_key_not_present	2	"[""101/response_body/gachaScheduleList/2/selectableCharaList/85/charaMessageList/6"",""104/response_body/gachaScheduleList/2/selectableCharaList/85/charaMessageList/6""]"
1144	43	ほら…きれいになった		[]	fuzzy_review	official_cn_key_not_present	2	"[""101/response_body/gachaScheduleList/2/selectableCharaList/85/charaMessageList/7"",""104/response_body/gachaScheduleList/2/selectableCharaList/85/charaMessageList/7""]"
1144	44	どうかな？私、役に立ったよね？		[]	fuzzy_review	official_cn_key_not_present	2	"[""101/response_body/gachaScheduleList/2/selectableCharaList/85/charaMessageList/8"",""104/response_body/gachaScheduleList/2/selectableCharaList/85/charaMessageList/8""]"
1144	45	雪が汚いものを隠してくれる…		[]	fuzzy_review	official_cn_key_not_present	2	"[""101/response_body/gachaScheduleList/2/selectableCharaList/85/charaMessageList/9"",""104/response_body/gachaScheduleList/2/selectableCharaList/85/charaMessageList/9""]"
1144	46	私にも譲れないものはあるの		[]	fuzzy_review	official_cn_key_not_present	2	"[""101/response_body/gachaScheduleList/2/selectableCharaList/85/charaMessageList/10"",""104/response_body/gachaScheduleList/2/selectableCharaList/85/charaMessageList/10""]"
1201	6	ちゃんとスローで確認しましたから！	已经慢镜头确认过了啦！	"[""vo_char_1201_00_06_hca""]"	key_aligned	unique_charaNo_messageId_key_and_unique_cn_value	2	"[""101/response_body/gachaScheduleList/2/selectableCharaList/13/charaMessageList/0"",""104/response_body/gachaScheduleList/2/selectableCharaList/13/charaMessageList/0""]"
1201	7	ウホッ、ホーウ…何させるんですか！	呜吼……吼哇……这是让我干嘛啦！	"[""vo_char_1201_00_07_hca""]"	key_aligned	unique_charaNo_messageId_key_and_unique_cn_value	2	"[""101/response_body/gachaScheduleList/2/selectableCharaList/13/charaMessageList/1"",""104/response_body/gachaScheduleList/2/selectableCharaList/13/charaMessageList/1""]"
1201	8	マギアストーン…でも、お高いんでしょう？	魔法石……但是，很贵吧？	"[""vo_char_1201_00_08_hca""]"	key_aligned	unique_charaNo_messageId_key_and_unique_cn_value	2	"[""101/response_body/gachaScheduleList/2/selectableCharaList/13/charaMessageList/2"",""104/response_body/gachaScheduleList/2/selectableCharaList/13/charaMessageList/2""]"
1201	9	暗黒いろは…爆誕!!	暗黑彩羽……闪亮登场!!	"[""vo_char_1201_00_09_hca""]"	key_aligned	unique_charaNo_messageId_key_and_unique_cn_value	2	"[""101/response_body/gachaScheduleList/2/selectableCharaList/13/charaMessageList/3"",""104/response_body/gachaScheduleList/2/selectableCharaList/13/charaMessageList/3""]"
1201	10	まどか先輩…私を成長させるために？	小圆前辈……是为了让我成长？	"[""vo_char_1201_00_10_hca""]"	key_aligned	unique_charaNo_messageId_key_and_unique_cn_value	2	"[""101/response_body/gachaScheduleList/2/selectableCharaList/13/charaMessageList/4"",""104/response_body/gachaScheduleList/2/selectableCharaList/13/charaMessageList/4""]"
1201	11	私が引けないよおおおおっふ	我抽不到啊啊啊啊啊啊呜	"[""vo_char_1201_00_11_hca""]"	key_aligned	unique_charaNo_messageId_key_and_unique_cn_value	2	"[""101/response_body/gachaScheduleList/2/selectableCharaList/13/charaMessageList/5"",""104/response_body/gachaScheduleList/2/selectableCharaList/13/charaMessageList/5""]"
1201	12	あの…２部の主人公も私ですよね？	那个……第二部的主角也是我吧？	"[""vo_char_1201_00_12_hca""]"	key_aligned	unique_charaNo_messageId_key_and_unique_cn_value	2	"[""101/response_body/gachaScheduleList/2/selectableCharaList/13/charaMessageList/6"",""104/response_body/gachaScheduleList/2/selectableCharaList/13/charaMessageList/6""]"
1201	43	まどか先輩！見ててくれましたか？	小圆前辈！有在看吗？	"[""vo_char_1201_00_43_hca""]"	key_aligned	unique_charaNo_messageId_key_and_unique_cn_value	2	"[""101/response_body/gachaScheduleList/2/selectableCharaList/13/charaMessageList/7"",""104/response_body/gachaScheduleList/2/selectableCharaList/13/charaMessageList/7""]"
1201	44	これが@星４として実装された私の力です！	这就是作为4星登场的我的力量！	"[""vo_char_1201_00_44_hca""]"	key_aligned	unique_charaNo_messageId_key_and_unique_cn_value	2	"[""101/response_body/gachaScheduleList/2/selectableCharaList/13/charaMessageList/8"",""104/response_body/gachaScheduleList/2/selectableCharaList/13/charaMessageList/8""]"
1201	45	宣伝だけじゃなく、@戦闘も慣れて来たかな？	不只是宣传，也是来熟悉战斗的吧？	"[""vo_char_1201_00_45_hca""]"	key_aligned	unique_charaNo_messageId_key_and_unique_cn_value	2	"[""101/response_body/gachaScheduleList/2/selectableCharaList/13/charaMessageList/9"",""104/response_body/gachaScheduleList/2/selectableCharaList/13/charaMessageList/9""]"
1201	46	か、勝ちました！@…星６解放分のコメント考えてなかった…	"赢、赢了！
但是还没想好用在6星解锁时的台词……"	"[""vo_char_1201_00_46_hca""]"	key_aligned	unique_charaNo_messageId_key_and_unique_cn_value	2	"[""101/response_body/gachaScheduleList/2/selectableCharaList/13/charaMessageList/10"",""104/response_body/gachaScheduleList/2/selectableCharaList/13/charaMessageList/10""]"
1202	6	見たいものがあるなら、もちろん付き合うわ		[]	fuzzy_review	official_cn_key_not_present	2	"[""101/response_body/gachaScheduleList/2/selectableCharaList/39/charaMessageList/0"",""104/response_body/gachaScheduleList/2/selectableCharaList/39/charaMessageList/0""]"
1202	7	ほんと、演技をするのって大変だったわ…		[]	fuzzy_review	official_cn_key_not_present	2	"[""101/response_body/gachaScheduleList/2/selectableCharaList/39/charaMessageList/1"",""104/response_body/gachaScheduleList/2/selectableCharaList/39/charaMessageList/1""]"
1202	8	ふふっ、幸せだと泣きたくなるってホントね		[]	fuzzy_review	official_cn_key_not_present	2	"[""101/response_body/gachaScheduleList/2/selectableCharaList/39/charaMessageList/2"",""104/response_body/gachaScheduleList/2/selectableCharaList/39/charaMessageList/2""]"
1202	9	えっ…あのドラマをいまから流すの…？		[]	fuzzy_review	official_cn_key_not_present	2	"[""101/response_body/gachaScheduleList/2/selectableCharaList/39/charaMessageList/3"",""104/response_body/gachaScheduleList/2/selectableCharaList/39/charaMessageList/3""]"
1202	10	風に吹かれて笹が揺れる音…うん、いいわね		[]	fuzzy_review	official_cn_key_not_present	2	"[""101/response_body/gachaScheduleList/2/selectableCharaList/39/charaMessageList/4"",""104/response_body/gachaScheduleList/2/selectableCharaList/39/charaMessageList/4""]"
1202	11	笹団子…おいしそうね、一緒に食べましょう		[]	fuzzy_review	official_cn_key_not_present	2	"[""101/response_body/gachaScheduleList/2/selectableCharaList/39/charaMessageList/5"",""104/response_body/gachaScheduleList/2/selectableCharaList/39/charaMessageList/5""]"
1202	12	織姫と彦星…天の川…彼らを繋ぐカササギか		[]	fuzzy_review	official_cn_key_not_present	2	"[""101/response_body/gachaScheduleList/2/selectableCharaList/39/charaMessageList/6"",""104/response_body/gachaScheduleList/2/selectableCharaList/39/charaMessageList/6""]"
1202	43	いつもとは違うけど悪くないわね		[]	fuzzy_review	official_cn_key_not_present	2	"[""101/response_body/gachaScheduleList/2/selectableCharaList/39/charaMessageList/7"",""104/response_body/gachaScheduleList/2/selectableCharaList/39/charaMessageList/7""]"
1202	44	さて、星を見に行きましょうか		[]	fuzzy_review	official_cn_key_not_present	2	"[""101/response_body/gachaScheduleList/2/selectableCharaList/39/charaMessageList/8"",""104/response_body/gachaScheduleList/2/selectableCharaList/39/charaMessageList/8""]"
1202	45	眺める星はね、増やしたくないのよ		[]	fuzzy_review	official_cn_key_not_present	2	"[""101/response_body/gachaScheduleList/2/selectableCharaList/39/charaMessageList/9"",""104/response_body/gachaScheduleList/2/selectableCharaList/39/charaMessageList/9""]"
1202	46	このまま巨星も堕とすわよ！		[]	fuzzy_review	official_cn_key_not_present	2	"[""101/response_body/gachaScheduleList/2/selectableCharaList/39/charaMessageList/10"",""104/response_body/gachaScheduleList/2/selectableCharaList/39/charaMessageList/10""]"
1203	6	何で“２号”なのかって？実は深いワケが…		[]	fuzzy_review	official_cn_key_not_present	2	"[""101/response_body/gachaScheduleList/2/selectableCharaList/29/charaMessageList/0"",""104/response_body/gachaScheduleList/2/selectableCharaList/29/charaMessageList/0""]"
1203	7	世界の果てに何があるかなんて、知らねーよ		[]	fuzzy_review	official_cn_key_not_present	2	"[""101/response_body/gachaScheduleList/2/selectableCharaList/29/charaMessageList/1"",""104/response_body/gachaScheduleList/2/selectableCharaList/29/charaMessageList/1""]"
1203	8	ほっ、ソリの方が速そう？うーん、確かに…		[]	fuzzy_review	official_cn_key_not_present	2	"[""101/response_body/gachaScheduleList/2/selectableCharaList/29/charaMessageList/2"",""104/response_body/gachaScheduleList/2/selectableCharaList/29/charaMessageList/2""]"
1203	9	笑顔が足りねーヤツはいねーかー？		[]	fuzzy_review	official_cn_key_not_present	2	"[""101/response_body/gachaScheduleList/2/selectableCharaList/29/charaMessageList/3"",""104/response_body/gachaScheduleList/2/selectableCharaList/29/charaMessageList/3""]"
1203	10	みんなに笑顔を届けるよ！		[]	fuzzy_review	official_cn_key_not_present	2	"[""101/response_body/gachaScheduleList/2/selectableCharaList/29/charaMessageList/4"",""104/response_body/gachaScheduleList/2/selectableCharaList/29/charaMessageList/4""]"
1203	11	何があるかわからねーから、旅するんだろ？		[]	fuzzy_review	official_cn_key_not_present	2	"[""101/response_body/gachaScheduleList/2/selectableCharaList/29/charaMessageList/5"",""104/response_body/gachaScheduleList/2/selectableCharaList/29/charaMessageList/5""]"
1203	12	この場合、どっちが本物のわたしなんだろ…		[]	fuzzy_review	official_cn_key_not_present	2	"[""101/response_body/gachaScheduleList/2/selectableCharaList/29/charaMessageList/6"",""104/response_body/gachaScheduleList/2/selectableCharaList/29/charaMessageList/6""]"
1203	43	メリークリスマス、ってな！		[]	fuzzy_review	official_cn_key_not_present	2	"[""101/response_body/gachaScheduleList/2/selectableCharaList/29/charaMessageList/7"",""104/response_body/gachaScheduleList/2/selectableCharaList/29/charaMessageList/7""]"
1203	44	お届け完了！いっちょあがり～！		[]	fuzzy_review	official_cn_key_not_present	2	"[""101/response_body/gachaScheduleList/2/selectableCharaList/29/charaMessageList/8"",""104/response_body/gachaScheduleList/2/selectableCharaList/29/charaMessageList/8""]"
1203	45	『ふぅ…オカモチは無事だよね？』@「死んでも離さねーっての！」		[]	fuzzy_review	official_cn_key_not_present	2	"[""101/response_body/gachaScheduleList/2/selectableCharaList/29/charaMessageList/9"",""104/response_body/gachaScheduleList/2/selectableCharaList/29/charaMessageList/9""]"
1203	46	「お、これで終わりか？」@『静かになってくれたみたい…』		[]	fuzzy_review	official_cn_key_not_present	2	"[""101/response_body/gachaScheduleList/2/selectableCharaList/29/charaMessageList/10"",""104/response_body/gachaScheduleList/2/selectableCharaList/29/charaMessageList/10""]"
1209	6	何よ…なんでレナの邪魔するのよ～～！		[]	fuzzy_review	official_cn_key_not_present	2	"[""101/response_body/gachaScheduleList/2/selectableCharaList/23/charaMessageList/0"",""104/response_body/gachaScheduleList/2/selectableCharaList/23/charaMessageList/0""]"
1209	7	頭を働かせるのに必要なのは…そう！糖分よ		[]	fuzzy_review	official_cn_key_not_present	2	"[""101/response_body/gachaScheduleList/2/selectableCharaList/23/charaMessageList/1"",""104/response_body/gachaScheduleList/2/selectableCharaList/23/charaMessageList/1""]"
1209	8	わっ!?レナちゃん、それ食べられないよ！		[]	fuzzy_review	official_cn_key_not_present	2	"[""101/response_body/gachaScheduleList/2/selectableCharaList/23/charaMessageList/2"",""104/response_body/gachaScheduleList/2/selectableCharaList/23/charaMessageList/2""]"
1209	9	あそこ！ヒトデさんがいるよ～！可愛いねぇ		[]	fuzzy_review	official_cn_key_not_present	2	"[""101/response_body/gachaScheduleList/2/selectableCharaList/23/charaMessageList/3"",""104/response_body/gachaScheduleList/2/selectableCharaList/23/charaMessageList/3""]"
1209	10	頼りないかもだけど…わたしに任せて…！		[]	fuzzy_review	official_cn_key_not_present	2	"[""101/response_body/gachaScheduleList/2/selectableCharaList/23/charaMessageList/4"",""104/response_body/gachaScheduleList/2/selectableCharaList/23/charaMessageList/4""]"
1209	11	レナがキレイだなんて…って、花火の話!?		[]	fuzzy_review	official_cn_key_not_present	2	"[""101/response_body/gachaScheduleList/2/selectableCharaList/23/charaMessageList/5"",""104/response_body/gachaScheduleList/2/selectableCharaList/23/charaMessageList/5""]"
1209	12	騒がしい夏も…たまになら悪くないわね		[]	fuzzy_review	official_cn_key_not_present	2	"[""101/response_body/gachaScheduleList/2/selectableCharaList/23/charaMessageList/6"",""104/response_body/gachaScheduleList/2/selectableCharaList/23/charaMessageList/6""]"
1209	43	わ…!?なんか勝てたみたい…？		[]	fuzzy_review	official_cn_key_not_present	2	"[""101/response_body/gachaScheduleList/2/selectableCharaList/23/charaMessageList/7"",""104/response_body/gachaScheduleList/2/selectableCharaList/23/charaMessageList/7""]"
1209	44	レナのコントロール、なめないでよ		[]	fuzzy_review	official_cn_key_not_present	2	"[""101/response_body/gachaScheduleList/2/selectableCharaList/23/charaMessageList/8"",""104/response_body/gachaScheduleList/2/selectableCharaList/23/charaMessageList/8""]"
1209	45	『おーわりっ！』@「お疲れさま～！」		[]	fuzzy_review	official_cn_key_not_present	2	"[""101/response_body/gachaScheduleList/2/selectableCharaList/23/charaMessageList/9"",""104/response_body/gachaScheduleList/2/selectableCharaList/23/charaMessageList/9""]"
1209	46	『かえで、疲れたから肩揉んで』@「え、えぇ～…？」		[]	fuzzy_review	official_cn_key_not_present	2	"[""101/response_body/gachaScheduleList/2/selectableCharaList/23/charaMessageList/10"",""104/response_body/gachaScheduleList/2/selectableCharaList/23/charaMessageList/10""]"
1210	6	調整屋とふたりで出かけるのは初めてだよな		[]	fuzzy_review	official_cn_key_not_present	2	"[""101/response_body/gachaScheduleList/2/selectableCharaList/40/charaMessageList/0"",""104/response_body/gachaScheduleList/2/selectableCharaList/40/charaMessageList/0""]"
1210	7	浜辺のエピソードって言われてもなぁ…		[]	fuzzy_review	official_cn_key_not_present	2	"[""101/response_body/gachaScheduleList/2/selectableCharaList/40/charaMessageList/1"",""104/response_body/gachaScheduleList/2/selectableCharaList/40/charaMessageList/1""]"
1210	8	こいつはそんなことしない…絶対に！		[]	fuzzy_review	official_cn_key_not_present	2	"[""101/response_body/gachaScheduleList/2/selectableCharaList/40/charaMessageList/2"",""104/response_body/gachaScheduleList/2/selectableCharaList/40/charaMessageList/2""]"
1210	9	調整屋さん特製弁当のお披露目よ～！		[]	fuzzy_review	official_cn_key_not_present	2	"[""101/response_body/gachaScheduleList/2/selectableCharaList/40/charaMessageList/3"",""104/response_body/gachaScheduleList/2/selectableCharaList/40/charaMessageList/3""]"
1210	10	ももこ…嬉しくないの…？ぐすん…		[]	fuzzy_review	official_cn_key_not_present	2	"[""101/response_body/gachaScheduleList/2/selectableCharaList/40/charaMessageList/4"",""104/response_body/gachaScheduleList/2/selectableCharaList/40/charaMessageList/4""]"
1210	11	受け止めてくれてありがとう、ももこ…		[]	fuzzy_review	official_cn_key_not_present	2	"[""101/response_body/gachaScheduleList/2/selectableCharaList/40/charaMessageList/5"",""104/response_body/gachaScheduleList/2/selectableCharaList/40/charaMessageList/5""]"
1210	12	信じたいことを信じていればいいじゃない		[]	fuzzy_review	official_cn_key_not_present	2	"[""101/response_body/gachaScheduleList/2/selectableCharaList/40/charaMessageList/6"",""104/response_body/gachaScheduleList/2/selectableCharaList/40/charaMessageList/6""]"
1210	43	ははっ、ちょっと余裕すぎたかもな		[]	fuzzy_review	official_cn_key_not_present	2	"[""101/response_body/gachaScheduleList/2/selectableCharaList/40/charaMessageList/7"",""104/response_body/gachaScheduleList/2/selectableCharaList/40/charaMessageList/7""]"
1210	44	ごめんなさい、手加減は苦手なのよぉ		[]	fuzzy_review	official_cn_key_not_present	2	"[""101/response_body/gachaScheduleList/2/selectableCharaList/40/charaMessageList/8"",""104/response_body/gachaScheduleList/2/selectableCharaList/40/charaMessageList/8""]"
1210	45	『大丈夫だったか!?』@「ええ、ももこが守ってくれたもの」		[]	fuzzy_review	official_cn_key_not_present	2	"[""101/response_body/gachaScheduleList/2/selectableCharaList/40/charaMessageList/9"",""104/response_body/gachaScheduleList/2/selectableCharaList/40/charaMessageList/9""]"
1210	46	「やったやった！勝ったわ～」@『ちょっ、抱きつくなって…！』		[]	fuzzy_review	official_cn_key_not_present	2	"[""101/response_body/gachaScheduleList/2/selectableCharaList/40/charaMessageList/10"",""104/response_body/gachaScheduleList/2/selectableCharaList/40/charaMessageList/10""]"
1216	6	振り返るか…悲しみに固執していたあの頃を		[]	fuzzy_review	official_cn_key_not_present	2	"[""101/response_body/gachaScheduleList/2/selectableCharaList/60/charaMessageList/0"",""104/response_body/gachaScheduleList/2/selectableCharaList/60/charaMessageList/0""]"
1216	7	学生会議のイベント…うむ、何をすべきか		[]	fuzzy_review	official_cn_key_not_present	2	"[""101/response_body/gachaScheduleList/2/selectableCharaList/60/charaMessageList/1"",""104/response_body/gachaScheduleList/2/selectableCharaList/60/charaMessageList/1""]"
1216	8	ふっ、八雲の考えはいつだって突飛だな		[]	fuzzy_review	official_cn_key_not_present	2	"[""101/response_body/gachaScheduleList/2/selectableCharaList/60/charaMessageList/2"",""104/response_body/gachaScheduleList/2/selectableCharaList/60/charaMessageList/2""]"
1216	9	ありがとう、こんな自分を受け入れてくれて		[]	fuzzy_review	official_cn_key_not_present	2	"[""101/response_body/gachaScheduleList/2/selectableCharaList/60/charaMessageList/3"",""104/response_body/gachaScheduleList/2/selectableCharaList/60/charaMessageList/3""]"
1216	10	自分は、この生活を…消そうとしていたのか		[]	fuzzy_review	official_cn_key_not_present	2	"[""101/response_body/gachaScheduleList/2/selectableCharaList/60/charaMessageList/4"",""104/response_body/gachaScheduleList/2/selectableCharaList/60/charaMessageList/4""]"
1216	11	…ただいま…心配をかけてすまなかった		[]	fuzzy_review	official_cn_key_not_present	2	"[""101/response_body/gachaScheduleList/2/selectableCharaList/60/charaMessageList/5"",""104/response_body/gachaScheduleList/2/selectableCharaList/60/charaMessageList/5""]"
1216	12	自分は、恵まれていたのかもしれないな		[]	fuzzy_review	official_cn_key_not_present	2	"[""101/response_body/gachaScheduleList/2/selectableCharaList/60/charaMessageList/6"",""104/response_body/gachaScheduleList/2/selectableCharaList/60/charaMessageList/6""]"
1216	43	滅びの先に、平等がある		[]	fuzzy_review	official_cn_key_not_present	2	"[""101/response_body/gachaScheduleList/2/selectableCharaList/60/charaMessageList/7"",""104/response_body/gachaScheduleList/2/selectableCharaList/60/charaMessageList/7""]"
1216	44	その恨みで、自分たちを倒せ		[]	fuzzy_review	official_cn_key_not_present	2	"[""101/response_body/gachaScheduleList/2/selectableCharaList/60/charaMessageList/8"",""104/response_body/gachaScheduleList/2/selectableCharaList/60/charaMessageList/8""]"
1216	45	もっと仲間とひとつになるんだな		[]	fuzzy_review	official_cn_key_not_present	2	"[""101/response_body/gachaScheduleList/2/selectableCharaList/60/charaMessageList/9"",""104/response_body/gachaScheduleList/2/selectableCharaList/60/charaMessageList/9""]"
1216	46	二度と、戻れないな		[]	fuzzy_review	official_cn_key_not_present	2	"[""101/response_body/gachaScheduleList/2/selectableCharaList/60/charaMessageList/10"",""104/response_body/gachaScheduleList/2/selectableCharaList/60/charaMessageList/10""]"
1217	6	はぁ…思い出すと恥ずかしいわねぇ…		[]	fuzzy_review	official_cn_key_not_present	2	"[""101/response_body/gachaScheduleList/2/selectableCharaList/61/charaMessageList/0"",""104/response_body/gachaScheduleList/2/selectableCharaList/61/charaMessageList/0""]"
1217	7	わたしはきっと自分自身に縛られていたの		[]	fuzzy_review	official_cn_key_not_present	2	"[""101/response_body/gachaScheduleList/2/selectableCharaList/61/charaMessageList/1"",""104/response_body/gachaScheduleList/2/selectableCharaList/61/charaMessageList/1""]"
1217	8	謝罪を受けてもきっとあのときのわたしは…		[]	fuzzy_review	official_cn_key_not_present	2	"[""101/response_body/gachaScheduleList/2/selectableCharaList/61/charaMessageList/2"",""104/response_body/gachaScheduleList/2/selectableCharaList/61/charaMessageList/2""]"
1217	9	久しぶりに家に帰って来たって思えたわ		[]	fuzzy_review	official_cn_key_not_present	2	"[""101/response_body/gachaScheduleList/2/selectableCharaList/61/charaMessageList/3"",""104/response_body/gachaScheduleList/2/selectableCharaList/61/charaMessageList/3""]"
1217	10	ミィ、ごめんね…ありがとう		[]	fuzzy_review	official_cn_key_not_present	2	"[""101/response_body/gachaScheduleList/2/selectableCharaList/61/charaMessageList/4"",""104/response_body/gachaScheduleList/2/selectableCharaList/61/charaMessageList/4""]"
1217	11	十七夜、わたしたち…やり直せるかしら？		[]	fuzzy_review	official_cn_key_not_present	2	"[""101/response_body/gachaScheduleList/2/selectableCharaList/61/charaMessageList/5"",""104/response_body/gachaScheduleList/2/selectableCharaList/61/charaMessageList/5""]"
1217	12	もう悲しみに囚われたりしないわ		[]	fuzzy_review	official_cn_key_not_present	2	"[""101/response_body/gachaScheduleList/2/selectableCharaList/61/charaMessageList/6"",""104/response_body/gachaScheduleList/2/selectableCharaList/61/charaMessageList/6""]"
1217	43	もう、誰も立っていないわねぇ		[]	fuzzy_review	official_cn_key_not_present	2	"[""101/response_body/gachaScheduleList/2/selectableCharaList/61/charaMessageList/7"",""104/response_body/gachaScheduleList/2/selectableCharaList/61/charaMessageList/7""]"
1217	44	滅びの願いからは逃げられない…		[]	fuzzy_review	official_cn_key_not_present	2	"[""101/response_body/gachaScheduleList/2/selectableCharaList/61/charaMessageList/8"",""104/response_body/gachaScheduleList/2/selectableCharaList/61/charaMessageList/8""]"
1217	45	さようなら		[]	fuzzy_review	official_cn_key_not_present	2	"[""101/response_body/gachaScheduleList/2/selectableCharaList/61/charaMessageList/9"",""104/response_body/gachaScheduleList/2/selectableCharaList/61/charaMessageList/9""]"
1217	46	二度とその顔を見せないで		[]	fuzzy_review	official_cn_key_not_present	2	"[""101/response_body/gachaScheduleList/2/selectableCharaList/61/charaMessageList/10"",""104/response_body/gachaScheduleList/2/selectableCharaList/61/charaMessageList/10""]"
1302	6	タイムセールは諦めるしかなさそうね		[]	fuzzy_review	official_cn_key_not_present	2	"[""101/response_body/gachaScheduleList/2/selectableCharaList/47/charaMessageList/0"",""104/response_body/gachaScheduleList/2/selectableCharaList/47/charaMessageList/0""]"
1302	7	約束したじゃない、死なないって		[]	fuzzy_review	official_cn_key_not_present	2	"[""101/response_body/gachaScheduleList/2/selectableCharaList/47/charaMessageList/1"",""104/response_body/gachaScheduleList/2/selectableCharaList/47/charaMessageList/1""]"
1302	8	親友だからこそ力づくでもあなたを止める		[]	fuzzy_review	official_cn_key_not_present	2	"[""101/response_body/gachaScheduleList/2/selectableCharaList/47/charaMessageList/2"",""104/response_body/gachaScheduleList/2/selectableCharaList/47/charaMessageList/2""]"
1302	9	仲間じゃないわ、ただの同居人よ		[]	fuzzy_review	official_cn_key_not_present	2	"[""101/response_body/gachaScheduleList/2/selectableCharaList/47/charaMessageList/3"",""104/response_body/gachaScheduleList/2/selectableCharaList/47/charaMessageList/3""]"
1302	10	マギウスの本拠地はどこ		[]	fuzzy_review	official_cn_key_not_present	2	"[""101/response_body/gachaScheduleList/2/selectableCharaList/47/charaMessageList/4"",""104/response_body/gachaScheduleList/2/selectableCharaList/47/charaMessageList/4""]"
1302	11	今までだって本当は許しちゃいけなかった		[]	fuzzy_review	official_cn_key_not_present	2	"[""101/response_body/gachaScheduleList/2/selectableCharaList/47/charaMessageList/5"",""104/response_body/gachaScheduleList/2/selectableCharaList/47/charaMessageList/5""]"
1302	12	私と一緒にいるとあなたが死ぬのよ		[]	fuzzy_review	official_cn_key_not_present	2	"[""101/response_body/gachaScheduleList/2/selectableCharaList/47/charaMessageList/6"",""104/response_body/gachaScheduleList/2/selectableCharaList/47/charaMessageList/6""]"
1302	43	私は強くならなきゃいけないの		[]	fuzzy_review	official_cn_key_not_present	2	"[""101/response_body/gachaScheduleList/2/selectableCharaList/47/charaMessageList/7"",""104/response_body/gachaScheduleList/2/selectableCharaList/47/charaMessageList/7""]"
1302	44	何年魔法少女をやってると思ってるの		[]	fuzzy_review	official_cn_key_not_present	2	"[""101/response_body/gachaScheduleList/2/selectableCharaList/47/charaMessageList/8"",""104/response_body/gachaScheduleList/2/selectableCharaList/47/charaMessageList/8""]"
1302	45	魔法少女としての責任は果たしたわ		[]	fuzzy_review	official_cn_key_not_present	2	"[""101/response_body/gachaScheduleList/2/selectableCharaList/47/charaMessageList/9"",""104/response_body/gachaScheduleList/2/selectableCharaList/47/charaMessageList/9""]"
1302	46	私はリーダーなんだから		[]	fuzzy_review	official_cn_key_not_present	2	"[""101/response_body/gachaScheduleList/2/selectableCharaList/47/charaMessageList/10"",""104/response_body/gachaScheduleList/2/selectableCharaList/47/charaMessageList/10""]"
1303	6	由比さんより、鶴乃ちゃんがいいな！		[]	fuzzy_review	official_cn_key_not_present	2	"[""101/response_body/gachaScheduleList/2/selectableCharaList/56/charaMessageList/0"",""104/response_body/gachaScheduleList/2/selectableCharaList/56/charaMessageList/0""]"
1303	7	キレーションランドへようこそ！		[]	fuzzy_review	official_cn_key_not_present	2	"[""101/response_body/gachaScheduleList/2/selectableCharaList/56/charaMessageList/1"",""104/response_body/gachaScheduleList/2/selectableCharaList/56/charaMessageList/1""]"
1303	8	もう頑張れない...頑張りたくない…		[]	fuzzy_review	official_cn_key_not_present	2	"[""101/response_body/gachaScheduleList/2/selectableCharaList/56/charaMessageList/2"",""104/response_body/gachaScheduleList/2/selectableCharaList/56/charaMessageList/2""]"
1303	9	もう頑張らなくても、いいんだよ～！		[]	fuzzy_review	official_cn_key_not_present	2	"[""101/response_body/gachaScheduleList/2/selectableCharaList/56/charaMessageList/3"",""104/response_body/gachaScheduleList/2/selectableCharaList/56/charaMessageList/3""]"
1303	10	鶴乃ちゃんハ、サイキョー…		[]	fuzzy_review	official_cn_key_not_present	2	"[""101/response_body/gachaScheduleList/2/selectableCharaList/56/charaMessageList/4"",""104/response_body/gachaScheduleList/2/selectableCharaList/56/charaMessageList/4""]"
1303	11	やちよに甘えてちゃいけない…		[]	fuzzy_review	official_cn_key_not_present	2	"[""101/response_body/gachaScheduleList/2/selectableCharaList/56/charaMessageList/5"",""104/response_body/gachaScheduleList/2/selectableCharaList/56/charaMessageList/5""]"
1303	12	魔法少女の先輩として、お手本にならないと		[]	fuzzy_review	official_cn_key_not_present	2	"[""101/response_body/gachaScheduleList/2/selectableCharaList/56/charaMessageList/6"",""104/response_body/gachaScheduleList/2/selectableCharaList/56/charaMessageList/6""]"
1303	43	がんばりすぎは、よくないよ～		[]	fuzzy_review	official_cn_key_not_present	2	"[""101/response_body/gachaScheduleList/2/selectableCharaList/56/charaMessageList/7"",""104/response_body/gachaScheduleList/2/selectableCharaList/56/charaMessageList/7""]"
1303	44	魔法少女は@救われなくちゃいけないからね～		[]	fuzzy_review	official_cn_key_not_present	2	"[""101/response_body/gachaScheduleList/2/selectableCharaList/56/charaMessageList/8"",""104/response_body/gachaScheduleList/2/selectableCharaList/56/charaMessageList/8""]"
1303	45	鶴乃ちゃんは、誰よりもつよーい		[]	fuzzy_review	official_cn_key_not_present	2	"[""101/response_body/gachaScheduleList/2/selectableCharaList/56/charaMessageList/9"",""104/response_body/gachaScheduleList/2/selectableCharaList/56/charaMessageList/9""]"
1303	46	もう帰ってのんびりしよーよ		[]	fuzzy_review	official_cn_key_not_present	2	"[""101/response_body/gachaScheduleList/2/selectableCharaList/56/charaMessageList/10"",""104/response_body/gachaScheduleList/2/selectableCharaList/56/charaMessageList/10""]"
1309	6	過保護！お節介！バカももこ！		[]	fuzzy_review	official_cn_key_not_present	2	"[""101/response_body/gachaScheduleList/2/selectableCharaList/55/charaMessageList/0"",""104/response_body/gachaScheduleList/2/selectableCharaList/55/charaMessageList/0""]"
1309	7	レナなんかの友達にしてごめんね		[]	fuzzy_review	official_cn_key_not_present	2	"[""101/response_body/gachaScheduleList/2/selectableCharaList/55/charaMessageList/1"",""104/response_body/gachaScheduleList/2/selectableCharaList/55/charaMessageList/1""]"
1309	8	レナなんて…大っ嫌い		[]	fuzzy_review	official_cn_key_not_present	2	"[""101/response_body/gachaScheduleList/2/selectableCharaList/55/charaMessageList/2"",""104/response_body/gachaScheduleList/2/selectableCharaList/55/charaMessageList/2""]"
1309	9	これからもレナのと、友…下僕でいなさい！		[]	fuzzy_review	official_cn_key_not_present	2	"[""101/response_body/gachaScheduleList/2/selectableCharaList/55/charaMessageList/3"",""104/response_body/gachaScheduleList/2/selectableCharaList/55/charaMessageList/3""]"
1309	10	魔女にならずに済むって、そんなこと…		[]	fuzzy_review	official_cn_key_not_present	2	"[""101/response_body/gachaScheduleList/2/selectableCharaList/55/charaMessageList/4"",""104/response_body/gachaScheduleList/2/selectableCharaList/55/charaMessageList/4""]"
1309	11	かえで！しっかりして、かえで！		[]	fuzzy_review	official_cn_key_not_present	2	"[""101/response_body/gachaScheduleList/2/selectableCharaList/55/charaMessageList/5"",""104/response_body/gachaScheduleList/2/selectableCharaList/55/charaMessageList/5""]"
1309	12	こんなの魔女になったのと同じじゃない		[]	fuzzy_review	official_cn_key_not_present	2	"[""101/response_body/gachaScheduleList/2/selectableCharaList/55/charaMessageList/6"",""104/response_body/gachaScheduleList/2/selectableCharaList/55/charaMessageList/6""]"
1309	43	レナにケンカを売ったのが@間違いなのよ		[]	fuzzy_review	official_cn_key_not_present	2	"[""101/response_body/gachaScheduleList/2/selectableCharaList/55/charaMessageList/7"",""104/response_body/gachaScheduleList/2/selectableCharaList/55/charaMessageList/7""]"
1309	44	勝つのはレナに決まってるでしょ！		[]	fuzzy_review	official_cn_key_not_present	2	"[""101/response_body/gachaScheduleList/2/selectableCharaList/55/charaMessageList/8"",""104/response_body/gachaScheduleList/2/selectableCharaList/55/charaMessageList/8""]"
1309	45	まったく、手間かけさせないでよね		[]	fuzzy_review	official_cn_key_not_present	2	"[""101/response_body/gachaScheduleList/2/selectableCharaList/55/charaMessageList/9"",""104/response_body/gachaScheduleList/2/selectableCharaList/55/charaMessageList/9""]"
1309	46	レナだって、誰かを守れるんだから		[]	fuzzy_review	official_cn_key_not_present	2	"[""101/response_body/gachaScheduleList/2/selectableCharaList/55/charaMessageList/10"",""104/response_body/gachaScheduleList/2/selectableCharaList/55/charaMessageList/10""]"
1401	6	久しぶりのお家で大掃除、楽しいね！		[]	fuzzy_review	official_cn_key_not_present	2	"[""101/response_body/gachaScheduleList/2/selectableCharaList/31/charaMessageList/0"",""104/response_body/gachaScheduleList/2/selectableCharaList/31/charaMessageList/0""]"
1401	7	このままじゃ親不孝になっちゃう…		[]	fuzzy_review	official_cn_key_not_present	2	"[""101/response_body/gachaScheduleList/2/selectableCharaList/31/charaMessageList/1"",""104/response_body/gachaScheduleList/2/selectableCharaList/31/charaMessageList/1""]"
1401	8	みんな…気合い入りすぎ…？		[]	fuzzy_review	official_cn_key_not_present	2	"[""101/response_body/gachaScheduleList/2/selectableCharaList/31/charaMessageList/2"",""104/response_body/gachaScheduleList/2/selectableCharaList/31/charaMessageList/2""]"
1401	9	あの初夢…どんな意味があったんだろ…		[]	fuzzy_review	official_cn_key_not_present	2	"[""101/response_body/gachaScheduleList/2/selectableCharaList/31/charaMessageList/3"",""104/response_body/gachaScheduleList/2/selectableCharaList/31/charaMessageList/3""]"
1401	10	巫女さんってどんなことするんだろうね		[]	fuzzy_review	official_cn_key_not_present	2	"[""101/response_body/gachaScheduleList/2/selectableCharaList/31/charaMessageList/4"",""104/response_body/gachaScheduleList/2/selectableCharaList/31/charaMessageList/4""]"
1401	11	初めての凧揚げ、みんなに教えてもらったよ		[]	fuzzy_review	official_cn_key_not_present	2	"[""101/response_body/gachaScheduleList/2/selectableCharaList/31/charaMessageList/5"",""104/response_body/gachaScheduleList/2/selectableCharaList/31/charaMessageList/5""]"
1401	12	魔女退治も巫女の役目、だよね		[]	fuzzy_review	official_cn_key_not_present	2	"[""101/response_body/gachaScheduleList/2/selectableCharaList/31/charaMessageList/6"",""104/response_body/gachaScheduleList/2/selectableCharaList/31/charaMessageList/6""]"
1401	43	お供え物は用意しますから…		[]	fuzzy_review	official_cn_key_not_present	2	"[""101/response_body/gachaScheduleList/2/selectableCharaList/31/charaMessageList/7"",""104/response_body/gachaScheduleList/2/selectableCharaList/31/charaMessageList/7""]"
1401	44	神様の前ではお静かに		[]	fuzzy_review	official_cn_key_not_present	2	"[""101/response_body/gachaScheduleList/2/selectableCharaList/31/charaMessageList/8"",""104/response_body/gachaScheduleList/2/selectableCharaList/31/charaMessageList/8""]"
1401	45	『ケガはないみたいだね』@「家内安全のお守りが効いたね」		[]	fuzzy_review	official_cn_key_not_present	2	"[""101/response_body/gachaScheduleList/2/selectableCharaList/31/charaMessageList/9"",""104/response_body/gachaScheduleList/2/selectableCharaList/31/charaMessageList/9""]"
1401	46	『私たちの舞があれば…』@「どんな相手もへっちゃら！」		[]	fuzzy_review	official_cn_key_not_present	2	"[""101/response_body/gachaScheduleList/2/selectableCharaList/31/charaMessageList/10"",""104/response_body/gachaScheduleList/2/selectableCharaList/31/charaMessageList/10""]"
1402	6	手編みのマフラー、か…		[]	fuzzy_review	official_cn_key_not_present	2	"[""101/response_body/gachaScheduleList/2/selectableCharaList/64/charaMessageList/0"",""104/response_body/gachaScheduleList/2/selectableCharaList/64/charaMessageList/0""]"
1402	7	タイムカプセルって思わぬ物が入ってるわね		[]	fuzzy_review	official_cn_key_not_present	2	"[""101/response_body/gachaScheduleList/2/selectableCharaList/64/charaMessageList/1"",""104/response_body/gachaScheduleList/2/selectableCharaList/64/charaMessageList/1""]"
1402	8	急に帰って来るなんてびっくりしたじゃない		[]	fuzzy_review	official_cn_key_not_present	2	"[""101/response_body/gachaScheduleList/2/selectableCharaList/64/charaMessageList/2"",""104/response_body/gachaScheduleList/2/selectableCharaList/64/charaMessageList/2""]"
1402	9	編み物はおばあちゃんに教わったのよ		[]	fuzzy_review	official_cn_key_not_present	2	"[""101/response_body/gachaScheduleList/2/selectableCharaList/64/charaMessageList/3"",""104/response_body/gachaScheduleList/2/selectableCharaList/64/charaMessageList/3""]"
1402	10	友だちは…あんまりできなかったけど…		[]	fuzzy_review	official_cn_key_not_present	2	"[""101/response_body/gachaScheduleList/2/selectableCharaList/64/charaMessageList/4"",""104/response_body/gachaScheduleList/2/selectableCharaList/64/charaMessageList/4""]"
1402	11	…背伸びしていたって認めるしかないわね		[]	fuzzy_review	official_cn_key_not_present	2	"[""101/response_body/gachaScheduleList/2/selectableCharaList/64/charaMessageList/5"",""104/response_body/gachaScheduleList/2/selectableCharaList/64/charaMessageList/5""]"
1402	12	火の魔王と氷の女王…懐かしいわね		[]	fuzzy_review	official_cn_key_not_present	2	"[""101/response_body/gachaScheduleList/2/selectableCharaList/64/charaMessageList/6"",""104/response_body/gachaScheduleList/2/selectableCharaList/64/charaMessageList/6""]"
1402	43	ちょっと冷えちゃったかも…		[]	fuzzy_review	official_cn_key_not_present	2	"[""101/response_body/gachaScheduleList/2/selectableCharaList/64/charaMessageList/7"",""104/response_body/gachaScheduleList/2/selectableCharaList/64/charaMessageList/7""]"
1402	44	大丈夫？寒かったでしょう？		[]	fuzzy_review	official_cn_key_not_present	2	"[""101/response_body/gachaScheduleList/2/selectableCharaList/64/charaMessageList/8"",""104/response_body/gachaScheduleList/2/selectableCharaList/64/charaMessageList/8""]"
1402	45	永遠に凍ったままだね…		[]	fuzzy_review	official_cn_key_not_present	2	"[""101/response_body/gachaScheduleList/2/selectableCharaList/64/charaMessageList/9"",""104/response_body/gachaScheduleList/2/selectableCharaList/64/charaMessageList/9""]"
1402	46	あなたの物語はおしまいよ		[]	fuzzy_review	official_cn_key_not_present	2	"[""101/response_body/gachaScheduleList/2/selectableCharaList/64/charaMessageList/10"",""104/response_body/gachaScheduleList/2/selectableCharaList/64/charaMessageList/10""]"
1501	6	キュゥべえ、お願い！ういの病気を治して！		[]	fuzzy_review	official_cn_key_not_present	2	"[""101/response_body/gachaScheduleList/2/selectableCharaList/53/charaMessageList/0"",""104/response_body/gachaScheduleList/2/selectableCharaList/53/charaMessageList/0""]"
1501	7	私、どうして忘れちゃってたんだろう		[]	fuzzy_review	official_cn_key_not_present	2	"[""101/response_body/gachaScheduleList/2/selectableCharaList/53/charaMessageList/1"",""104/response_body/gachaScheduleList/2/selectableCharaList/53/charaMessageList/1""]"
1501	8	神浜市に行けば魔法少女は救われる…？		[]	fuzzy_review	official_cn_key_not_present	2	"[""101/response_body/gachaScheduleList/2/selectableCharaList/53/charaMessageList/2"",""104/response_body/gachaScheduleList/2/selectableCharaList/53/charaMessageList/2""]"
1501	9	私、簡単に死んだりしません。約束します		[]	fuzzy_review	official_cn_key_not_present	2	"[""101/response_body/gachaScheduleList/2/selectableCharaList/53/charaMessageList/3"",""104/response_body/gachaScheduleList/2/selectableCharaList/53/charaMessageList/3""]"
1501	10	灯花ちゃんたちを止めないと		[]	fuzzy_review	official_cn_key_not_present	2	"[""101/response_body/gachaScheduleList/2/selectableCharaList/53/charaMessageList/4"",""104/response_body/gachaScheduleList/2/selectableCharaList/53/charaMessageList/4""]"
1501	11	私にしかできないことです！		[]	fuzzy_review	official_cn_key_not_present	2	"[""101/response_body/gachaScheduleList/2/selectableCharaList/53/charaMessageList/5"",""104/response_body/gachaScheduleList/2/selectableCharaList/53/charaMessageList/5""]"
1501	12	ほらあの、50点って半分もあるし！		[]	fuzzy_review	official_cn_key_not_present	2	"[""101/response_body/gachaScheduleList/2/selectableCharaList/53/charaMessageList/6"",""104/response_body/gachaScheduleList/2/selectableCharaList/53/charaMessageList/6""]"
1501	43	す、すみませんっ！@私が下手なせいで！		[]	fuzzy_review	official_cn_key_not_present	2	"[""101/response_body/gachaScheduleList/2/selectableCharaList/53/charaMessageList/7"",""104/response_body/gachaScheduleList/2/selectableCharaList/53/charaMessageList/7""]"
1501	44	やった…やったよ！私でも倒せた…		[]	fuzzy_review	official_cn_key_not_present	2	"[""101/response_body/gachaScheduleList/2/selectableCharaList/53/charaMessageList/8"",""104/response_body/gachaScheduleList/2/selectableCharaList/53/charaMessageList/8""]"
1501	45	すごい！私たち、相性いいのかも！		[]	fuzzy_review	official_cn_key_not_present	2	"[""101/response_body/gachaScheduleList/2/selectableCharaList/53/charaMessageList/9"",""104/response_body/gachaScheduleList/2/selectableCharaList/53/charaMessageList/9""]"
1501	46	私の願いはこんなところで負けない！		[]	fuzzy_review	official_cn_key_not_present	2	"[""101/response_body/gachaScheduleList/2/selectableCharaList/53/charaMessageList/10"",""104/response_body/gachaScheduleList/2/selectableCharaList/53/charaMessageList/10""]"
1701	6	勝手な行動をとらないで、私たち～！		[]	fuzzy_review	official_cn_key_not_present	2	"[""101/response_body/gachaScheduleList/2/selectableCharaList/70/charaMessageList/0"",""104/response_body/gachaScheduleList/2/selectableCharaList/70/charaMessageList/0""]"
1701	7	まどか先輩！今の私、どうですか？		[]	fuzzy_review	official_cn_key_not_present	2	"[""101/response_body/gachaScheduleList/2/selectableCharaList/70/charaMessageList/1"",""104/response_body/gachaScheduleList/2/selectableCharaList/70/charaMessageList/1""]"
1701	8	マギアストーンも無限大！…ではないです…		[]	fuzzy_review	official_cn_key_not_present	2	"[""101/response_body/gachaScheduleList/2/selectableCharaList/70/charaMessageList/2"",""104/response_body/gachaScheduleList/2/selectableCharaList/70/charaMessageList/2""]"
1701	9	無限大にガチャを引かせてください！		[]	fuzzy_review	official_cn_key_not_present	2	"[""101/response_body/gachaScheduleList/2/selectableCharaList/70/charaMessageList/3"",""104/response_body/gachaScheduleList/2/selectableCharaList/70/charaMessageList/3""]"
1701	10	私のレアリティはインフィニティ！		[]	fuzzy_review	official_cn_key_not_present	2	"[""101/response_body/gachaScheduleList/2/selectableCharaList/70/charaMessageList/4"",""104/response_body/gachaScheduleList/2/selectableCharaList/70/charaMessageList/4""]"
1701	11	ちょっと巻き戻させてもらいます		[]	fuzzy_review	official_cn_key_not_present	2	"[""101/response_body/gachaScheduleList/2/selectableCharaList/70/charaMessageList/5"",""104/response_body/gachaScheduleList/2/selectableCharaList/70/charaMessageList/5""]"
1701	12	私は私たちですが、私は私でもあるのです		[]	fuzzy_review	official_cn_key_not_present	2	"[""101/response_body/gachaScheduleList/2/selectableCharaList/70/charaMessageList/6"",""104/response_body/gachaScheduleList/2/selectableCharaList/70/charaMessageList/6""]"
1701	43	勝ちましたよ、私たち！		[]	fuzzy_review	official_cn_key_not_present	2	"[""101/response_body/gachaScheduleList/2/selectableCharaList/70/charaMessageList/7"",""104/response_body/gachaScheduleList/2/selectableCharaList/70/charaMessageList/7""]"
1701	44	平行世界に轟く勝利！		[]	fuzzy_review	official_cn_key_not_present	2	"[""101/response_body/gachaScheduleList/2/selectableCharaList/70/charaMessageList/8"",""104/response_body/gachaScheduleList/2/selectableCharaList/70/charaMessageList/8""]"
1701	45	インフィニット大勝利！		[]	fuzzy_review	official_cn_key_not_present	2	"[""101/response_body/gachaScheduleList/2/selectableCharaList/70/charaMessageList/9"",""104/response_body/gachaScheduleList/2/selectableCharaList/70/charaMessageList/9""]"
1701	46	無限大の価値の勝ち！です！		[]	fuzzy_review	official_cn_key_not_present	2	"[""101/response_body/gachaScheduleList/2/selectableCharaList/70/charaMessageList/10"",""104/response_body/gachaScheduleList/2/selectableCharaList/70/charaMessageList/10""]"
2001	6	う～ん…リボン、どっちかなぁ～？	嗯~……缎带，戴哪个好呢~？	"[""vo_char_2001_00_06_hca""]"	key_aligned	unique_charaNo_messageId_key_and_unique_cn_value	8	"[""81/response_body/gachaScheduleList/0/selectableCharaList/6/charaMessageList/0"",""84/response_body/gachaScheduleList/0/selectableCharaList/6/charaMessageList/0"",""85/response_body/userCharaList/1/chara/charaMessageList/0"",""86/response_body/gachaScheduleList/0/selectableCharaList/6/charaMessageList/0"",""89/response_body/userCharaList/1/chara/charaMessageList/0"",""101/response_body/gachaScheduleList/2/selectableCharaList/121/charaMessageList/0"",""104/response_body/gachaScheduleList/2/selectableCharaList/121/charaMessageList/0"",""107/response_body/userCharaList/1/chara/charaMessageList/0""]"
2001	7	よく分からないけど…変わった町だね…	虽然说不清楚，但这座城市真的很不一般……	"[""vo_char_2001_00_07_hca""]"	key_aligned	unique_charaNo_messageId_key_and_unique_cn_value	8	"[""81/response_body/gachaScheduleList/0/selectableCharaList/6/charaMessageList/1"",""84/response_body/gachaScheduleList/0/selectableCharaList/6/charaMessageList/1"",""85/response_body/userCharaList/1/chara/charaMessageList/1"",""86/response_body/gachaScheduleList/0/selectableCharaList/6/charaMessageList/1"",""89/response_body/userCharaList/1/chara/charaMessageList/1"",""101/response_body/gachaScheduleList/2/selectableCharaList/121/charaMessageList/1"",""104/response_body/gachaScheduleList/2/selectableCharaList/121/charaMessageList/1"",""107/response_body/userCharaList/1/chara/charaMessageList/1""]"
2001	8	わたしは魔法少女…だからやらなきゃ…！	我是魔法少女……所以必须要这么做……！	"[""vo_char_2001_00_08_hca""]"	key_aligned	unique_charaNo_messageId_key_and_unique_cn_value	8	"[""81/response_body/gachaScheduleList/0/selectableCharaList/6/charaMessageList/2"",""84/response_body/gachaScheduleList/0/selectableCharaList/6/charaMessageList/2"",""85/response_body/userCharaList/1/chara/charaMessageList/2"",""86/response_body/gachaScheduleList/0/selectableCharaList/6/charaMessageList/2"",""89/response_body/userCharaList/1/chara/charaMessageList/2"",""101/response_body/gachaScheduleList/2/selectableCharaList/121/charaMessageList/2"",""104/response_body/gachaScheduleList/2/selectableCharaList/121/charaMessageList/2"",""107/response_body/userCharaList/1/chara/charaMessageList/2""]"
2001	9	これってホントに、現実なの…？	这真的是现实吗……?	"[""vo_char_2001_00_09_hca""]"	key_aligned	unique_charaNo_messageId_key_and_unique_cn_value	8	"[""81/response_body/gachaScheduleList/0/selectableCharaList/6/charaMessageList/3"",""84/response_body/gachaScheduleList/0/selectableCharaList/6/charaMessageList/3"",""85/response_body/userCharaList/1/chara/charaMessageList/3"",""86/response_body/gachaScheduleList/0/selectableCharaList/6/charaMessageList/3"",""89/response_body/userCharaList/1/chara/charaMessageList/3"",""101/response_body/gachaScheduleList/2/selectableCharaList/121/charaMessageList/3"",""104/response_body/gachaScheduleList/2/selectableCharaList/121/charaMessageList/3"",""107/response_body/userCharaList/1/chara/charaMessageList/3""]"
2001	10	あなたが、私を呼んだの？	是你在叫我吗？	"[""vo_char_2001_00_10_hca""]"	key_aligned	unique_charaNo_messageId_key_and_unique_cn_value	8	"[""81/response_body/gachaScheduleList/0/selectableCharaList/6/charaMessageList/4"",""84/response_body/gachaScheduleList/0/selectableCharaList/6/charaMessageList/4"",""85/response_body/userCharaList/1/chara/charaMessageList/4"",""86/response_body/gachaScheduleList/0/selectableCharaList/6/charaMessageList/4"",""89/response_body/userCharaList/1/chara/charaMessageList/4"",""101/response_body/gachaScheduleList/2/selectableCharaList/121/charaMessageList/4"",""104/response_body/gachaScheduleList/2/selectableCharaList/121/charaMessageList/4"",""107/response_body/userCharaList/1/chara/charaMessageList/4""]"
2001	11	クラスのみんなには、内緒だよっ！	要对班级里的大家保密哦！	"[""vo_char_2001_00_11_hca""]"	key_aligned	unique_charaNo_messageId_key_and_unique_cn_value	8	"[""81/response_body/gachaScheduleList/0/selectableCharaList/6/charaMessageList/5"",""84/response_body/gachaScheduleList/0/selectableCharaList/6/charaMessageList/5"",""85/response_body/userCharaList/1/chara/charaMessageList/5"",""86/response_body/gachaScheduleList/0/selectableCharaList/6/charaMessageList/5"",""89/response_body/userCharaList/1/chara/charaMessageList/5"",""101/response_body/gachaScheduleList/2/selectableCharaList/121/charaMessageList/5"",""104/response_body/gachaScheduleList/2/selectableCharaList/121/charaMessageList/5"",""107/response_body/userCharaList/1/chara/charaMessageList/5""]"
2001	12	カッコよくなっちゃえばいいんだよ！	只要变得帅气就够了呀！	"[""vo_char_2001_00_12_hca""]"	key_aligned	unique_charaNo_messageId_key_and_unique_cn_value	8	"[""81/response_body/gachaScheduleList/0/selectableCharaList/6/charaMessageList/6"",""84/response_body/gachaScheduleList/0/selectableCharaList/6/charaMessageList/6"",""85/response_body/userCharaList/1/chara/charaMessageList/6"",""86/response_body/gachaScheduleList/0/selectableCharaList/6/charaMessageList/6"",""89/response_body/userCharaList/1/chara/charaMessageList/6"",""101/response_body/gachaScheduleList/2/selectableCharaList/121/charaMessageList/6"",""104/response_body/gachaScheduleList/2/selectableCharaList/121/charaMessageList/6"",""107/response_body/userCharaList/1/chara/charaMessageList/6""]"
2001	43	よかった…勝てたみたいだね！	太好了……像是赢了呢！	"[""vo_char_2001_00_43_hca""]"	key_aligned	unique_charaNo_messageId_key_and_unique_cn_value	8	"[""81/response_body/gachaScheduleList/0/selectableCharaList/6/charaMessageList/7"",""84/response_body/gachaScheduleList/0/selectableCharaList/6/charaMessageList/7"",""85/response_body/userCharaList/1/chara/charaMessageList/7"",""86/response_body/gachaScheduleList/0/selectableCharaList/6/charaMessageList/7"",""89/response_body/userCharaList/1/chara/charaMessageList/7"",""101/response_body/gachaScheduleList/2/selectableCharaList/121/charaMessageList/7"",""104/response_body/gachaScheduleList/2/selectableCharaList/121/charaMessageList/7"",""107/response_body/userCharaList/1/chara/charaMessageList/7""]"
2001	44	やったぁ～！すごいね！	太棒了~！好厉害！	"[""vo_char_2001_00_44_hca""]"	key_aligned	unique_charaNo_messageId_key_and_unique_cn_value	8	"[""81/response_body/gachaScheduleList/0/selectableCharaList/6/charaMessageList/8"",""84/response_body/gachaScheduleList/0/selectableCharaList/6/charaMessageList/8"",""85/response_body/userCharaList/1/chara/charaMessageList/8"",""86/response_body/gachaScheduleList/0/selectableCharaList/6/charaMessageList/8"",""89/response_body/userCharaList/1/chara/charaMessageList/8"",""101/response_body/gachaScheduleList/2/selectableCharaList/121/charaMessageList/8"",""104/response_body/gachaScheduleList/2/selectableCharaList/121/charaMessageList/8"",""107/response_body/userCharaList/1/chara/charaMessageList/8""]"
2001	45	うんうん！いい感じだね！	嗯嗯！感觉不错呢！	"[""vo_char_2001_00_45_hca""]"	key_aligned	unique_charaNo_messageId_key_and_unique_cn_value	8	"[""81/response_body/gachaScheduleList/0/selectableCharaList/6/charaMessageList/9"",""84/response_body/gachaScheduleList/0/selectableCharaList/6/charaMessageList/9"",""85/response_body/userCharaList/1/chara/charaMessageList/9"",""86/response_body/gachaScheduleList/0/selectableCharaList/6/charaMessageList/9"",""89/response_body/userCharaList/1/chara/charaMessageList/9"",""101/response_body/gachaScheduleList/2/selectableCharaList/121/charaMessageList/9"",""104/response_body/gachaScheduleList/2/selectableCharaList/121/charaMessageList/9"",""107/response_body/userCharaList/1/chara/charaMessageList/9""]"
2001	46	はぁ～、どうにか終わったね…！	哈~，总算是结束了……！	"[""vo_char_2001_00_46_hca""]"	key_aligned	unique_charaNo_messageId_key_and_unique_cn_value	8	"[""81/response_body/gachaScheduleList/0/selectableCharaList/6/charaMessageList/10"",""84/response_body/gachaScheduleList/0/selectableCharaList/6/charaMessageList/10"",""85/response_body/userCharaList/1/chara/charaMessageList/10"",""86/response_body/gachaScheduleList/0/selectableCharaList/6/charaMessageList/10"",""89/response_body/userCharaList/1/chara/charaMessageList/10"",""101/response_body/gachaScheduleList/2/selectableCharaList/121/charaMessageList/10"",""104/response_body/gachaScheduleList/2/selectableCharaList/121/charaMessageList/10"",""107/response_body/userCharaList/1/chara/charaMessageList/10""]"
2002	6	あなたには関係ない	和你无关。	"[""vo_char_2002_00_06_hca""]"	key_aligned	unique_charaNo_messageId_key_and_unique_cn_value	2	"[""101/response_body/gachaScheduleList/2/selectableCharaList/11/charaMessageList/0"",""104/response_body/gachaScheduleList/2/selectableCharaList/11/charaMessageList/0""]"
2002	7	いつか、絶対にあなたを救ってみせる…！	终有一天，我一定会拯救你……！	"[""vo_char_2002_00_07_hca""]"	key_aligned	unique_charaNo_messageId_key_and_unique_cn_value	2	"[""101/response_body/gachaScheduleList/2/selectableCharaList/11/charaMessageList/1"",""104/response_body/gachaScheduleList/2/selectableCharaList/11/charaMessageList/1""]"
2002	8	繰り返す…私は何度でも繰り返す	轮回……我无论多少次都会轮回……	"[""vo_char_2002_00_8_hca""]"	key_aligned	unique_charaNo_messageId_key_and_unique_cn_value	2	"[""101/response_body/gachaScheduleList/2/selectableCharaList/11/charaMessageList/2"",""104/response_body/gachaScheduleList/2/selectableCharaList/11/charaMessageList/2""]"
2002	9	…もう誰にも頼らない	……我已经不会再依赖任何人。	"[""vo_char_2002_00_9_hca""]"	key_aligned	unique_charaNo_messageId_key_and_unique_cn_value	2	"[""101/response_body/gachaScheduleList/2/selectableCharaList/11/charaMessageList/3"",""104/response_body/gachaScheduleList/2/selectableCharaList/11/charaMessageList/3""]"
2002	10	あなたを大切に思う人のことも考えて!?	你也要考虑一下珍视你的人啊！	"[""vo_char_2002_00_10_hca""]"	key_aligned	unique_charaNo_messageId_key_and_unique_cn_value	2	"[""101/response_body/gachaScheduleList/2/selectableCharaList/11/charaMessageList/4"",""104/response_body/gachaScheduleList/2/selectableCharaList/11/charaMessageList/4""]"
2002	11	…私ね、未来から来たんだよ	……我，是从未来而来的。	"[""vo_char_2002_00_11_hca""]"	key_aligned	unique_charaNo_messageId_key_and_unique_cn_value	2	"[""101/response_body/gachaScheduleList/2/selectableCharaList/11/charaMessageList/5"",""104/response_body/gachaScheduleList/2/selectableCharaList/11/charaMessageList/5""]"
2002	12	私は永遠の迷路に閉じ込められても構わない	就算把我关进永远的迷宫也无所谓。	"[""vo_char_2002_00_12_hca""]"	key_aligned	unique_charaNo_messageId_key_and_unique_cn_value	2	"[""101/response_body/gachaScheduleList/2/selectableCharaList/11/charaMessageList/6"",""104/response_body/gachaScheduleList/2/selectableCharaList/11/charaMessageList/6""]"
2002	43	こんなところで、私は負けない…！	我不会在这个地方失败……！	"[""vo_char_2002_00_43_hca""]"	key_aligned	unique_charaNo_messageId_key_and_unique_cn_value	2	"[""101/response_body/gachaScheduleList/2/selectableCharaList/11/charaMessageList/7"",""104/response_body/gachaScheduleList/2/selectableCharaList/11/charaMessageList/7""]"
2002	44	命拾いしたわね、あなたたち	你们真是捡了一条命。	"[""vo_char_2002_00_44_hca""]"	key_aligned	unique_charaNo_messageId_key_and_unique_cn_value	2	"[""101/response_body/gachaScheduleList/2/selectableCharaList/11/charaMessageList/8"",""104/response_body/gachaScheduleList/2/selectableCharaList/11/charaMessageList/8""]"
2002	45	だから私は…戦い続ける	所以我……会战斗下去。	"[""vo_char_2002_00_45_hca""]"	key_aligned	unique_charaNo_messageId_key_and_unique_cn_value	2	"[""101/response_body/gachaScheduleList/2/selectableCharaList/11/charaMessageList/9"",""104/response_body/gachaScheduleList/2/selectableCharaList/11/charaMessageList/9""]"
2002	46	もういいでしょ？私は先へ進むわ	已经够了吧？我要前进了。	"[""vo_char_2002_00_46_hca""]"	key_aligned	unique_charaNo_messageId_key_and_unique_cn_value	2	"[""101/response_body/gachaScheduleList/2/selectableCharaList/11/charaMessageList/10"",""104/response_body/gachaScheduleList/2/selectableCharaList/11/charaMessageList/10""]"
2003	6	私…鹿目さんとの出会いをやり直したい！	我……想和鹿目同学重新相遇！	"[""vo_char_2003_00_06_hca""]"	key_aligned	unique_charaNo_messageId_key_and_unique_cn_value	4	"[""20/response_body/userLimitedChallengeList/69/challenge/rewardList/0/chara/charaMessageList/0"",""90/response_body/userLimitedChallengeList/69/challenge/rewardList/0/chara/charaMessageList/0"",""97/response_body/userLimitedChallengeList/69/challenge/rewardList/0/chara/charaMessageList/0"",""107/response_body/userLimitedChallengeList/67/challenge/rewardList/0/chara/charaMessageList/0""]"
2003	7	私は、彼女を守る私になりたい…	我，想要成为保护她的人……	"[""vo_char_2003_00_07_hca""]"	key_aligned	unique_charaNo_messageId_key_and_unique_cn_value	4	"[""20/response_body/userLimitedChallengeList/69/challenge/rewardList/0/chara/charaMessageList/1"",""90/response_body/userLimitedChallengeList/69/challenge/rewardList/0/chara/charaMessageList/1"",""97/response_body/userLimitedChallengeList/69/challenge/rewardList/0/chara/charaMessageList/1"",""107/response_body/userLimitedChallengeList/67/challenge/rewardList/0/chara/charaMessageList/1""]"
2003	8	一体ここは、どこなんでしょうか…？	这里到底是什么地方……？	"[""vo_char_2003_00_08_hca""]"	key_aligned	unique_charaNo_messageId_key_and_unique_cn_value	4	"[""20/response_body/userLimitedChallengeList/69/challenge/rewardList/0/chara/charaMessageList/2"",""90/response_body/userLimitedChallengeList/69/challenge/rewardList/0/chara/charaMessageList/2"",""97/response_body/userLimitedChallengeList/69/challenge/rewardList/0/chara/charaMessageList/2"",""107/response_body/userLimitedChallengeList/67/challenge/rewardList/0/chara/charaMessageList/2""]"
2003	9	諦めないから、絶対に…！	我绝对不会放弃的……！	"[""vo_char_2003_00_09_hca""]"	key_aligned	unique_charaNo_messageId_key_and_unique_cn_value	4	"[""20/response_body/userLimitedChallengeList/69/challenge/rewardList/0/chara/charaMessageList/3"",""90/response_body/userLimitedChallengeList/69/challenge/rewardList/0/chara/charaMessageList/3"",""97/response_body/userLimitedChallengeList/69/challenge/rewardList/0/chara/charaMessageList/3"",""107/response_body/userLimitedChallengeList/67/challenge/rewardList/0/chara/charaMessageList/3""]"
2003	10	この相手には、なんの武器が…？	这个对手要用什么武器来对付……？	"[""vo_char_2003_00_10_hca""]"	key_aligned	unique_charaNo_messageId_key_and_unique_cn_value	4	"[""20/response_body/userLimitedChallengeList/69/challenge/rewardList/0/chara/charaMessageList/4"",""90/response_body/userLimitedChallengeList/69/challenge/rewardList/0/chara/charaMessageList/4"",""97/response_body/userLimitedChallengeList/69/challenge/rewardList/0/chara/charaMessageList/4"",""107/response_body/userLimitedChallengeList/67/challenge/rewardList/0/chara/charaMessageList/4""]"
2003	11	これから一緒に頑張ろうね！	之后要一起努力呢！	"[""vo_char_2003_00_11_hca""]"	key_aligned	unique_charaNo_messageId_key_and_unique_cn_value	4	"[""20/response_body/userLimitedChallengeList/69/challenge/rewardList/0/chara/charaMessageList/5"",""90/response_body/userLimitedChallengeList/69/challenge/rewardList/0/chara/charaMessageList/5"",""97/response_body/userLimitedChallengeList/69/challenge/rewardList/0/chara/charaMessageList/5"",""107/response_body/userLimitedChallengeList/67/challenge/rewardList/0/chara/charaMessageList/5""]"
2003	12	今回こそはきっと…鹿目さんを救う…！	这次一定要……救下鹿目同学……！	"[""vo_char_2003_00_12_hca""]"	key_aligned	unique_charaNo_messageId_key_and_unique_cn_value	4	"[""20/response_body/userLimitedChallengeList/69/challenge/rewardList/0/chara/charaMessageList/6"",""90/response_body/userLimitedChallengeList/69/challenge/rewardList/0/chara/charaMessageList/6"",""97/response_body/userLimitedChallengeList/69/challenge/rewardList/0/chara/charaMessageList/6"",""107/response_body/userLimitedChallengeList/67/challenge/rewardList/0/chara/charaMessageList/6""]"
2003	43	やった？やった…！	赢了？太好了……！	"[""vo_char_2003_00_43_hca""]"	key_aligned	unique_charaNo_messageId_key_and_unique_cn_value	4	"[""20/response_body/userLimitedChallengeList/69/challenge/rewardList/0/chara/charaMessageList/7"",""90/response_body/userLimitedChallengeList/69/challenge/rewardList/0/chara/charaMessageList/7"",""97/response_body/userLimitedChallengeList/69/challenge/rewardList/0/chara/charaMessageList/7"",""107/response_body/userLimitedChallengeList/67/challenge/rewardList/0/chara/charaMessageList/7""]"
2003	44	良かった…終わったよね…	太好了……结束了……	"[""vo_char_2003_00_44_hca""]"	key_aligned	unique_charaNo_messageId_key_and_unique_cn_value	4	"[""20/response_body/userLimitedChallengeList/69/challenge/rewardList/0/chara/charaMessageList/8"",""90/response_body/userLimitedChallengeList/69/challenge/rewardList/0/chara/charaMessageList/8"",""97/response_body/userLimitedChallengeList/69/challenge/rewardList/0/chara/charaMessageList/8"",""107/response_body/userLimitedChallengeList/67/challenge/rewardList/0/chara/charaMessageList/8""]"
2003	45	な、なんとかなりました～…	总算是结束了~	"[""vo_char_2003_00_45_hca""]"	key_aligned	unique_charaNo_messageId_key_and_unique_cn_value	4	"[""20/response_body/userLimitedChallengeList/69/challenge/rewardList/0/chara/charaMessageList/9"",""90/response_body/userLimitedChallengeList/69/challenge/rewardList/0/chara/charaMessageList/9"",""97/response_body/userLimitedChallengeList/69/challenge/rewardList/0/chara/charaMessageList/9"",""107/response_body/userLimitedChallengeList/67/challenge/rewardList/0/chara/charaMessageList/9""]"
2003	46	上手く戦えました、私…？	我战斗得还好吗……？	"[""vo_char_2003_00_46_hca""]"	key_aligned	unique_charaNo_messageId_key_and_unique_cn_value	4	"[""20/response_body/userLimitedChallengeList/69/challenge/rewardList/0/chara/charaMessageList/10"",""90/response_body/userLimitedChallengeList/69/challenge/rewardList/0/chara/charaMessageList/10"",""97/response_body/userLimitedChallengeList/69/challenge/rewardList/0/chara/charaMessageList/10"",""107/response_body/userLimitedChallengeList/67/challenge/rewardList/0/chara/charaMessageList/10""]"
2004	6	まさか探偵ごっこをする羽目になるとはね！	没想到要在这里玩侦探游戏了！	"[""vo_char_2004_00_06_hca""]"	key_aligned	unique_charaNo_messageId_key_and_unique_cn_value	5	"[""81/response_body/gachaScheduleList/0/selectableCharaList/7/charaMessageList/0"",""84/response_body/gachaScheduleList/0/selectableCharaList/7/charaMessageList/0"",""86/response_body/gachaScheduleList/0/selectableCharaList/7/charaMessageList/0"",""101/response_body/gachaScheduleList/2/selectableCharaList/122/charaMessageList/0"",""104/response_body/gachaScheduleList/2/selectableCharaList/122/charaMessageList/0""]"
2004	7	またあいつと外出できるなんて、夢みたい…	还能和那家伙一起出门，真像做梦一样……	"[""vo_char_2004_00_07_hca""]"	key_aligned	unique_charaNo_messageId_key_and_unique_cn_value	5	"[""81/response_body/gachaScheduleList/0/selectableCharaList/7/charaMessageList/1"",""84/response_body/gachaScheduleList/0/selectableCharaList/7/charaMessageList/1"",""86/response_body/gachaScheduleList/0/selectableCharaList/7/charaMessageList/1"",""101/response_body/gachaScheduleList/2/selectableCharaList/122/charaMessageList/1"",""104/response_body/gachaScheduleList/2/selectableCharaList/122/charaMessageList/1""]"
2004	8	レアなＣＤ、神浜でも見つかるかな…？	稀有的CD，能在神滨找到吗……？	"[""vo_char_2004_00_08_hca""]"	key_aligned	unique_charaNo_messageId_key_and_unique_cn_value	5	"[""81/response_body/gachaScheduleList/0/selectableCharaList/7/charaMessageList/2"",""84/response_body/gachaScheduleList/0/selectableCharaList/7/charaMessageList/2"",""86/response_body/gachaScheduleList/0/selectableCharaList/7/charaMessageList/2"",""101/response_body/gachaScheduleList/2/selectableCharaList/122/charaMessageList/2"",""104/response_body/gachaScheduleList/2/selectableCharaList/122/charaMessageList/2""]"
2004	9	魔法少女って、こんなにたくさんいたのかぁ	居然有这么多的魔法少女啊。	"[""vo_char_2004_00_09_hca""]"	key_aligned	unique_charaNo_messageId_key_and_unique_cn_value	5	"[""81/response_body/gachaScheduleList/0/selectableCharaList/7/charaMessageList/3"",""84/response_body/gachaScheduleList/0/selectableCharaList/7/charaMessageList/3"",""86/response_body/gachaScheduleList/0/selectableCharaList/7/charaMessageList/3"",""101/response_body/gachaScheduleList/2/selectableCharaList/122/charaMessageList/3"",""104/response_body/gachaScheduleList/2/selectableCharaList/122/charaMessageList/3""]"
2004	10	…なんで、あたしたちなのかな？	……为什么是我们啊？	"[""vo_char_2004_00_10_hca""]"	key_aligned	unique_charaNo_messageId_key_and_unique_cn_value	5	"[""81/response_body/gachaScheduleList/0/selectableCharaList/7/charaMessageList/4"",""84/response_body/gachaScheduleList/0/selectableCharaList/7/charaMessageList/4"",""86/response_body/gachaScheduleList/0/selectableCharaList/7/charaMessageList/4"",""101/response_body/gachaScheduleList/2/selectableCharaList/122/charaMessageList/4"",""104/response_body/gachaScheduleList/2/selectableCharaList/122/charaMessageList/4""]"
2004	11	さあ、今夜も魔女をやっつけないと	那么，今晚也要去消灭魔女才行。	"[""vo_char_2004_00_11_hca""]"	key_aligned	unique_charaNo_messageId_key_and_unique_cn_value	5	"[""81/response_body/gachaScheduleList/0/selectableCharaList/7/charaMessageList/5"",""84/response_body/gachaScheduleList/0/selectableCharaList/7/charaMessageList/5"",""86/response_body/gachaScheduleList/0/selectableCharaList/7/charaMessageList/5"",""101/response_body/gachaScheduleList/2/selectableCharaList/122/charaMessageList/5"",""104/response_body/gachaScheduleList/2/selectableCharaList/122/charaMessageList/5""]"
2004	12	奇跡も、魔法も、あるんだよ	奇迹和魔法，都是存在的哟。	"[""vo_char_2004_00_12_hca""]"	key_aligned	unique_charaNo_messageId_key_and_unique_cn_value	5	"[""81/response_body/gachaScheduleList/0/selectableCharaList/7/charaMessageList/6"",""84/response_body/gachaScheduleList/0/selectableCharaList/7/charaMessageList/6"",""86/response_body/gachaScheduleList/0/selectableCharaList/7/charaMessageList/6"",""101/response_body/gachaScheduleList/2/selectableCharaList/122/charaMessageList/6"",""104/response_body/gachaScheduleList/2/selectableCharaList/122/charaMessageList/6""]"
2004	43	一件落着、って感じかな	算是告一段落了。	"[""vo_char_2004_00_43_hca""]"	key_aligned	unique_charaNo_messageId_key_and_unique_cn_value	5	"[""81/response_body/gachaScheduleList/0/selectableCharaList/7/charaMessageList/7"",""84/response_body/gachaScheduleList/0/selectableCharaList/7/charaMessageList/7"",""86/response_body/gachaScheduleList/0/selectableCharaList/7/charaMessageList/7"",""101/response_body/gachaScheduleList/2/selectableCharaList/122/charaMessageList/7"",""104/response_body/gachaScheduleList/2/selectableCharaList/122/charaMessageList/7""]"
2004	44	危機一髪ってとこだったね	真是千钧一发呀。	"[""vo_char_2004_00_44_hca""]"	key_aligned	unique_charaNo_messageId_key_and_unique_cn_value	5	"[""81/response_body/gachaScheduleList/0/selectableCharaList/7/charaMessageList/8"",""84/response_body/gachaScheduleList/0/selectableCharaList/7/charaMessageList/8"",""86/response_body/gachaScheduleList/0/selectableCharaList/7/charaMessageList/8"",""101/response_body/gachaScheduleList/2/selectableCharaList/122/charaMessageList/8"",""104/response_body/gachaScheduleList/2/selectableCharaList/122/charaMessageList/8""]"
2004	45	自分を褒めちゃいたい気分？	我都忍不住夸自己了哦？	"[""vo_char_2004_00_45_hca""]"	key_aligned	unique_charaNo_messageId_key_and_unique_cn_value	5	"[""81/response_body/gachaScheduleList/0/selectableCharaList/7/charaMessageList/9"",""84/response_body/gachaScheduleList/0/selectableCharaList/7/charaMessageList/9"",""86/response_body/gachaScheduleList/0/selectableCharaList/7/charaMessageList/9"",""101/response_body/gachaScheduleList/2/selectableCharaList/122/charaMessageList/9"",""104/response_body/gachaScheduleList/2/selectableCharaList/122/charaMessageList/9""]"
2004	46	退屈で居眠りしちゃうとこだったよ！	太无聊了我都快睡着了！	"[""vo_char_2004_00_46_hca""]"	key_aligned	unique_charaNo_messageId_key_and_unique_cn_value	5	"[""81/response_body/gachaScheduleList/0/selectableCharaList/7/charaMessageList/10"",""84/response_body/gachaScheduleList/0/selectableCharaList/7/charaMessageList/10"",""86/response_body/gachaScheduleList/0/selectableCharaList/7/charaMessageList/10"",""101/response_body/gachaScheduleList/2/selectableCharaList/122/charaMessageList/10"",""104/response_body/gachaScheduleList/2/selectableCharaList/122/charaMessageList/10""]"
2005	6	まるで迷宮みたいな町…心が迷ってしまう…	迷宫一样的城市……连内心也迷失了……	"[""vo_char_2005_00_06_hca""]"	key_aligned	unique_charaNo_messageId_key_and_unique_cn_value	5	"[""81/response_body/gachaScheduleList/0/selectableCharaList/8/charaMessageList/0"",""84/response_body/gachaScheduleList/0/selectableCharaList/8/charaMessageList/0"",""86/response_body/gachaScheduleList/0/selectableCharaList/8/charaMessageList/0"",""101/response_body/gachaScheduleList/2/selectableCharaList/123/charaMessageList/0"",""104/response_body/gachaScheduleList/2/selectableCharaList/123/charaMessageList/0""]"
2005	7	自分を信じて戦うの…そうすればきっと…	相信着自己去战斗……那样就一定能……	"[""vo_char_2005_00_07_hca""]"	key_aligned	unique_charaNo_messageId_key_and_unique_cn_value	5	"[""81/response_body/gachaScheduleList/0/selectableCharaList/8/charaMessageList/1"",""84/response_body/gachaScheduleList/0/selectableCharaList/8/charaMessageList/1"",""86/response_body/gachaScheduleList/0/selectableCharaList/8/charaMessageList/1"",""101/response_body/gachaScheduleList/2/selectableCharaList/123/charaMessageList/1"",""104/response_body/gachaScheduleList/2/selectableCharaList/123/charaMessageList/1""]"
2005	8	そろそろお茶の時間にしましょうか…！	差不多该到喝茶的时间了……！	"[""vo_char_2005_00_08_hca""]"	key_aligned	unique_charaNo_messageId_key_and_unique_cn_value	5	"[""81/response_body/gachaScheduleList/0/selectableCharaList/8/charaMessageList/2"",""84/response_body/gachaScheduleList/0/selectableCharaList/8/charaMessageList/2"",""86/response_body/gachaScheduleList/0/selectableCharaList/8/charaMessageList/2"",""101/response_body/gachaScheduleList/2/selectableCharaList/123/charaMessageList/2"",""104/response_body/gachaScheduleList/2/selectableCharaList/123/charaMessageList/2""]"
2005	9	いいものじゃないわよ。魔法少女なんて…	魔法少女才不是什么好差事呢……	"[""vo_char_2005_00_09_hca""]"	key_aligned	unique_charaNo_messageId_key_and_unique_cn_value	5	"[""81/response_body/gachaScheduleList/0/selectableCharaList/8/charaMessageList/3"",""84/response_body/gachaScheduleList/0/selectableCharaList/8/charaMessageList/3"",""86/response_body/gachaScheduleList/0/selectableCharaList/8/charaMessageList/3"",""101/response_body/gachaScheduleList/2/selectableCharaList/123/charaMessageList/3"",""104/response_body/gachaScheduleList/2/selectableCharaList/123/charaMessageList/3""]"
2005	10	あなたはどんな夢を叶えるつもり？	你想实现什么梦想？	"[""vo_char_2005_00_10_hca""]"	key_aligned	unique_charaNo_messageId_key_and_unique_cn_value	5	"[""81/response_body/gachaScheduleList/0/selectableCharaList/8/charaMessageList/4"",""84/response_body/gachaScheduleList/0/selectableCharaList/8/charaMessageList/4"",""86/response_body/gachaScheduleList/0/selectableCharaList/8/charaMessageList/4"",""101/response_body/gachaScheduleList/2/selectableCharaList/123/charaMessageList/4"",""104/response_body/gachaScheduleList/2/selectableCharaList/123/charaMessageList/4""]"
2005	11	一体、何が起きてるの…ここで…神浜市で…	到底发生了什么……这里……神滨市……	"[""vo_char_2005_00_11_hca""]"	key_aligned	unique_charaNo_messageId_key_and_unique_cn_value	5	"[""81/response_body/gachaScheduleList/0/selectableCharaList/8/charaMessageList/5"",""84/response_body/gachaScheduleList/0/selectableCharaList/8/charaMessageList/5"",""86/response_body/gachaScheduleList/0/selectableCharaList/8/charaMessageList/5"",""101/response_body/gachaScheduleList/2/selectableCharaList/123/charaMessageList/5"",""104/response_body/gachaScheduleList/2/selectableCharaList/123/charaMessageList/5""]"
2005	12	あら…同じ条件で私に勝てる？	哼……同样的状况下你能赢过我吗？	"[""vo_char_2005_00_12_hca""]"	key_aligned	unique_charaNo_messageId_key_and_unique_cn_value	5	"[""81/response_body/gachaScheduleList/0/selectableCharaList/8/charaMessageList/6"",""84/response_body/gachaScheduleList/0/selectableCharaList/8/charaMessageList/6"",""86/response_body/gachaScheduleList/0/selectableCharaList/8/charaMessageList/6"",""101/response_body/gachaScheduleList/2/selectableCharaList/123/charaMessageList/6"",""104/response_body/gachaScheduleList/2/selectableCharaList/123/charaMessageList/6""]"
2005	43	一仕事終わったわ	工作完成了呢。	"[""vo_char_2005_00_43_hca""]"	key_aligned	unique_charaNo_messageId_key_and_unique_cn_value	5	"[""81/response_body/gachaScheduleList/0/selectableCharaList/8/charaMessageList/7"",""84/response_body/gachaScheduleList/0/selectableCharaList/8/charaMessageList/7"",""86/response_body/gachaScheduleList/0/selectableCharaList/8/charaMessageList/7"",""101/response_body/gachaScheduleList/2/selectableCharaList/123/charaMessageList/7"",""104/response_body/gachaScheduleList/2/selectableCharaList/123/charaMessageList/7""]"
2005	44	ふぅ…惜しかったわね	呼……真可惜。	"[""vo_char_2005_00_44_hca""]"	key_aligned	unique_charaNo_messageId_key_and_unique_cn_value	5	"[""81/response_body/gachaScheduleList/0/selectableCharaList/8/charaMessageList/8"",""84/response_body/gachaScheduleList/0/selectableCharaList/8/charaMessageList/8"",""86/response_body/gachaScheduleList/0/selectableCharaList/8/charaMessageList/8"",""101/response_body/gachaScheduleList/2/selectableCharaList/123/charaMessageList/8"",""104/response_body/gachaScheduleList/2/selectableCharaList/123/charaMessageList/8""]"
2005	45	さて、お茶にしましょうか	接下来，去喝杯茶吧。	"[""vo_char_2005_00_45_hca""]"	key_aligned	unique_charaNo_messageId_key_and_unique_cn_value	5	"[""81/response_body/gachaScheduleList/0/selectableCharaList/8/charaMessageList/9"",""84/response_body/gachaScheduleList/0/selectableCharaList/8/charaMessageList/9"",""86/response_body/gachaScheduleList/0/selectableCharaList/8/charaMessageList/9"",""101/response_body/gachaScheduleList/2/selectableCharaList/123/charaMessageList/9"",""104/response_body/gachaScheduleList/2/selectableCharaList/123/charaMessageList/9""]"
2005	46	みんな、この後うちに来る？	大家，来我家坐坐吧？	"[""vo_char_2005_00_46_hca""]"	key_aligned	unique_charaNo_messageId_key_and_unique_cn_value	5	"[""81/response_body/gachaScheduleList/0/selectableCharaList/8/charaMessageList/10"",""84/response_body/gachaScheduleList/0/selectableCharaList/8/charaMessageList/10"",""86/response_body/gachaScheduleList/0/selectableCharaList/8/charaMessageList/10"",""101/response_body/gachaScheduleList/2/selectableCharaList/123/charaMessageList/10"",""104/response_body/gachaScheduleList/2/selectableCharaList/123/charaMessageList/10""]"
2006	6	アンタは色々、溜め込むのが早そうだからさ	你的负面感情积累得太快了。	"[""vo_char_2006_00_06_hca""]"	key_aligned	unique_charaNo_messageId_key_and_unique_cn_value	5	"[""81/response_body/gachaScheduleList/0/selectableCharaList/9/charaMessageList/0"",""84/response_body/gachaScheduleList/0/selectableCharaList/9/charaMessageList/0"",""86/response_body/gachaScheduleList/0/selectableCharaList/9/charaMessageList/0"",""101/response_body/gachaScheduleList/2/selectableCharaList/124/charaMessageList/0"",""104/response_body/gachaScheduleList/2/selectableCharaList/124/charaMessageList/0""]"
2006	7	甘っちょろい魔法少女は、早死にするからな	太过天真的魔法少女是活不长的。	"[""vo_char_2006_00_07_hca""]"	key_aligned	unique_charaNo_messageId_key_and_unique_cn_value	5	"[""81/response_body/gachaScheduleList/0/selectableCharaList/9/charaMessageList/1"",""84/response_body/gachaScheduleList/0/selectableCharaList/9/charaMessageList/1"",""86/response_body/gachaScheduleList/0/selectableCharaList/9/charaMessageList/1"",""101/response_body/gachaScheduleList/2/selectableCharaList/124/charaMessageList/1"",""104/response_body/gachaScheduleList/2/selectableCharaList/124/charaMessageList/1""]"
2006	8	…まぁ、いっか。タダ飯なら頂くよ	"唔，好吧。
既然是免费的一餐饭，那我就接受了。"	"[""vo_char_2006_00_08_hca""]"	key_aligned	unique_charaNo_messageId_key_and_unique_cn_value	5	"[""81/response_body/gachaScheduleList/0/selectableCharaList/9/charaMessageList/2"",""84/response_body/gachaScheduleList/0/selectableCharaList/9/charaMessageList/2"",""86/response_body/gachaScheduleList/0/selectableCharaList/9/charaMessageList/2"",""101/response_body/gachaScheduleList/2/selectableCharaList/124/charaMessageList/2"",""104/response_body/gachaScheduleList/2/selectableCharaList/124/charaMessageList/2""]"
2006	9	あたしはね、何が何でも生きてみせる	我啊，无论如何都要活下去。	"[""vo_char_2006_00_09_hca""]"	key_aligned	unique_charaNo_messageId_key_and_unique_cn_value	5	"[""81/response_body/gachaScheduleList/0/selectableCharaList/9/charaMessageList/3"",""84/response_body/gachaScheduleList/0/selectableCharaList/9/charaMessageList/3"",""86/response_body/gachaScheduleList/0/selectableCharaList/9/charaMessageList/3"",""101/response_body/gachaScheduleList/2/selectableCharaList/124/charaMessageList/3"",""104/response_body/gachaScheduleList/2/selectableCharaList/124/charaMessageList/3""]"
2006	10	そんなバカを、あたしは放っておけないんだ	我放不下这样的笨蛋。	"[""vo_char_2006_00_10_hca""]"	key_aligned	unique_charaNo_messageId_key_and_unique_cn_value	5	"[""81/response_body/gachaScheduleList/0/selectableCharaList/9/charaMessageList/4"",""84/response_body/gachaScheduleList/0/selectableCharaList/9/charaMessageList/4"",""86/response_body/gachaScheduleList/0/selectableCharaList/9/charaMessageList/4"",""101/response_body/gachaScheduleList/2/selectableCharaList/124/charaMessageList/4"",""104/response_body/gachaScheduleList/2/selectableCharaList/124/charaMessageList/4""]"
2006	11	これに懲りたら、もうバカな真似はやめな	吃了这样的苦头，就不要再做傻事了。	"[""vo_char_2006_00_11_hca""]"	key_aligned	unique_charaNo_messageId_key_and_unique_cn_value	5	"[""81/response_body/gachaScheduleList/0/selectableCharaList/9/charaMessageList/5"",""84/response_body/gachaScheduleList/0/selectableCharaList/9/charaMessageList/5"",""86/response_body/gachaScheduleList/0/selectableCharaList/9/charaMessageList/5"",""101/response_body/gachaScheduleList/2/selectableCharaList/124/charaMessageList/5"",""104/response_body/gachaScheduleList/2/selectableCharaList/124/charaMessageList/5""]"
2006	12	花より団子ってヤツなんだよ、あたしはさ	我啊，是那种比起外表更重视实质的人哦。	"[""vo_char_2006_00_12_hca""]"	key_aligned	unique_charaNo_messageId_key_and_unique_cn_value	5	"[""81/response_body/gachaScheduleList/0/selectableCharaList/9/charaMessageList/6"",""84/response_body/gachaScheduleList/0/selectableCharaList/9/charaMessageList/6"",""86/response_body/gachaScheduleList/0/selectableCharaList/9/charaMessageList/6"",""101/response_body/gachaScheduleList/2/selectableCharaList/124/charaMessageList/6"",""104/response_body/gachaScheduleList/2/selectableCharaList/124/charaMessageList/6""]"
2006	43	勝利、いただいたよ	这场胜利归我了。	"[""vo_char_2006_00_43_hca""]"	key_aligned	unique_charaNo_messageId_key_and_unique_cn_value	5	"[""81/response_body/gachaScheduleList/0/selectableCharaList/9/charaMessageList/7"",""84/response_body/gachaScheduleList/0/selectableCharaList/9/charaMessageList/7"",""86/response_body/gachaScheduleList/0/selectableCharaList/9/charaMessageList/7"",""101/response_body/gachaScheduleList/2/selectableCharaList/124/charaMessageList/7"",""104/response_body/gachaScheduleList/2/selectableCharaList/124/charaMessageList/7""]"
2006	44	首尾は上々っと！	战果很不错！	"[""vo_char_2006_00_44_hca""]"	key_aligned	unique_charaNo_messageId_key_and_unique_cn_value	5	"[""81/response_body/gachaScheduleList/0/selectableCharaList/9/charaMessageList/8"",""84/response_body/gachaScheduleList/0/selectableCharaList/9/charaMessageList/8"",""86/response_body/gachaScheduleList/0/selectableCharaList/9/charaMessageList/8"",""101/response_body/gachaScheduleList/2/selectableCharaList/124/charaMessageList/8"",""104/response_body/gachaScheduleList/2/selectableCharaList/124/charaMessageList/8""]"
2006	45	さーて、何食べよっかなー	好啦，要吃什么呢——	"[""vo_char_2006_00_45_hca""]"	key_aligned	unique_charaNo_messageId_key_and_unique_cn_value	5	"[""81/response_body/gachaScheduleList/0/selectableCharaList/9/charaMessageList/9"",""84/response_body/gachaScheduleList/0/selectableCharaList/9/charaMessageList/9"",""86/response_body/gachaScheduleList/0/selectableCharaList/9/charaMessageList/9"",""101/response_body/gachaScheduleList/2/selectableCharaList/124/charaMessageList/9"",""104/response_body/gachaScheduleList/2/selectableCharaList/124/charaMessageList/9""]"
2006	46	かましてやったよ！	打败敌人了！	"[""vo_char_2006_00_46_hca""]"	key_aligned	unique_charaNo_messageId_key_and_unique_cn_value	5	"[""81/response_body/gachaScheduleList/0/selectableCharaList/9/charaMessageList/10"",""84/response_body/gachaScheduleList/0/selectableCharaList/9/charaMessageList/10"",""86/response_body/gachaScheduleList/0/selectableCharaList/9/charaMessageList/10"",""101/response_body/gachaScheduleList/2/selectableCharaList/124/charaMessageList/10"",""104/response_body/gachaScheduleList/2/selectableCharaList/124/charaMessageList/10""]"
2007	6	くんくん…この匂いは…チーズなのです！	嗅嗅……这个气味……是奶酪的说！	"[""vo_char_2007_00_06_hca""]"	key_aligned	unique_charaNo_messageId_key_and_unique_cn_value	2	"[""101/response_body/gachaScheduleList/2/selectableCharaList/8/charaMessageList/0"",""104/response_body/gachaScheduleList/2/selectableCharaList/8/charaMessageList/0""]"
2007	7	それは私の口から説明するのです	就让小渚来亲自说明吧。	"[""vo_char_2007_00_07_hca""]"	key_aligned	unique_charaNo_messageId_key_and_unique_cn_value	2	"[""101/response_body/gachaScheduleList/2/selectableCharaList/8/charaMessageList/1"",""104/response_body/gachaScheduleList/2/selectableCharaList/8/charaMessageList/1""]"
2007	8	もう一度チーズが食べたかっただけなのです	我只是想再吃一次奶酪而已的说。	"[""vo_char_2007_00_08_hca""]"	key_aligned	unique_charaNo_messageId_key_and_unique_cn_value	2	"[""101/response_body/gachaScheduleList/2/selectableCharaList/8/charaMessageList/2"",""104/response_body/gachaScheduleList/2/selectableCharaList/8/charaMessageList/2""]"
2007	9	んんん～…チェダーーー！！	嗯嗯嗯……切达奶酪！	"[""vo_char_2007_00_09_hca""]"	key_aligned	unique_charaNo_messageId_key_and_unique_cn_value	2	"[""101/response_body/gachaScheduleList/2/selectableCharaList/8/charaMessageList/3"",""104/response_body/gachaScheduleList/2/selectableCharaList/8/charaMessageList/3""]"
2007	10	あの人が…巴マミなのですね…	那个人……就是巴麻美了吧……	"[""vo_char_2007_00_10_hca""]"	key_aligned	unique_charaNo_messageId_key_and_unique_cn_value	2	"[""101/response_body/gachaScheduleList/2/selectableCharaList/8/charaMessageList/4"",""104/response_body/gachaScheduleList/2/selectableCharaList/8/charaMessageList/4""]"
2007	11	あれもこれも、なぎさが食べちゃうのです！	这些还有那些，小渚都要吃个干净的说！	"[""vo_char_2007_00_11_hca""]"	key_aligned	unique_charaNo_messageId_key_and_unique_cn_value	2	"[""101/response_body/gachaScheduleList/2/selectableCharaList/8/charaMessageList/5"",""104/response_body/gachaScheduleList/2/selectableCharaList/8/charaMessageList/5""]"
2007	12	う～ん、満腹…ちょっと休憩なのです…	"嗯～吃饱了……
稍微休息会儿吧……"	"[""vo_char_2007_00_12_hca""]"	key_aligned	unique_charaNo_messageId_key_and_unique_cn_value	2	"[""101/response_body/gachaScheduleList/2/selectableCharaList/8/charaMessageList/6"",""104/response_body/gachaScheduleList/2/selectableCharaList/8/charaMessageList/6""]"
2007	43	勝ちました！@はぁ～…やれやれなのです…	胜利了！哈啊……真是的……	"[""vo_char_2007_00_43_hca""]"	key_aligned	unique_charaNo_messageId_key_and_unique_cn_value	2	"[""101/response_body/gachaScheduleList/2/selectableCharaList/8/charaMessageList/7"",""104/response_body/gachaScheduleList/2/selectableCharaList/8/charaMessageList/7""]"
2007	44	これで@ゆっくりチーズが食べられるのです！	这样子就能悠闲地吃奶酪了的说！	"[""vo_char_2007_00_44_hca""]"	key_aligned	unique_charaNo_messageId_key_and_unique_cn_value	2	"[""101/response_body/gachaScheduleList/2/selectableCharaList/8/charaMessageList/8"",""104/response_body/gachaScheduleList/2/selectableCharaList/8/charaMessageList/8""]"
2007	45	うん…！@そろそろおやつの時間なのです！	嗯！差不多是吃点心的时间了的说！	"[""vo_char_2007_00_45_hca""]"	key_aligned	unique_charaNo_messageId_key_and_unique_cn_value	2	"[""101/response_body/gachaScheduleList/2/selectableCharaList/8/charaMessageList/9"",""104/response_body/gachaScheduleList/2/selectableCharaList/8/charaMessageList/9""]"
2007	46	きれいさっぱりごちそうさまなのです！	多谢款待的说！	"[""vo_char_2007_00_46_hca""]"	key_aligned	unique_charaNo_messageId_key_and_unique_cn_value	2	"[""101/response_body/gachaScheduleList/2/selectableCharaList/8/charaMessageList/10"",""104/response_body/gachaScheduleList/2/selectableCharaList/8/charaMessageList/10""]"
2100	6	みんなの初夢はどんな夢だった？	大家新年第一个梦，是什么样的呢……？	"[""vo_char_2100_00_06_hca""]"	key_aligned	unique_charaNo_messageId_key_and_unique_cn_value	2	"[""101/response_body/gachaScheduleList/2/selectableCharaList/2/charaMessageList/0"",""104/response_body/gachaScheduleList/2/selectableCharaList/2/charaMessageList/0""]"
2100	7	このリボン、特別に結んでもらったんだよ！	这个缎带，是特意为我绑的哦！	"[""vo_char_2100_00_07_hca""]"	key_aligned	unique_charaNo_messageId_key_and_unique_cn_value	2	"[""101/response_body/gachaScheduleList/2/selectableCharaList/2/charaMessageList/1"",""104/response_body/gachaScheduleList/2/selectableCharaList/2/charaMessageList/1""]"
2100	8	やっぱりお正月は、羽根突きだよね！	过年就是要打毽球啦！	"[""vo_char_2100_00_08_hca""]"	key_aligned	unique_charaNo_messageId_key_and_unique_cn_value	2	"[""101/response_body/gachaScheduleList/2/selectableCharaList/2/charaMessageList/2"",""104/response_body/gachaScheduleList/2/selectableCharaList/2/charaMessageList/2""]"
2100	9	うーん、書き初めは、何を書こうかな…？	嗯，新春开笔，该写些什么呢……？	"[""vo_char_2100_00_09_hca""]"	key_aligned	unique_charaNo_messageId_key_and_unique_cn_value	2	"[""101/response_body/gachaScheduleList/2/selectableCharaList/2/charaMessageList/3"",""104/response_body/gachaScheduleList/2/selectableCharaList/2/charaMessageList/3""]"
2100	10	初詣って、うきうきするよね…！	新年参拜，真让人兴奋啊……！	"[""vo_char_2100_00_10_hca""]"	key_aligned	unique_charaNo_messageId_key_and_unique_cn_value	2	"[""101/response_body/gachaScheduleList/2/selectableCharaList/2/charaMessageList/4"",""104/response_body/gachaScheduleList/2/selectableCharaList/2/charaMessageList/4""]"
2100	11	笑う門には、福来たる、だよ！	笑门开，幸福来！	"[""vo_char_2100_00_11_hca""]"	key_aligned	unique_charaNo_messageId_key_and_unique_cn_value	2	"[""101/response_body/gachaScheduleList/2/selectableCharaList/2/charaMessageList/5"",""104/response_body/gachaScheduleList/2/selectableCharaList/2/charaMessageList/5""]"
2100	12	みんなの晴れ着姿も、素敵だね…！	穿着盛装的大家，都好漂亮啊……！	"[""vo_char_2100_00_12_hca""]"	key_aligned	unique_charaNo_messageId_key_and_unique_cn_value	2	"[""101/response_body/gachaScheduleList/2/selectableCharaList/2/charaMessageList/6"",""104/response_body/gachaScheduleList/2/selectableCharaList/2/charaMessageList/6""]"
2100	43	あま～いお汁粉が待ってるよ…！	甜甜的~年糕小豆汤在等着我呢……！	"[""vo_char_2100_00_43_hca""]"	key_aligned	unique_charaNo_messageId_key_and_unique_cn_value	2	"[""101/response_body/gachaScheduleList/2/selectableCharaList/2/charaMessageList/7"",""104/response_body/gachaScheduleList/2/selectableCharaList/2/charaMessageList/7""]"
2100	44	早く帰って、おもち食べよっ！	快点回去吃年糕喽！	"[""vo_char_2100_00_44_hca""]"	key_aligned	unique_charaNo_messageId_key_and_unique_cn_value	2	"[""101/response_body/gachaScheduleList/2/selectableCharaList/2/charaMessageList/8"",""104/response_body/gachaScheduleList/2/selectableCharaList/2/charaMessageList/8""]"
2100	45	新年から縁起がいいね！	新年的兆头不错呀！	"[""vo_char_2100_00_45_hca""]"	key_aligned	unique_charaNo_messageId_key_and_unique_cn_value	2	"[""101/response_body/gachaScheduleList/2/selectableCharaList/2/charaMessageList/9"",""104/response_body/gachaScheduleList/2/selectableCharaList/2/charaMessageList/9""]"
2100	46	みんなで、お祝いしないとね！	大家一起庆祝吧！	"[""vo_char_2100_00_46_hca""]"	key_aligned	unique_charaNo_messageId_key_and_unique_cn_value	2	"[""101/response_body/gachaScheduleList/2/selectableCharaList/2/charaMessageList/10"",""104/response_body/gachaScheduleList/2/selectableCharaList/2/charaMessageList/10""]"
2103	6	究極なパゥワァ！次はご一緒に…パゥワァ！		[]	fuzzy_review	official_cn_key_not_present	2	"[""101/response_body/gachaScheduleList/2/selectableCharaList/35/charaMessageList/0"",""104/response_body/gachaScheduleList/2/selectableCharaList/35/charaMessageList/0""]"
2103	7	トントン相撲がアプリで遊べるよ！		[]	fuzzy_review	official_cn_key_not_present	2	"[""101/response_body/gachaScheduleList/2/selectableCharaList/35/charaMessageList/1"",""104/response_body/gachaScheduleList/2/selectableCharaList/35/charaMessageList/1""]"
2103	8	さやかちゃん…思い切ったことするね		[]	fuzzy_review	official_cn_key_not_present	2	"[""101/response_body/gachaScheduleList/2/selectableCharaList/35/charaMessageList/2"",""104/response_body/gachaScheduleList/2/selectableCharaList/35/charaMessageList/2""]"
2103	9	アルティメットドレスすごくお高いんだって		[]	fuzzy_review	official_cn_key_not_present	2	"[""101/response_body/gachaScheduleList/2/selectableCharaList/35/charaMessageList/3"",""104/response_body/gachaScheduleList/2/selectableCharaList/35/charaMessageList/3""]"
2103	10	目指せ！名誉１年分！		[]	fuzzy_review	official_cn_key_not_present	2	"[""101/response_body/gachaScheduleList/2/selectableCharaList/35/charaMessageList/4"",""104/response_body/gachaScheduleList/2/selectableCharaList/35/charaMessageList/4""]"
2103	11	至高と究極…どっちが強いかな？		[]	fuzzy_review	official_cn_key_not_present	2	"[""101/response_body/gachaScheduleList/2/selectableCharaList/35/charaMessageList/5"",""104/response_body/gachaScheduleList/2/selectableCharaList/35/charaMessageList/5""]"
2103	12	じゃーん！羽も生えちゃったよ！		[]	fuzzy_review	official_cn_key_not_present	2	"[""101/response_body/gachaScheduleList/2/selectableCharaList/35/charaMessageList/6"",""104/response_body/gachaScheduleList/2/selectableCharaList/35/charaMessageList/6""]"
2103	43	アルティメットラーメンが@伸びる前に帰ろうか		[]	fuzzy_review	official_cn_key_not_present	2	"[""101/response_body/gachaScheduleList/2/selectableCharaList/35/charaMessageList/7"",""104/response_body/gachaScheduleList/2/selectableCharaList/35/charaMessageList/7""]"
2103	44	望みの素材は落ち…@てないか、凄く無残		[]	fuzzy_review	official_cn_key_not_present	2	"[""101/response_body/gachaScheduleList/2/selectableCharaList/35/charaMessageList/8"",""104/response_body/gachaScheduleList/2/selectableCharaList/35/charaMessageList/8""]"
2103	45	アルティ―…メットウゥ！@はい、決めポーズ！		[]	fuzzy_review	official_cn_key_not_present	2	"[""101/response_body/gachaScheduleList/2/selectableCharaList/35/charaMessageList/9"",""104/response_body/gachaScheduleList/2/selectableCharaList/35/charaMessageList/9""]"
2103	46	アルティメットドレス…@もうこれなしで戦えないよ		[]	fuzzy_review	official_cn_key_not_present	2	"[""101/response_body/gachaScheduleList/2/selectableCharaList/35/charaMessageList/10"",""104/response_body/gachaScheduleList/2/selectableCharaList/35/charaMessageList/10""]"
2105	6	お店のお手伝い、しっかりやらないとね		[]	fuzzy_review	official_cn_key_not_present	2	"[""101/response_body/gachaScheduleList/2/selectableCharaList/80/charaMessageList/0"",""104/response_body/gachaScheduleList/2/selectableCharaList/80/charaMessageList/0""]"
2105	7	なぎさちゃん…どこに行っちゃったの…？		[]	fuzzy_review	official_cn_key_not_present	2	"[""101/response_body/gachaScheduleList/2/selectableCharaList/80/charaMessageList/1"",""104/response_body/gachaScheduleList/2/selectableCharaList/80/charaMessageList/1""]"
2105	8	さやかちゃん、早く元気になるといいな		[]	fuzzy_review	official_cn_key_not_present	2	"[""101/response_body/gachaScheduleList/2/selectableCharaList/80/charaMessageList/2"",""104/response_body/gachaScheduleList/2/selectableCharaList/80/charaMessageList/2""]"
2105	9	これからとっても大きなケーキを作るんだ		[]	fuzzy_review	official_cn_key_not_present	2	"[""101/response_body/gachaScheduleList/2/selectableCharaList/80/charaMessageList/3"",""104/response_body/gachaScheduleList/2/selectableCharaList/80/charaMessageList/3""]"
2105	10	ひゃぁ!?すごい音…何か爆発した…？		[]	fuzzy_review	official_cn_key_not_present	2	"[""101/response_body/gachaScheduleList/2/selectableCharaList/80/charaMessageList/4"",""104/response_body/gachaScheduleList/2/selectableCharaList/80/charaMessageList/4""]"
2105	11	願い事…決まったよ		[]	fuzzy_review	official_cn_key_not_present	2	"[""101/response_body/gachaScheduleList/2/selectableCharaList/80/charaMessageList/5"",""104/response_body/gachaScheduleList/2/selectableCharaList/80/charaMessageList/5""]"
2105	12	わたし、ほむらちゃんを助けたかったんだ		[]	fuzzy_review	official_cn_key_not_present	2	"[""101/response_body/gachaScheduleList/2/selectableCharaList/80/charaMessageList/6"",""104/response_body/gachaScheduleList/2/selectableCharaList/80/charaMessageList/6""]"
2105	43	みんな無事でよかった…！		[]	fuzzy_review	official_cn_key_not_present	2	"[""101/response_body/gachaScheduleList/2/selectableCharaList/80/charaMessageList/7"",""104/response_body/gachaScheduleList/2/selectableCharaList/80/charaMessageList/7""]"
2105	44	急がないと、お手伝いに遅れちゃう！		[]	fuzzy_review	official_cn_key_not_present	2	"[""101/response_body/gachaScheduleList/2/selectableCharaList/80/charaMessageList/8"",""104/response_body/gachaScheduleList/2/selectableCharaList/80/charaMessageList/8""]"
2105	45	戦うしか、なかったのかな…		[]	fuzzy_review	official_cn_key_not_present	2	"[""101/response_body/gachaScheduleList/2/selectableCharaList/80/charaMessageList/9"",""104/response_body/gachaScheduleList/2/selectableCharaList/80/charaMessageList/9""]"
2105	46	わたしは最後まで諦めない！		[]	fuzzy_review	official_cn_key_not_present	2	"[""101/response_body/gachaScheduleList/2/selectableCharaList/80/charaMessageList/10"",""104/response_body/gachaScheduleList/2/selectableCharaList/80/charaMessageList/10""]"
2106	6	はぁ～、クーラーが効いててすごく涼しいね		[]	fuzzy_review	official_cn_key_not_present	2	"[""101/response_body/gachaScheduleList/2/selectableCharaList/58/charaMessageList/0"",""104/response_body/gachaScheduleList/2/selectableCharaList/58/charaMessageList/0""]"
2106	7	海のリゾート…楽しみだなぁ…		[]	fuzzy_review	official_cn_key_not_present	2	"[""101/response_body/gachaScheduleList/2/selectableCharaList/58/charaMessageList/1"",""104/response_body/gachaScheduleList/2/selectableCharaList/58/charaMessageList/1""]"
2106	8	どの時間もかけがえのない大切な思い出だよ		[]	fuzzy_review	official_cn_key_not_present	2	"[""101/response_body/gachaScheduleList/2/selectableCharaList/58/charaMessageList/2"",""104/response_body/gachaScheduleList/2/selectableCharaList/58/charaMessageList/2""]"
2106	9	色んな遊びがあって目移りしちゃうね		[]	fuzzy_review	official_cn_key_not_present	2	"[""101/response_body/gachaScheduleList/2/selectableCharaList/58/charaMessageList/3"",""104/response_body/gachaScheduleList/2/selectableCharaList/58/charaMessageList/3""]"
2106	10	わぁっ…これが逃げ水って言うんだね		[]	fuzzy_review	official_cn_key_not_present	2	"[""101/response_body/gachaScheduleList/2/selectableCharaList/58/charaMessageList/4"",""104/response_body/gachaScheduleList/2/selectableCharaList/58/charaMessageList/4""]"
2106	11	あ、見て！カニさんがいるよ！かわいいね		[]	fuzzy_review	official_cn_key_not_present	2	"[""101/response_body/gachaScheduleList/2/selectableCharaList/58/charaMessageList/5"",""104/response_body/gachaScheduleList/2/selectableCharaList/58/charaMessageList/5""]"
2106	12	ね、ほむらちゃんも一緒に泳がない？		[]	fuzzy_review	official_cn_key_not_present	2	"[""101/response_body/gachaScheduleList/2/selectableCharaList/58/charaMessageList/6"",""104/response_body/gachaScheduleList/2/selectableCharaList/58/charaMessageList/6""]"
2106	43	水分補給は忘れずにねっ！		[]	fuzzy_review	official_cn_key_not_present	2	"[""101/response_body/gachaScheduleList/2/selectableCharaList/58/charaMessageList/7"",""104/response_body/gachaScheduleList/2/selectableCharaList/58/charaMessageList/7""]"
2106	44	遊びも戦いも全力でね		[]	fuzzy_review	official_cn_key_not_present	2	"[""101/response_body/gachaScheduleList/2/selectableCharaList/58/charaMessageList/8"",""104/response_body/gachaScheduleList/2/selectableCharaList/58/charaMessageList/8""]"
2106	45	ひと休みしたらもう１回海に行こっか		[]	fuzzy_review	official_cn_key_not_present	2	"[""101/response_body/gachaScheduleList/2/selectableCharaList/58/charaMessageList/9"",""104/response_body/gachaScheduleList/2/selectableCharaList/58/charaMessageList/9""]"
2106	46	リゾートでも@わたしは魔法少女だから！		[]	fuzzy_review	official_cn_key_not_present	2	"[""101/response_body/gachaScheduleList/2/selectableCharaList/58/charaMessageList/10"",""104/response_body/gachaScheduleList/2/selectableCharaList/58/charaMessageList/10""]"
2201	6	暁美ほむら、契約により体を借りるわよ		[]	fuzzy_review	official_cn_key_not_present	2	"[""101/response_body/gachaScheduleList/2/selectableCharaList/52/charaMessageList/0"",""104/response_body/gachaScheduleList/2/selectableCharaList/52/charaMessageList/0""]"
2201	7	環いろはとまどかを引き裂けばいいのね		[]	fuzzy_review	official_cn_key_not_present	2	"[""101/response_body/gachaScheduleList/2/selectableCharaList/52/charaMessageList/1"",""104/response_body/gachaScheduleList/2/selectableCharaList/52/charaMessageList/1""]"
2201	8	連れて行ってもらえる？保健室		[]	fuzzy_review	official_cn_key_not_present	2	"[""101/response_body/gachaScheduleList/2/selectableCharaList/52/charaMessageList/2"",""104/response_body/gachaScheduleList/2/selectableCharaList/52/charaMessageList/2""]"
2201	9	ふふっ久々の肉体…まずは何をしようかしら		[]	fuzzy_review	official_cn_key_not_present	2	"[""101/response_body/gachaScheduleList/2/selectableCharaList/52/charaMessageList/3"",""104/response_body/gachaScheduleList/2/selectableCharaList/52/charaMessageList/3""]"
2201	10	私と似た存在を知っている…？気のせいよ		[]	fuzzy_review	official_cn_key_not_present	2	"[""101/response_body/gachaScheduleList/2/selectableCharaList/52/charaMessageList/4"",""104/response_body/gachaScheduleList/2/selectableCharaList/52/charaMessageList/4""]"
2201	11	まどかって呼んでもいいかしら？いいわよね		[]	fuzzy_review	official_cn_key_not_present	2	"[""101/response_body/gachaScheduleList/2/selectableCharaList/52/charaMessageList/5"",""104/response_body/gachaScheduleList/2/selectableCharaList/52/charaMessageList/5""]"
2201	12	あら、そんな願いでいいのかしら？		[]	fuzzy_review	official_cn_key_not_present	2	"[""101/response_body/gachaScheduleList/2/selectableCharaList/52/charaMessageList/6"",""104/response_body/gachaScheduleList/2/selectableCharaList/52/charaMessageList/6""]"
2201	43	根競べなら負けないわ		[]	fuzzy_review	official_cn_key_not_present	2	"[""101/response_body/gachaScheduleList/2/selectableCharaList/52/charaMessageList/7"",""104/response_body/gachaScheduleList/2/selectableCharaList/52/charaMessageList/7""]"
2201	44	二度と逆らえないよう@システムを改変しておいたわ		[]	fuzzy_review	official_cn_key_not_present	2	"[""101/response_body/gachaScheduleList/2/selectableCharaList/52/charaMessageList/8"",""104/response_body/gachaScheduleList/2/selectableCharaList/52/charaMessageList/8""]"
2201	45	私もカバン持ちがほしいわね		[]	fuzzy_review	official_cn_key_not_present	2	"[""101/response_body/gachaScheduleList/2/selectableCharaList/52/charaMessageList/9"",""104/response_body/gachaScheduleList/2/selectableCharaList/52/charaMessageList/9""]"
2201	46	最後に勝つのは悪魔と決まっているのよ		[]	fuzzy_review	official_cn_key_not_present	2	"[""101/response_body/gachaScheduleList/2/selectableCharaList/52/charaMessageList/10"",""104/response_body/gachaScheduleList/2/selectableCharaList/52/charaMessageList/10""]"
2203	6	すごろくの必勝法…そんなの、あるのかしら		[]	fuzzy_review	official_cn_key_not_present	2	"[""101/response_body/gachaScheduleList/2/selectableCharaList/65/charaMessageList/0"",""104/response_body/gachaScheduleList/2/selectableCharaList/65/charaMessageList/0""]"
2203	7	振袖に草履で、魔女と戦えるのかしら…		[]	fuzzy_review	official_cn_key_not_present	2	"[""101/response_body/gachaScheduleList/2/selectableCharaList/65/charaMessageList/1"",""104/response_body/gachaScheduleList/2/selectableCharaList/65/charaMessageList/1""]"
2203	8	門松で戦うなんて、思ってもみなかったわ…		[]	fuzzy_review	official_cn_key_not_present	2	"[""101/response_body/gachaScheduleList/2/selectableCharaList/65/charaMessageList/2"",""104/response_body/gachaScheduleList/2/selectableCharaList/65/charaMessageList/2""]"
2203	9	私の姿まで変わった理由がわからないわね		[]	fuzzy_review	official_cn_key_not_present	2	"[""101/response_body/gachaScheduleList/2/selectableCharaList/65/charaMessageList/3"",""104/response_body/gachaScheduleList/2/selectableCharaList/65/charaMessageList/3""]"
2203	10	ゴールのないすごろく…それって迷路よね		[]	fuzzy_review	official_cn_key_not_present	2	"[""101/response_body/gachaScheduleList/2/selectableCharaList/65/charaMessageList/4"",""104/response_body/gachaScheduleList/2/selectableCharaList/65/charaMessageList/4""]"
2203	11	甘酒？…今は遠慮しておくわ		[]	fuzzy_review	official_cn_key_not_present	2	"[""101/response_body/gachaScheduleList/2/selectableCharaList/65/charaMessageList/5"",""104/response_body/gachaScheduleList/2/selectableCharaList/65/charaMessageList/5""]"
2203	12	あのふたり、羽根つきでも張り合ってるのね		[]	fuzzy_review	official_cn_key_not_present	2	"[""101/response_body/gachaScheduleList/2/selectableCharaList/65/charaMessageList/6"",""104/response_body/gachaScheduleList/2/selectableCharaList/65/charaMessageList/6""]"
2203	43	幸先よく乗り出せたわ		[]	fuzzy_review	official_cn_key_not_present	2	"[""101/response_body/gachaScheduleList/2/selectableCharaList/65/charaMessageList/7"",""104/response_body/gachaScheduleList/2/selectableCharaList/65/charaMessageList/7""]"
2203	44	初日が味方してくれたわ		[]	fuzzy_review	official_cn_key_not_present	2	"[""101/response_body/gachaScheduleList/2/selectableCharaList/65/charaMessageList/8"",""104/response_body/gachaScheduleList/2/selectableCharaList/65/charaMessageList/8""]"
2203	45	そちらは大凶だったわね		[]	fuzzy_review	official_cn_key_not_present	2	"[""101/response_body/gachaScheduleList/2/selectableCharaList/65/charaMessageList/9"",""104/response_body/gachaScheduleList/2/selectableCharaList/65/charaMessageList/9""]"
2203	46	新年早々、暴れるからよ		[]	fuzzy_review	official_cn_key_not_present	2	"[""101/response_body/gachaScheduleList/2/selectableCharaList/65/charaMessageList/10"",""104/response_body/gachaScheduleList/2/selectableCharaList/65/charaMessageList/10""]"
2300	6	きゃっ！な、波がこっちに…	呀！海、海浪打过来了……	"[""vo_char_2300_00_06_hca""]"	key_aligned	unique_charaNo_messageId_key_and_unique_cn_value	2	"[""101/response_body/gachaScheduleList/2/selectableCharaList/6/charaMessageList/0"",""104/response_body/gachaScheduleList/2/selectableCharaList/6/charaMessageList/0""]"
2300	7	海の生物だと何が好きですか？	在你喜欢海里的什么生物呢？	"[""vo_char_2300_00_07_hca""]"	key_aligned	unique_charaNo_messageId_key_and_unique_cn_value	2	"[""101/response_body/gachaScheduleList/2/selectableCharaList/6/charaMessageList/1"",""104/response_body/gachaScheduleList/2/selectableCharaList/6/charaMessageList/1""]"
2300	8	うぅ…ビーチボールを顔で受けてしまって…	呜……沙滩球打到脸了……	"[""vo_char_2300_00_08_hca""]"	key_aligned	unique_charaNo_messageId_key_and_unique_cn_value	2	"[""101/response_body/gachaScheduleList/2/selectableCharaList/6/charaMessageList/2"",""104/response_body/gachaScheduleList/2/selectableCharaList/6/charaMessageList/2""]"
2300	9	海と言えば…うーん、なんでしょう？	说到大海的话……嗯，是什么呢？	"[""vo_char_2300_00_09_hca""]"	key_aligned	unique_charaNo_messageId_key_and_unique_cn_value	2	"[""101/response_body/gachaScheduleList/2/selectableCharaList/6/charaMessageList/3"",""104/response_body/gachaScheduleList/2/selectableCharaList/6/charaMessageList/3""]"
2300	10	いろいろな釣り餌を用意してみました	我准备了各种鱼饵。	"[""vo_char_2300_00_10_hca""]"	key_aligned	unique_charaNo_messageId_key_and_unique_cn_value	2	"[""101/response_body/gachaScheduleList/2/selectableCharaList/6/charaMessageList/4"",""104/response_body/gachaScheduleList/2/selectableCharaList/6/charaMessageList/4""]"
2300	11	夜の海って、ちょっと怖いですね…	晚上的大海，有点可怕啊……	"[""vo_char_2300_00_11_hca""]"	key_aligned	unique_charaNo_messageId_key_and_unique_cn_value	2	"[""101/response_body/gachaScheduleList/2/selectableCharaList/6/charaMessageList/5"",""104/response_body/gachaScheduleList/2/selectableCharaList/6/charaMessageList/5""]"
2300	12	波の音って素敵…ずっと聞いていたいな…	海浪的声音好好听……真想一直听下去啊……	"[""vo_char_2300_00_12_hca""]"	key_aligned	unique_charaNo_messageId_key_and_unique_cn_value	2	"[""101/response_body/gachaScheduleList/2/selectableCharaList/6/charaMessageList/6"",""104/response_body/gachaScheduleList/2/selectableCharaList/6/charaMessageList/6""]"
2300	43	餌だけ持っていかれるかと思いました…	只带鱼饵的话会很奇怪吗……	"[""vo_char_2300_00_43_hca""]"	key_aligned	unique_charaNo_messageId_key_and_unique_cn_value	2	"[""101/response_body/gachaScheduleList/2/selectableCharaList/6/charaMessageList/7"",""104/response_body/gachaScheduleList/2/selectableCharaList/6/charaMessageList/7""]"
2300	44	暑さに負けていられません！	我不会输给炎热的！	"[""vo_char_2300_00_44_hca""]"	key_aligned	unique_charaNo_messageId_key_and_unique_cn_value	2	"[""101/response_body/gachaScheduleList/2/selectableCharaList/6/charaMessageList/8"",""104/response_body/gachaScheduleList/2/selectableCharaList/6/charaMessageList/8""]"
2300	45	安定して釣れるようになりました！	变得能够稳定钓上来了！	"[""vo_char_2300_00_45_hca""]"	key_aligned	unique_charaNo_messageId_key_and_unique_cn_value	2	"[""101/response_body/gachaScheduleList/2/selectableCharaList/6/charaMessageList/9"",""104/response_body/gachaScheduleList/2/selectableCharaList/6/charaMessageList/9""]"
2300	46	大物、無事釣れました！	顺利钓上来一条大鱼了！	"[""vo_char_2300_00_46_hca""]"	key_aligned	unique_charaNo_messageId_key_and_unique_cn_value	2	"[""101/response_body/gachaScheduleList/2/selectableCharaList/6/charaMessageList/10"",""104/response_body/gachaScheduleList/2/selectableCharaList/6/charaMessageList/10""]"
2301	6	彼女だけは、契約させるわけにはいかない		[]	fuzzy_review	official_cn_key_not_present	2	"[""101/response_body/gachaScheduleList/2/selectableCharaList/82/charaMessageList/0"",""104/response_body/gachaScheduleList/2/selectableCharaList/82/charaMessageList/0""]"
2301	7	いいえ。私の戦場は、ここじゃない		[]	fuzzy_review	official_cn_key_not_present	2	"[""101/response_body/gachaScheduleList/2/selectableCharaList/82/charaMessageList/1"",""104/response_body/gachaScheduleList/2/selectableCharaList/82/charaMessageList/1""]"
2301	8	数えるのを諦めるほどに		[]	fuzzy_review	official_cn_key_not_present	2	"[""101/response_body/gachaScheduleList/2/selectableCharaList/82/charaMessageList/2"",""104/response_body/gachaScheduleList/2/selectableCharaList/82/charaMessageList/2""]"
2301	9	きっともう、人間じゃないから、かもね		[]	fuzzy_review	official_cn_key_not_present	2	"[""101/response_body/gachaScheduleList/2/selectableCharaList/82/charaMessageList/3"",""104/response_body/gachaScheduleList/2/selectableCharaList/82/charaMessageList/3""]"
2301	10	…魔法少女の最期なんて、そういうものよ		[]	fuzzy_review	official_cn_key_not_present	2	"[""101/response_body/gachaScheduleList/2/selectableCharaList/82/charaMessageList/4"",""104/response_body/gachaScheduleList/2/selectableCharaList/82/charaMessageList/4""]"
2301	11	あなたは、鹿目まどかのままでいればいい		[]	fuzzy_review	official_cn_key_not_present	2	"[""101/response_body/gachaScheduleList/2/selectableCharaList/82/charaMessageList/5"",""104/response_body/gachaScheduleList/2/selectableCharaList/82/charaMessageList/5""]"
2301	12	キュゥべえ…いいえ、インキュベーター		[]	fuzzy_review	official_cn_key_not_present	2	"[""101/response_body/gachaScheduleList/2/selectableCharaList/82/charaMessageList/6"",""104/response_body/gachaScheduleList/2/selectableCharaList/82/charaMessageList/6""]"
2301	43	あなたの獲物よ。@あなただけのものにすればいい		[]	fuzzy_review	official_cn_key_not_present	2	"[""101/response_body/gachaScheduleList/2/selectableCharaList/82/charaMessageList/7"",""104/response_body/gachaScheduleList/2/selectableCharaList/82/charaMessageList/7""]"
2301	44	忠告、聞き入れてくれたのね		[]	fuzzy_review	official_cn_key_not_present	2	"[""101/response_body/gachaScheduleList/2/selectableCharaList/82/charaMessageList/8"",""104/response_body/gachaScheduleList/2/selectableCharaList/82/charaMessageList/8""]"
2301	45	時間を無駄にさせたわね。@ごめんなさい		[]	fuzzy_review	official_cn_key_not_present	2	"[""101/response_body/gachaScheduleList/2/selectableCharaList/82/charaMessageList/9"",""104/response_body/gachaScheduleList/2/selectableCharaList/82/charaMessageList/9""]"
2301	46	ひとりが救われただけでも、@私は嬉しい		[]	fuzzy_review	official_cn_key_not_present	2	"[""101/response_body/gachaScheduleList/2/selectableCharaList/82/charaMessageList/10"",""104/response_body/gachaScheduleList/2/selectableCharaList/82/charaMessageList/10""]"
2400	6	よーし、気合い入れて選んじゃいますか！		[]	fuzzy_review	official_cn_key_not_present	2	"[""101/response_body/gachaScheduleList/2/selectableCharaList/19/charaMessageList/0"",""104/response_body/gachaScheduleList/2/selectableCharaList/19/charaMessageList/0""]"
2400	7	神浜のお店も、なかなか捨てがたいね～		[]	fuzzy_review	official_cn_key_not_present	2	"[""101/response_body/gachaScheduleList/2/selectableCharaList/19/charaMessageList/1"",""104/response_body/gachaScheduleList/2/selectableCharaList/19/charaMessageList/1""]"
2400	8	勇気を出して、いざ入店！		[]	fuzzy_review	official_cn_key_not_present	2	"[""101/response_body/gachaScheduleList/2/selectableCharaList/19/charaMessageList/2"",""104/response_body/gachaScheduleList/2/selectableCharaList/19/charaMessageList/2""]"
2400	9	恭介のことは別に、関係ないし…！		[]	fuzzy_review	official_cn_key_not_present	2	"[""101/response_body/gachaScheduleList/2/selectableCharaList/19/charaMessageList/3"",""104/response_body/gachaScheduleList/2/selectableCharaList/19/charaMessageList/3""]"
2400	10	自分に合う色なんて、わからないよー…		[]	fuzzy_review	official_cn_key_not_present	2	"[""101/response_body/gachaScheduleList/2/selectableCharaList/19/charaMessageList/4"",""104/response_body/gachaScheduleList/2/selectableCharaList/19/charaMessageList/4""]"
2400	11	やっぱり、あたしには無理だよ…		[]	fuzzy_review	official_cn_key_not_present	2	"[""101/response_body/gachaScheduleList/2/selectableCharaList/19/charaMessageList/5"",""104/response_body/gachaScheduleList/2/selectableCharaList/19/charaMessageList/5""]"
2400	12	このまま逃げたら、あたしらしくないよね！		[]	fuzzy_review	official_cn_key_not_present	2	"[""101/response_body/gachaScheduleList/2/selectableCharaList/19/charaMessageList/6"",""104/response_body/gachaScheduleList/2/selectableCharaList/19/charaMessageList/6""]"
2400	43	ここで負けるってのは、@縁起が悪いからね！		[]	fuzzy_review	official_cn_key_not_present	2	"[""101/response_body/gachaScheduleList/2/selectableCharaList/19/charaMessageList/7"",""104/response_body/gachaScheduleList/2/selectableCharaList/19/charaMessageList/7""]"
2400	44	「完全勝利」って、@したためたい気分だね！		[]	fuzzy_review	official_cn_key_not_present	2	"[""101/response_body/gachaScheduleList/2/selectableCharaList/19/charaMessageList/8"",""104/response_body/gachaScheduleList/2/selectableCharaList/19/charaMessageList/8""]"
2400	45	さーて、帰ってみんなで@ごろごろしますか！		[]	fuzzy_review	official_cn_key_not_present	2	"[""101/response_body/gachaScheduleList/2/selectableCharaList/19/charaMessageList/9"",""104/response_body/gachaScheduleList/2/selectableCharaList/19/charaMessageList/9""]"
2400	46	ご褒美に、特製お汁粉を@振舞ってあげよう！		[]	fuzzy_review	official_cn_key_not_present	2	"[""101/response_body/gachaScheduleList/2/selectableCharaList/19/charaMessageList/10"",""104/response_body/gachaScheduleList/2/selectableCharaList/19/charaMessageList/10""]"
2401	6	グーフィーに…オフショア？覚えきれないよ		[]	fuzzy_review	official_cn_key_not_present	2	"[""101/response_body/gachaScheduleList/2/selectableCharaList/41/charaMessageList/0"",""104/response_body/gachaScheduleList/2/selectableCharaList/41/charaMessageList/0""]"
2401	7	うわ！今日泊まるのって、このお屋敷？		[]	fuzzy_review	official_cn_key_not_present	2	"[""101/response_body/gachaScheduleList/2/selectableCharaList/41/charaMessageList/1"",""104/response_body/gachaScheduleList/2/selectableCharaList/41/charaMessageList/1""]"
2401	8	えっ、あたしサーファーになってるじゃん！		[]	fuzzy_review	official_cn_key_not_present	2	"[""101/response_body/gachaScheduleList/2/selectableCharaList/41/charaMessageList/2"",""104/response_body/gachaScheduleList/2/selectableCharaList/41/charaMessageList/2""]"
2401	9	冷たくて気持ちいいよ！ほらこっちこっち！		[]	fuzzy_review	official_cn_key_not_present	2	"[""101/response_body/gachaScheduleList/2/selectableCharaList/41/charaMessageList/3"",""104/response_body/gachaScheduleList/2/selectableCharaList/41/charaMessageList/3""]"
2401	10	あれっ？着替えって、バッグの中だっけ…？		[]	fuzzy_review	official_cn_key_not_present	2	"[""101/response_body/gachaScheduleList/2/selectableCharaList/41/charaMessageList/4"",""104/response_body/gachaScheduleList/2/selectableCharaList/41/charaMessageList/4""]"
2401	11	なぎさにまかせて、大丈夫かな…		[]	fuzzy_review	official_cn_key_not_present	2	"[""101/response_body/gachaScheduleList/2/selectableCharaList/41/charaMessageList/5"",""104/response_body/gachaScheduleList/2/selectableCharaList/41/charaMessageList/5""]"
2401	12	海もいいけど…山もいいなあ…		[]	fuzzy_review	official_cn_key_not_present	2	"[""101/response_body/gachaScheduleList/2/selectableCharaList/41/charaMessageList/6"",""104/response_body/gachaScheduleList/2/selectableCharaList/41/charaMessageList/6""]"
2401	43	このままノリノリでいっちゃうよ～！		[]	fuzzy_review	official_cn_key_not_present	2	"[""101/response_body/gachaScheduleList/2/selectableCharaList/41/charaMessageList/7"",""104/response_body/gachaScheduleList/2/selectableCharaList/41/charaMessageList/7""]"
2401	44	うぅ～ん、気持ちよかった！		[]	fuzzy_review	official_cn_key_not_present	2	"[""101/response_body/gachaScheduleList/2/selectableCharaList/41/charaMessageList/8"",""104/response_body/gachaScheduleList/2/selectableCharaList/41/charaMessageList/8""]"
2401	45	ぐずぐずしてると乗り遅れちゃうよ！		[]	fuzzy_review	official_cn_key_not_present	2	"[""101/response_body/gachaScheduleList/2/selectableCharaList/41/charaMessageList/9"",""104/response_body/gachaScheduleList/2/selectableCharaList/41/charaMessageList/9""]"
2401	46	いい波だった！また来ようね！		[]	fuzzy_review	official_cn_key_not_present	2	"[""101/response_body/gachaScheduleList/2/selectableCharaList/41/charaMessageList/10"",""104/response_body/gachaScheduleList/2/selectableCharaList/41/charaMessageList/10""]"
2402	6	恭介へのプレゼントはやっぱりCDだよね		[]	fuzzy_review	official_cn_key_not_present	2	"[""101/response_body/gachaScheduleList/2/selectableCharaList/84/charaMessageList/0"",""104/response_body/gachaScheduleList/2/selectableCharaList/84/charaMessageList/0""]"
2402	7	１枚3000円…、沢山お手伝いしないと！		[]	fuzzy_review	official_cn_key_not_present	2	"[""101/response_body/gachaScheduleList/2/selectableCharaList/84/charaMessageList/1"",""104/response_body/gachaScheduleList/2/selectableCharaList/84/charaMessageList/1""]"
2402	8	あたし意外と接客、得意かも！		[]	fuzzy_review	official_cn_key_not_present	2	"[""101/response_body/gachaScheduleList/2/selectableCharaList/84/charaMessageList/2"",""104/response_body/gachaScheduleList/2/selectableCharaList/84/charaMessageList/2""]"
2402	9	あたしの回復が早いのは願いのおかげかな		[]	fuzzy_review	official_cn_key_not_present	2	"[""101/response_body/gachaScheduleList/2/selectableCharaList/84/charaMessageList/3"",""104/response_body/gachaScheduleList/2/selectableCharaList/84/charaMessageList/3""]"
2402	10	転校生に殺されかけた…！な、なんで!?		[]	fuzzy_review	official_cn_key_not_present	2	"[""101/response_body/gachaScheduleList/2/selectableCharaList/84/charaMessageList/4"",""104/response_body/gachaScheduleList/2/selectableCharaList/84/charaMessageList/4""]"
2402	11	エイミーが助かって嬉しいよ…でもさ…		[]	fuzzy_review	official_cn_key_not_present	2	"[""101/response_body/gachaScheduleList/2/selectableCharaList/84/charaMessageList/5"",""104/response_body/gachaScheduleList/2/selectableCharaList/84/charaMessageList/5""]"
2402	12	あたしのせいで、まどかが魔法少女に…？		[]	fuzzy_review	official_cn_key_not_present	2	"[""101/response_body/gachaScheduleList/2/selectableCharaList/84/charaMessageList/6"",""104/response_body/gachaScheduleList/2/selectableCharaList/84/charaMessageList/6""]"
2402	43	ギリ勝ち…ってとこかな		[]	fuzzy_review	official_cn_key_not_present	2	"[""101/response_body/gachaScheduleList/2/selectableCharaList/84/charaMessageList/7"",""104/response_body/gachaScheduleList/2/selectableCharaList/84/charaMessageList/7""]"
2402	44	へへん、これが本気のあたしってね！		[]	fuzzy_review	official_cn_key_not_present	2	"[""101/response_body/gachaScheduleList/2/selectableCharaList/84/charaMessageList/8"",""104/response_body/gachaScheduleList/2/selectableCharaList/84/charaMessageList/8""]"
2402	45	ちょっと、みんな褒めすぎだって！		[]	fuzzy_review	official_cn_key_not_present	2	"[""101/response_body/gachaScheduleList/2/selectableCharaList/84/charaMessageList/9"",""104/response_body/gachaScheduleList/2/selectableCharaList/84/charaMessageList/9""]"
2402	46	映画のヒーローみたいじゃない？		[]	fuzzy_review	official_cn_key_not_present	2	"[""101/response_body/gachaScheduleList/2/selectableCharaList/84/charaMessageList/10"",""104/response_body/gachaScheduleList/2/selectableCharaList/84/charaMessageList/10""]"
2500	6	私は知ってしまったのよ…	我全都知道了……	"[""vo_char_2500_00_06_hca""]"	key_aligned	unique_charaNo_messageId_key_and_unique_cn_value	2	"[""101/response_body/gachaScheduleList/2/selectableCharaList/1/charaMessageList/0"",""104/response_body/gachaScheduleList/2/selectableCharaList/1/charaMessageList/0""]"
2500	7	新しい目的のためにも退きはしないわ	为了新的目的，我不能退缩。	"[""vo_char_2500_00_07_hca""]"	key_aligned	unique_charaNo_messageId_key_and_unique_cn_value	2	"[""101/response_body/gachaScheduleList/2/selectableCharaList/1/charaMessageList/1"",""104/response_body/gachaScheduleList/2/selectableCharaList/1/charaMessageList/1""]"
2500	8	ここにはね、私が信じる正しさがあるのよ	这里有我相信的正义。	"[""vo_char_2500_00_08_hca""]"	key_aligned	unique_charaNo_messageId_key_and_unique_cn_value	2	"[""101/response_body/gachaScheduleList/2/selectableCharaList/1/charaMessageList/2"",""104/response_body/gachaScheduleList/2/selectableCharaList/1/charaMessageList/2""]"
2500	9	戦いの前に飲む紅茶は、覚悟の証よ	战斗前的红茶，是觉悟的象征。	"[""vo_char_2500_00_09_hca""]"	key_aligned	unique_charaNo_messageId_key_and_unique_cn_value	2	"[""101/response_body/gachaScheduleList/2/selectableCharaList/1/charaMessageList/3"",""104/response_body/gachaScheduleList/2/selectableCharaList/1/charaMessageList/3""]"
2500	10	可愛いでしょ、私のフローレンス	很可爱吧，我的佛罗伦斯。	"[""vo_char_2500_00_10_hca""]"	key_aligned	unique_charaNo_messageId_key_and_unique_cn_value	2	"[""101/response_body/gachaScheduleList/2/selectableCharaList/1/charaMessageList/4"",""104/response_body/gachaScheduleList/2/selectableCharaList/1/charaMessageList/4""]"
2500	11	こんなティーセットを使ってみたかったのよ	我早就想用用这样的茶具了。	"[""vo_char_2500_00_11_hca""]"	key_aligned	unique_charaNo_messageId_key_and_unique_cn_value	2	"[""101/response_body/gachaScheduleList/2/selectableCharaList/1/charaMessageList/5"",""104/response_body/gachaScheduleList/2/selectableCharaList/1/charaMessageList/5""]"
2500	12	お菓子を振る舞う人が増えて大変だわ	来吃点心的人变多了，有些遭不住啊。	"[""vo_char_2500_00_12_hca""]"	key_aligned	unique_charaNo_messageId_key_and_unique_cn_value	2	"[""101/response_body/gachaScheduleList/2/selectableCharaList/1/charaMessageList/6"",""104/response_body/gachaScheduleList/2/selectableCharaList/1/charaMessageList/6""]"
2500	43	少しは幸せになれたかしら？	稍微幸福一点了吗？	"[""vo_char_2500_00_43_hca""]"	key_aligned	unique_charaNo_messageId_key_and_unique_cn_value	2	"[""101/response_body/gachaScheduleList/2/selectableCharaList/1/charaMessageList/7"",""104/response_body/gachaScheduleList/2/selectableCharaList/1/charaMessageList/7""]"
2500	44	これが私が示す道よ	这就是我展示的道路。	"[""vo_char_2500_00_44_hca""]"	key_aligned	unique_charaNo_messageId_key_and_unique_cn_value	2	"[""101/response_body/gachaScheduleList/2/selectableCharaList/1/charaMessageList/8"",""104/response_body/gachaScheduleList/2/selectableCharaList/1/charaMessageList/8""]"
2500	45	私は誰も絶望なんてさせないわ	我不会让任何人绝望的。	"[""vo_char_2500_00_45_hca""]"	key_aligned	unique_charaNo_messageId_key_and_unique_cn_value	2	"[""101/response_body/gachaScheduleList/2/selectableCharaList/1/charaMessageList/9"",""104/response_body/gachaScheduleList/2/selectableCharaList/1/charaMessageList/9""]"
2500	46	願いは聖域、侵させはしないから	愿望就是不可侵犯的圣域。	"[""vo_char_2500_00_46_hca""]"	key_aligned	unique_charaNo_messageId_key_and_unique_cn_value	2	"[""101/response_body/gachaScheduleList/2/selectableCharaList/1/charaMessageList/10"",""104/response_body/gachaScheduleList/2/selectableCharaList/1/charaMessageList/10""]"
2501	6	ティータイムはトロピカルティーがいいわね		[]	fuzzy_review	official_cn_key_not_present	2	"[""101/response_body/gachaScheduleList/2/selectableCharaList/24/charaMessageList/0"",""104/response_body/gachaScheduleList/2/selectableCharaList/24/charaMessageList/0""]"
2501	7	あれは入道雲かしら？…おかしな雲行きね		[]	fuzzy_review	official_cn_key_not_present	2	"[""101/response_body/gachaScheduleList/2/selectableCharaList/24/charaMessageList/1"",""104/response_body/gachaScheduleList/2/selectableCharaList/24/charaMessageList/1""]"
2501	8	花火って、なんだか魔法みたいよね		[]	fuzzy_review	official_cn_key_not_present	2	"[""101/response_body/gachaScheduleList/2/selectableCharaList/24/charaMessageList/2"",""104/response_body/gachaScheduleList/2/selectableCharaList/24/charaMessageList/2""]"
2501	9	たまには、戦いを忘れて楽しむことも大切よ		[]	fuzzy_review	official_cn_key_not_present	2	"[""101/response_body/gachaScheduleList/2/selectableCharaList/24/charaMessageList/3"",""104/response_body/gachaScheduleList/2/selectableCharaList/24/charaMessageList/3""]"
2501	10	まるで夏の夜の夢、ね		[]	fuzzy_review	official_cn_key_not_present	2	"[""101/response_body/gachaScheduleList/2/selectableCharaList/24/charaMessageList/4"",""104/response_body/gachaScheduleList/2/selectableCharaList/24/charaMessageList/4""]"
2501	11	日焼けは美容の大敵なんだから		[]	fuzzy_review	official_cn_key_not_present	2	"[""101/response_body/gachaScheduleList/2/selectableCharaList/24/charaMessageList/5"",""104/response_body/gachaScheduleList/2/selectableCharaList/24/charaMessageList/5""]"
2501	12	素敵な星空になったわね		[]	fuzzy_review	official_cn_key_not_present	2	"[""101/response_body/gachaScheduleList/2/selectableCharaList/24/charaMessageList/6"",""104/response_body/gachaScheduleList/2/selectableCharaList/24/charaMessageList/6""]"
2501	43	素敵な夜空だったわね		[]	fuzzy_review	official_cn_key_not_present	2	"[""101/response_body/gachaScheduleList/2/selectableCharaList/24/charaMessageList/7"",""104/response_body/gachaScheduleList/2/selectableCharaList/24/charaMessageList/7""]"
2501	44	アイスティーをいただきましょうか？		[]	fuzzy_review	official_cn_key_not_present	2	"[""101/response_body/gachaScheduleList/2/selectableCharaList/24/charaMessageList/8"",""104/response_body/gachaScheduleList/2/selectableCharaList/24/charaMessageList/8""]"
2501	45	少しは夏らしくできたかしら？		[]	fuzzy_review	official_cn_key_not_present	2	"[""101/response_body/gachaScheduleList/2/selectableCharaList/24/charaMessageList/9"",""104/response_body/gachaScheduleList/2/selectableCharaList/24/charaMessageList/9""]"
2501	46	夏はまだまだ続くわよ		[]	fuzzy_review	official_cn_key_not_present	2	"[""101/response_body/gachaScheduleList/2/selectableCharaList/24/charaMessageList/10"",""104/response_body/gachaScheduleList/2/selectableCharaList/24/charaMessageList/10""]"
2502	6	…いいわ、調べてきてあげる		[]	fuzzy_review	official_cn_key_not_present	2	"[""101/response_body/gachaScheduleList/2/selectableCharaList/44/charaMessageList/0"",""104/response_body/gachaScheduleList/2/selectableCharaList/44/charaMessageList/0""]"
2502	7	私たち、騙されていたの…！		[]	fuzzy_review	official_cn_key_not_present	2	"[""101/response_body/gachaScheduleList/2/selectableCharaList/44/charaMessageList/1"",""104/response_body/gachaScheduleList/2/selectableCharaList/44/charaMessageList/1""]"
2502	8	私は巴マミ、見滝原の魔法少女です		[]	fuzzy_review	official_cn_key_not_present	2	"[""101/response_body/gachaScheduleList/2/selectableCharaList/44/charaMessageList/2"",""104/response_body/gachaScheduleList/2/selectableCharaList/44/charaMessageList/2""]"
2502	9	…どいてもらえます？		[]	fuzzy_review	official_cn_key_not_present	2	"[""101/response_body/gachaScheduleList/2/selectableCharaList/44/charaMessageList/3"",""104/response_body/gachaScheduleList/2/selectableCharaList/44/charaMessageList/3""]"
2502	10	あなたたちにも福音がもたらされたのね		[]	fuzzy_review	official_cn_key_not_present	2	"[""101/response_body/gachaScheduleList/2/selectableCharaList/44/charaMessageList/4"",""104/response_body/gachaScheduleList/2/selectableCharaList/44/charaMessageList/4""]"
2502	11	ごめんなさい…私…		[]	fuzzy_review	official_cn_key_not_present	2	"[""101/response_body/gachaScheduleList/2/selectableCharaList/44/charaMessageList/5"",""104/response_body/gachaScheduleList/2/selectableCharaList/44/charaMessageList/5""]"
2502	12	一体、神浜で何が起きてるの…？		[]	fuzzy_review	official_cn_key_not_present	2	"[""101/response_body/gachaScheduleList/2/selectableCharaList/44/charaMessageList/6"",""104/response_body/gachaScheduleList/2/selectableCharaList/44/charaMessageList/6""]"
2502	43	悲しみと向き合おうとしないからよ		[]	fuzzy_review	official_cn_key_not_present	2	"[""101/response_body/gachaScheduleList/2/selectableCharaList/44/charaMessageList/7"",""104/response_body/gachaScheduleList/2/selectableCharaList/44/charaMessageList/7""]"
2502	44	ほら、みんな幸せになれたわね		[]	fuzzy_review	official_cn_key_not_present	2	"[""101/response_body/gachaScheduleList/2/selectableCharaList/44/charaMessageList/8"",""104/response_body/gachaScheduleList/2/selectableCharaList/44/charaMessageList/8""]"
2502	45	何があっても、@私がみんなを助けてみせるから		[]	fuzzy_review	official_cn_key_not_present	2	"[""101/response_body/gachaScheduleList/2/selectableCharaList/44/charaMessageList/9"",""104/response_body/gachaScheduleList/2/selectableCharaList/44/charaMessageList/9""]"
2502	46	フッフフフフ…		[]	fuzzy_review	official_cn_key_not_present	2	"[""101/response_body/gachaScheduleList/2/selectableCharaList/44/charaMessageList/10"",""104/response_body/gachaScheduleList/2/selectableCharaList/44/charaMessageList/10""]"
2503	6	自分より強い相手は邪魔者ってわけ？		[]	fuzzy_review	official_cn_key_not_present	2	"[""101/response_body/gachaScheduleList/2/selectableCharaList/87/charaMessageList/0"",""104/response_body/gachaScheduleList/2/selectableCharaList/87/charaMessageList/0""]"
2503	7	今回に限っては冴えた手だったわ		[]	fuzzy_review	official_cn_key_not_present	2	"[""101/response_body/gachaScheduleList/2/selectableCharaList/87/charaMessageList/1"",""104/response_body/gachaScheduleList/2/selectableCharaList/87/charaMessageList/1""]"
2503	8	あなたも気づいてたのね、あの子の素質に		[]	fuzzy_review	official_cn_key_not_present	2	"[""101/response_body/gachaScheduleList/2/selectableCharaList/87/charaMessageList/2"",""104/response_body/gachaScheduleList/2/selectableCharaList/87/charaMessageList/2""]"
2503	9	憧れるほどのものじゃないわよ、私		[]	fuzzy_review	official_cn_key_not_present	2	"[""101/response_body/gachaScheduleList/2/selectableCharaList/87/charaMessageList/3"",""104/response_body/gachaScheduleList/2/selectableCharaList/87/charaMessageList/3""]"
2503	10	ふたりとも、何か願い事は見つかった？		[]	fuzzy_review	official_cn_key_not_present	2	"[""101/response_body/gachaScheduleList/2/selectableCharaList/87/charaMessageList/4"",""104/response_body/gachaScheduleList/2/selectableCharaList/87/charaMessageList/4""]"
2503	11	もう何も恐くない		[]	fuzzy_review	official_cn_key_not_present	2	"[""101/response_body/gachaScheduleList/2/selectableCharaList/87/charaMessageList/5"",""104/response_body/gachaScheduleList/2/selectableCharaList/87/charaMessageList/5""]"
2503	12	女の子を急かす男子は嫌われるぞ		[]	fuzzy_review	official_cn_key_not_present	2	"[""101/response_body/gachaScheduleList/2/selectableCharaList/87/charaMessageList/6"",""104/response_body/gachaScheduleList/2/selectableCharaList/87/charaMessageList/6""]"
2503	43	…危なかったわね。でも、もう大丈夫		[]	fuzzy_review	official_cn_key_not_present	2	"[""101/response_body/gachaScheduleList/2/selectableCharaList/87/charaMessageList/7"",""104/response_body/gachaScheduleList/2/selectableCharaList/87/charaMessageList/7""]"
2503	44	後輩たちのお手本になれたかしら？		[]	fuzzy_review	official_cn_key_not_present	2	"[""101/response_body/gachaScheduleList/2/selectableCharaList/87/charaMessageList/8"",""104/response_body/gachaScheduleList/2/selectableCharaList/87/charaMessageList/8""]"
2503	45	間一髪ってところね		[]	fuzzy_review	official_cn_key_not_present	2	"[""101/response_body/gachaScheduleList/2/selectableCharaList/87/charaMessageList/9"",""104/response_body/gachaScheduleList/2/selectableCharaList/87/charaMessageList/9""]"
2503	46	これが魔法少女の戦いというものよ		[]	fuzzy_review	official_cn_key_not_present	2	"[""101/response_body/gachaScheduleList/2/selectableCharaList/87/charaMessageList/10"",""104/response_body/gachaScheduleList/2/selectableCharaList/87/charaMessageList/10""]"
2600	6	いい天気だな…絶好の海水浴日和だ	"真是好天气啊……
是海水浴的绝佳日子。"	"[""vo_char_2600_00_06_hca""]"	key_aligned	unique_charaNo_messageId_key_and_unique_cn_value	2	"[""101/response_body/gachaScheduleList/2/selectableCharaList/16/charaMessageList/0"",""104/response_body/gachaScheduleList/2/selectableCharaList/16/charaMessageList/0""]"
2600	7	夏休み？あたしには関係ないね	暑假？这跟我无关啦。	"[""vo_char_2600_00_07_hca""]"	key_aligned	unique_charaNo_messageId_key_and_unique_cn_value	2	"[""101/response_body/gachaScheduleList/2/selectableCharaList/16/charaMessageList/1"",""104/response_body/gachaScheduleList/2/selectableCharaList/16/charaMessageList/1""]"
2600	8	あっちで飛び込みできるって！	听说那边可以玩跳水！	"[""vo_char_2600_00_08_hca""]"	key_aligned	unique_charaNo_messageId_key_and_unique_cn_value	2	"[""101/response_body/gachaScheduleList/2/selectableCharaList/16/charaMessageList/2"",""104/response_body/gachaScheduleList/2/selectableCharaList/16/charaMessageList/2""]"
2600	9	ひと泳ぎした後のラムネはうまいな	游完泳后的汽水是真好喝！	"[""vo_char_2600_00_09_hca""]"	key_aligned	unique_charaNo_messageId_key_and_unique_cn_value	2	"[""101/response_body/gachaScheduleList/2/selectableCharaList/16/charaMessageList/3"",""104/response_body/gachaScheduleList/2/selectableCharaList/16/charaMessageList/3""]"
2600	10	…人間、浮くようにできてないんだよ	……人，并不是天生就能浮起来的啊！	"[""vo_char_2600_00_10_hca""]"	key_aligned	unique_charaNo_messageId_key_and_unique_cn_value	2	"[""101/response_body/gachaScheduleList/2/selectableCharaList/16/charaMessageList/4"",""104/response_body/gachaScheduleList/2/selectableCharaList/16/charaMessageList/4""]"
2600	11	風鈴の音か？…少しだけ涼しい気分になるな	"风铃的声音？
……心情变得凉爽了一些呢！"	"[""vo_char_2600_00_11_hca""]"	key_aligned	unique_charaNo_messageId_key_and_unique_cn_value	2	"[""101/response_body/gachaScheduleList/2/selectableCharaList/16/charaMessageList/5"",""104/response_body/gachaScheduleList/2/selectableCharaList/16/charaMessageList/5""]"
2600	12	あたしに泳ぎを見て欲しいって…？	想让我看你的游泳……？	"[""vo_char_2600_00_12_hca""]"	key_aligned	unique_charaNo_messageId_key_and_unique_cn_value	2	"[""101/response_body/gachaScheduleList/2/selectableCharaList/16/charaMessageList/6"",""104/response_body/gachaScheduleList/2/selectableCharaList/16/charaMessageList/6""]"
2600	43	準備運動にもならなかったな	连准备运动都算不上。	"[""vo_char_2600_00_43_hca""]"	key_aligned	unique_charaNo_messageId_key_and_unique_cn_value	2	"[""101/response_body/gachaScheduleList/2/selectableCharaList/16/charaMessageList/7"",""104/response_body/gachaScheduleList/2/selectableCharaList/16/charaMessageList/7""]"
2600	44	あたしのアタック、@いいキレだったろ？	我的攻击，很完美对吧？	"[""vo_char_2600_00_44_hca""]"	key_aligned	unique_charaNo_messageId_key_and_unique_cn_value	2	"[""101/response_body/gachaScheduleList/2/selectableCharaList/16/charaMessageList/8"",""104/response_body/gachaScheduleList/2/selectableCharaList/16/charaMessageList/8""]"
2600	45	夏の暑さでバテる性質じゃないんでね	我可不是会被夏天热倒的类型。	"[""vo_char_2600_00_45_hca""]"	key_aligned	unique_charaNo_messageId_key_and_unique_cn_value	2	"[""101/response_body/gachaScheduleList/2/selectableCharaList/16/charaMessageList/9"",""104/response_body/gachaScheduleList/2/selectableCharaList/16/charaMessageList/9""]"
2600	46	ふぅ！@冷たいラムネでも飲みたい気分だね	呼！真想喝一瓶冰汽水呢。	"[""vo_char_2600_00_46_hca""]"	key_aligned	unique_charaNo_messageId_key_and_unique_cn_value	2	"[""101/response_body/gachaScheduleList/2/selectableCharaList/16/charaMessageList/10"",""104/response_body/gachaScheduleList/2/selectableCharaList/16/charaMessageList/10""]"
2601	6	ケンカ別れ以来だな、見滝原市に来るのは		[]	fuzzy_review	official_cn_key_not_present	2	"[""101/response_body/gachaScheduleList/2/selectableCharaList/83/charaMessageList/0"",""104/response_body/gachaScheduleList/2/selectableCharaList/83/charaMessageList/0""]"
2601	7	アイツのために…首を突っ込んでやるか		[]	fuzzy_review	official_cn_key_not_present	2	"[""101/response_body/gachaScheduleList/2/selectableCharaList/83/charaMessageList/1"",""104/response_body/gachaScheduleList/2/selectableCharaList/83/charaMessageList/1""]"
2601	8	ただの気まぐれで魔法少女なんかになるな		[]	fuzzy_review	official_cn_key_not_present	2	"[""101/response_body/gachaScheduleList/2/selectableCharaList/83/charaMessageList/2"",""104/response_body/gachaScheduleList/2/selectableCharaList/83/charaMessageList/2""]"
2601	9	もぬけの殻じゃねぇか…何が起こってるんだ		[]	fuzzy_review	official_cn_key_not_present	2	"[""101/response_body/gachaScheduleList/2/selectableCharaList/83/charaMessageList/3"",""104/response_body/gachaScheduleList/2/selectableCharaList/83/charaMessageList/3""]"
2601	10	たとえ助けられないとしても…あたしは…		[]	fuzzy_review	official_cn_key_not_present	2	"[""101/response_body/gachaScheduleList/2/selectableCharaList/83/charaMessageList/4"",""104/response_body/gachaScheduleList/2/selectableCharaList/83/charaMessageList/4""]"
2601	11	自業自得って考えれば、気休めにはなるさ		[]	fuzzy_review	official_cn_key_not_present	2	"[""101/response_body/gachaScheduleList/2/selectableCharaList/83/charaMessageList/5"",""104/response_body/gachaScheduleList/2/selectableCharaList/83/charaMessageList/5""]"
2601	12	あたしはこの力を自分のためだけに使うんだ		[]	fuzzy_review	official_cn_key_not_present	2	"[""101/response_body/gachaScheduleList/2/selectableCharaList/83/charaMessageList/6"",""104/response_body/gachaScheduleList/2/selectableCharaList/83/charaMessageList/6""]"
2601	43	半端な人間は@首をつっこまないことだね		[]	fuzzy_review	official_cn_key_not_present	2	"[""101/response_body/gachaScheduleList/2/selectableCharaList/83/charaMessageList/7"",""104/response_body/gachaScheduleList/2/selectableCharaList/83/charaMessageList/7""]"
2601	44	今のはアンタの自業自得ってやつさ		[]	fuzzy_review	official_cn_key_not_present	2	"[""101/response_body/gachaScheduleList/2/selectableCharaList/83/charaMessageList/8"",""104/response_body/gachaScheduleList/2/selectableCharaList/83/charaMessageList/8""]"
2601	45	アイツはこんなもんじゃなかったよ		[]	fuzzy_review	official_cn_key_not_present	2	"[""101/response_body/gachaScheduleList/2/selectableCharaList/83/charaMessageList/9"",""104/response_body/gachaScheduleList/2/selectableCharaList/83/charaMessageList/9""]"
2601	46	自分のために戦わないから負けるのさ		[]	fuzzy_review	official_cn_key_not_present	2	"[""101/response_body/gachaScheduleList/2/selectableCharaList/83/charaMessageList/10"",""104/response_body/gachaScheduleList/2/selectableCharaList/83/charaMessageList/10""]"
2602	6	これが、ドッペルの力ってヤツか…		[]	fuzzy_review	official_cn_key_not_present	2	"[""101/response_body/gachaScheduleList/2/selectableCharaList/48/charaMessageList/0"",""104/response_body/gachaScheduleList/2/selectableCharaList/48/charaMessageList/0""]"
2602	7	あたしはもう、あたしを捨てたりしない		[]	fuzzy_review	official_cn_key_not_present	2	"[""101/response_body/gachaScheduleList/2/selectableCharaList/48/charaMessageList/1"",""104/response_body/gachaScheduleList/2/selectableCharaList/48/charaMessageList/1""]"
2602	8	二度と、他人のために魔法を使ったりしない		[]	fuzzy_review	official_cn_key_not_present	2	"[""101/response_body/gachaScheduleList/2/selectableCharaList/48/charaMessageList/2"",""104/response_body/gachaScheduleList/2/selectableCharaList/48/charaMessageList/2""]"
2602	9	いいんじゃない？あたしは別にかまわないよ		[]	fuzzy_review	official_cn_key_not_present	2	"[""101/response_body/gachaScheduleList/2/selectableCharaList/48/charaMessageList/3"",""104/response_body/gachaScheduleList/2/selectableCharaList/48/charaMessageList/3""]"
2602	10	チッ…つまんねーことを思い出しちまった		[]	fuzzy_review	official_cn_key_not_present	2	"[""101/response_body/gachaScheduleList/2/selectableCharaList/48/charaMessageList/4"",""104/response_body/gachaScheduleList/2/selectableCharaList/48/charaMessageList/4""]"
2602	11	あたしの祈りが、家族を壊しちまったんだ		[]	fuzzy_review	official_cn_key_not_present	2	"[""101/response_body/gachaScheduleList/2/selectableCharaList/48/charaMessageList/5"",""104/response_body/gachaScheduleList/2/selectableCharaList/48/charaMessageList/5""]"
2602	12	そういうのを「お節介」って言うんだよ		[]	fuzzy_review	official_cn_key_not_present	2	"[""101/response_body/gachaScheduleList/2/selectableCharaList/48/charaMessageList/6"",""104/response_body/gachaScheduleList/2/selectableCharaList/48/charaMessageList/6""]"
2602	43	うん、悪くないんじゃない？		[]	fuzzy_review	official_cn_key_not_present	2	"[""101/response_body/gachaScheduleList/2/selectableCharaList/48/charaMessageList/7"",""104/response_body/gachaScheduleList/2/selectableCharaList/48/charaMessageList/7""]"
2602	44	いい動きだったよ@どうだ、コイツ食うかい？		[]	fuzzy_review	official_cn_key_not_present	2	"[""101/response_body/gachaScheduleList/2/selectableCharaList/48/charaMessageList/8"",""104/response_body/gachaScheduleList/2/selectableCharaList/48/charaMessageList/8""]"
2602	45	これ以上@かまってるヒマはないんでね		[]	fuzzy_review	official_cn_key_not_present	2	"[""101/response_body/gachaScheduleList/2/selectableCharaList/48/charaMessageList/9"",""104/response_body/gachaScheduleList/2/selectableCharaList/48/charaMessageList/9""]"
2602	46	後悔はしない@ただ前に進むだけだ		[]	fuzzy_review	official_cn_key_not_present	2	"[""101/response_body/gachaScheduleList/2/selectableCharaList/48/charaMessageList/10"",""104/response_body/gachaScheduleList/2/selectableCharaList/48/charaMessageList/10""]"
2700	6	報酬はメダルチョコでお願いするのです	报酬想要奖牌巧克力的说。	"[""vo_char_2700_00_06_hca""]"	key_aligned	unique_charaNo_messageId_key_and_unique_cn_value	2	"[""101/response_body/gachaScheduleList/2/selectableCharaList/20/charaMessageList/0"",""104/response_body/gachaScheduleList/2/selectableCharaList/20/charaMessageList/0""]"
2700	7	伝説のショコラを求めて、旅に出るのです	为了追寻传说的巧克力而出门旅行的说。	"[""vo_char_2700_00_07_hca""]"	key_aligned	unique_charaNo_messageId_key_and_unique_cn_value	2	"[""101/response_body/gachaScheduleList/2/selectableCharaList/20/charaMessageList/1"",""104/response_body/gachaScheduleList/2/selectableCharaList/20/charaMessageList/1""]"
2700	8	泡立て器にもいろいろあるのです	打蛋器也有好多种类的说。	"[""vo_char_2700_00_08_hca""]"	key_aligned	unique_charaNo_messageId_key_and_unique_cn_value	2	"[""101/response_body/gachaScheduleList/2/selectableCharaList/20/charaMessageList/2"",""104/response_body/gachaScheduleList/2/selectableCharaList/20/charaMessageList/2""]"
2700	9	風の向くまま気の向くまま、なのです	跟着感觉走的说。	"[""vo_char_2700_00_09_hca""]"	key_aligned	unique_charaNo_messageId_key_and_unique_cn_value	2	"[""101/response_body/gachaScheduleList/2/selectableCharaList/20/charaMessageList/3"",""104/response_body/gachaScheduleList/2/selectableCharaList/20/charaMessageList/3""]"
2700	10	大人の味は、ちょっと苦手なのです…	苦味的纯巧克力，有点受不了的说……	"[""vo_char_2700_00_10_hca""]"	key_aligned	unique_charaNo_messageId_key_and_unique_cn_value	2	"[""101/response_body/gachaScheduleList/2/selectableCharaList/20/charaMessageList/4"",""104/response_body/gachaScheduleList/2/selectableCharaList/20/charaMessageList/4""]"
2700	11	スカーフはショコラティエの魂なのです	领巾是巧克力甜点师的灵魂的说。	"[""vo_char_2700_00_11_hca""]"	key_aligned	unique_charaNo_messageId_key_and_unique_cn_value	2	"[""101/response_body/gachaScheduleList/2/selectableCharaList/20/charaMessageList/5"",""104/response_body/gachaScheduleList/2/selectableCharaList/20/charaMessageList/5""]"
2700	12	道具にこだわってこそ本物の職人なのです	执着于器具的才是真正的手艺人的说。	"[""vo_char_2700_00_12_hca""]"	key_aligned	unique_charaNo_messageId_key_and_unique_cn_value	2	"[""101/response_body/gachaScheduleList/2/selectableCharaList/20/charaMessageList/6"",""104/response_body/gachaScheduleList/2/selectableCharaList/20/charaMessageList/6""]"
2700	43	美味しく焼きあがったのです	烤得香喷喷的说！	"[""vo_char_2700_00_43_hca""]"	key_aligned	unique_charaNo_messageId_key_and_unique_cn_value	2	"[""101/response_body/gachaScheduleList/2/selectableCharaList/20/charaMessageList/7"",""104/response_body/gachaScheduleList/2/selectableCharaList/20/charaMessageList/7""]"
2700	44	リボンをかけて@できあがりなのです♪	系上丝带，出炉了的说♪	"[""vo_char_2700_00_44_hca""]"	key_aligned	unique_charaNo_messageId_key_and_unique_cn_value	2	"[""101/response_body/gachaScheduleList/2/selectableCharaList/20/charaMessageList/8"",""104/response_body/gachaScheduleList/2/selectableCharaList/20/charaMessageList/8""]"
2700	45	甘みの暴力にひれ伏すのです…	是被甜食的暴力所折服的说……	"[""vo_char_2700_00_45_hca""]"	key_aligned	unique_charaNo_messageId_key_and_unique_cn_value	2	"[""101/response_body/gachaScheduleList/2/selectableCharaList/20/charaMessageList/9"",""104/response_body/gachaScheduleList/2/selectableCharaList/20/charaMessageList/9""]"
2700	46	これが魔法のショコラティエの実力@なのです	这就是魔法巧克力甜点师的实力的说。	"[""vo_char_2700_00_46_hca""]"	key_aligned	unique_charaNo_messageId_key_and_unique_cn_value	2	"[""101/response_body/gachaScheduleList/2/selectableCharaList/20/charaMessageList/10"",""104/response_body/gachaScheduleList/2/selectableCharaList/20/charaMessageList/10""]"
2701	6	夏は海と相場が決まっているのです		[]	fuzzy_review	official_cn_key_not_present	2	"[""101/response_body/gachaScheduleList/2/selectableCharaList/76/charaMessageList/0"",""104/response_body/gachaScheduleList/2/selectableCharaList/76/charaMessageList/0""]"
2701	7	かき氷の次はアイスを食べるのです！		[]	fuzzy_review	official_cn_key_not_present	2	"[""101/response_body/gachaScheduleList/2/selectableCharaList/76/charaMessageList/1"",""104/response_body/gachaScheduleList/2/selectableCharaList/76/charaMessageList/1""]"
2701	8	お菓子もいいけど…やっぱりチーズなのです		[]	fuzzy_review	official_cn_key_not_present	2	"[""101/response_body/gachaScheduleList/2/selectableCharaList/76/charaMessageList/2"",""104/response_body/gachaScheduleList/2/selectableCharaList/76/charaMessageList/2""]"
2701	9	夏休みは何をすればいいのですか？		[]	fuzzy_review	official_cn_key_not_present	2	"[""101/response_body/gachaScheduleList/2/selectableCharaList/76/charaMessageList/3"",""104/response_body/gachaScheduleList/2/selectableCharaList/76/charaMessageList/3""]"
2701	10	楽しい時間は、ずっとは続かないのです		[]	fuzzy_review	official_cn_key_not_present	2	"[""101/response_body/gachaScheduleList/2/selectableCharaList/76/charaMessageList/4"",""104/response_body/gachaScheduleList/2/selectableCharaList/76/charaMessageList/4""]"
2701	11	炭酸は強すぎるくらいがちょうどいいのです		[]	fuzzy_review	official_cn_key_not_present	2	"[""101/response_body/gachaScheduleList/2/selectableCharaList/76/charaMessageList/5"",""104/response_body/gachaScheduleList/2/selectableCharaList/76/charaMessageList/5""]"
2701	12	少しなら夜更かししても大丈夫なのです		[]	fuzzy_review	official_cn_key_not_present	2	"[""101/response_body/gachaScheduleList/2/selectableCharaList/76/charaMessageList/6"",""104/response_body/gachaScheduleList/2/selectableCharaList/76/charaMessageList/6""]"
2701	43	オカシコーラで@自分を解放するのです！		[]	fuzzy_review	official_cn_key_not_present	2	"[""101/response_body/gachaScheduleList/2/selectableCharaList/76/charaMessageList/7"",""104/response_body/gachaScheduleList/2/selectableCharaList/76/charaMessageList/7""]"
2701	44	一度飲んだら病みつきなのです！		[]	fuzzy_review	official_cn_key_not_present	2	"[""101/response_body/gachaScheduleList/2/selectableCharaList/76/charaMessageList/8"",""104/response_body/gachaScheduleList/2/selectableCharaList/76/charaMessageList/8""]"
2701	45	盛り上がってないのです…もう１回！		[]	fuzzy_review	official_cn_key_not_present	2	"[""101/response_body/gachaScheduleList/2/selectableCharaList/76/charaMessageList/9"",""104/response_body/gachaScheduleList/2/selectableCharaList/76/charaMessageList/9""]"
2701	46	なぎさはまだまだ帰らないのです		[]	fuzzy_review	official_cn_key_not_present	2	"[""101/response_body/gachaScheduleList/2/selectableCharaList/76/charaMessageList/10"",""104/response_body/gachaScheduleList/2/selectableCharaList/76/charaMessageList/10""]"
3003	6	くふふ…！い～いネタを思いついた！	嘿嘿……！我想到了个不错的梗！	"[""vo_char_3003_00_06_hca""]"	key_aligned	unique_charaNo_messageId_key_and_unique_cn_value	3	"[""85/response_body/userCharaList/0/chara/charaMessageList/0"",""89/response_body/userCharaList/0/chara/charaMessageList/0"",""107/response_body/userCharaList/0/chara/charaMessageList/0""]"
3003	7	こら！やめろ！見下ろすな！	喂！给我停下！不许往下看！	"[""vo_char_3003_00_07_hca""]"	key_aligned	unique_charaNo_messageId_key_and_unique_cn_value	3	"[""85/response_body/userCharaList/0/chara/charaMessageList/1"",""89/response_body/userCharaList/0/chara/charaMessageList/1"",""107/response_body/userCharaList/0/chara/charaMessageList/1""]"
3003	8	ヨウ化カリウム…これこそがマジックの種だ	碘化钾……这才是魔法的种子。	"[""vo_char_3003_00_08_hca""]"	key_aligned	unique_charaNo_messageId_key_and_unique_cn_value	3	"[""85/response_body/userCharaList/0/chara/charaMessageList/2"",""89/response_body/userCharaList/0/chara/charaMessageList/2"",""107/response_body/userCharaList/0/chara/charaMessageList/2""]"
3003	9	リア充が何だ！エタノールで爆発しやがれ！	现充算什么！我要用乙醇炸飞他们！	"[""vo_char_3003_00_09_hca""]"	key_aligned	unique_charaNo_messageId_key_and_unique_cn_value	3	"[""85/response_body/userCharaList/0/chara/charaMessageList/3"",""89/response_body/userCharaList/0/chara/charaMessageList/3"",""107/response_body/userCharaList/0/chara/charaMessageList/3""]"
3003	10	仮にもアタシは先輩だぞ！	再怎么说我也是前辈呀！	"[""vo_char_3003_00_10_hca""]"	key_aligned	unique_charaNo_messageId_key_and_unique_cn_value	3	"[""85/response_body/userCharaList/0/chara/charaMessageList/4"",""89/response_body/userCharaList/0/chara/charaMessageList/4"",""107/response_body/userCharaList/0/chara/charaMessageList/4""]"
3003	11	必ず無事に、この結界から連れ帰ってやる	我一定会把你安全带出这个结界。	"[""vo_char_3003_00_11_hca""]"	key_aligned	unique_charaNo_messageId_key_and_unique_cn_value	3	"[""85/response_body/userCharaList/0/chara/charaMessageList/5"",""89/response_body/userCharaList/0/chara/charaMessageList/5"",""107/response_body/userCharaList/0/chara/charaMessageList/5""]"
3003	12	エキサイティングなショーの幕開けだ！	激动人心的表演开始啦！	"[""vo_char_3003_00_12_hca""]"	key_aligned	unique_charaNo_messageId_key_and_unique_cn_value	3	"[""85/response_body/userCharaList/0/chara/charaMessageList/6"",""89/response_body/userCharaList/0/chara/charaMessageList/6"",""107/response_body/userCharaList/0/chara/charaMessageList/6""]"
3003	43	うむ、満足だ！	嗯，满足了！	"[""vo_char_3003_00_43_hca""]"	key_aligned	unique_charaNo_messageId_key_and_unique_cn_value	3	"[""85/response_body/userCharaList/0/chara/charaMessageList/7"",""89/response_body/userCharaList/0/chara/charaMessageList/7"",""107/response_body/userCharaList/0/chara/charaMessageList/7""]"
3003	44	仮説が証明されたな！	假设成立！	"[""vo_char_3003_00_44_hca""]"	key_aligned	unique_charaNo_messageId_key_and_unique_cn_value	3	"[""85/response_body/userCharaList/0/chara/charaMessageList/8"",""89/response_body/userCharaList/0/chara/charaMessageList/8"",""107/response_body/userCharaList/0/chara/charaMessageList/8""]"
3003	45	いいレポートが書けそうだ！	看来能写出不错的报告了！	"[""vo_char_3003_00_45_hca""]"	key_aligned	unique_charaNo_messageId_key_and_unique_cn_value	3	"[""85/response_body/userCharaList/0/chara/charaMessageList/9"",""89/response_body/userCharaList/0/chara/charaMessageList/9"",""107/response_body/userCharaList/0/chara/charaMessageList/9""]"
3003	46	実験大成功だ！	实验成功了！	"[""vo_char_3003_00_46_hca""]"	key_aligned	unique_charaNo_messageId_key_and_unique_cn_value	3	"[""85/response_body/userCharaList/0/chara/charaMessageList/10"",""89/response_body/userCharaList/0/chara/charaMessageList/10"",""107/response_body/userCharaList/0/chara/charaMessageList/10""]"
3006	6	ヤッバ！これってマジ魔法じゃね？	天啊！这不是真正的魔法嘛？	"[""vo_char_3006_00_06_hca""]"	key_aligned	unique_charaNo_messageId_key_and_unique_cn_value	3	"[""85/response_body/userCharaList/2/chara/charaMessageList/0"",""89/response_body/userCharaList/2/chara/charaMessageList/0"",""107/response_body/userCharaList/2/chara/charaMessageList/0""]"
3006	7	ま、いーじゃん！どうにかなるって!	行啦！总会有办法的！	"[""vo_char_3006_00_07_hca""]"	key_aligned	unique_charaNo_messageId_key_and_unique_cn_value	3	"[""85/response_body/userCharaList/2/chara/charaMessageList/1"",""89/response_body/userCharaList/2/chara/charaMessageList/1"",""107/response_body/userCharaList/2/chara/charaMessageList/1""]"
3006	8	あーし的にはイケてると思うけど？	我觉得这很有魅力哦?	"[""vo_char_3006_00_08_hca""]"	key_aligned	unique_charaNo_messageId_key_and_unique_cn_value	3	"[""85/response_body/userCharaList/2/chara/charaMessageList/2"",""89/response_body/userCharaList/2/chara/charaMessageList/2"",""107/response_body/userCharaList/2/chara/charaMessageList/2""]"
3006	9	最強にカワイイ魔法少女を目指すし！	目标是成为最强最可爱的魔法少女！	"[""vo_char_3006_00_09_hca""]"	key_aligned	unique_charaNo_messageId_key_and_unique_cn_value	3	"[""85/response_body/userCharaList/2/chara/charaMessageList/3"",""89/response_body/userCharaList/2/chara/charaMessageList/3"",""107/response_body/userCharaList/2/chara/charaMessageList/3""]"
3006	10	ガンガン行くしかないか！ノリで！	只好凭着这股劲头！冲呀！	"[""vo_char_3006_00_10_hca""]"	key_aligned	unique_charaNo_messageId_key_and_unique_cn_value	3	"[""85/response_body/userCharaList/2/chara/charaMessageList/4"",""89/response_body/userCharaList/2/chara/charaMessageList/4"",""107/response_body/userCharaList/2/chara/charaMessageList/4""]"
3006	11	やっちゃおやっちゃお！面白いじゃん！	我来我来！看起来很有趣嘛！	"[""vo_char_3006_00_11_hca""]"	key_aligned	unique_charaNo_messageId_key_and_unique_cn_value	3	"[""85/response_body/userCharaList/2/chara/charaMessageList/5"",""89/response_body/userCharaList/2/chara/charaMessageList/5"",""107/response_body/userCharaList/2/chara/charaMessageList/5""]"
3006	12	ドキドキしたいんだよねー、あーしは！	我想要心动的感觉——！	"[""vo_char_3006_00_12_hca""]"	key_aligned	unique_charaNo_messageId_key_and_unique_cn_value	3	"[""85/response_body/userCharaList/2/chara/charaMessageList/6"",""89/response_body/userCharaList/2/chara/charaMessageList/6"",""107/response_body/userCharaList/2/chara/charaMessageList/6""]"
3006	43	いえい！勝ち～！	耶！胜利～！	"[""vo_char_3006_00_43_hca""]"	key_aligned	unique_charaNo_messageId_key_and_unique_cn_value	3	"[""85/response_body/userCharaList/2/chara/charaMessageList/7"",""89/response_body/userCharaList/2/chara/charaMessageList/7"",""107/response_body/userCharaList/2/chara/charaMessageList/7""]"
3006	44	まだまだこっからだし！	只是热身而已！	"[""vo_char_3006_00_44_hca""]"	key_aligned	unique_charaNo_messageId_key_and_unique_cn_value	3	"[""85/response_body/userCharaList/2/chara/charaMessageList/8"",""89/response_body/userCharaList/2/chara/charaMessageList/8"",""107/response_body/userCharaList/2/chara/charaMessageList/8""]"
3006	45	いーい感じ～♪	感觉不错～♪	"[""vo_char_3006_00_45_hca""]"	key_aligned	unique_charaNo_messageId_key_and_unique_cn_value	3	"[""85/response_body/userCharaList/2/chara/charaMessageList/9"",""89/response_body/userCharaList/2/chara/charaMessageList/9"",""107/response_body/userCharaList/2/chara/charaMessageList/9""]"
3006	46	あーしってば鬼レベ！	我可是恶魔级别的哦！	"[""vo_char_3006_00_46_hca""]"	key_aligned	unique_charaNo_messageId_key_and_unique_cn_value	3	"[""85/response_body/userCharaList/2/chara/charaMessageList/10"",""89/response_body/userCharaList/2/chara/charaMessageList/10"",""107/response_body/userCharaList/2/chara/charaMessageList/10""]"
3015	6	三人一緒の方が楽しいよ、きっと！	三个人一起肯定就更快乐了！	"[""vo_char_3015_00_06_hca""]"	key_aligned	unique_charaNo_messageId_key_and_unique_cn_value	5	"[""81/response_body/gachaScheduleList/0/selectableCharaList/10/charaMessageList/0"",""84/response_body/gachaScheduleList/0/selectableCharaList/10/charaMessageList/0"",""86/response_body/gachaScheduleList/0/selectableCharaList/10/charaMessageList/0"",""101/response_body/gachaScheduleList/2/selectableCharaList/125/charaMessageList/0"",""104/response_body/gachaScheduleList/2/selectableCharaList/125/charaMessageList/0""]"
3015	7	見て見て！こんな所にお花が咲いてるよ！	快看快看！这里居然有花开了！	"[""vo_char_3015_00_07_hca""]"	key_aligned	unique_charaNo_messageId_key_and_unique_cn_value	5	"[""81/response_body/gachaScheduleList/0/selectableCharaList/10/charaMessageList/1"",""84/response_body/gachaScheduleList/0/selectableCharaList/10/charaMessageList/1"",""86/response_body/gachaScheduleList/0/selectableCharaList/10/charaMessageList/1"",""101/response_body/gachaScheduleList/2/selectableCharaList/125/charaMessageList/1"",""104/response_body/gachaScheduleList/2/selectableCharaList/125/charaMessageList/1""]"
3015	8	大丈夫大丈夫！きっと大丈夫！	没问题没问题！一定没问题的！	"[""vo_char_3015_00_08_hca""]"	key_aligned	unique_charaNo_messageId_key_and_unique_cn_value	5	"[""81/response_body/gachaScheduleList/0/selectableCharaList/10/charaMessageList/2"",""84/response_body/gachaScheduleList/0/selectableCharaList/10/charaMessageList/2"",""86/response_body/gachaScheduleList/0/selectableCharaList/10/charaMessageList/2"",""101/response_body/gachaScheduleList/2/selectableCharaList/125/charaMessageList/2"",""104/response_body/gachaScheduleList/2/selectableCharaList/125/charaMessageList/2""]"
3015	9	はいこれ！食べられる木の実だよ！	给你！这果子能吃哦！	"[""vo_char_3015_00_09_hca""]"	key_aligned	unique_charaNo_messageId_key_and_unique_cn_value	5	"[""81/response_body/gachaScheduleList/0/selectableCharaList/10/charaMessageList/3"",""84/response_body/gachaScheduleList/0/selectableCharaList/10/charaMessageList/3"",""86/response_body/gachaScheduleList/0/selectableCharaList/10/charaMessageList/3"",""101/response_body/gachaScheduleList/2/selectableCharaList/125/charaMessageList/3"",""104/response_body/gachaScheduleList/2/selectableCharaList/125/charaMessageList/3""]"
3015	10	あれ～？口笛吹いたら鳥が集まってきた!?	诶？吹了一声口哨，鸟都围了过来！？	"[""vo_char_3015_00_10_hca""]"	key_aligned	unique_charaNo_messageId_key_and_unique_cn_value	5	"[""81/response_body/gachaScheduleList/0/selectableCharaList/10/charaMessageList/4"",""84/response_body/gachaScheduleList/0/selectableCharaList/10/charaMessageList/4"",""86/response_body/gachaScheduleList/0/selectableCharaList/10/charaMessageList/4"",""101/response_body/gachaScheduleList/2/selectableCharaList/125/charaMessageList/4"",""104/response_body/gachaScheduleList/2/selectableCharaList/125/charaMessageList/4""]"
3015	11	けんけんぱ！…からの、逆立ち～！	跳圈圈！然后，倒立！	"[""vo_char_3015_00_11_hca""]"	key_aligned	unique_charaNo_messageId_key_and_unique_cn_value	5	"[""81/response_body/gachaScheduleList/0/selectableCharaList/10/charaMessageList/5"",""84/response_body/gachaScheduleList/0/selectableCharaList/10/charaMessageList/5"",""86/response_body/gachaScheduleList/0/selectableCharaList/10/charaMessageList/5"",""101/response_body/gachaScheduleList/2/selectableCharaList/125/charaMessageList/5"",""104/response_body/gachaScheduleList/2/selectableCharaList/125/charaMessageList/5""]"
3015	12	んじゃあ、あそこの角まで競争しよっ！	那么就比谁先到那边的拐角吧！	"[""vo_char_3015_00_12_hca""]"	key_aligned	unique_charaNo_messageId_key_and_unique_cn_value	5	"[""81/response_body/gachaScheduleList/0/selectableCharaList/10/charaMessageList/6"",""84/response_body/gachaScheduleList/0/selectableCharaList/10/charaMessageList/6"",""86/response_body/gachaScheduleList/0/selectableCharaList/10/charaMessageList/6"",""101/response_body/gachaScheduleList/2/selectableCharaList/125/charaMessageList/6"",""104/response_body/gachaScheduleList/2/selectableCharaList/125/charaMessageList/6""]"
3015	43	ん？…わたし、勝ったみたい？	嗯？我好像赢了？	"[""vo_char_3015_00_43_hca""]"	key_aligned	unique_charaNo_messageId_key_and_unique_cn_value	5	"[""81/response_body/gachaScheduleList/0/selectableCharaList/10/charaMessageList/7"",""84/response_body/gachaScheduleList/0/selectableCharaList/10/charaMessageList/7"",""86/response_body/gachaScheduleList/0/selectableCharaList/10/charaMessageList/7"",""101/response_body/gachaScheduleList/2/selectableCharaList/125/charaMessageList/7"",""104/response_body/gachaScheduleList/2/selectableCharaList/125/charaMessageList/7""]"
3015	44	はぁ～…無事でなにより～	哈啊……安然无恙了～	"[""vo_char_3015_00_44_hca""]"	key_aligned	unique_charaNo_messageId_key_and_unique_cn_value	5	"[""81/response_body/gachaScheduleList/0/selectableCharaList/10/charaMessageList/8"",""84/response_body/gachaScheduleList/0/selectableCharaList/10/charaMessageList/8"",""86/response_body/gachaScheduleList/0/selectableCharaList/10/charaMessageList/8"",""101/response_body/gachaScheduleList/2/selectableCharaList/125/charaMessageList/8"",""104/response_body/gachaScheduleList/2/selectableCharaList/125/charaMessageList/8""]"
3015	45	勝ったー！…で、いいよね？	赢了！还不错吧？	"[""vo_char_3015_00_45_hca""]"	key_aligned	unique_charaNo_messageId_key_and_unique_cn_value	5	"[""81/response_body/gachaScheduleList/0/selectableCharaList/10/charaMessageList/9"",""84/response_body/gachaScheduleList/0/selectableCharaList/10/charaMessageList/9"",""86/response_body/gachaScheduleList/0/selectableCharaList/10/charaMessageList/9"",""101/response_body/gachaScheduleList/2/selectableCharaList/125/charaMessageList/9"",""104/response_body/gachaScheduleList/2/selectableCharaList/125/charaMessageList/9""]"
3015	46	疲れた～…お茶飲みたい…	好累……想喝杯茶……	"[""vo_char_3015_00_46_hca""]"	key_aligned	unique_charaNo_messageId_key_and_unique_cn_value	5	"[""81/response_body/gachaScheduleList/0/selectableCharaList/10/charaMessageList/10"",""84/response_body/gachaScheduleList/0/selectableCharaList/10/charaMessageList/10"",""86/response_body/gachaScheduleList/0/selectableCharaList/10/charaMessageList/10"",""101/response_body/gachaScheduleList/2/selectableCharaList/125/charaMessageList/10"",""104/response_body/gachaScheduleList/2/selectableCharaList/125/charaMessageList/10""]"
3016	6	ただ…いつか気付いて欲しい	只是……希望什么时候能被关注一下。	"[""vo_char_3016_00_06_hca""]"	key_aligned	unique_charaNo_messageId_key_and_unique_cn_value	5	"[""81/response_body/gachaScheduleList/0/selectableCharaList/11/charaMessageList/0"",""84/response_body/gachaScheduleList/0/selectableCharaList/11/charaMessageList/0"",""86/response_body/gachaScheduleList/0/selectableCharaList/11/charaMessageList/0"",""101/response_body/gachaScheduleList/2/selectableCharaList/126/charaMessageList/0"",""104/response_body/gachaScheduleList/2/selectableCharaList/126/charaMessageList/0""]"
3016	7	この子…まるで死ぬことを恐れてない…！	她……真的不畏惧死亡吗……！	"[""vo_char_3016_00_07_hca""]"	key_aligned	unique_charaNo_messageId_key_and_unique_cn_value	5	"[""81/response_body/gachaScheduleList/0/selectableCharaList/11/charaMessageList/1"",""84/response_body/gachaScheduleList/0/selectableCharaList/11/charaMessageList/1"",""86/response_body/gachaScheduleList/0/selectableCharaList/11/charaMessageList/1"",""101/response_body/gachaScheduleList/2/selectableCharaList/126/charaMessageList/1"",""104/response_body/gachaScheduleList/2/selectableCharaList/126/charaMessageList/1""]"
3016	8	私が守らなきゃ…いけなかったのに…！	我明明……必须要守住才行……！	"[""vo_char_3016_00_08_hca""]"	key_aligned	unique_charaNo_messageId_key_and_unique_cn_value	5	"[""81/response_body/gachaScheduleList/0/selectableCharaList/11/charaMessageList/2"",""84/response_body/gachaScheduleList/0/selectableCharaList/11/charaMessageList/2"",""86/response_body/gachaScheduleList/0/selectableCharaList/11/charaMessageList/2"",""101/response_body/gachaScheduleList/2/selectableCharaList/126/charaMessageList/2"",""104/response_body/gachaScheduleList/2/selectableCharaList/126/charaMessageList/2""]"
3016	9	私は私のために生きるって決めたから！	我已决定要为自己而生活！	"[""vo_char_3016_00_09_hca""]"	key_aligned	unique_charaNo_messageId_key_and_unique_cn_value	5	"[""81/response_body/gachaScheduleList/0/selectableCharaList/11/charaMessageList/3"",""84/response_body/gachaScheduleList/0/selectableCharaList/11/charaMessageList/3"",""86/response_body/gachaScheduleList/0/selectableCharaList/11/charaMessageList/3"",""101/response_body/gachaScheduleList/2/selectableCharaList/126/charaMessageList/3"",""104/response_body/gachaScheduleList/2/selectableCharaList/126/charaMessageList/3""]"
3016	10	そんな簡単に家族を壊さないでよ！	别这么轻易地毁掉家庭啊！	"[""vo_char_3016_00_10_hca""]"	key_aligned	unique_charaNo_messageId_key_and_unique_cn_value	5	"[""81/response_body/gachaScheduleList/0/selectableCharaList/11/charaMessageList/4"",""84/response_body/gachaScheduleList/0/selectableCharaList/11/charaMessageList/4"",""86/response_body/gachaScheduleList/0/selectableCharaList/11/charaMessageList/4"",""101/response_body/gachaScheduleList/2/selectableCharaList/126/charaMessageList/4"",""104/response_body/gachaScheduleList/2/selectableCharaList/126/charaMessageList/4""]"
3016	11	あなたと…一緒にいてもいいですか？	我可以……和你一起吗？	"[""vo_char_3016_00_11_hca""]"	key_aligned	unique_charaNo_messageId_key_and_unique_cn_value	5	"[""81/response_body/gachaScheduleList/0/selectableCharaList/11/charaMessageList/5"",""84/response_body/gachaScheduleList/0/selectableCharaList/11/charaMessageList/5"",""86/response_body/gachaScheduleList/0/selectableCharaList/11/charaMessageList/5"",""101/response_body/gachaScheduleList/2/selectableCharaList/126/charaMessageList/5"",""104/response_body/gachaScheduleList/2/selectableCharaList/126/charaMessageList/5""]"
3016	12	何で…？何で出て行ったりしたの？	为什么……？为什么要离开呢？	"[""vo_char_3016_00_12_hca""]"	key_aligned	unique_charaNo_messageId_key_and_unique_cn_value	5	"[""81/response_body/gachaScheduleList/0/selectableCharaList/11/charaMessageList/6"",""84/response_body/gachaScheduleList/0/selectableCharaList/11/charaMessageList/6"",""86/response_body/gachaScheduleList/0/selectableCharaList/11/charaMessageList/6"",""101/response_body/gachaScheduleList/2/selectableCharaList/126/charaMessageList/6"",""104/response_body/gachaScheduleList/2/selectableCharaList/126/charaMessageList/6""]"
3016	43	みんな、怪我はない？	大家没受伤吧？	"[""vo_char_3016_00_43_hca""]"	key_aligned	unique_charaNo_messageId_key_and_unique_cn_value	5	"[""81/response_body/gachaScheduleList/0/selectableCharaList/11/charaMessageList/7"",""84/response_body/gachaScheduleList/0/selectableCharaList/11/charaMessageList/7"",""86/response_body/gachaScheduleList/0/selectableCharaList/11/charaMessageList/7"",""101/response_body/gachaScheduleList/2/selectableCharaList/126/charaMessageList/7"",""104/response_body/gachaScheduleList/2/selectableCharaList/126/charaMessageList/7""]"
3016	44	あ～、ドキドキしたっ！ふふっ	啊，真刺激！嗯哼。	"[""vo_char_3016_00_44_hca""]"	key_aligned	unique_charaNo_messageId_key_and_unique_cn_value	5	"[""81/response_body/gachaScheduleList/0/selectableCharaList/11/charaMessageList/8"",""84/response_body/gachaScheduleList/0/selectableCharaList/11/charaMessageList/8"",""86/response_body/gachaScheduleList/0/selectableCharaList/11/charaMessageList/8"",""101/response_body/gachaScheduleList/2/selectableCharaList/126/charaMessageList/8"",""104/response_body/gachaScheduleList/2/selectableCharaList/126/charaMessageList/8""]"
3016	45	ホッとしたら力抜けちゃった	放心下来就有种脱力感了。	"[""vo_char_3016_00_45_hca""]"	key_aligned	unique_charaNo_messageId_key_and_unique_cn_value	5	"[""81/response_body/gachaScheduleList/0/selectableCharaList/11/charaMessageList/9"",""84/response_body/gachaScheduleList/0/selectableCharaList/11/charaMessageList/9"",""86/response_body/gachaScheduleList/0/selectableCharaList/11/charaMessageList/9"",""101/response_body/gachaScheduleList/2/selectableCharaList/126/charaMessageList/9"",""104/response_body/gachaScheduleList/2/selectableCharaList/126/charaMessageList/9""]"
3016	46	大丈夫。私が…守るから	没问题。我会保护你的。	"[""vo_char_3016_00_46_hca""]"	key_aligned	unique_charaNo_messageId_key_and_unique_cn_value	5	"[""81/response_body/gachaScheduleList/0/selectableCharaList/11/charaMessageList/10"",""84/response_body/gachaScheduleList/0/selectableCharaList/11/charaMessageList/10"",""86/response_body/gachaScheduleList/0/selectableCharaList/11/charaMessageList/10"",""101/response_body/gachaScheduleList/2/selectableCharaList/126/charaMessageList/10"",""104/response_body/gachaScheduleList/2/selectableCharaList/126/charaMessageList/10""]"
3017	6	毎度お騒がせして…ほんとすみません…	每次都会引起混乱……真的非常对不起……	"[""vo_char_3017_00_06_hca""]"	key_aligned	unique_charaNo_messageId_key_and_unique_cn_value	2	"[""101/response_body/gachaScheduleList/2/selectableCharaList/127/charaMessageList/0"",""104/response_body/gachaScheduleList/2/selectableCharaList/127/charaMessageList/0""]"
3017	7	怪しくなってきましたね…雲行きが	形势……变得奇怪了呢……	"[""vo_char_3017_00_07_hca""]"	key_aligned	unique_charaNo_messageId_key_and_unique_cn_value	2	"[""101/response_body/gachaScheduleList/2/selectableCharaList/127/charaMessageList/1"",""104/response_body/gachaScheduleList/2/selectableCharaList/127/charaMessageList/1""]"
3017	8	あぁ…いやな予感がしてきました…	啊……有种不好的预感……	"[""vo_char_3017_00_08_hca""]"	key_aligned	unique_charaNo_messageId_key_and_unique_cn_value	2	"[""101/response_body/gachaScheduleList/2/selectableCharaList/127/charaMessageList/2"",""104/response_body/gachaScheduleList/2/selectableCharaList/127/charaMessageList/2""]"
3017	9	いえいえ…こんな簡単に終わるはずが…	不对不对……应该不会这么简单就结束……	"[""vo_char_3017_00_09_hca""]"	key_aligned	unique_charaNo_messageId_key_and_unique_cn_value	2	"[""101/response_body/gachaScheduleList/2/selectableCharaList/127/charaMessageList/3"",""104/response_body/gachaScheduleList/2/selectableCharaList/127/charaMessageList/3""]"
3017	10	むしろわたしは被害者なんですけどね？	倒不如说我才是受害者吧？	"[""vo_char_3017_00_10_hca""]"	key_aligned	unique_charaNo_messageId_key_and_unique_cn_value	2	"[""101/response_body/gachaScheduleList/2/selectableCharaList/127/charaMessageList/4"",""104/response_body/gachaScheduleList/2/selectableCharaList/127/charaMessageList/4""]"
3017	11	逆に楽しくなってきました	反而开始期待了。	"[""vo_char_3017_00_11_hca""]"	key_aligned	unique_charaNo_messageId_key_and_unique_cn_value	2	"[""101/response_body/gachaScheduleList/2/selectableCharaList/127/charaMessageList/5"",""104/response_body/gachaScheduleList/2/selectableCharaList/127/charaMessageList/5""]"
3017	12	はぁ…いつまで続くんでしょうか、この生活	哈……这种生活还会一如既往地持续下去吗？	"[""vo_char_3017_00_12_hca""]"	key_aligned	unique_charaNo_messageId_key_and_unique_cn_value	2	"[""101/response_body/gachaScheduleList/2/selectableCharaList/127/charaMessageList/6"",""104/response_body/gachaScheduleList/2/selectableCharaList/127/charaMessageList/6""]"
3017	43	はぁ…お騒がせしました…	哈……麻烦事结束了……	"[""vo_char_3017_00_43_hca""]"	key_aligned	unique_charaNo_messageId_key_and_unique_cn_value	2	"[""101/response_body/gachaScheduleList/2/selectableCharaList/127/charaMessageList/7"",""104/response_body/gachaScheduleList/2/selectableCharaList/127/charaMessageList/7""]"
3017	44	ツキがなかったですね？	运气用完了吧？	"[""vo_char_3017_00_44_hca""]"	key_aligned	unique_charaNo_messageId_key_and_unique_cn_value	2	"[""101/response_body/gachaScheduleList/2/selectableCharaList/127/charaMessageList/8"",""104/response_body/gachaScheduleList/2/selectableCharaList/127/charaMessageList/8""]"
3017	45	勝負は度胸です！	胜负取决于胆量！	"[""vo_char_3017_00_45_hca""]"	key_aligned	unique_charaNo_messageId_key_and_unique_cn_value	2	"[""101/response_body/gachaScheduleList/2/selectableCharaList/127/charaMessageList/9"",""104/response_body/gachaScheduleList/2/selectableCharaList/127/charaMessageList/9""]"
3017	46	うん、逃げ切りましたね！	唔，跑掉了呢！	"[""vo_char_3017_00_46_hca""]"	key_aligned	unique_charaNo_messageId_key_and_unique_cn_value	2	"[""101/response_body/gachaScheduleList/2/selectableCharaList/127/charaMessageList/10"",""104/response_body/gachaScheduleList/2/selectableCharaList/127/charaMessageList/10""]"
3018	6	ほーれほれほれ！よーしよしよし！	快看快看快看！行了行了行了！	"[""vo_char_3018_00_06_hca""]"	key_aligned	unique_charaNo_messageId_key_and_unique_cn_value	2	"[""101/response_body/gachaScheduleList/2/selectableCharaList/128/charaMessageList/0"",""104/response_body/gachaScheduleList/2/selectableCharaList/128/charaMessageList/0""]"
3018	7	まあ、とりあえず楽しければいいの！	嘛，只要开心就够了！	"[""vo_char_3018_00_07_hca""]"	key_aligned	unique_charaNo_messageId_key_and_unique_cn_value	2	"[""101/response_body/gachaScheduleList/2/selectableCharaList/128/charaMessageList/1"",""104/response_body/gachaScheduleList/2/selectableCharaList/128/charaMessageList/1""]"
3018	8	あっは！そんなのどうでもいいでしょ？	啊哈！那种事随它去好了。	"[""vo_char_3018_00_08_hca""]"	key_aligned	unique_charaNo_messageId_key_and_unique_cn_value	2	"[""101/response_body/gachaScheduleList/2/selectableCharaList/128/charaMessageList/2"",""104/response_body/gachaScheduleList/2/selectableCharaList/128/charaMessageList/2""]"
3018	9	あたしは感じたままに生きていくの！	我是凭感觉活下去的！	"[""vo_char_3018_00_09_hca""]"	key_aligned	unique_charaNo_messageId_key_and_unique_cn_value	2	"[""101/response_body/gachaScheduleList/2/selectableCharaList/128/charaMessageList/3"",""104/response_body/gachaScheduleList/2/selectableCharaList/128/charaMessageList/3""]"
3018	10	理由？ないけど？いるの？	理由？没有哦？需要吗？	"[""vo_char_3018_00_10_hca""]"	key_aligned	unique_charaNo_messageId_key_and_unique_cn_value	2	"[""101/response_body/gachaScheduleList/2/selectableCharaList/128/charaMessageList/4"",""104/response_body/gachaScheduleList/2/selectableCharaList/128/charaMessageList/4""]"
3018	11	結果なんて…ふふ…知らないよぉ！	结果……呵呵……管它呢！	"[""vo_char_3018_00_11_hca""]"	key_aligned	unique_charaNo_messageId_key_and_unique_cn_value	2	"[""101/response_body/gachaScheduleList/2/selectableCharaList/128/charaMessageList/5"",""104/response_body/gachaScheduleList/2/selectableCharaList/128/charaMessageList/5""]"
3018	12	未来は可能性に溢れてる…あは…あっはは！	未来充满了可能性……啊哈……啊哈哈！	"[""vo_char_3018_00_12_hca""]"	key_aligned	unique_charaNo_messageId_key_and_unique_cn_value	2	"[""101/response_body/gachaScheduleList/2/selectableCharaList/128/charaMessageList/6"",""104/response_body/gachaScheduleList/2/selectableCharaList/128/charaMessageList/6""]"
3018	43	え～？もう終わりなの～？	诶？已经结束了吗？	"[""vo_char_3018_00_43_hca""]"	key_aligned	unique_charaNo_messageId_key_and_unique_cn_value	2	"[""101/response_body/gachaScheduleList/2/selectableCharaList/128/charaMessageList/7"",""104/response_body/gachaScheduleList/2/selectableCharaList/128/charaMessageList/7""]"
3018	44	う～ん、結構よかったよ～！	嗯～很不错！	"[""vo_char_3018_00_44_hca""]"	key_aligned	unique_charaNo_messageId_key_and_unique_cn_value	2	"[""101/response_body/gachaScheduleList/2/selectableCharaList/128/charaMessageList/8"",""104/response_body/gachaScheduleList/2/selectableCharaList/128/charaMessageList/8""]"
3018	45	次も楽しみたいなぁ～！	很期待下次！	"[""vo_char_3018_00_45_hca""]"	key_aligned	unique_charaNo_messageId_key_and_unique_cn_value	2	"[""101/response_body/gachaScheduleList/2/selectableCharaList/128/charaMessageList/9"",""104/response_body/gachaScheduleList/2/selectableCharaList/128/charaMessageList/9""]"
3018	46	この手応え…あっは！	这个感觉……啊哈！	"[""vo_char_3018_00_46_hca""]"	key_aligned	unique_charaNo_messageId_key_and_unique_cn_value	2	"[""101/response_body/gachaScheduleList/2/selectableCharaList/128/charaMessageList/10"",""104/response_body/gachaScheduleList/2/selectableCharaList/128/charaMessageList/10""]"
3020	6	アタシの愛読書？もちろん、預金通帳だよ！	我很爱读书？当然了，因为这是存折啦！	"[""vo_char_3020_00_06_hca""]"	key_aligned	unique_charaNo_messageId_key_and_unique_cn_value	5	"[""81/response_body/gachaScheduleList/0/selectableCharaList/12/charaMessageList/0"",""84/response_body/gachaScheduleList/0/selectableCharaList/12/charaMessageList/0"",""86/response_body/gachaScheduleList/0/selectableCharaList/12/charaMessageList/0"",""101/response_body/gachaScheduleList/2/selectableCharaList/129/charaMessageList/0"",""104/response_body/gachaScheduleList/2/selectableCharaList/129/charaMessageList/0""]"
3020	7	アタシはケチじゃないの！節約家なの！	我才不是小气！是节约啦！	"[""vo_char_3020_00_07_hca""]"	key_aligned	unique_charaNo_messageId_key_and_unique_cn_value	5	"[""81/response_body/gachaScheduleList/0/selectableCharaList/12/charaMessageList/1"",""84/response_body/gachaScheduleList/0/selectableCharaList/12/charaMessageList/1"",""86/response_body/gachaScheduleList/0/selectableCharaList/12/charaMessageList/1"",""101/response_body/gachaScheduleList/2/selectableCharaList/129/charaMessageList/1"",""104/response_body/gachaScheduleList/2/selectableCharaList/129/charaMessageList/1""]"
3020	8	あ、一円見っけ！いえい！	啊，发现一块钱！耶！	"[""vo_char_3020_00_08_hca""]"	key_aligned	unique_charaNo_messageId_key_and_unique_cn_value	5	"[""81/response_body/gachaScheduleList/0/selectableCharaList/12/charaMessageList/2"",""84/response_body/gachaScheduleList/0/selectableCharaList/12/charaMessageList/2"",""86/response_body/gachaScheduleList/0/selectableCharaList/12/charaMessageList/2"",""101/response_body/gachaScheduleList/2/selectableCharaList/129/charaMessageList/2"",""104/response_body/gachaScheduleList/2/selectableCharaList/129/charaMessageList/2""]"
3020	9	アタシ特製のドリンクは元気になる！	喝了我特制的饮料就能变精神了！	"[""vo_char_3020_00_09_hca""]"	key_aligned	unique_charaNo_messageId_key_and_unique_cn_value	5	"[""81/response_body/gachaScheduleList/0/selectableCharaList/12/charaMessageList/3"",""84/response_body/gachaScheduleList/0/selectableCharaList/12/charaMessageList/3"",""86/response_body/gachaScheduleList/0/selectableCharaList/12/charaMessageList/3"",""101/response_body/gachaScheduleList/2/selectableCharaList/129/charaMessageList/3"",""104/response_body/gachaScheduleList/2/selectableCharaList/129/charaMessageList/3""]"
3020	10	よっしゃー！9割引き商品いただき！	太棒了！一折商品我拿下了！	"[""vo_char_3020_00_10_hca""]"	key_aligned	unique_charaNo_messageId_key_and_unique_cn_value	5	"[""81/response_body/gachaScheduleList/0/selectableCharaList/12/charaMessageList/4"",""84/response_body/gachaScheduleList/0/selectableCharaList/12/charaMessageList/4"",""86/response_body/gachaScheduleList/0/selectableCharaList/12/charaMessageList/4"",""101/response_body/gachaScheduleList/2/selectableCharaList/129/charaMessageList/4"",""104/response_body/gachaScheduleList/2/selectableCharaList/129/charaMessageList/4""]"
3020	11	冷蔵庫は３秒で閉めるのがルールだよ！	冰箱打开三秒就得关上，这是规定！	"[""vo_char_3020_00_11_hca""]"	key_aligned	unique_charaNo_messageId_key_and_unique_cn_value	5	"[""81/response_body/gachaScheduleList/0/selectableCharaList/12/charaMessageList/5"",""84/response_body/gachaScheduleList/0/selectableCharaList/12/charaMessageList/5"",""86/response_body/gachaScheduleList/0/selectableCharaList/12/charaMessageList/5"",""101/response_body/gachaScheduleList/2/selectableCharaList/129/charaMessageList/5"",""104/response_body/gachaScheduleList/2/selectableCharaList/129/charaMessageList/5""]"
3020	12	特売日のスーパーは戦場なんだから！	特卖日的超市就是战场！	"[""vo_char_3020_00_12_hca""]"	key_aligned	unique_charaNo_messageId_key_and_unique_cn_value	5	"[""81/response_body/gachaScheduleList/0/selectableCharaList/12/charaMessageList/6"",""84/response_body/gachaScheduleList/0/selectableCharaList/12/charaMessageList/6"",""86/response_body/gachaScheduleList/0/selectableCharaList/12/charaMessageList/6"",""101/response_body/gachaScheduleList/2/selectableCharaList/129/charaMessageList/6"",""104/response_body/gachaScheduleList/2/selectableCharaList/129/charaMessageList/6""]"
3020	43	勝利、まいどあり！	胜利，谢谢惠顾！	"[""vo_char_3020_00_43_hca""]"	key_aligned	unique_charaNo_messageId_key_and_unique_cn_value	5	"[""81/response_body/gachaScheduleList/0/selectableCharaList/12/charaMessageList/7"",""84/response_body/gachaScheduleList/0/selectableCharaList/12/charaMessageList/7"",""86/response_body/gachaScheduleList/0/selectableCharaList/12/charaMessageList/7"",""101/response_body/gachaScheduleList/2/selectableCharaList/129/charaMessageList/7"",""104/response_body/gachaScheduleList/2/selectableCharaList/129/charaMessageList/7""]"
3020	44	まーこんなもんでしょ！	嘛——理所当然的吧！	"[""vo_char_3020_00_44_hca""]"	key_aligned	unique_charaNo_messageId_key_and_unique_cn_value	5	"[""81/response_body/gachaScheduleList/0/selectableCharaList/12/charaMessageList/8"",""84/response_body/gachaScheduleList/0/selectableCharaList/12/charaMessageList/8"",""86/response_body/gachaScheduleList/0/selectableCharaList/12/charaMessageList/8"",""101/response_body/gachaScheduleList/2/selectableCharaList/129/charaMessageList/8"",""104/response_body/gachaScheduleList/2/selectableCharaList/129/charaMessageList/8""]"
3020	45	負けられないんだよ！	我是不会输的！	"[""vo_char_3020_00_45_hca""]"	key_aligned	unique_charaNo_messageId_key_and_unique_cn_value	5	"[""81/response_body/gachaScheduleList/0/selectableCharaList/12/charaMessageList/9"",""84/response_body/gachaScheduleList/0/selectableCharaList/12/charaMessageList/9"",""86/response_body/gachaScheduleList/0/selectableCharaList/12/charaMessageList/9"",""101/response_body/gachaScheduleList/2/selectableCharaList/129/charaMessageList/9"",""104/response_body/gachaScheduleList/2/selectableCharaList/129/charaMessageList/9""]"
3020	46	家に帰らなきゃね！	我得回家去了！	"[""vo_char_3020_00_46_hca""]"	key_aligned	unique_charaNo_messageId_key_and_unique_cn_value	5	"[""81/response_body/gachaScheduleList/0/selectableCharaList/12/charaMessageList/10"",""84/response_body/gachaScheduleList/0/selectableCharaList/12/charaMessageList/10"",""86/response_body/gachaScheduleList/0/selectableCharaList/12/charaMessageList/10"",""101/response_body/gachaScheduleList/2/selectableCharaList/129/charaMessageList/10"",""104/response_body/gachaScheduleList/2/selectableCharaList/129/charaMessageList/10""]"
3022	6	あ…さっきからここにいましたけど…		[]	fuzzy_review	official_cn_key_not_present	2	"[""101/response_body/gachaScheduleList/2/selectableCharaList/79/charaMessageList/0"",""104/response_body/gachaScheduleList/2/selectableCharaList/79/charaMessageList/0""]"
3022	7	何事も普通が一番…そう、普通、普通…		[]	fuzzy_review	official_cn_key_not_present	2	"[""101/response_body/gachaScheduleList/2/selectableCharaList/79/charaMessageList/1"",""104/response_body/gachaScheduleList/2/selectableCharaList/79/charaMessageList/1""]"
3022	8	炊事洗濯その他雑用、何でもやりますんで！		[]	fuzzy_review	official_cn_key_not_present	2	"[""101/response_body/gachaScheduleList/2/selectableCharaList/79/charaMessageList/2"",""104/response_body/gachaScheduleList/2/selectableCharaList/79/charaMessageList/2""]"
3022	9	心から平穏を感じる日は来るんでしょうか…		[]	fuzzy_review	official_cn_key_not_present	2	"[""101/response_body/gachaScheduleList/2/selectableCharaList/79/charaMessageList/3"",""104/response_body/gachaScheduleList/2/selectableCharaList/79/charaMessageList/3""]"
3022	10	そ、そんなことしたら目立つじゃないですか！		[]	fuzzy_review	official_cn_key_not_present	2	"[""101/response_body/gachaScheduleList/2/selectableCharaList/79/charaMessageList/4"",""104/response_body/gachaScheduleList/2/selectableCharaList/79/charaMessageList/4""]"
3022	11	自分は普通でいたいだけなんですよ…！		[]	fuzzy_review	official_cn_key_not_present	2	"[""101/response_body/gachaScheduleList/2/selectableCharaList/79/charaMessageList/5"",""104/response_body/gachaScheduleList/2/selectableCharaList/79/charaMessageList/5""]"
3022	12	食事の用意、できてますんで、どうぞ！		[]	fuzzy_review	official_cn_key_not_present	2	"[""101/response_body/gachaScheduleList/2/selectableCharaList/79/charaMessageList/6"",""104/response_body/gachaScheduleList/2/selectableCharaList/79/charaMessageList/6""]"
3022	43	え…？勝っちゃいました…？		[]	fuzzy_review	official_cn_key_not_present	2	"[""101/response_body/gachaScheduleList/2/selectableCharaList/79/charaMessageList/7"",""104/response_body/gachaScheduleList/2/selectableCharaList/79/charaMessageList/7""]"
3022	44	偶然の勝利…ってやつですよね		[]	fuzzy_review	official_cn_key_not_present	2	"[""101/response_body/gachaScheduleList/2/selectableCharaList/79/charaMessageList/8"",""104/response_body/gachaScheduleList/2/selectableCharaList/79/charaMessageList/8""]"
3022	45	と、とにかく無事でした…		[]	fuzzy_review	official_cn_key_not_present	2	"[""101/response_body/gachaScheduleList/2/selectableCharaList/79/charaMessageList/9"",""104/response_body/gachaScheduleList/2/selectableCharaList/79/charaMessageList/9""]"
3022	46	何もなかったってことにしましょう…		[]	fuzzy_review	official_cn_key_not_present	2	"[""101/response_body/gachaScheduleList/2/selectableCharaList/79/charaMessageList/10"",""104/response_body/gachaScheduleList/2/selectableCharaList/79/charaMessageList/10""]"
3024	6	素敵なレストラン…星５つあげちゃう！	很棒的餐厅啊…给你打个五星！	"[""vo_char_3024_00_06_hca""]"	key_aligned	unique_charaNo_messageId_key_and_unique_cn_value	2	"[""101/response_body/gachaScheduleList/2/selectableCharaList/130/charaMessageList/0"",""104/response_body/gachaScheduleList/2/selectableCharaList/130/charaMessageList/0""]"
3024	7	はぁ～美味しかった！さ、次のお店行こう！	哈啊~真美味啊！好了，去下一家店吧！	"[""vo_char_3024_00_07_hca""]"	key_aligned	unique_charaNo_messageId_key_and_unique_cn_value	2	"[""101/response_body/gachaScheduleList/2/selectableCharaList/130/charaMessageList/1"",""104/response_body/gachaScheduleList/2/selectableCharaList/130/charaMessageList/1""]"
3024	8	私にできること…もっと考えなきゃ！	得好好思考…我能办到的事！	"[""vo_char_3024_00_08_hca""]"	key_aligned	unique_charaNo_messageId_key_and_unique_cn_value	2	"[""101/response_body/gachaScheduleList/2/selectableCharaList/130/charaMessageList/2"",""104/response_body/gachaScheduleList/2/selectableCharaList/130/charaMessageList/2""]"
3024	9	きちんとレビュー書くのって難しいな…	要写出好的评论真难啊…	"[""vo_char_3024_00_09_hca""]"	key_aligned	unique_charaNo_messageId_key_and_unique_cn_value	2	"[""101/response_body/gachaScheduleList/2/selectableCharaList/130/charaMessageList/3"",""104/response_body/gachaScheduleList/2/selectableCharaList/130/charaMessageList/3""]"
3024	10	まなか、なんか美味しいもの作って～	爱香，去做点好吃的东西吧~	"[""vo_char_3024_00_10_hca""]"	key_aligned	unique_charaNo_messageId_key_and_unique_cn_value	2	"[""101/response_body/gachaScheduleList/2/selectableCharaList/130/charaMessageList/4"",""104/response_body/gachaScheduleList/2/selectableCharaList/130/charaMessageList/4""]"
3024	11	ううぅぅ…お腹が空いて、力が…	呜呜呜…肚子空空的，没有力气了…	"[""vo_char_3024_00_11_hca""]"	key_aligned	unique_charaNo_messageId_key_and_unique_cn_value	2	"[""101/response_body/gachaScheduleList/2/selectableCharaList/130/charaMessageList/5"",""104/response_body/gachaScheduleList/2/selectableCharaList/130/charaMessageList/5""]"
3024	12	私、食べるの専門！料理は全然ダメなんだー	我是专门负责吃的！完全不会做饭	"[""vo_char_3024_00_12_hca""]"	key_aligned	unique_charaNo_messageId_key_and_unique_cn_value	2	"[""101/response_body/gachaScheduleList/2/selectableCharaList/130/charaMessageList/6"",""104/response_body/gachaScheduleList/2/selectableCharaList/130/charaMessageList/6""]"
3024	43	残さず平らげたよ！	一点不剩，吃得精光！	"[""vo_char_3024_00_43_hca""]"	key_aligned	unique_charaNo_messageId_key_and_unique_cn_value	2	"[""101/response_body/gachaScheduleList/2/selectableCharaList/130/charaMessageList/7"",""104/response_body/gachaScheduleList/2/selectableCharaList/130/charaMessageList/7""]"
3024	44	なかなかのお味でした！	很不错的味道嘛！	"[""vo_char_3024_00_44_hca""]"	key_aligned	unique_charaNo_messageId_key_and_unique_cn_value	2	"[""101/response_body/gachaScheduleList/2/selectableCharaList/130/charaMessageList/8"",""104/response_body/gachaScheduleList/2/selectableCharaList/130/charaMessageList/8""]"
3024	45	ぺろりと片づけちゃった	一下子全收拾掉	"[""vo_char_3024_00_45_hca""]"	key_aligned	unique_charaNo_messageId_key_and_unique_cn_value	2	"[""101/response_body/gachaScheduleList/2/selectableCharaList/130/charaMessageList/9"",""104/response_body/gachaScheduleList/2/selectableCharaList/130/charaMessageList/9""]"
3024	46	この戦い、星５つです！	这场战斗，五星好评！	"[""vo_char_3024_00_46_hca""]"	key_aligned	unique_charaNo_messageId_key_and_unique_cn_value	2	"[""101/response_body/gachaScheduleList/2/selectableCharaList/130/charaMessageList/10"",""104/response_body/gachaScheduleList/2/selectableCharaList/130/charaMessageList/10""]"
3025	6	辛いというより、哀しかったんです	比起难过，其实更让人觉得悲伤。	"[""vo_char_3025_00_06_hca""]"	key_aligned	unique_charaNo_messageId_key_and_unique_cn_value	5	"[""81/response_body/gachaScheduleList/0/selectableCharaList/13/charaMessageList/0"",""84/response_body/gachaScheduleList/0/selectableCharaList/13/charaMessageList/0"",""86/response_body/gachaScheduleList/0/selectableCharaList/13/charaMessageList/0"",""101/response_body/gachaScheduleList/2/selectableCharaList/131/charaMessageList/0"",""104/response_body/gachaScheduleList/2/selectableCharaList/131/charaMessageList/0""]"
3025	7	みんなみんな…優しくなれたらいいのに	大家……为什么不能友好一点呢？	"[""vo_char_3025_00_07_hca""]"	key_aligned	unique_charaNo_messageId_key_and_unique_cn_value	5	"[""81/response_body/gachaScheduleList/0/selectableCharaList/13/charaMessageList/1"",""84/response_body/gachaScheduleList/0/selectableCharaList/13/charaMessageList/1"",""86/response_body/gachaScheduleList/0/selectableCharaList/13/charaMessageList/1"",""101/response_body/gachaScheduleList/2/selectableCharaList/131/charaMessageList/1"",""104/response_body/gachaScheduleList/2/selectableCharaList/131/charaMessageList/1""]"
3025	8	私には、それはキラキラと輝いて見えました	在看我来，她真的是一个很耀眼的人。	"[""vo_char_3025_00_08_hca""]"	key_aligned	unique_charaNo_messageId_key_and_unique_cn_value	5	"[""81/response_body/gachaScheduleList/0/selectableCharaList/13/charaMessageList/2"",""84/response_body/gachaScheduleList/0/selectableCharaList/13/charaMessageList/2"",""86/response_body/gachaScheduleList/0/selectableCharaList/13/charaMessageList/2"",""101/response_body/gachaScheduleList/2/selectableCharaList/131/charaMessageList/2"",""104/response_body/gachaScheduleList/2/selectableCharaList/131/charaMessageList/2""]"
3025	9	また…死ぬのに失敗してしまいました	又没有死成……	"[""vo_char_3025_00_09_hca""]"	key_aligned	unique_charaNo_messageId_key_and_unique_cn_value	5	"[""81/response_body/gachaScheduleList/0/selectableCharaList/13/charaMessageList/3"",""84/response_body/gachaScheduleList/0/selectableCharaList/13/charaMessageList/3"",""86/response_body/gachaScheduleList/0/selectableCharaList/13/charaMessageList/3"",""101/response_body/gachaScheduleList/2/selectableCharaList/131/charaMessageList/3"",""104/response_body/gachaScheduleList/2/selectableCharaList/131/charaMessageList/3""]"
3025	10	私は…この希望を見つめて生きていこう	我……要注视着这份希望活下去。	"[""vo_char_3025_00_10_hca""]"	key_aligned	unique_charaNo_messageId_key_and_unique_cn_value	5	"[""81/response_body/gachaScheduleList/0/selectableCharaList/13/charaMessageList/4"",""84/response_body/gachaScheduleList/0/selectableCharaList/13/charaMessageList/4"",""86/response_body/gachaScheduleList/0/selectableCharaList/13/charaMessageList/4"",""101/response_body/gachaScheduleList/2/selectableCharaList/131/charaMessageList/4"",""104/response_body/gachaScheduleList/2/selectableCharaList/131/charaMessageList/4""]"
3025	11	いつだって上手く言葉が出てこない	我总是没法好好表达。	"[""vo_char_3025_00_11_hca""]"	key_aligned	unique_charaNo_messageId_key_and_unique_cn_value	5	"[""81/response_body/gachaScheduleList/0/selectableCharaList/13/charaMessageList/5"",""84/response_body/gachaScheduleList/0/selectableCharaList/13/charaMessageList/5"",""86/response_body/gachaScheduleList/0/selectableCharaList/13/charaMessageList/5"",""101/response_body/gachaScheduleList/2/selectableCharaList/131/charaMessageList/5"",""104/response_body/gachaScheduleList/2/selectableCharaList/131/charaMessageList/5""]"
3025	12	出てこい、私の言葉。私の声…！	快说出我想说的话，我的声音……！	"[""vo_char_3025_00_12_hca""]"	key_aligned	unique_charaNo_messageId_key_and_unique_cn_value	5	"[""81/response_body/gachaScheduleList/0/selectableCharaList/13/charaMessageList/6"",""84/response_body/gachaScheduleList/0/selectableCharaList/13/charaMessageList/6"",""86/response_body/gachaScheduleList/0/selectableCharaList/13/charaMessageList/6"",""101/response_body/gachaScheduleList/2/selectableCharaList/131/charaMessageList/6"",""104/response_body/gachaScheduleList/2/selectableCharaList/131/charaMessageList/6""]"
3025	43	勝ち…！…ました…はい…！	我……！……赢了……嗯！	"[""vo_char_3025_00_43_hca""]"	key_aligned	unique_charaNo_messageId_key_and_unique_cn_value	5	"[""81/response_body/gachaScheduleList/0/selectableCharaList/13/charaMessageList/7"",""84/response_body/gachaScheduleList/0/selectableCharaList/13/charaMessageList/7"",""86/response_body/gachaScheduleList/0/selectableCharaList/13/charaMessageList/7"",""101/response_body/gachaScheduleList/2/selectableCharaList/131/charaMessageList/7"",""104/response_body/gachaScheduleList/2/selectableCharaList/131/charaMessageList/7""]"
3025	44	まだ…心臓がドキドキしてます…@はい…	心脏……还是跳得很快……嗯……	"[""vo_char_3025_00_44_hca""]"	key_aligned	unique_charaNo_messageId_key_and_unique_cn_value	5	"[""81/response_body/gachaScheduleList/0/selectableCharaList/13/charaMessageList/8"",""84/response_body/gachaScheduleList/0/selectableCharaList/13/charaMessageList/8"",""86/response_body/gachaScheduleList/0/selectableCharaList/13/charaMessageList/8"",""101/response_body/gachaScheduleList/2/selectableCharaList/131/charaMessageList/8"",""104/response_body/gachaScheduleList/2/selectableCharaList/131/charaMessageList/8""]"
3025	45	生きてこそ…ですね	因为我还活着……	"[""vo_char_3025_00_45_hca""]"	key_aligned	unique_charaNo_messageId_key_and_unique_cn_value	5	"[""81/response_body/gachaScheduleList/0/selectableCharaList/13/charaMessageList/9"",""84/response_body/gachaScheduleList/0/selectableCharaList/13/charaMessageList/9"",""86/response_body/gachaScheduleList/0/selectableCharaList/13/charaMessageList/9"",""101/response_body/gachaScheduleList/2/selectableCharaList/131/charaMessageList/9"",""104/response_body/gachaScheduleList/2/selectableCharaList/131/charaMessageList/9""]"
3025	46	はいっ！これはっ…！@嬉しいドキドキですっ…！	对！这是……！喜悦的激动……！	"[""vo_char_3025_00_46_hca""]"	key_aligned	unique_charaNo_messageId_key_and_unique_cn_value	5	"[""81/response_body/gachaScheduleList/0/selectableCharaList/13/charaMessageList/10"",""84/response_body/gachaScheduleList/0/selectableCharaList/13/charaMessageList/10"",""86/response_body/gachaScheduleList/0/selectableCharaList/13/charaMessageList/10"",""101/response_body/gachaScheduleList/2/selectableCharaList/131/charaMessageList/10"",""104/response_body/gachaScheduleList/2/selectableCharaList/131/charaMessageList/10""]"
3026	6	葉月、あやめ。ついてらっしゃい	叶月、菖蒲。跟我来。	"[""vo_char_3026_00_06_hca""]"	key_aligned	unique_charaNo_messageId_key_and_unique_cn_value	5	"[""81/response_body/gachaScheduleList/0/selectableCharaList/14/charaMessageList/0"",""84/response_body/gachaScheduleList/0/selectableCharaList/14/charaMessageList/0"",""86/response_body/gachaScheduleList/0/selectableCharaList/14/charaMessageList/0"",""101/response_body/gachaScheduleList/2/selectableCharaList/132/charaMessageList/0"",""104/response_body/gachaScheduleList/2/selectableCharaList/132/charaMessageList/0""]"
3026	7	私たちは私たちで生き抜いてみせるわ	我们要用自己的方式活下去。	"[""vo_char_3026_00_07_hca""]"	key_aligned	unique_charaNo_messageId_key_and_unique_cn_value	5	"[""81/response_body/gachaScheduleList/0/selectableCharaList/14/charaMessageList/1"",""84/response_body/gachaScheduleList/0/selectableCharaList/14/charaMessageList/1"",""86/response_body/gachaScheduleList/0/selectableCharaList/14/charaMessageList/1"",""101/response_body/gachaScheduleList/2/selectableCharaList/132/charaMessageList/1"",""104/response_body/gachaScheduleList/2/selectableCharaList/132/charaMessageList/1""]"
3026	8	神浜市…なかなか悪くない狩場ね	神滨市……真是个不错的猎场。	"[""vo_char_3026_00_08_hca""]"	key_aligned	unique_charaNo_messageId_key_and_unique_cn_value	5	"[""81/response_body/gachaScheduleList/0/selectableCharaList/14/charaMessageList/2"",""84/response_body/gachaScheduleList/0/selectableCharaList/14/charaMessageList/2"",""86/response_body/gachaScheduleList/0/selectableCharaList/14/charaMessageList/2"",""101/response_body/gachaScheduleList/2/selectableCharaList/132/charaMessageList/2"",""104/response_body/gachaScheduleList/2/selectableCharaList/132/charaMessageList/2""]"
3026	9	別にこそこそしてるつもりはないわ…	"我没想偷偷摸摸……
只不过是收集情报而已。"	"[""vo_char_3026_00_09_hca""]"	key_aligned	unique_charaNo_messageId_key_and_unique_cn_value	5	"[""81/response_body/gachaScheduleList/0/selectableCharaList/14/charaMessageList/3"",""84/response_body/gachaScheduleList/0/selectableCharaList/14/charaMessageList/3"",""86/response_body/gachaScheduleList/0/selectableCharaList/14/charaMessageList/3"",""101/response_body/gachaScheduleList/2/selectableCharaList/132/charaMessageList/3"",""104/response_body/gachaScheduleList/2/selectableCharaList/132/charaMessageList/3""]"
3026	10	葉月、あやめ。いつものパターンで行くよ！	叶月、菖蒲。就按平常的样子行动吧！	"[""vo_char_3026_00_10_hca""]"	key_aligned	unique_charaNo_messageId_key_and_unique_cn_value	5	"[""81/response_body/gachaScheduleList/0/selectableCharaList/14/charaMessageList/4"",""84/response_body/gachaScheduleList/0/selectableCharaList/14/charaMessageList/4"",""86/response_body/gachaScheduleList/0/selectableCharaList/14/charaMessageList/4"",""101/response_body/gachaScheduleList/2/selectableCharaList/132/charaMessageList/4"",""104/response_body/gachaScheduleList/2/selectableCharaList/132/charaMessageList/4""]"
3026	11	手出ししないで。あれは私たちの獲物よ	请住手。那是我们的猎物。	"[""vo_char_3026_00_11_hca""]"	key_aligned	unique_charaNo_messageId_key_and_unique_cn_value	5	"[""81/response_body/gachaScheduleList/0/selectableCharaList/14/charaMessageList/5"",""84/response_body/gachaScheduleList/0/selectableCharaList/14/charaMessageList/5"",""86/response_body/gachaScheduleList/0/selectableCharaList/14/charaMessageList/5"",""101/response_body/gachaScheduleList/2/selectableCharaList/132/charaMessageList/5"",""104/response_body/gachaScheduleList/2/selectableCharaList/132/charaMessageList/5""]"
3026	12	すべてを背負って生きていくって決めたの…	我已经决定背负一切活下去了……	"[""vo_char_3026_00_12_hca""]"	key_aligned	unique_charaNo_messageId_key_and_unique_cn_value	5	"[""81/response_body/gachaScheduleList/0/selectableCharaList/14/charaMessageList/6"",""84/response_body/gachaScheduleList/0/selectableCharaList/14/charaMessageList/6"",""86/response_body/gachaScheduleList/0/selectableCharaList/14/charaMessageList/6"",""101/response_body/gachaScheduleList/2/selectableCharaList/132/charaMessageList/6"",""104/response_body/gachaScheduleList/2/selectableCharaList/132/charaMessageList/6""]"
3026	43	必ず生き延びてみせる…	我一定会活下去……	"[""vo_char_3026_00_43_hca""]"	key_aligned	unique_charaNo_messageId_key_and_unique_cn_value	5	"[""81/response_body/gachaScheduleList/0/selectableCharaList/14/charaMessageList/7"",""84/response_body/gachaScheduleList/0/selectableCharaList/14/charaMessageList/7"",""86/response_body/gachaScheduleList/0/selectableCharaList/14/charaMessageList/7"",""101/response_body/gachaScheduleList/2/selectableCharaList/132/charaMessageList/7"",""104/response_body/gachaScheduleList/2/selectableCharaList/132/charaMessageList/7""]"
3026	44	私の目は先を見据えてるの	我的眼睛一直看着前方。	"[""vo_char_3026_00_44_hca""]"	key_aligned	unique_charaNo_messageId_key_and_unique_cn_value	5	"[""81/response_body/gachaScheduleList/0/selectableCharaList/14/charaMessageList/8"",""84/response_body/gachaScheduleList/0/selectableCharaList/14/charaMessageList/8"",""86/response_body/gachaScheduleList/0/selectableCharaList/14/charaMessageList/8"",""101/response_body/gachaScheduleList/2/selectableCharaList/132/charaMessageList/8"",""104/response_body/gachaScheduleList/2/selectableCharaList/132/charaMessageList/8""]"
3026	45	そうね…こんなものかしら	是啊……就是这么回事吧。	"[""vo_char_3026_00_45_hca""]"	key_aligned	unique_charaNo_messageId_key_and_unique_cn_value	5	"[""81/response_body/gachaScheduleList/0/selectableCharaList/14/charaMessageList/9"",""84/response_body/gachaScheduleList/0/selectableCharaList/14/charaMessageList/9"",""86/response_body/gachaScheduleList/0/selectableCharaList/14/charaMessageList/9"",""101/response_body/gachaScheduleList/2/selectableCharaList/132/charaMessageList/9"",""104/response_body/gachaScheduleList/2/selectableCharaList/132/charaMessageList/9""]"
3026	46	前へ進む…ただそれだけよ	向前进……就这么简单。	"[""vo_char_3026_00_46_hca""]"	key_aligned	unique_charaNo_messageId_key_and_unique_cn_value	5	"[""81/response_body/gachaScheduleList/0/selectableCharaList/14/charaMessageList/10"",""84/response_body/gachaScheduleList/0/selectableCharaList/14/charaMessageList/10"",""86/response_body/gachaScheduleList/0/selectableCharaList/14/charaMessageList/10"",""101/response_body/gachaScheduleList/2/selectableCharaList/132/charaMessageList/10"",""104/response_body/gachaScheduleList/2/selectableCharaList/132/charaMessageList/10""]"
3032	6	莉愛ちゃんのことまた怒らせちゃったみたい	我似乎又惹莉爱生气了。	"[""vo_char_3032_00_06_hca""]"	key_aligned	unique_charaNo_messageId_key_and_unique_cn_value	5	"[""81/response_body/gachaScheduleList/0/selectableCharaList/15/charaMessageList/0"",""84/response_body/gachaScheduleList/0/selectableCharaList/15/charaMessageList/0"",""86/response_body/gachaScheduleList/0/selectableCharaList/15/charaMessageList/0"",""101/response_body/gachaScheduleList/2/selectableCharaList/133/charaMessageList/0"",""104/response_body/gachaScheduleList/2/selectableCharaList/133/charaMessageList/0""]"
3032	7	もうちょっと…一緒にいたいなぁ…	我好想……能再和他待一会儿……	"[""vo_char_3032_00_07_hca""]"	key_aligned	unique_charaNo_messageId_key_and_unique_cn_value	5	"[""81/response_body/gachaScheduleList/0/selectableCharaList/15/charaMessageList/1"",""84/response_body/gachaScheduleList/0/selectableCharaList/15/charaMessageList/1"",""86/response_body/gachaScheduleList/0/selectableCharaList/15/charaMessageList/1"",""101/response_body/gachaScheduleList/2/selectableCharaList/133/charaMessageList/1"",""104/response_body/gachaScheduleList/2/selectableCharaList/133/charaMessageList/1""]"
3032	8	刀の展示室に沙優希ちゃんが来てますね	沙优希来刀剑的展览区了呢。	"[""vo_char_3032_00_08_hca""]"	key_aligned	unique_charaNo_messageId_key_and_unique_cn_value	5	"[""81/response_body/gachaScheduleList/0/selectableCharaList/15/charaMessageList/2"",""84/response_body/gachaScheduleList/0/selectableCharaList/15/charaMessageList/2"",""86/response_body/gachaScheduleList/0/selectableCharaList/15/charaMessageList/2"",""101/response_body/gachaScheduleList/2/selectableCharaList/133/charaMessageList/2"",""104/response_body/gachaScheduleList/2/selectableCharaList/133/charaMessageList/2""]"
3032	9	あ、忘れ物しちゃいました…	啊，我有东西落下了……	"[""vo_char_3032_00_09_hca""]"	key_aligned	unique_charaNo_messageId_key_and_unique_cn_value	5	"[""81/response_body/gachaScheduleList/0/selectableCharaList/15/charaMessageList/3"",""84/response_body/gachaScheduleList/0/selectableCharaList/15/charaMessageList/3"",""86/response_body/gachaScheduleList/0/selectableCharaList/15/charaMessageList/3"",""101/response_body/gachaScheduleList/2/selectableCharaList/133/charaMessageList/3"",""104/response_body/gachaScheduleList/2/selectableCharaList/133/charaMessageList/3""]"
3032	10	うーん、何がいけなかったのかなぁ	嗯——有什么不行的吗？	"[""vo_char_3032_00_10_hca""]"	key_aligned	unique_charaNo_messageId_key_and_unique_cn_value	5	"[""81/response_body/gachaScheduleList/0/selectableCharaList/15/charaMessageList/4"",""84/response_body/gachaScheduleList/0/selectableCharaList/15/charaMessageList/4"",""86/response_body/gachaScheduleList/0/selectableCharaList/15/charaMessageList/4"",""101/response_body/gachaScheduleList/2/selectableCharaList/133/charaMessageList/4"",""104/response_body/gachaScheduleList/2/selectableCharaList/133/charaMessageList/4""]"
3032	11	また明日香ちゃんにお稽古お願いしようかな	训练的话，我再去拜托明日香吧。	"[""vo_char_3032_00_11_hca""]"	key_aligned	unique_charaNo_messageId_key_and_unique_cn_value	5	"[""81/response_body/gachaScheduleList/0/selectableCharaList/15/charaMessageList/5"",""84/response_body/gachaScheduleList/0/selectableCharaList/15/charaMessageList/5"",""86/response_body/gachaScheduleList/0/selectableCharaList/15/charaMessageList/5"",""101/response_body/gachaScheduleList/2/selectableCharaList/133/charaMessageList/5"",""104/response_body/gachaScheduleList/2/selectableCharaList/133/charaMessageList/5""]"
3032	12	そういうところ…好きです	我就是喜欢……这一点啊。	"[""vo_char_3032_00_12_hca""]"	key_aligned	unique_charaNo_messageId_key_and_unique_cn_value	5	"[""81/response_body/gachaScheduleList/0/selectableCharaList/15/charaMessageList/6"",""84/response_body/gachaScheduleList/0/selectableCharaList/15/charaMessageList/6"",""86/response_body/gachaScheduleList/0/selectableCharaList/15/charaMessageList/6"",""101/response_body/gachaScheduleList/2/selectableCharaList/133/charaMessageList/6"",""104/response_body/gachaScheduleList/2/selectableCharaList/133/charaMessageList/6""]"
3032	43	ん？あれ？勝ちました…？	嗯？诶？我赢了吗？	"[""vo_char_3032_00_43_hca""]"	key_aligned	unique_charaNo_messageId_key_and_unique_cn_value	5	"[""81/response_body/gachaScheduleList/0/selectableCharaList/15/charaMessageList/7"",""84/response_body/gachaScheduleList/0/selectableCharaList/15/charaMessageList/7"",""86/response_body/gachaScheduleList/0/selectableCharaList/15/charaMessageList/7"",""101/response_body/gachaScheduleList/2/selectableCharaList/133/charaMessageList/7"",""104/response_body/gachaScheduleList/2/selectableCharaList/133/charaMessageList/7""]"
3032	44	はぁ～、勝てました	哈啊～胜利了。	"[""vo_char_3032_00_44_hca""]"	key_aligned	unique_charaNo_messageId_key_and_unique_cn_value	5	"[""81/response_body/gachaScheduleList/0/selectableCharaList/15/charaMessageList/8"",""84/response_body/gachaScheduleList/0/selectableCharaList/15/charaMessageList/8"",""86/response_body/gachaScheduleList/0/selectableCharaList/15/charaMessageList/8"",""101/response_body/gachaScheduleList/2/selectableCharaList/133/charaMessageList/8"",""104/response_body/gachaScheduleList/2/selectableCharaList/133/charaMessageList/8""]"
3032	45	頑張りました！	我会努力的！	"[""vo_char_3032_00_45_hca""]"	key_aligned	unique_charaNo_messageId_key_and_unique_cn_value	5	"[""81/response_body/gachaScheduleList/0/selectableCharaList/15/charaMessageList/9"",""84/response_body/gachaScheduleList/0/selectableCharaList/15/charaMessageList/9"",""86/response_body/gachaScheduleList/0/selectableCharaList/15/charaMessageList/9"",""101/response_body/gachaScheduleList/2/selectableCharaList/133/charaMessageList/9"",""104/response_body/gachaScheduleList/2/selectableCharaList/133/charaMessageList/9""]"
3032	46	えへへ、嬉しいなぁ	诶嘿嘿，好开心。	"[""vo_char_3032_00_46_hca""]"	key_aligned	unique_charaNo_messageId_key_and_unique_cn_value	5	"[""81/response_body/gachaScheduleList/0/selectableCharaList/15/charaMessageList/10"",""84/response_body/gachaScheduleList/0/selectableCharaList/15/charaMessageList/10"",""86/response_body/gachaScheduleList/0/selectableCharaList/15/charaMessageList/10"",""101/response_body/gachaScheduleList/2/selectableCharaList/133/charaMessageList/10"",""104/response_body/gachaScheduleList/2/selectableCharaList/133/charaMessageList/10""]"
3033	6	ふみゃぁぁ～…！…はっ、反省のポーズっ！	"呜喵……！
是、是反省的姿势！"	"[""vo_char_3033_00_06_hca""]"	key_aligned	unique_charaNo_messageId_key_and_unique_cn_value	2	"[""101/response_body/gachaScheduleList/2/selectableCharaList/134/charaMessageList/0"",""104/response_body/gachaScheduleList/2/selectableCharaList/134/charaMessageList/0""]"
3033	7	沙優希がアイドル、ですか…？	沙优希是偶像了……？	"[""vo_char_3033_00_07_hca""]"	key_aligned	unique_charaNo_messageId_key_and_unique_cn_value	2	"[""101/response_body/gachaScheduleList/2/selectableCharaList/134/charaMessageList/1"",""104/response_body/gachaScheduleList/2/selectableCharaList/134/charaMessageList/1""]"
3033	8	ふぎゃああっ！おばけさんなのですぅ～っ！	咿啊啊啊！有妖怪！	"[""vo_char_3033_00_08_hca""]"	key_aligned	unique_charaNo_messageId_key_and_unique_cn_value	2	"[""101/response_body/gachaScheduleList/2/selectableCharaList/134/charaMessageList/2"",""104/response_body/gachaScheduleList/2/selectableCharaList/134/charaMessageList/2""]"
3033	9	今日も、放課後は美術館に行く予定です～！	今天放学后，也打算去美术馆！	"[""vo_char_3033_00_09_hca""]"	key_aligned	unique_charaNo_messageId_key_and_unique_cn_value	2	"[""101/response_body/gachaScheduleList/2/selectableCharaList/134/charaMessageList/3"",""104/response_body/gachaScheduleList/2/selectableCharaList/134/charaMessageList/3""]"
3033	10	永禄3年、かの戦国大名、織田信長殿は…	永禄3年，那位战国大名，织田信长殿下……	"[""vo_char_3033_00_10_hca""]"	key_aligned	unique_charaNo_messageId_key_and_unique_cn_value	2	"[""101/response_body/gachaScheduleList/2/selectableCharaList/134/charaMessageList/4"",""104/response_body/gachaScheduleList/2/selectableCharaList/134/charaMessageList/4""]"
3033	11	これからも見守っていてください、ですっ！	今后也请见证我的成长，的说！	"[""vo_char_3033_00_11_hca""]"	key_aligned	unique_charaNo_messageId_key_and_unique_cn_value	2	"[""101/response_body/gachaScheduleList/2/selectableCharaList/134/charaMessageList/5"",""104/response_body/gachaScheduleList/2/selectableCharaList/134/charaMessageList/5""]"
3033	12	天然ボケ？キャラクター？…です～？	天然呆？人设？	"[""vo_char_3033_00_12_hca""]"	key_aligned	unique_charaNo_messageId_key_and_unique_cn_value	2	"[""101/response_body/gachaScheduleList/2/selectableCharaList/134/charaMessageList/6"",""104/response_body/gachaScheduleList/2/selectableCharaList/134/charaMessageList/6""]"
3033	43	討ち取ったり！…ですーっ！	得胜！的说！	"[""vo_char_3033_00_43_hca""]"	key_aligned	unique_charaNo_messageId_key_and_unique_cn_value	2	"[""101/response_body/gachaScheduleList/2/selectableCharaList/134/charaMessageList/7"",""104/response_body/gachaScheduleList/2/selectableCharaList/134/charaMessageList/7""]"
3033	44	たくさん歌えました～！	唱了好多歌~	"[""vo_char_3033_00_44_hca""]"	key_aligned	unique_charaNo_messageId_key_and_unique_cn_value	2	"[""101/response_body/gachaScheduleList/2/selectableCharaList/134/charaMessageList/8"",""104/response_body/gachaScheduleList/2/selectableCharaList/134/charaMessageList/8""]"
3033	45	これにて一件落着！です！	这样就结束了！的说！	"[""vo_char_3033_00_45_hca""]"	key_aligned	unique_charaNo_messageId_key_and_unique_cn_value	2	"[""101/response_body/gachaScheduleList/2/selectableCharaList/134/charaMessageList/9"",""104/response_body/gachaScheduleList/2/selectableCharaList/134/charaMessageList/9""]"
3033	46	うむ！大儀であった！なんて冗談です～	嗯！费了好大劲！哎呀开玩笑的说~	"[""vo_char_3033_00_46_hca""]"	key_aligned	unique_charaNo_messageId_key_and_unique_cn_value	2	"[""101/response_body/gachaScheduleList/2/selectableCharaList/134/charaMessageList/10"",""104/response_body/gachaScheduleList/2/selectableCharaList/134/charaMessageList/10""]"
3035	6	いらっしゃいませ！唐揚げができましたよ！	您来啦！炸鸡已经做好了哦！	"[""vo_char_3035_00_06_hca""]"	key_aligned	unique_charaNo_messageId_key_and_unique_cn_value	2	"[""101/response_body/gachaScheduleList/2/selectableCharaList/135/charaMessageList/0"",""104/response_body/gachaScheduleList/2/selectableCharaList/135/charaMessageList/0""]"
3035	7	千秋屋のおかず、試食で一口どうですか？	千秋屋的小菜，要试吃一口吗？	"[""vo_char_3035_00_07_hca""]"	key_aligned	unique_charaNo_messageId_key_and_unique_cn_value	2	"[""101/response_body/gachaScheduleList/2/selectableCharaList/135/charaMessageList/1"",""104/response_body/gachaScheduleList/2/selectableCharaList/135/charaMessageList/1""]"
3035	8	うちの看板犬、豆柴のマメジですわんっ！	这是我家的看板狗，豆柴犬“豆吉”汪！	"[""vo_char_3035_00_08_hca""]"	key_aligned	unique_charaNo_messageId_key_and_unique_cn_value	2	"[""101/response_body/gachaScheduleList/2/selectableCharaList/135/charaMessageList/2"",""104/response_body/gachaScheduleList/2/selectableCharaList/135/charaMessageList/2""]"
3035	9	真っ白でピカピカの三角巾が目印ですから！	纯白色闪闪发光的三角巾就是标记！	"[""vo_char_3035_00_09_hca""]"	key_aligned	unique_charaNo_messageId_key_and_unique_cn_value	2	"[""101/response_body/gachaScheduleList/2/selectableCharaList/135/charaMessageList/3"",""104/response_body/gachaScheduleList/2/selectableCharaList/135/charaMessageList/3""]"
3035	10	泣いたら負け！寂しくなんてないですから！	"要是哭出来的话就输了！
我一点都不寂寞！"	"[""vo_char_3035_00_10_hca""]"	key_aligned	unique_charaNo_messageId_key_and_unique_cn_value	2	"[""101/response_body/gachaScheduleList/2/selectableCharaList/135/charaMessageList/4"",""104/response_body/gachaScheduleList/2/selectableCharaList/135/charaMessageList/4""]"
3035	11	願わなきゃ良かった、近くに居て欲しかった	要是没有许愿就好了，好想你在我身边。	"[""vo_char_3035_00_11_hca""]"	key_aligned	unique_charaNo_messageId_key_and_unique_cn_value	2	"[""101/response_body/gachaScheduleList/2/selectableCharaList/135/charaMessageList/5"",""104/response_body/gachaScheduleList/2/selectableCharaList/135/charaMessageList/5""]"
3035	12	お姉さん…おねえさぁん…ふぅぅ…	姐姐……姐姐……呜呜呜……	"[""vo_char_3035_00_12_hca""]"	key_aligned	unique_charaNo_messageId_key_and_unique_cn_value	2	"[""101/response_body/gachaScheduleList/2/selectableCharaList/135/charaMessageList/6"",""104/response_body/gachaScheduleList/2/selectableCharaList/135/charaMessageList/6""]"
3035	43	わたしだって、@ちょっとは成長してますから！	我也是会成长的哦！	"[""vo_char_3035_00_43_hca""]"	key_aligned	unique_charaNo_messageId_key_and_unique_cn_value	2	"[""101/response_body/gachaScheduleList/2/selectableCharaList/135/charaMessageList/7"",""104/response_body/gachaScheduleList/2/selectableCharaList/135/charaMessageList/7""]"
3035	44	接客も魔女退治も、@笑顔が一番ですから！	对待客人和退治魔女，笑容都是第一位的！	"[""vo_char_3035_00_44_hca""]"	key_aligned	unique_charaNo_messageId_key_and_unique_cn_value	2	"[""101/response_body/gachaScheduleList/2/selectableCharaList/135/charaMessageList/8"",""104/response_body/gachaScheduleList/2/selectableCharaList/135/charaMessageList/8""]"
3035	45	どうですか!?@お姉さんっぽくできたと思いますか!?	怎么样！？我有没有一点儿姐姐的样子！？	"[""vo_char_3035_00_45_hca""]"	key_aligned	unique_charaNo_messageId_key_and_unique_cn_value	2	"[""101/response_body/gachaScheduleList/2/selectableCharaList/135/charaMessageList/9"",""104/response_body/gachaScheduleList/2/selectableCharaList/135/charaMessageList/9""]"
3035	46	千秋屋の看板は@簡単に背負えるものじゃないです！	千秋屋的看板娘才不会轻易就骄傲呢！	"[""vo_char_3035_00_46_hca""]"	key_aligned	unique_charaNo_messageId_key_and_unique_cn_value	2	"[""101/response_body/gachaScheduleList/2/selectableCharaList/135/charaMessageList/10"",""104/response_body/gachaScheduleList/2/selectableCharaList/135/charaMessageList/10""]"
3038	6	確かに、それもひとつの史観かもね	确实，这或许也是一种史观	"[""vo_char_3038_00_06_hca""]"	key_aligned	unique_charaNo_messageId_key_and_unique_cn_value	2	"[""101/response_body/gachaScheduleList/2/selectableCharaList/136/charaMessageList/0"",""104/response_body/gachaScheduleList/2/selectableCharaList/136/charaMessageList/0""]"
3038	7	信じてくれたのは、吉良だけだった…	愿意相信我的，只有吉良一个人…	"[""vo_char_3038_00_07_hca""]"	key_aligned	unique_charaNo_messageId_key_and_unique_cn_value	2	"[""101/response_body/gachaScheduleList/2/selectableCharaList/136/charaMessageList/1"",""104/response_body/gachaScheduleList/2/selectableCharaList/136/charaMessageList/1""]"
3038	8	主観を排することで見えてくるものもあるよ	"有时会有将自己的主观排除在外才能看到的事
物"	"[""vo_char_3038_00_08_hca""]"	key_aligned	unique_charaNo_messageId_key_and_unique_cn_value	2	"[""101/response_body/gachaScheduleList/2/selectableCharaList/136/charaMessageList/2"",""104/response_body/gachaScheduleList/2/selectableCharaList/136/charaMessageList/2""]"
3038	9	うーん、何とか発掘できないかな…	嗯——，有没有办法进行挖掘呢…	"[""vo_char_3038_00_09_hca""]"	key_aligned	unique_charaNo_messageId_key_and_unique_cn_value	2	"[""101/response_body/gachaScheduleList/2/selectableCharaList/136/charaMessageList/3"",""104/response_body/gachaScheduleList/2/selectableCharaList/136/charaMessageList/3""]"
3038	10	間違いない…これは、古墳よ！	不会错的…这是个，古坟！	"[""vo_char_3038_00_10_hca""]"	key_aligned	unique_charaNo_messageId_key_and_unique_cn_value	2	"[""101/response_body/gachaScheduleList/2/selectableCharaList/136/charaMessageList/4"",""104/response_body/gachaScheduleList/2/selectableCharaList/136/charaMessageList/4""]"
3038	11	客観的でいる方が、気が楽なのよ	保持客观，才更为轻松哦	"[""vo_char_3038_00_11_hca""]"	key_aligned	unique_charaNo_messageId_key_and_unique_cn_value	2	"[""101/response_body/gachaScheduleList/2/selectableCharaList/136/charaMessageList/5"",""104/response_body/gachaScheduleList/2/selectableCharaList/136/charaMessageList/5""]"
3038	12	私の言った通りでしょう？	正如我所说的那样吧？	"[""vo_char_3038_00_12_hca""]"	key_aligned	unique_charaNo_messageId_key_and_unique_cn_value	2	"[""101/response_body/gachaScheduleList/2/selectableCharaList/136/charaMessageList/6"",""104/response_body/gachaScheduleList/2/selectableCharaList/136/charaMessageList/6""]"
3038	43	…教訓は得られたかな？	…吸取了教训了吗？	"[""vo_char_3038_00_43_hca""]"	key_aligned	unique_charaNo_messageId_key_and_unique_cn_value	2	"[""101/response_body/gachaScheduleList/2/selectableCharaList/136/charaMessageList/7"",""104/response_body/gachaScheduleList/2/selectableCharaList/136/charaMessageList/7""]"
3038	44	勝者は未来が決めるのよ	胜者决定未来	"[""vo_char_3038_00_44_hca""]"	key_aligned	unique_charaNo_messageId_key_and_unique_cn_value	2	"[""101/response_body/gachaScheduleList/2/selectableCharaList/136/charaMessageList/8"",""104/response_body/gachaScheduleList/2/selectableCharaList/136/charaMessageList/8""]"
3038	45	探究を続けましょうか	继续探究吗	"[""vo_char_3038_00_45_hca""]"	key_aligned	unique_charaNo_messageId_key_and_unique_cn_value	2	"[""101/response_body/gachaScheduleList/2/selectableCharaList/136/charaMessageList/9"",""104/response_body/gachaScheduleList/2/selectableCharaList/136/charaMessageList/9""]"
3038	46	歴史に学ばぬ者の末路ね	不学历史之人的末路呢	"[""vo_char_3038_00_46_hca""]"	key_aligned	unique_charaNo_messageId_key_and_unique_cn_value	2	"[""101/response_body/gachaScheduleList/2/selectableCharaList/136/charaMessageList/10"",""104/response_body/gachaScheduleList/2/selectableCharaList/136/charaMessageList/10""]"
3043	6	｜４人の幸せが、私にとっての幸せ｜	｜她们四人的幸福，便是我的幸福。｜	"[""vo_char_3043_00_06_hca""]"	key_aligned	unique_charaNo_messageId_key_and_unique_cn_value	2	"[""101/response_body/gachaScheduleList/2/selectableCharaList/12/charaMessageList/0"",""104/response_body/gachaScheduleList/2/selectableCharaList/12/charaMessageList/0""]"
3043	7	｜本の中のみんなにも教えてあげないと｜	｜要告诉书本里的其他人才行。｜	"[""vo_char_3043_00_07_hca""]"	key_aligned	unique_charaNo_messageId_key_and_unique_cn_value	2	"[""101/response_body/gachaScheduleList/2/selectableCharaList/12/charaMessageList/1"",""104/response_body/gachaScheduleList/2/selectableCharaList/12/charaMessageList/1""]"
3043	8	｜私、何にもできないけど何でも知ってる｜	｜我虽然什么都不会做，却什么都知道。｜	"[""vo_char_3043_00_08_hca""]"	key_aligned	unique_charaNo_messageId_key_and_unique_cn_value	2	"[""101/response_body/gachaScheduleList/2/selectableCharaList/12/charaMessageList/2"",""104/response_body/gachaScheduleList/2/selectableCharaList/12/charaMessageList/2""]"
3043	9	｜…動画サイトデビュー？｜	｜……在视频网站出道？｜	"[""vo_char_3043_00_09_hca""]"	key_aligned	unique_charaNo_messageId_key_and_unique_cn_value	2	"[""101/response_body/gachaScheduleList/2/selectableCharaList/12/charaMessageList/3"",""104/response_body/gachaScheduleList/2/selectableCharaList/12/charaMessageList/3""]"
3043	10	｜守る事になると、歯止めが利かなくて…｜	｜每到守护什么的时候，就刹不住车了……｜	"[""vo_char_3043_00_10_hca""]"	key_aligned	unique_charaNo_messageId_key_and_unique_cn_value	2	"[""101/response_body/gachaScheduleList/2/selectableCharaList/12/charaMessageList/4"",""104/response_body/gachaScheduleList/2/selectableCharaList/12/charaMessageList/4""]"
3043	11	｜帰りたい…桜か、みんなが居る所に…｜	｜想要回到……有着樱花和大家的地方……｜	"[""vo_char_3043_00_11_hca""]"	key_aligned	unique_charaNo_messageId_key_and_unique_cn_value	2	"[""101/response_body/gachaScheduleList/2/selectableCharaList/12/charaMessageList/5"",""104/response_body/gachaScheduleList/2/selectableCharaList/12/charaMessageList/5""]"
3043	12	｜私の本望、みんな良かったね｜	｜我的本愿，就是大家都好好的。｜	"[""vo_char_3043_00_12_hca""]"	key_aligned	unique_charaNo_messageId_key_and_unique_cn_value	2	"[""101/response_body/gachaScheduleList/2/selectableCharaList/12/charaMessageList/6"",""104/response_body/gachaScheduleList/2/selectableCharaList/12/charaMessageList/6""]"
3043	43	｜外にはこういう敵がいる…覚えたよ｜	外面还有这样的敌人……我记住了。	"[""vo_char_3043_00_43_hca""]"	key_aligned	unique_charaNo_messageId_key_and_unique_cn_value	2	"[""101/response_body/gachaScheduleList/2/selectableCharaList/12/charaMessageList/7"",""104/response_body/gachaScheduleList/2/selectableCharaList/12/charaMessageList/7""]"
3043	44	｜込み上げる感覚、@嬉しいってことかな｜	这涌起的感觉，就是喜悦吗？	"[""vo_char_3043_00_44_hca""]"	key_aligned	unique_charaNo_messageId_key_and_unique_cn_value	2	"[""101/response_body/gachaScheduleList/2/selectableCharaList/12/charaMessageList/8"",""104/response_body/gachaScheduleList/2/selectableCharaList/12/charaMessageList/8""]"
3043	45	｜散るのも花。だけど、私は散らない｜	花开终须谢。但我不会。	"[""vo_char_3043_00_45_hca""]"	key_aligned	unique_charaNo_messageId_key_and_unique_cn_value	2	"[""101/response_body/gachaScheduleList/2/selectableCharaList/12/charaMessageList/9"",""104/response_body/gachaScheduleList/2/selectableCharaList/12/charaMessageList/9""]"
3043	46	｜倒すことを、あの子たちが望むなら｜	如果她们期望如此，我便会去打倒敌人。	"[""vo_char_3043_00_46_hca""]"	key_aligned	unique_charaNo_messageId_key_and_unique_cn_value	2	"[""101/response_body/gachaScheduleList/2/selectableCharaList/12/charaMessageList/10"",""104/response_body/gachaScheduleList/2/selectableCharaList/12/charaMessageList/10""]"
3049	6	誰かを巻き込むなら…独りの方がいい…	比起把别人卷入其中……还不如独自一人……	"[""vo_char_3049_00_06_hca""]"	key_aligned	unique_charaNo_messageId_key_and_unique_cn_value	2	"[""101/response_body/gachaScheduleList/2/selectableCharaList/137/charaMessageList/0"",""104/response_body/gachaScheduleList/2/selectableCharaList/137/charaMessageList/0""]"
3049	7	別に…やちよの家の様子を…見てた訳じゃ…	倒不是……想看八千代家里的情况……	"[""vo_char_3049_00_07_hca""]"	key_aligned	unique_charaNo_messageId_key_and_unique_cn_value	2	"[""101/response_body/gachaScheduleList/2/selectableCharaList/137/charaMessageList/1"",""104/response_body/gachaScheduleList/2/selectableCharaList/137/charaMessageList/1""]"
3049	8	あたし…ネコじゃないけど…	我……并不是猫……	"[""vo_char_3049_00_08_hca""]"	key_aligned	unique_charaNo_messageId_key_and_unique_cn_value	2	"[""101/response_body/gachaScheduleList/2/selectableCharaList/137/charaMessageList/2"",""104/response_body/gachaScheduleList/2/selectableCharaList/137/charaMessageList/2""]"
3049	9	歌って…叫んで…全てを燃焼させたい…	去歌唱……去呐喊……去燃烧一切……	"[""vo_char_3049_00_09_hca""]"	key_aligned	unique_charaNo_messageId_key_and_unique_cn_value	2	"[""101/response_body/gachaScheduleList/2/selectableCharaList/137/charaMessageList/3"",""104/response_body/gachaScheduleList/2/selectableCharaList/137/charaMessageList/3""]"
3049	10	おばあさん…家にいる…？	奶奶……在家里吗？	"[""vo_char_3049_00_10_hca""]"	key_aligned	unique_charaNo_messageId_key_and_unique_cn_value	2	"[""101/response_body/gachaScheduleList/2/selectableCharaList/137/charaMessageList/4"",""104/response_body/gachaScheduleList/2/selectableCharaList/137/charaMessageList/4""]"
3049	11	この目つきで…どれだけ勘違いされたか…	我的眼神……究竟是被误解到什么程度了……	"[""vo_char_3049_00_11_hca""]"	key_aligned	unique_charaNo_messageId_key_and_unique_cn_value	2	"[""101/response_body/gachaScheduleList/2/selectableCharaList/137/charaMessageList/5"",""104/response_body/gachaScheduleList/2/selectableCharaList/137/charaMessageList/5""]"
3049	12	心は…空気に伝わって…周りに伝播する…	心情……会透过空气……传递给四周……	"[""vo_char_3049_00_12_hca""]"	key_aligned	unique_charaNo_messageId_key_and_unique_cn_value	2	"[""101/response_body/gachaScheduleList/2/selectableCharaList/137/charaMessageList/6"",""104/response_body/gachaScheduleList/2/selectableCharaList/137/charaMessageList/6""]"
3049	43	ケンカで…場数だけは踏んでるから…	因为打架……已经打出经验了……	"[""vo_char_3049_00_43_hca""]"	key_aligned	unique_charaNo_messageId_key_and_unique_cn_value	2	"[""101/response_body/gachaScheduleList/2/selectableCharaList/137/charaMessageList/7"",""104/response_body/gachaScheduleList/2/selectableCharaList/137/charaMessageList/7""]"
3049	44	背中を任せる安心感…心が落ち着く…	能够交出身后的安心感……让人放心……	"[""vo_char_3049_00_44_hca""]"	key_aligned	unique_charaNo_messageId_key_and_unique_cn_value	2	"[""101/response_body/gachaScheduleList/2/selectableCharaList/137/charaMessageList/8"",""104/response_body/gachaScheduleList/2/selectableCharaList/137/charaMessageList/8""]"
3049	45	協力プレー…って、思っていい…？	合作演奏……可以这样认为吗？	"[""vo_char_3049_00_45_hca""]"	key_aligned	unique_charaNo_messageId_key_and_unique_cn_value	2	"[""101/response_body/gachaScheduleList/2/selectableCharaList/137/charaMessageList/9"",""104/response_body/gachaScheduleList/2/selectableCharaList/137/charaMessageList/9""]"
3049	46	みんなと戦える今に…感謝…	能和大家共同战斗的现在……我很感恩……	"[""vo_char_3049_00_46_hca""]"	key_aligned	unique_charaNo_messageId_key_and_unique_cn_value	2	"[""101/response_body/gachaScheduleList/2/selectableCharaList/137/charaMessageList/10"",""104/response_body/gachaScheduleList/2/selectableCharaList/137/charaMessageList/10""]"
3050	6	もう、財力に頼ることはいたしませんわ		[]	fuzzy_review	official_cn_key_not_present	2	"[""101/response_body/gachaScheduleList/2/selectableCharaList/138/charaMessageList/0"",""104/response_body/gachaScheduleList/2/selectableCharaList/138/charaMessageList/0""]"
3050	7	あぁ…！あの方を想うだけで、胸が…！		[]	fuzzy_review	official_cn_key_not_present	2	"[""101/response_body/gachaScheduleList/2/selectableCharaList/138/charaMessageList/1"",""104/response_body/gachaScheduleList/2/selectableCharaList/138/charaMessageList/1""]"
3050	8	インスタント…？これは食べられるもの…？		[]	fuzzy_review	official_cn_key_not_present	2	"[""101/response_body/gachaScheduleList/2/selectableCharaList/138/charaMessageList/2"",""104/response_body/gachaScheduleList/2/selectableCharaList/138/charaMessageList/2""]"
3050	9	こんな汚れた場所に来て…怒られないかしら		[]	fuzzy_review	official_cn_key_not_present	2	"[""101/response_body/gachaScheduleList/2/selectableCharaList/138/charaMessageList/3"",""104/response_body/gachaScheduleList/2/selectableCharaList/138/charaMessageList/3""]"
3050	10	これが…サクセスストーリーですね!?		[]	fuzzy_review	official_cn_key_not_present	2	"[""101/response_body/gachaScheduleList/2/selectableCharaList/138/charaMessageList/4"",""104/response_body/gachaScheduleList/2/selectableCharaList/138/charaMessageList/4""]"
3050	11	これでは…わたくしは空っぽのまま…		[]	fuzzy_review	official_cn_key_not_present	2	"[""101/response_body/gachaScheduleList/2/selectableCharaList/138/charaMessageList/5"",""104/response_body/gachaScheduleList/2/selectableCharaList/138/charaMessageList/5""]"
3050	12	このマニュアルがあれば万事解決ですわね		[]	fuzzy_review	official_cn_key_not_present	2	"[""101/response_body/gachaScheduleList/2/selectableCharaList/138/charaMessageList/6"",""104/response_body/gachaScheduleList/2/selectableCharaList/138/charaMessageList/6""]"
3050	43	ふぅ…何とかなりましたわ…		[]	fuzzy_review	official_cn_key_not_present	2	"[""101/response_body/gachaScheduleList/2/selectableCharaList/138/charaMessageList/7"",""104/response_body/gachaScheduleList/2/selectableCharaList/138/charaMessageList/7""]"
3050	44	皆さま、ご無事で何よりですわ		[]	fuzzy_review	official_cn_key_not_present	2	"[""101/response_body/gachaScheduleList/2/selectableCharaList/138/charaMessageList/8"",""104/response_body/gachaScheduleList/2/selectableCharaList/138/charaMessageList/8""]"
3050	45	わたくしもいつか、あの方のお傍に…		[]	fuzzy_review	official_cn_key_not_present	2	"[""101/response_body/gachaScheduleList/2/selectableCharaList/138/charaMessageList/9"",""104/response_body/gachaScheduleList/2/selectableCharaList/138/charaMessageList/9""]"
3050	46	これがわたくしの選んだ道…		[]	fuzzy_review	official_cn_key_not_present	2	"[""101/response_body/gachaScheduleList/2/selectableCharaList/138/charaMessageList/10"",""104/response_body/gachaScheduleList/2/selectableCharaList/138/charaMessageList/10""]"
3051	6	ま、時代遅れかもしれねェけどさ…		[]	fuzzy_review	official_cn_key_not_present	2	"[""101/response_body/gachaScheduleList/2/selectableCharaList/139/charaMessageList/0"",""104/response_body/gachaScheduleList/2/selectableCharaList/139/charaMessageList/0""]"
3051	7	魔法に、奇跡ねェ…すぐには信じられねェな		[]	fuzzy_review	official_cn_key_not_present	2	"[""101/response_body/gachaScheduleList/2/selectableCharaList/139/charaMessageList/1"",""104/response_body/gachaScheduleList/2/selectableCharaList/139/charaMessageList/1""]"
3051	8	ヘヘーン、当たりが入ってた！		[]	fuzzy_review	official_cn_key_not_present	2	"[""101/response_body/gachaScheduleList/2/selectableCharaList/139/charaMessageList/2"",""104/response_body/gachaScheduleList/2/selectableCharaList/139/charaMessageList/2""]"
3051	9	きたきたきた！このパチパチ感がたまんねェ		[]	fuzzy_review	official_cn_key_not_present	2	"[""101/response_body/gachaScheduleList/2/selectableCharaList/139/charaMessageList/3"",""104/response_body/gachaScheduleList/2/selectableCharaList/139/charaMessageList/3""]"
3051	10	通学バッグの中身？ぜんぶ駄菓子だよ		[]	fuzzy_review	official_cn_key_not_present	2	"[""101/response_body/gachaScheduleList/2/selectableCharaList/139/charaMessageList/4"",""104/response_body/gachaScheduleList/2/selectableCharaList/139/charaMessageList/4""]"
3051	11	やっぱ無果汁に限るよな！		[]	fuzzy_review	official_cn_key_not_present	2	"[""101/response_body/gachaScheduleList/2/selectableCharaList/139/charaMessageList/5"",""104/response_body/gachaScheduleList/2/selectableCharaList/139/charaMessageList/5""]"
3051	12	一等賞を引いた気分だぜ！		[]	fuzzy_review	official_cn_key_not_present	2	"[""101/response_body/gachaScheduleList/2/selectableCharaList/139/charaMessageList/6"",""104/response_body/gachaScheduleList/2/selectableCharaList/139/charaMessageList/6""]"
3051	43	チープなのがいいんだよ		[]	fuzzy_review	official_cn_key_not_present	2	"[""101/response_body/gachaScheduleList/2/selectableCharaList/139/charaMessageList/7"",""104/response_body/gachaScheduleList/2/selectableCharaList/139/charaMessageList/7""]"
3051	44	釣りは100万円ってな！		[]	fuzzy_review	official_cn_key_not_present	2	"[""101/response_body/gachaScheduleList/2/selectableCharaList/139/charaMessageList/8"",""104/response_body/gachaScheduleList/2/selectableCharaList/139/charaMessageList/8""]"
3051	45	礼なら駄菓子に言ってくれ		[]	fuzzy_review	official_cn_key_not_present	2	"[""101/response_body/gachaScheduleList/2/selectableCharaList/139/charaMessageList/9"",""104/response_body/gachaScheduleList/2/selectableCharaList/139/charaMessageList/9""]"
3051	46	ほら、気に入っただろ？		[]	fuzzy_review	official_cn_key_not_present	2	"[""101/response_body/gachaScheduleList/2/selectableCharaList/139/charaMessageList/10"",""104/response_body/gachaScheduleList/2/selectableCharaList/139/charaMessageList/10""]"
3052	6	決めました！この子の名前は熊乃介デース！		[]	fuzzy_review	official_cn_key_not_present	2	"[""101/response_body/gachaScheduleList/2/selectableCharaList/34/charaMessageList/0"",""104/response_body/gachaScheduleList/2/selectableCharaList/34/charaMessageList/0""]"
3052	7	Humm…甲乙つけがたい可愛さデスネ…		[]	fuzzy_review	official_cn_key_not_present	2	"[""101/response_body/gachaScheduleList/2/selectableCharaList/34/charaMessageList/1"",""104/response_body/gachaScheduleList/2/selectableCharaList/34/charaMessageList/1""]"
3052	8	故郷へ錦を飾る…私は動画を送りマース！		[]	fuzzy_review	official_cn_key_not_present	2	"[""101/response_body/gachaScheduleList/2/selectableCharaList/34/charaMessageList/2"",""104/response_body/gachaScheduleList/2/selectableCharaList/34/charaMessageList/2""]"
3052	9	Hi！理子、今日のオススメはなんデスカ？		[]	fuzzy_review	official_cn_key_not_present	2	"[""101/response_body/gachaScheduleList/2/selectableCharaList/34/charaMessageList/3"",""104/response_body/gachaScheduleList/2/selectableCharaList/34/charaMessageList/3""]"
3052	10	…日本…やっとこれまシタネー		[]	fuzzy_review	official_cn_key_not_present	2	"[""101/response_body/gachaScheduleList/2/selectableCharaList/34/charaMessageList/4"",""104/response_body/gachaScheduleList/2/selectableCharaList/34/charaMessageList/4""]"
3052	11	ダディ…私、どうしても日本に行きたいデス		[]	fuzzy_review	official_cn_key_not_present	2	"[""101/response_body/gachaScheduleList/2/selectableCharaList/34/charaMessageList/5"",""104/response_body/gachaScheduleList/2/selectableCharaList/34/charaMessageList/5""]"
3052	12	アイドルを応援するためオタ芸極めまシタヨ		[]	fuzzy_review	official_cn_key_not_present	2	"[""101/response_body/gachaScheduleList/2/selectableCharaList/34/charaMessageList/6"",""104/response_body/gachaScheduleList/2/selectableCharaList/34/charaMessageList/6""]"
3052	43	他愛もなかったデスネー		[]	fuzzy_review	official_cn_key_not_present	2	"[""101/response_body/gachaScheduleList/2/selectableCharaList/34/charaMessageList/7"",""104/response_body/gachaScheduleList/2/selectableCharaList/34/charaMessageList/7""]"
3052	44	可愛く決まりまシタネー！@ここで決めポーズを！		[]	fuzzy_review	official_cn_key_not_present	2	"[""101/response_body/gachaScheduleList/2/selectableCharaList/34/charaMessageList/8"",""104/response_body/gachaScheduleList/2/selectableCharaList/34/charaMessageList/8""]"
3052	45	少し疲れまシタネー@炭酸飲みたいデース		[]	fuzzy_review	official_cn_key_not_present	2	"[""101/response_body/gachaScheduleList/2/selectableCharaList/34/charaMessageList/9"",""104/response_body/gachaScheduleList/2/selectableCharaList/34/charaMessageList/9""]"
3052	46	勝利を祝して、パーティしまショウ！		[]	fuzzy_review	official_cn_key_not_present	2	"[""101/response_body/gachaScheduleList/2/selectableCharaList/34/charaMessageList/10"",""104/response_body/gachaScheduleList/2/selectableCharaList/34/charaMessageList/10""]"
3053	6	神浜のラブキュンメイドさん、くみだよぉ！	我是神滨的心动女仆，郁美哟！	"[""vo_char_3053_00_06_hca""]"	key_aligned	unique_charaNo_messageId_key_and_unique_cn_value	2	"[""101/response_body/gachaScheduleList/2/selectableCharaList/140/charaMessageList/0"",""104/response_body/gachaScheduleList/2/selectableCharaList/140/charaMessageList/0""]"
3053	7	くみの魅力でキュンキュンさせちゃうぞっ！	就让郁美用魅力让大家迷上我吧！	"[""vo_char_3053_00_07_hca""]"	key_aligned	unique_charaNo_messageId_key_and_unique_cn_value	2	"[""101/response_body/gachaScheduleList/2/selectableCharaList/140/charaMessageList/1"",""104/response_body/gachaScheduleList/2/selectableCharaList/140/charaMessageList/1""]"
3053	8	いっせーのーせ、あっちむいてキュンッ！	让我们一起，朝着那边吧！	"[""vo_char_3053_00_08_hca""]"	key_aligned	unique_charaNo_messageId_key_and_unique_cn_value	2	"[""101/response_body/gachaScheduleList/2/selectableCharaList/140/charaMessageList/2"",""104/response_body/gachaScheduleList/2/selectableCharaList/140/charaMessageList/2""]"
3053	9	ちょっとダレ!?おばさんって言ったのは！	等等！？你在喊谁阿姨呢！	"[""vo_char_3053_00_09_hca""]"	key_aligned	unique_charaNo_messageId_key_and_unique_cn_value	2	"[""101/response_body/gachaScheduleList/2/selectableCharaList/140/charaMessageList/3"",""104/response_body/gachaScheduleList/2/selectableCharaList/140/charaMessageList/3""]"
3053	10	私の夢はね、ふたつの願いでできてるの…	我的梦想，是依靠两个愿望实现的……	"[""vo_char_3053_00_10_hca""]"	key_aligned	unique_charaNo_messageId_key_and_unique_cn_value	2	"[""101/response_body/gachaScheduleList/2/selectableCharaList/140/charaMessageList/4"",""104/response_body/gachaScheduleList/2/selectableCharaList/140/charaMessageList/4""]"
3053	11	目の前で起きた事は否定できない事実です…	我眼前发生的事是无法否定的事实……	"[""vo_char_3053_00_11_hca""]"	key_aligned	unique_charaNo_messageId_key_and_unique_cn_value	2	"[""101/response_body/gachaScheduleList/2/selectableCharaList/140/charaMessageList/5"",""104/response_body/gachaScheduleList/2/selectableCharaList/140/charaMessageList/5""]"
3053	12	誰かが用意した逃げ道でも、私は縋りたい…	"就算这是被人精心设计的逃生出口，
也只好依靠它了"	"[""vo_char_3053_00_12_hca""]"	key_aligned	unique_charaNo_messageId_key_and_unique_cn_value	2	"[""101/response_body/gachaScheduleList/2/selectableCharaList/140/charaMessageList/6"",""104/response_body/gachaScheduleList/2/selectableCharaList/140/charaMessageList/6""]"
3053	43	ふぇえええん、怖かったよぉ～	呜诶诶诶诶，好可怕啊～	"[""vo_char_3053_00_43_hca""]"	key_aligned	unique_charaNo_messageId_key_and_unique_cn_value	2	"[""101/response_body/gachaScheduleList/2/selectableCharaList/140/charaMessageList/7"",""104/response_body/gachaScheduleList/2/selectableCharaList/140/charaMessageList/7""]"
3053	44	早くお店に行かないと、くみの@ステージが始まっちゃいますぅ！	不快点到店里的话，郁美的表演就要开始了！	"[""vo_char_3053_00_44_hca""]"	key_aligned	unique_charaNo_messageId_key_and_unique_cn_value	2	"[""101/response_body/gachaScheduleList/2/selectableCharaList/140/charaMessageList/8"",""104/response_body/gachaScheduleList/2/selectableCharaList/140/charaMessageList/8""]"
3053	45	あなたの夢を叶えるまで…@私は死なないから…	在你的梦想实现之前……我是不会死的……	"[""vo_char_3053_00_45_hca""]"	key_aligned	unique_charaNo_messageId_key_and_unique_cn_value	2	"[""101/response_body/gachaScheduleList/2/selectableCharaList/140/charaMessageList/9"",""104/response_body/gachaScheduleList/2/selectableCharaList/140/charaMessageList/9""]"
3053	46	くみの温かいラブは、@永久に消せないからね♪	郁美温暖的爱，是永远不会消失的哦♪	"[""vo_char_3053_00_46_hca""]"	key_aligned	unique_charaNo_messageId_key_and_unique_cn_value	2	"[""101/response_body/gachaScheduleList/2/selectableCharaList/140/charaMessageList/10"",""104/response_body/gachaScheduleList/2/selectableCharaList/140/charaMessageList/10""]"
3054	6	私は大切な人を穢そうとしたの…！		[]	fuzzy_review	official_cn_key_not_present	2	"[""101/response_body/gachaScheduleList/2/selectableCharaList/141/charaMessageList/0"",""104/response_body/gachaScheduleList/2/selectableCharaList/141/charaMessageList/0""]"
3054	7	自分でしたことに振り回されて滑稽だよね…		[]	fuzzy_review	official_cn_key_not_present	2	"[""101/response_body/gachaScheduleList/2/selectableCharaList/141/charaMessageList/1"",""104/response_body/gachaScheduleList/2/selectableCharaList/141/charaMessageList/1""]"
3054	8	こんな気持ちになるなら出会いたくなんて…		[]	fuzzy_review	official_cn_key_not_present	2	"[""101/response_body/gachaScheduleList/2/selectableCharaList/141/charaMessageList/2"",""104/response_body/gachaScheduleList/2/selectableCharaList/141/charaMessageList/2""]"
3054	9	最初からこんなキャラだって思えば平気！		[]	fuzzy_review	official_cn_key_not_present	2	"[""101/response_body/gachaScheduleList/2/selectableCharaList/141/charaMessageList/3"",""104/response_body/gachaScheduleList/2/selectableCharaList/141/charaMessageList/3""]"
3054	10	魔法少女が人を助けるのなんて当然だよ		[]	fuzzy_review	official_cn_key_not_present	2	"[""101/response_body/gachaScheduleList/2/selectableCharaList/141/charaMessageList/4"",""104/response_body/gachaScheduleList/2/selectableCharaList/141/charaMessageList/4""]"
3054	11	大丈夫、大丈夫、私だって昔は初心者だもん		[]	fuzzy_review	official_cn_key_not_present	2	"[""101/response_body/gachaScheduleList/2/selectableCharaList/141/charaMessageList/5"",""104/response_body/gachaScheduleList/2/selectableCharaList/141/charaMessageList/5""]"
3054	12	わかってたけど空想と現実って違うよね		[]	fuzzy_review	official_cn_key_not_present	2	"[""101/response_body/gachaScheduleList/2/selectableCharaList/141/charaMessageList/6"",""104/response_body/gachaScheduleList/2/selectableCharaList/141/charaMessageList/6""]"
3054	43	よかった、みんな助かったみたいで！		[]	fuzzy_review	official_cn_key_not_present	2	"[""101/response_body/gachaScheduleList/2/selectableCharaList/141/charaMessageList/7"",""104/response_body/gachaScheduleList/2/selectableCharaList/141/charaMessageList/7""]"
3054	44	これで少しは胸を張れるかな！		[]	fuzzy_review	official_cn_key_not_present	2	"[""101/response_body/gachaScheduleList/2/selectableCharaList/141/charaMessageList/8"",""104/response_body/gachaScheduleList/2/selectableCharaList/141/charaMessageList/8""]"
3054	45	この積み重ねが@きっと私を変えるよね…		[]	fuzzy_review	official_cn_key_not_present	2	"[""101/response_body/gachaScheduleList/2/selectableCharaList/141/charaMessageList/9"",""104/response_body/gachaScheduleList/2/selectableCharaList/141/charaMessageList/9""]"
3054	46	勝ったと思ったのは、まやかしだよ		[]	fuzzy_review	official_cn_key_not_present	2	"[""101/response_body/gachaScheduleList/2/selectableCharaList/141/charaMessageList/10"",""104/response_body/gachaScheduleList/2/selectableCharaList/141/charaMessageList/10""]"
3055	6	全部、お姉ちゃんに任せて良いからね		[]	fuzzy_review	official_cn_key_not_present	2	"[""101/response_body/gachaScheduleList/2/selectableCharaList/142/charaMessageList/0"",""104/response_body/gachaScheduleList/2/selectableCharaList/142/charaMessageList/0""]"
3055	7	絶対に…知られるわけにはいかない		[]	fuzzy_review	official_cn_key_not_present	2	"[""101/response_body/gachaScheduleList/2/selectableCharaList/142/charaMessageList/1"",""104/response_body/gachaScheduleList/2/selectableCharaList/142/charaMessageList/1""]"
3055	8	今日出来なくても明日また頑張ればいいよ		[]	fuzzy_review	official_cn_key_not_present	2	"[""101/response_body/gachaScheduleList/2/selectableCharaList/142/charaMessageList/2"",""104/response_body/gachaScheduleList/2/selectableCharaList/142/charaMessageList/2""]"
3055	9	優しいだけじゃ駄目なんだよ、お父さん		[]	fuzzy_review	official_cn_key_not_present	2	"[""101/response_body/gachaScheduleList/2/selectableCharaList/142/charaMessageList/3"",""104/response_body/gachaScheduleList/2/selectableCharaList/142/charaMessageList/3""]"
3055	10	ありえないありえないどうしよう…！		[]	fuzzy_review	official_cn_key_not_present	2	"[""101/response_body/gachaScheduleList/2/selectableCharaList/142/charaMessageList/4"",""104/response_body/gachaScheduleList/2/selectableCharaList/142/charaMessageList/4""]"
3055	11	笑顔のためならどんなこともへっちゃらだよ		[]	fuzzy_review	official_cn_key_not_present	2	"[""101/response_body/gachaScheduleList/2/selectableCharaList/142/charaMessageList/5"",""104/response_body/gachaScheduleList/2/selectableCharaList/142/charaMessageList/5""]"
3055	12	好きでやっていることだから、気にしないで		[]	fuzzy_review	official_cn_key_not_present	2	"[""101/response_body/gachaScheduleList/2/selectableCharaList/142/charaMessageList/6"",""104/response_body/gachaScheduleList/2/selectableCharaList/142/charaMessageList/6""]"
3055	43	みんなで勝ち取った勝利だよ		[]	fuzzy_review	official_cn_key_not_present	2	"[""101/response_body/gachaScheduleList/2/selectableCharaList/142/charaMessageList/7"",""104/response_body/gachaScheduleList/2/selectableCharaList/142/charaMessageList/7""]"
3055	44	苦しまずに終わらせられたかな		[]	fuzzy_review	official_cn_key_not_present	2	"[""101/response_body/gachaScheduleList/2/selectableCharaList/142/charaMessageList/8"",""104/response_body/gachaScheduleList/2/selectableCharaList/142/charaMessageList/8""]"
3055	45	大丈夫？けがはない？		[]	fuzzy_review	official_cn_key_not_present	2	"[""101/response_body/gachaScheduleList/2/selectableCharaList/142/charaMessageList/9"",""104/response_body/gachaScheduleList/2/selectableCharaList/142/charaMessageList/9""]"
3055	46	ごめんね、みんなのためだから		[]	fuzzy_review	official_cn_key_not_present	2	"[""101/response_body/gachaScheduleList/2/selectableCharaList/142/charaMessageList/10"",""104/response_body/gachaScheduleList/2/selectableCharaList/142/charaMessageList/10""]"
3056	6	この闇塁こそが…本当の僕なんだ…！	この闇塁こそが…本当の僕なんだ…！	"[""vo_char_3056_00_06_hca""]"	key_aligned	unique_charaNo_messageId_key_and_unique_cn_value	2	"[""101/response_body/gachaScheduleList/2/selectableCharaList/143/charaMessageList/0"",""104/response_body/gachaScheduleList/2/selectableCharaList/143/charaMessageList/0""]"
3056	7	これも…“奴ら”の計画…!?	これも…“奴ら”の計画…!?	"[""vo_char_3056_00_07_hca""]"	key_aligned	unique_charaNo_messageId_key_and_unique_cn_value	2	"[""101/response_body/gachaScheduleList/2/selectableCharaList/143/charaMessageList/1"",""104/response_body/gachaScheduleList/2/selectableCharaList/143/charaMessageList/1""]"
3056	8	まさかこの姿を見せる時がくるとは…	まさかこの姿を見せる時がくるとは…	"[""vo_char_3056_00_08_hca""]"	key_aligned	unique_charaNo_messageId_key_and_unique_cn_value	2	"[""101/response_body/gachaScheduleList/2/selectableCharaList/143/charaMessageList/2"",""104/response_body/gachaScheduleList/2/selectableCharaList/143/charaMessageList/2""]"
3056	9	中二病がバレたら…終わり…	中二病がバレたら…終わり…	"[""vo_char_3056_00_09_hca""]"	key_aligned	unique_charaNo_messageId_key_and_unique_cn_value	2	"[""101/response_body/gachaScheduleList/2/selectableCharaList/143/charaMessageList/3"",""104/response_body/gachaScheduleList/2/selectableCharaList/143/charaMessageList/3""]"
3056	10	みんなからクールな子って思われてる…	みんなからクールな子って思われてる…	"[""vo_char_3056_00_10_hca""]"	key_aligned	unique_charaNo_messageId_key_and_unique_cn_value	2	"[""101/response_body/gachaScheduleList/2/selectableCharaList/143/charaMessageList/4"",""104/response_body/gachaScheduleList/2/selectableCharaList/143/charaMessageList/4""]"
3056	11	…はっ！また妄想を…	…はっ！また妄想を…	"[""vo_char_3056_00_11_hca""]"	key_aligned	unique_charaNo_messageId_key_and_unique_cn_value	2	"[""101/response_body/gachaScheduleList/2/selectableCharaList/143/charaMessageList/5"",""104/response_body/gachaScheduleList/2/selectableCharaList/143/charaMessageList/5""]"
3056	12	高いところから登場したらカッコいかな…	高いところから登場したらカッコいいかな…	"[""vo_char_3056_00_12_hca""]"	key_aligned	unique_charaNo_messageId_key_and_unique_cn_value	2	"[""101/response_body/gachaScheduleList/2/selectableCharaList/143/charaMessageList/6"",""104/response_body/gachaScheduleList/2/selectableCharaList/143/charaMessageList/6""]"
3056	43	哀れな子羊よ、安らかに…	哀れな子羊よ、安らかに…	"[""vo_char_3056_00_43_hca""]"	key_aligned	unique_charaNo_messageId_key_and_unique_cn_value	2	"[""101/response_body/gachaScheduleList/2/selectableCharaList/143/charaMessageList/7"",""104/response_body/gachaScheduleList/2/selectableCharaList/143/charaMessageList/7""]"
3056	44	ごめんよ、手加減するのは苦手なんだ	ごめんよ、手加減するのは苦手なんだ	"[""vo_char_3056_00_44_hca""]"	key_aligned	unique_charaNo_messageId_key_and_unique_cn_value	2	"[""101/response_body/gachaScheduleList/2/selectableCharaList/143/charaMessageList/8"",""104/response_body/gachaScheduleList/2/selectableCharaList/143/charaMessageList/8""]"
3056	45	この力を使うことになるとはな…	この力を使うことになるとはな…	"[""vo_char_3056_00_45_hca""]"	key_aligned	unique_charaNo_messageId_key_and_unique_cn_value	2	"[""101/response_body/gachaScheduleList/2/selectableCharaList/143/charaMessageList/9"",""104/response_body/gachaScheduleList/2/selectableCharaList/143/charaMessageList/9""]"
3056	46	実に虚しい勝利だ…	実に虚しい勝利だ…	"[""vo_char_3056_00_46_hca""]"	key_aligned	unique_charaNo_messageId_key_and_unique_cn_value	2	"[""101/response_body/gachaScheduleList/2/selectableCharaList/143/charaMessageList/10"",""104/response_body/gachaScheduleList/2/selectableCharaList/143/charaMessageList/10""]"
3057	6	ウサギさんもね、ちょっとだけ鳴くんだよ		[]	fuzzy_review	official_cn_key_not_present	2	"[""101/response_body/gachaScheduleList/2/selectableCharaList/144/charaMessageList/0"",""104/response_body/gachaScheduleList/2/selectableCharaList/144/charaMessageList/0""]"
3057	7	ぷちうさは、私にとって特別なの		[]	fuzzy_review	official_cn_key_not_present	2	"[""101/response_body/gachaScheduleList/2/selectableCharaList/144/charaMessageList/1"",""104/response_body/gachaScheduleList/2/selectableCharaList/144/charaMessageList/1""]"
3057	8	なんで16歳の私なの？いまの私じゃダメ？		[]	fuzzy_review	official_cn_key_not_present	2	"[""101/response_body/gachaScheduleList/2/selectableCharaList/144/charaMessageList/2"",""104/response_body/gachaScheduleList/2/selectableCharaList/144/charaMessageList/2""]"
3057	9	蛍！おーきーなさーい！…まったくもうっ！		[]	fuzzy_review	official_cn_key_not_present	2	"[""101/response_body/gachaScheduleList/2/selectableCharaList/144/charaMessageList/3"",""104/response_body/gachaScheduleList/2/selectableCharaList/144/charaMessageList/3""]"
3057	10	これでもね…………感謝、してるのよ…？		[]	fuzzy_review	official_cn_key_not_present	2	"[""101/response_body/gachaScheduleList/2/selectableCharaList/144/charaMessageList/4"",""104/response_body/gachaScheduleList/2/selectableCharaList/144/charaMessageList/4""]"
3057	11	えへへ～…お兄さん、大好き！		[]	fuzzy_review	official_cn_key_not_present	2	"[""101/response_body/gachaScheduleList/2/selectableCharaList/144/charaMessageList/5"",""104/response_body/gachaScheduleList/2/selectableCharaList/144/charaMessageList/5""]"
3057	12	ちょっと、子ども扱いしないで…！		[]	fuzzy_review	official_cn_key_not_present	2	"[""101/response_body/gachaScheduleList/2/selectableCharaList/144/charaMessageList/6"",""104/response_body/gachaScheduleList/2/selectableCharaList/144/charaMessageList/6""]"
3057	43	ぷちうさ汚れて…ないわね、よかった		[]	fuzzy_review	official_cn_key_not_present	2	"[""101/response_body/gachaScheduleList/2/selectableCharaList/144/charaMessageList/7"",""104/response_body/gachaScheduleList/2/selectableCharaList/144/charaMessageList/7""]"
3057	44	誰もケガしてない？大丈夫かしら？		[]	fuzzy_review	official_cn_key_not_present	2	"[""101/response_body/gachaScheduleList/2/selectableCharaList/144/charaMessageList/8"",""104/response_body/gachaScheduleList/2/selectableCharaList/144/charaMessageList/8""]"
3057	45	褒めてほしいの？頑張ったわね		[]	fuzzy_review	official_cn_key_not_present	2	"[""101/response_body/gachaScheduleList/2/selectableCharaList/144/charaMessageList/9"",""104/response_body/gachaScheduleList/2/selectableCharaList/144/charaMessageList/9""]"
3057	46	ま、まだ変身は解かないわよ		[]	fuzzy_review	official_cn_key_not_present	2	"[""101/response_body/gachaScheduleList/2/selectableCharaList/144/charaMessageList/10"",""104/response_body/gachaScheduleList/2/selectableCharaList/144/charaMessageList/10""]"
3058	6	あたしゃ曲がった事がでーっきれーなんだ！	あたしゃ曲がった事がでーっきれーなんだ！	"[""vo_char_3058_00_06_hca""]"	key_aligned	unique_charaNo_messageId_key_and_unique_cn_value	2	"[""101/response_body/gachaScheduleList/2/selectableCharaList/145/charaMessageList/0"",""104/response_body/gachaScheduleList/2/selectableCharaList/145/charaMessageList/0""]"
3058	7	目の前で事件が起きて、黙ってられっか！	目の前で事件が起きて、黙ってられっか！	"[""vo_char_3058_00_07_hca""]"	key_aligned	unique_charaNo_messageId_key_and_unique_cn_value	2	"[""101/response_body/gachaScheduleList/2/selectableCharaList/145/charaMessageList/1"",""104/response_body/gachaScheduleList/2/selectableCharaList/145/charaMessageList/1""]"
3058	8	い、いかん！ついつい煩悩が…！	い、いかん！ついつい煩悩が…！	"[""vo_char_3058_00_08_hca""]"	key_aligned	unique_charaNo_messageId_key_and_unique_cn_value	2	"[""101/response_body/gachaScheduleList/2/selectableCharaList/145/charaMessageList/2"",""104/response_body/gachaScheduleList/2/selectableCharaList/145/charaMessageList/2""]"
3058	9	お経ってのは生きてる人のためにあンだぜ	お経ってのは生きてる人のためにあンだぜ	"[""vo_char_3058_00_09_hca""]"	key_aligned	unique_charaNo_messageId_key_and_unique_cn_value	2	"[""101/response_body/gachaScheduleList/2/selectableCharaList/145/charaMessageList/3"",""104/response_body/gachaScheduleList/2/selectableCharaList/145/charaMessageList/3""]"
3058	10	おいおい…このままだとやべぇぞ	おいおい…このままだとやべぇぞ	"[""vo_char_3058_00_10_hca""]"	key_aligned	unique_charaNo_messageId_key_and_unique_cn_value	2	"[""101/response_body/gachaScheduleList/2/selectableCharaList/145/charaMessageList/4"",""104/response_body/gachaScheduleList/2/selectableCharaList/145/charaMessageList/4""]"
3058	11	この怒りは、正義か…欲望か…！	この怒りは、正義か…欲望か…！	"[""vo_char_3058_00_11_hca""]"	key_aligned	unique_charaNo_messageId_key_and_unique_cn_value	2	"[""101/response_body/gachaScheduleList/2/selectableCharaList/145/charaMessageList/5"",""104/response_body/gachaScheduleList/2/selectableCharaList/145/charaMessageList/5""]"
3058	12	バーロー！それでも日の本の人間か？	バーロー！それでも日の本の人間か？	"[""vo_char_3058_00_12_hca""]"	key_aligned	unique_charaNo_messageId_key_and_unique_cn_value	2	"[""101/response_body/gachaScheduleList/2/selectableCharaList/145/charaMessageList/6"",""104/response_body/gachaScheduleList/2/selectableCharaList/145/charaMessageList/6""]"
3058	43	寺生まれ、ナメんなよ	寺生まれ、ナメんなよ	"[""vo_char_3058_00_43_hca""]"	key_aligned	unique_charaNo_messageId_key_and_unique_cn_value	2	"[""101/response_body/gachaScheduleList/2/selectableCharaList/145/charaMessageList/7"",""104/response_body/gachaScheduleList/2/selectableCharaList/145/charaMessageList/7""]"
3058	44	喝!!	喝!!	"[""vo_char_3058_00_44_hca""]"	key_aligned	unique_charaNo_messageId_key_and_unique_cn_value	2	"[""101/response_body/gachaScheduleList/2/selectableCharaList/145/charaMessageList/8"",""104/response_body/gachaScheduleList/2/selectableCharaList/145/charaMessageList/8""]"
3058	45	安心しろ、あたしは死なねえから	安心しろ、あたしは死なねえから	"[""vo_char_3058_00_45_hca""]"	key_aligned	unique_charaNo_messageId_key_and_unique_cn_value	2	"[""101/response_body/gachaScheduleList/2/selectableCharaList/145/charaMessageList/9"",""104/response_body/gachaScheduleList/2/selectableCharaList/145/charaMessageList/9""]"
3058	46	強くなって出直してこい！	強くなって出直してこい！	"[""vo_char_3058_00_46_hca""]"	key_aligned	unique_charaNo_messageId_key_and_unique_cn_value	2	"[""101/response_body/gachaScheduleList/2/selectableCharaList/145/charaMessageList/10"",""104/response_body/gachaScheduleList/2/selectableCharaList/145/charaMessageList/10""]"
3059	6	あ、その絵本…私も好きかも		[]	fuzzy_review	official_cn_key_not_present	2	"[""101/response_body/gachaScheduleList/2/selectableCharaList/146/charaMessageList/0"",""104/response_body/gachaScheduleList/2/selectableCharaList/146/charaMessageList/0""]"
3059	7	こんな世界があったなんて…嘘みたい		[]	fuzzy_review	official_cn_key_not_present	2	"[""101/response_body/gachaScheduleList/2/selectableCharaList/146/charaMessageList/1"",""104/response_body/gachaScheduleList/2/selectableCharaList/146/charaMessageList/1""]"
3059	8	トマトは好き…なんとなく。味とか色とか		[]	fuzzy_review	official_cn_key_not_present	2	"[""101/response_body/gachaScheduleList/2/selectableCharaList/146/charaMessageList/2"",""104/response_body/gachaScheduleList/2/selectableCharaList/146/charaMessageList/2""]"
3059	9	…ごめん、粛清させてもらうね。覚悟してね		[]	fuzzy_review	official_cn_key_not_present	2	"[""101/response_body/gachaScheduleList/2/selectableCharaList/146/charaMessageList/3"",""104/response_body/gachaScheduleList/2/selectableCharaList/146/charaMessageList/3""]"
3059	10	魔法少女って？お姉さん、魔法が使えるの？		[]	fuzzy_review	official_cn_key_not_present	2	"[""101/response_body/gachaScheduleList/2/selectableCharaList/146/charaMessageList/4"",""104/response_body/gachaScheduleList/2/selectableCharaList/146/charaMessageList/4""]"
3059	11	あ…可愛い枕。これで寝てみたいかも…		[]	fuzzy_review	official_cn_key_not_present	2	"[""101/response_body/gachaScheduleList/2/selectableCharaList/146/charaMessageList/5"",""104/response_body/gachaScheduleList/2/selectableCharaList/146/charaMessageList/5""]"
3059	12	…でもやっぱり…キュゥべえは嫌いかも		[]	fuzzy_review	official_cn_key_not_present	2	"[""101/response_body/gachaScheduleList/2/selectableCharaList/146/charaMessageList/6"",""104/response_body/gachaScheduleList/2/selectableCharaList/146/charaMessageList/6""]"
3059	43	すぅ…………はっ？敵は？@戦い、終わってる…??		[]	fuzzy_review	official_cn_key_not_present	2	"[""101/response_body/gachaScheduleList/2/selectableCharaList/146/charaMessageList/7"",""104/response_body/gachaScheduleList/2/selectableCharaList/146/charaMessageList/7""]"
3059	44	粛清、終わり…@私も…………シャットダウン…		[]	fuzzy_review	official_cn_key_not_present	2	"[""101/response_body/gachaScheduleList/2/selectableCharaList/146/charaMessageList/8"",""104/response_body/gachaScheduleList/2/selectableCharaList/146/charaMessageList/8""]"
3059	45	…………おやすみなさい		[]	fuzzy_review	official_cn_key_not_present	2	"[""101/response_body/gachaScheduleList/2/selectableCharaList/146/charaMessageList/9"",""104/response_body/gachaScheduleList/2/selectableCharaList/146/charaMessageList/9""]"
3059	46	邪なるものは、滅し去りました		[]	fuzzy_review	official_cn_key_not_present	2	"[""101/response_body/gachaScheduleList/2/selectableCharaList/146/charaMessageList/10"",""104/response_body/gachaScheduleList/2/selectableCharaList/146/charaMessageList/10""]"
3501	6	クリスマスの雰囲気って、あたし好き！	圣诞节的气氛，我很喜欢！	"[""vo_char_3501_00_06_hca""]"	key_aligned	unique_charaNo_messageId_key_and_unique_cn_value	2	"[""101/response_body/gachaScheduleList/2/selectableCharaList/18/charaMessageList/0"",""104/response_body/gachaScheduleList/2/selectableCharaList/18/charaMessageList/0""]"
3501	7	プレゼントはもう決めてんだよねー	礼物已经选好了吧——	"[""vo_char_3501_00_07_hca""]"	key_aligned	unique_charaNo_messageId_key_and_unique_cn_value	2	"[""101/response_body/gachaScheduleList/2/selectableCharaList/18/charaMessageList/1"",""104/response_body/gachaScheduleList/2/selectableCharaList/18/charaMessageList/1""]"
3501	8	れんちゃん…ごめん…あたし…	怜……对不起……我……	"[""vo_char_3501_00_08_hca""]"	key_aligned	unique_charaNo_messageId_key_and_unique_cn_value	2	"[""101/response_body/gachaScheduleList/2/selectableCharaList/18/charaMessageList/2"",""104/response_body/gachaScheduleList/2/selectableCharaList/18/charaMessageList/2""]"
3501	9	この世界は…暗闇なんかじゃない…	这个世界……并没有那么黑暗……	"[""vo_char_3501_00_09_hca""]"	key_aligned	unique_charaNo_messageId_key_and_unique_cn_value	2	"[""101/response_body/gachaScheduleList/2/selectableCharaList/18/charaMessageList/3"",""104/response_body/gachaScheduleList/2/selectableCharaList/18/charaMessageList/3""]"
3501	10	梨花ちゃんへのプレゼント、何にしよう…	送给梨花的礼物，选什么好呢……	"[""vo_char_3501_00_10_hca""]"	key_aligned	unique_charaNo_messageId_key_and_unique_cn_value	2	"[""101/response_body/gachaScheduleList/2/selectableCharaList/18/charaMessageList/4"",""104/response_body/gachaScheduleList/2/selectableCharaList/18/charaMessageList/4""]"
3501	11	気持ちを形にするって、やっぱり難しい…	要为感情赋予形体，真的好难……	"[""vo_char_3501_00_11_hca""]"	key_aligned	unique_charaNo_messageId_key_and_unique_cn_value	2	"[""101/response_body/gachaScheduleList/2/selectableCharaList/18/charaMessageList/5"",""104/response_body/gachaScheduleList/2/selectableCharaList/18/charaMessageList/5""]"
3501	12	マジかっ、もうこんな時間…!?	真假，都这个时间了!?	"[""vo_char_3501_00_12_hca""]"	key_aligned	unique_charaNo_messageId_key_and_unique_cn_value	2	"[""101/response_body/gachaScheduleList/2/selectableCharaList/18/charaMessageList/6"",""104/response_body/gachaScheduleList/2/selectableCharaList/18/charaMessageList/6""]"
3501	43	これが@クリスマスに奇跡を起こす魔法っ！	这就是带来圣诞奇迹的魔法！	"[""vo_char_3501_00_43_hca""]"	key_aligned	unique_charaNo_messageId_key_and_unique_cn_value	2	"[""101/response_body/gachaScheduleList/2/selectableCharaList/18/charaMessageList/7"",""104/response_body/gachaScheduleList/2/selectableCharaList/18/charaMessageList/7""]"
3501	44	皆さんを幸せにできたでしょうか…？	大家都变得幸福了吗？	"[""vo_char_3501_00_44_hca""]"	key_aligned	unique_charaNo_messageId_key_and_unique_cn_value	2	"[""101/response_body/gachaScheduleList/2/selectableCharaList/18/charaMessageList/8"",""104/response_body/gachaScheduleList/2/selectableCharaList/18/charaMessageList/8""]"
3501	45	『大丈夫!?』@「うん…ありがとう…」	没事吧？嗯……谢谢……	"[""vo_char_3501_00_45_hca""]"	key_aligned	unique_charaNo_messageId_key_and_unique_cn_value	2	"[""101/response_body/gachaScheduleList/2/selectableCharaList/18/charaMessageList/9"",""104/response_body/gachaScheduleList/2/selectableCharaList/18/charaMessageList/9""]"
3501	46	「いま、私たちの息が…！」@『うん！ぴったりだった！』	刚才，我们的步调……嗯！完全一致！	"[""vo_char_3501_00_46_hca""]"	key_aligned	unique_charaNo_messageId_key_and_unique_cn_value	2	"[""101/response_body/gachaScheduleList/2/selectableCharaList/18/charaMessageList/10"",""104/response_body/gachaScheduleList/2/selectableCharaList/18/charaMessageList/10""]"
3502	6	｜スイカ割り？ぐちゃぐちゃにならない？｜		[]	fuzzy_review	official_cn_key_not_present	2	"[""101/response_body/gachaScheduleList/2/selectableCharaList/25/charaMessageList/0"",""104/response_body/gachaScheduleList/2/selectableCharaList/25/charaMessageList/0""]"
3502	7	｜花火もキレイだけど桜もキレイだよ｜		[]	fuzzy_review	official_cn_key_not_present	2	"[""101/response_body/gachaScheduleList/2/selectableCharaList/25/charaMessageList/1"",""104/response_body/gachaScheduleList/2/selectableCharaList/25/charaMessageList/1""]"
3502	8	｜海辺でお泊り…楽しみ｜		[]	fuzzy_review	official_cn_key_not_present	2	"[""101/response_body/gachaScheduleList/2/selectableCharaList/25/charaMessageList/2"",""104/response_body/gachaScheduleList/2/selectableCharaList/25/charaMessageList/2""]"
3502	9	｜一生忘れられない恐怖を刻み付ける…｜		[]	fuzzy_review	official_cn_key_not_present	2	"[""101/response_body/gachaScheduleList/2/selectableCharaList/25/charaMessageList/3"",""104/response_body/gachaScheduleList/2/selectableCharaList/25/charaMessageList/3""]"
3502	10	｜風鈴の音がする、これが夏の音…｜		[]	fuzzy_review	official_cn_key_not_present	2	"[""101/response_body/gachaScheduleList/2/selectableCharaList/25/charaMessageList/4"",""104/response_body/gachaScheduleList/2/selectableCharaList/25/charaMessageList/4""]"
3502	11	｜あっ、夕立…少し涼しくなるかも｜		[]	fuzzy_review	official_cn_key_not_present	2	"[""101/response_body/gachaScheduleList/2/selectableCharaList/25/charaMessageList/5"",""104/response_body/gachaScheduleList/2/selectableCharaList/25/charaMessageList/5""]"
3502	12	｜朝顔、ひまわり…夏もいろんな花が咲く｜		[]	fuzzy_review	official_cn_key_not_present	2	"[""101/response_body/gachaScheduleList/2/selectableCharaList/25/charaMessageList/6"",""104/response_body/gachaScheduleList/2/selectableCharaList/25/charaMessageList/6""]"
3502	43	｜熱中症になってない？大丈夫？｜		[]	fuzzy_review	official_cn_key_not_present	2	"[""101/response_body/gachaScheduleList/2/selectableCharaList/25/charaMessageList/7"",""104/response_body/gachaScheduleList/2/selectableCharaList/25/charaMessageList/7""]"
3502	44	｜私のウワサアクアリウムへ@遊びに行こう｜		[]	fuzzy_review	official_cn_key_not_present	2	"[""101/response_body/gachaScheduleList/2/selectableCharaList/25/charaMessageList/8"",""104/response_body/gachaScheduleList/2/selectableCharaList/25/charaMessageList/8""]"
3502	45	｜怖い話でクールダウンする？｜		[]	fuzzy_review	official_cn_key_not_present	2	"[""101/response_body/gachaScheduleList/2/selectableCharaList/25/charaMessageList/9"",""104/response_body/gachaScheduleList/2/selectableCharaList/25/charaMessageList/9""]"
3502	46	｜楽しい夏を続けよう｜		[]	fuzzy_review	official_cn_key_not_present	2	"[""101/response_body/gachaScheduleList/2/selectableCharaList/25/charaMessageList/10"",""104/response_body/gachaScheduleList/2/selectableCharaList/25/charaMessageList/10""]"
3503	6	私は親バカじゃない…あやめが可愛いだけよ		[]	fuzzy_review	official_cn_key_not_present	2	"[""101/response_body/gachaScheduleList/2/selectableCharaList/36/charaMessageList/0"",""104/response_body/gachaScheduleList/2/selectableCharaList/36/charaMessageList/0""]"
3503	7	院長先生だったら、どうしていたかしら…		[]	fuzzy_review	official_cn_key_not_present	2	"[""101/response_body/gachaScheduleList/2/selectableCharaList/36/charaMessageList/1"",""104/response_body/gachaScheduleList/2/selectableCharaList/36/charaMessageList/1""]"
3503	8	せっかくなら、生産的な趣味がいいわね		[]	fuzzy_review	official_cn_key_not_present	2	"[""101/response_body/gachaScheduleList/2/selectableCharaList/36/charaMessageList/2"",""104/response_body/gachaScheduleList/2/selectableCharaList/36/charaMessageList/2""]"
3503	9	やれやれ、世話が焼けるな～もう		[]	fuzzy_review	official_cn_key_not_present	2	"[""101/response_body/gachaScheduleList/2/selectableCharaList/36/charaMessageList/3"",""104/response_body/gachaScheduleList/2/selectableCharaList/36/charaMessageList/3""]"
3503	10	他の子に話を聞くのもアリかもね		[]	fuzzy_review	official_cn_key_not_present	2	"[""101/response_body/gachaScheduleList/2/selectableCharaList/36/charaMessageList/4"",""104/response_body/gachaScheduleList/2/selectableCharaList/36/charaMessageList/4""]"
3503	11	血の繋がりなんか、なくたっていいんだよ		[]	fuzzy_review	official_cn_key_not_present	2	"[""101/response_body/gachaScheduleList/2/selectableCharaList/36/charaMessageList/5"",""104/response_body/gachaScheduleList/2/selectableCharaList/36/charaMessageList/5""]"
3503	12	アタシらも、このままじゃいられないよね…		[]	fuzzy_review	official_cn_key_not_present	2	"[""101/response_body/gachaScheduleList/2/selectableCharaList/36/charaMessageList/6"",""104/response_body/gachaScheduleList/2/selectableCharaList/36/charaMessageList/6""]"
3503	43	余裕すぎてあくびが出ちゃったよ		[]	fuzzy_review	official_cn_key_not_present	2	"[""101/response_body/gachaScheduleList/2/selectableCharaList/36/charaMessageList/7"",""104/response_body/gachaScheduleList/2/selectableCharaList/36/charaMessageList/7""]"
3503	44	依頼完了、報酬をいただくわ		[]	fuzzy_review	official_cn_key_not_present	2	"[""101/response_body/gachaScheduleList/2/selectableCharaList/36/charaMessageList/8"",""104/response_body/gachaScheduleList/2/selectableCharaList/36/charaMessageList/8""]"
3503	45	「さすがこのは、鮮やかだね～」@『葉月こそ華麗な立ち回りだったわ』		[]	fuzzy_review	official_cn_key_not_present	2	"[""101/response_body/gachaScheduleList/2/selectableCharaList/36/charaMessageList/9"",""104/response_body/gachaScheduleList/2/selectableCharaList/36/charaMessageList/9""]"
3503	46	『よし、完全勝利ね』@「まぁ、当然だよね！」		[]	fuzzy_review	official_cn_key_not_present	2	"[""101/response_body/gachaScheduleList/2/selectableCharaList/36/charaMessageList/10"",""104/response_body/gachaScheduleList/2/selectableCharaList/36/charaMessageList/10""]"
3504	6	台本の無いドラマ…そういうものがあるのね		[]	fuzzy_review	official_cn_key_not_present	2	"[""101/response_body/gachaScheduleList/2/selectableCharaList/74/charaMessageList/0"",""104/response_body/gachaScheduleList/2/selectableCharaList/74/charaMessageList/0""]"
3504	7	優勝候補なら頑張らなくちゃだね！		[]	fuzzy_review	official_cn_key_not_present	2	"[""101/response_body/gachaScheduleList/2/selectableCharaList/74/charaMessageList/1"",""104/response_body/gachaScheduleList/2/selectableCharaList/74/charaMessageList/1""]"
3504	8	お、お姫様抱っこで競争!?		[]	fuzzy_review	official_cn_key_not_present	2	"[""101/response_body/gachaScheduleList/2/selectableCharaList/74/charaMessageList/2"",""104/response_body/gachaScheduleList/2/selectableCharaList/74/charaMessageList/2""]"
3504	9	わからないから、もっとわかりたいんだ		[]	fuzzy_review	official_cn_key_not_present	2	"[""101/response_body/gachaScheduleList/2/selectableCharaList/74/charaMessageList/3"",""104/response_body/gachaScheduleList/2/selectableCharaList/74/charaMessageList/3""]"
3504	10	あの子と過ごして、考え方が変わったの		[]	fuzzy_review	official_cn_key_not_present	2	"[""101/response_body/gachaScheduleList/2/selectableCharaList/74/charaMessageList/4"",""104/response_body/gachaScheduleList/2/selectableCharaList/74/charaMessageList/4""]"
3504	11	こころならそうすると、信じていたから		[]	fuzzy_review	official_cn_key_not_present	2	"[""101/response_body/gachaScheduleList/2/selectableCharaList/74/charaMessageList/5"",""104/response_body/gachaScheduleList/2/selectableCharaList/74/charaMessageList/5""]"
3504	12	一緒に戦いましょう、こころ		[]	fuzzy_review	official_cn_key_not_present	2	"[""101/response_body/gachaScheduleList/2/selectableCharaList/74/charaMessageList/6"",""104/response_body/gachaScheduleList/2/selectableCharaList/74/charaMessageList/6""]"
3504	43	みんなの幸せ、守れたかな？		[]	fuzzy_review	official_cn_key_not_present	2	"[""101/response_body/gachaScheduleList/2/selectableCharaList/74/charaMessageList/7"",""104/response_body/gachaScheduleList/2/selectableCharaList/74/charaMessageList/7""]"
3504	44	傷つけられるのは、不快なだけ		[]	fuzzy_review	official_cn_key_not_present	2	"[""101/response_body/gachaScheduleList/2/selectableCharaList/74/charaMessageList/8"",""104/response_body/gachaScheduleList/2/selectableCharaList/74/charaMessageList/8""]"
3504	45	『こころ、無事ね？』@「うん、ふたりの力で勝利だね！」		[]	fuzzy_review	official_cn_key_not_present	2	"[""101/response_body/gachaScheduleList/2/selectableCharaList/74/charaMessageList/9"",""104/response_body/gachaScheduleList/2/selectableCharaList/74/charaMessageList/9""]"
3504	46	「守れてよかったね、まさら」@『ええ、安心したわ』		[]	fuzzy_review	official_cn_key_not_present	2	"[""101/response_body/gachaScheduleList/2/selectableCharaList/74/charaMessageList/10"",""104/response_body/gachaScheduleList/2/selectableCharaList/74/charaMessageList/10""]"
4002	6	織莉子…慈悲深い人、私を赦してくれた人…	"织莉子……是个十分仁慈的人，也是
将我宽赦的人。"	"[""vo_char_4002_00_06_hca""]"	key_aligned	unique_charaNo_messageId_key_and_unique_cn_value	5	"[""81/response_body/gachaScheduleList/0/selectableCharaList/16/charaMessageList/0"",""84/response_body/gachaScheduleList/0/selectableCharaList/16/charaMessageList/0"",""86/response_body/gachaScheduleList/0/selectableCharaList/16/charaMessageList/0"",""101/response_body/gachaScheduleList/2/selectableCharaList/147/charaMessageList/0"",""104/response_body/gachaScheduleList/2/selectableCharaList/147/charaMessageList/0""]"
4002	7	私はキミを願って魔法少女になったんだ	我是为你祈愿而成为的魔法少女。	"[""vo_char_4002_00_07_hca""]"	key_aligned	unique_charaNo_messageId_key_and_unique_cn_value	5	"[""81/response_body/gachaScheduleList/0/selectableCharaList/16/charaMessageList/1"",""84/response_body/gachaScheduleList/0/selectableCharaList/16/charaMessageList/1"",""86/response_body/gachaScheduleList/0/selectableCharaList/16/charaMessageList/1"",""101/response_body/gachaScheduleList/2/selectableCharaList/147/charaMessageList/1"",""104/response_body/gachaScheduleList/2/selectableCharaList/147/charaMessageList/1""]"
4002	8	この力はキミのために使わせてもらうよ	这份力量就为你所用。	"[""vo_char_4002_00_08_hca""]"	key_aligned	unique_charaNo_messageId_key_and_unique_cn_value	5	"[""81/response_body/gachaScheduleList/0/selectableCharaList/16/charaMessageList/2"",""84/response_body/gachaScheduleList/0/selectableCharaList/16/charaMessageList/2"",""86/response_body/gachaScheduleList/0/selectableCharaList/16/charaMessageList/2"",""101/response_body/gachaScheduleList/2/selectableCharaList/147/charaMessageList/2"",""104/response_body/gachaScheduleList/2/selectableCharaList/147/charaMessageList/2""]"
4002	9	我慢の限界だ…！死んで償ってもらうよ!!	我忍不了了……！偿命吧!!	"[""vo_char_4002_00_09_hca""]"	key_aligned	unique_charaNo_messageId_key_and_unique_cn_value	5	"[""81/response_body/gachaScheduleList/0/selectableCharaList/16/charaMessageList/3"",""84/response_body/gachaScheduleList/0/selectableCharaList/16/charaMessageList/3"",""86/response_body/gachaScheduleList/0/selectableCharaList/16/charaMessageList/3"",""101/response_body/gachaScheduleList/2/selectableCharaList/147/charaMessageList/3"",""104/response_body/gachaScheduleList/2/selectableCharaList/147/charaMessageList/3""]"
4002	10	さぁ、織莉子。私に早く命令しておくれよ！	织莉子，快点下命令吧！	"[""vo_char_4002_00_10_hca""]"	key_aligned	unique_charaNo_messageId_key_and_unique_cn_value	5	"[""81/response_body/gachaScheduleList/0/selectableCharaList/16/charaMessageList/4"",""84/response_body/gachaScheduleList/0/selectableCharaList/16/charaMessageList/4"",""86/response_body/gachaScheduleList/0/selectableCharaList/16/charaMessageList/4"",""101/response_body/gachaScheduleList/2/selectableCharaList/147/charaMessageList/4"",""104/response_body/gachaScheduleList/2/selectableCharaList/147/charaMessageList/4""]"
4002	11	キミのためなら何にだってなってみせるよ！	为了你，我什么都可以做！	"[""vo_char_4002_00_11_hca""]"	key_aligned	unique_charaNo_messageId_key_and_unique_cn_value	5	"[""81/response_body/gachaScheduleList/0/selectableCharaList/16/charaMessageList/5"",""84/response_body/gachaScheduleList/0/selectableCharaList/16/charaMessageList/5"",""86/response_body/gachaScheduleList/0/selectableCharaList/16/charaMessageList/5"",""101/response_body/gachaScheduleList/2/selectableCharaList/147/charaMessageList/5"",""104/response_body/gachaScheduleList/2/selectableCharaList/147/charaMessageList/5""]"
4002	12	あぁ…これこそが本当の愛ってやつだね…！	啊……这才是真正的爱吧……！	"[""vo_char_4002_00_12_hca""]"	key_aligned	unique_charaNo_messageId_key_and_unique_cn_value	5	"[""81/response_body/gachaScheduleList/0/selectableCharaList/16/charaMessageList/6"",""84/response_body/gachaScheduleList/0/selectableCharaList/16/charaMessageList/6"",""86/response_body/gachaScheduleList/0/selectableCharaList/16/charaMessageList/6"",""101/response_body/gachaScheduleList/2/selectableCharaList/147/charaMessageList/6"",""104/response_body/gachaScheduleList/2/selectableCharaList/147/charaMessageList/6""]"
4002	43	何だ、もう終わりなのか？	怎么了，这就结束了？	"[""vo_char_4002_00_43_hca""]"	key_aligned	unique_charaNo_messageId_key_and_unique_cn_value	5	"[""81/response_body/gachaScheduleList/0/selectableCharaList/16/charaMessageList/7"",""84/response_body/gachaScheduleList/0/selectableCharaList/16/charaMessageList/7"",""86/response_body/gachaScheduleList/0/selectableCharaList/16/charaMessageList/7"",""101/response_body/gachaScheduleList/2/selectableCharaList/147/charaMessageList/7"",""104/response_body/gachaScheduleList/2/selectableCharaList/147/charaMessageList/7""]"
4002	44	当たり前だろう？	这是当然的吧？	"[""vo_char_4002_00_44_hca""]"	key_aligned	unique_charaNo_messageId_key_and_unique_cn_value	5	"[""81/response_body/gachaScheduleList/0/selectableCharaList/16/charaMessageList/8"",""84/response_body/gachaScheduleList/0/selectableCharaList/16/charaMessageList/8"",""86/response_body/gachaScheduleList/0/selectableCharaList/16/charaMessageList/8"",""101/response_body/gachaScheduleList/2/selectableCharaList/147/charaMessageList/8"",""104/response_body/gachaScheduleList/2/selectableCharaList/147/charaMessageList/8""]"
4002	45	うん、なかなか楽しかったよ	嗯，真是愉快呢！	"[""vo_char_4002_00_45_hca""]"	key_aligned	unique_charaNo_messageId_key_and_unique_cn_value	5	"[""81/response_body/gachaScheduleList/0/selectableCharaList/16/charaMessageList/9"",""84/response_body/gachaScheduleList/0/selectableCharaList/16/charaMessageList/9"",""86/response_body/gachaScheduleList/0/selectableCharaList/16/charaMessageList/9"",""101/response_body/gachaScheduleList/2/selectableCharaList/147/charaMessageList/9"",""104/response_body/gachaScheduleList/2/selectableCharaList/147/charaMessageList/9""]"
4002	46	私の愛を見くびらないでほしいね	可不要小看我的爱啊。	"[""vo_char_4002_00_46_hca""]"	key_aligned	unique_charaNo_messageId_key_and_unique_cn_value	5	"[""81/response_body/gachaScheduleList/0/selectableCharaList/16/charaMessageList/10"",""84/response_body/gachaScheduleList/0/selectableCharaList/16/charaMessageList/10"",""86/response_body/gachaScheduleList/0/selectableCharaList/16/charaMessageList/10"",""101/response_body/gachaScheduleList/2/selectableCharaList/147/charaMessageList/10"",""104/response_body/gachaScheduleList/2/selectableCharaList/147/charaMessageList/10""]"
4004	6	家に引きこもるより学校にいた方が気が楽ね		[]	fuzzy_review	official_cn_key_not_present	2	"[""101/response_body/gachaScheduleList/2/selectableCharaList/54/charaMessageList/0"",""104/response_body/gachaScheduleList/2/selectableCharaList/54/charaMessageList/0""]"
4004	7	魔法少女は魂が輝けば朽ちることはないの		[]	fuzzy_review	official_cn_key_not_present	2	"[""101/response_body/gachaScheduleList/2/selectableCharaList/54/charaMessageList/1"",""104/response_body/gachaScheduleList/2/selectableCharaList/54/charaMessageList/1""]"
4004	8	やれやれ…気が触れそうになるわね		[]	fuzzy_review	official_cn_key_not_present	2	"[""101/response_body/gachaScheduleList/2/selectableCharaList/54/charaMessageList/2"",""104/response_body/gachaScheduleList/2/selectableCharaList/54/charaMessageList/2""]"
4004	9	キリカ、慎重に行動してね		[]	fuzzy_review	official_cn_key_not_present	2	"[""101/response_body/gachaScheduleList/2/selectableCharaList/54/charaMessageList/3"",""104/response_body/gachaScheduleList/2/selectableCharaList/54/charaMessageList/3""]"
4004	10	わたしに…弱さを思い出させないで…！		[]	fuzzy_review	official_cn_key_not_present	2	"[""101/response_body/gachaScheduleList/2/selectableCharaList/54/charaMessageList/4"",""104/response_body/gachaScheduleList/2/selectableCharaList/54/charaMessageList/4""]"
4004	11	お父様の書斎に…わたしの知らない遺品？		[]	fuzzy_review	official_cn_key_not_present	2	"[""101/response_body/gachaScheduleList/2/selectableCharaList/54/charaMessageList/5"",""104/response_body/gachaScheduleList/2/selectableCharaList/54/charaMessageList/5""]"
4004	12	ゲームは見ている方が楽しいわね		[]	fuzzy_review	official_cn_key_not_present	2	"[""101/response_body/gachaScheduleList/2/selectableCharaList/54/charaMessageList/6"",""104/response_body/gachaScheduleList/2/selectableCharaList/54/charaMessageList/6""]"
4004	43	これ以上無益な争いはやめましょう		[]	fuzzy_review	official_cn_key_not_present	2	"[""101/response_body/gachaScheduleList/2/selectableCharaList/54/charaMessageList/7"",""104/response_body/gachaScheduleList/2/selectableCharaList/54/charaMessageList/7""]"
4004	44	計算通り、勝利を収められたわ		[]	fuzzy_review	official_cn_key_not_present	2	"[""101/response_body/gachaScheduleList/2/selectableCharaList/54/charaMessageList/8"",""104/response_body/gachaScheduleList/2/selectableCharaList/54/charaMessageList/8""]"
4004	45	帰りましょう、キリカ		[]	fuzzy_review	official_cn_key_not_present	2	"[""101/response_body/gachaScheduleList/2/selectableCharaList/54/charaMessageList/9"",""104/response_body/gachaScheduleList/2/selectableCharaList/54/charaMessageList/9""]"
4004	46	この勝利、見えていたわ		[]	fuzzy_review	official_cn_key_not_present	2	"[""101/response_body/gachaScheduleList/2/selectableCharaList/54/charaMessageList/10"",""104/response_body/gachaScheduleList/2/selectableCharaList/54/charaMessageList/10""]"
4011	6	すごいでしょ…わたし、魔法が使えるんだよ	很厉害吧……我能使用魔法哦。	"[""vo_char_4011_00_06_hca""]"	key_aligned	unique_charaNo_messageId_key_and_unique_cn_value	2	"[""101/response_body/gachaScheduleList/2/selectableCharaList/0/charaMessageList/0"",""104/response_body/gachaScheduleList/2/selectableCharaList/0/charaMessageList/0""]"
4011	7	悪い人が魔女になるとは、限らないんだね	未必是坏人才会成为魔女。	"[""vo_char_4011_00_07_hca""]"	key_aligned	unique_charaNo_messageId_key_and_unique_cn_value	2	"[""101/response_body/gachaScheduleList/2/selectableCharaList/0/charaMessageList/1"",""104/response_body/gachaScheduleList/2/selectableCharaList/0/charaMessageList/1""]"
4011	8	あ～、おなかへったなぁ～…	啊~，肚子饿了呢……	"[""vo_char_4011_00_08_hca""]"	key_aligned	unique_charaNo_messageId_key_and_unique_cn_value	2	"[""101/response_body/gachaScheduleList/2/selectableCharaList/0/charaMessageList/2"",""104/response_body/gachaScheduleList/2/selectableCharaList/0/charaMessageList/2""]"
4011	9	海香、カオル！ごはんできたよ～！	海香、薰！饭做好了哦~！	"[""vo_char_4011_00_09_hca""]"	key_aligned	unique_charaNo_messageId_key_and_unique_cn_value	2	"[""101/response_body/gachaScheduleList/2/selectableCharaList/0/charaMessageList/3"",""104/response_body/gachaScheduleList/2/selectableCharaList/0/charaMessageList/3""]"
4011	10	わ、わたしたち、神浜市へ行くの？	我、我们要去神滨吗？	"[""vo_char_4011_00_10_hca""]"	key_aligned	unique_charaNo_messageId_key_and_unique_cn_value	2	"[""101/response_body/gachaScheduleList/2/selectableCharaList/0/charaMessageList/4"",""104/response_body/gachaScheduleList/2/selectableCharaList/0/charaMessageList/4""]"
4011	11	名前はかずみ。苗字はまだ思い出せないんだ	我叫和美。姓，我还没有想起来。	"[""vo_char_4011_00_11_hca""]"	key_aligned	unique_charaNo_messageId_key_and_unique_cn_value	2	"[""101/response_body/gachaScheduleList/2/selectableCharaList/0/charaMessageList/5"",""104/response_body/gachaScheduleList/2/selectableCharaList/0/charaMessageList/5""]"
4011	12	あ…！こっち！魔女を感じる！	啊……！这边！我感觉到魔女了！	"[""vo_char_4011_00_12_hca""]"	key_aligned	unique_charaNo_messageId_key_and_unique_cn_value	2	"[""101/response_body/gachaScheduleList/2/selectableCharaList/0/charaMessageList/6"",""104/response_body/gachaScheduleList/2/selectableCharaList/0/charaMessageList/6""]"
4011	43	はぁ～、おなかすいた…	哈啊~肚子饿了……	"[""vo_char_4011_00_43_hca""]"	key_aligned	unique_charaNo_messageId_key_and_unique_cn_value	2	"[""101/response_body/gachaScheduleList/2/selectableCharaList/0/charaMessageList/7"",""104/response_body/gachaScheduleList/2/selectableCharaList/0/charaMessageList/7""]"
4011	44	よし！じゃあ、何か食べに行こうか！	好的！接下来，去吃点什么吧！	"[""vo_char_4011_00_44_hca""]"	key_aligned	unique_charaNo_messageId_key_and_unique_cn_value	2	"[""101/response_body/gachaScheduleList/2/selectableCharaList/0/charaMessageList/8"",""104/response_body/gachaScheduleList/2/selectableCharaList/0/charaMessageList/8""]"
4011	45	息ピッタリだったね！	很合拍呢！	"[""vo_char_4011_00_45_hca""]"	key_aligned	unique_charaNo_messageId_key_and_unique_cn_value	2	"[""101/response_body/gachaScheduleList/2/selectableCharaList/0/charaMessageList/9"",""104/response_body/gachaScheduleList/2/selectableCharaList/0/charaMessageList/9""]"
4011	46	わたし…戦える！	我……可以战斗！	"[""vo_char_4011_00_46_hca""]"	key_aligned	unique_charaNo_messageId_key_and_unique_cn_value	2	"[""101/response_body/gachaScheduleList/2/selectableCharaList/0/charaMessageList/10"",""104/response_body/gachaScheduleList/2/selectableCharaList/0/charaMessageList/10""]"
4014	6	自分の足で明日に踏み出すために		[]	fuzzy_review	official_cn_key_not_present	2	"[""101/response_body/gachaScheduleList/2/selectableCharaList/42/charaMessageList/0"",""104/response_body/gachaScheduleList/2/selectableCharaList/42/charaMessageList/0""]"
4014	7	さあ、わたしの願いを叶えてよ！		[]	fuzzy_review	official_cn_key_not_present	2	"[""101/response_body/gachaScheduleList/2/selectableCharaList/42/charaMessageList/1"",""104/response_body/gachaScheduleList/2/selectableCharaList/42/charaMessageList/1""]"
4014	8	わたしは、わたしだけの身体が必要なの！		[]	fuzzy_review	official_cn_key_not_present	2	"[""101/response_body/gachaScheduleList/2/selectableCharaList/42/charaMessageList/2"",""104/response_body/gachaScheduleList/2/selectableCharaList/42/charaMessageList/2""]"
4014	9	ありがとう…それが聞きたかった		[]	fuzzy_review	official_cn_key_not_present	2	"[""101/response_body/gachaScheduleList/2/selectableCharaList/42/charaMessageList/3"",""104/response_body/gachaScheduleList/2/selectableCharaList/42/charaMessageList/3""]"
4014	10	ちちんぷりんっ！		[]	fuzzy_review	official_cn_key_not_present	2	"[""101/response_body/gachaScheduleList/2/selectableCharaList/42/charaMessageList/4"",""104/response_body/gachaScheduleList/2/selectableCharaList/42/charaMessageList/4""]"
4014	11	身体はただの入れモノだよ！		[]	fuzzy_review	official_cn_key_not_present	2	"[""101/response_body/gachaScheduleList/2/selectableCharaList/42/charaMessageList/5"",""104/response_body/gachaScheduleList/2/selectableCharaList/42/charaMessageList/5""]"
4014	12	デッド・オア・ライス？		[]	fuzzy_review	official_cn_key_not_present	2	"[""101/response_body/gachaScheduleList/2/selectableCharaList/42/charaMessageList/6"",""104/response_body/gachaScheduleList/2/selectableCharaList/42/charaMessageList/6""]"
4014	43	勝負あった！@観念しなさ～い！		[]	fuzzy_review	official_cn_key_not_present	2	"[""101/response_body/gachaScheduleList/2/selectableCharaList/42/charaMessageList/7"",""104/response_body/gachaScheduleList/2/selectableCharaList/42/charaMessageList/7""]"
4014	44	わたしは、みんなの笑顔を守るよ		[]	fuzzy_review	official_cn_key_not_present	2	"[""101/response_body/gachaScheduleList/2/selectableCharaList/42/charaMessageList/8"",""104/response_body/gachaScheduleList/2/selectableCharaList/42/charaMessageList/8""]"
4014	45	みんなでイチゴリゾット食べようね！		[]	fuzzy_review	official_cn_key_not_present	2	"[""101/response_body/gachaScheduleList/2/selectableCharaList/42/charaMessageList/9"",""104/response_body/gachaScheduleList/2/selectableCharaList/42/charaMessageList/9""]"
4014	46	…想いは、受け止めたから		[]	fuzzy_review	official_cn_key_not_present	2	"[""101/response_body/gachaScheduleList/2/selectableCharaList/42/charaMessageList/10"",""104/response_body/gachaScheduleList/2/selectableCharaList/42/charaMessageList/10""]"
4021	6	奇跡ならもう起こってくださっています	如果是奇迹，那么它已经发生了。	"[""vo_char_4021_00_06_hca""]"	key_aligned	unique_charaNo_messageId_key_and_unique_cn_value	2	"[""101/response_body/gachaScheduleList/2/selectableCharaList/3/charaMessageList/0"",""104/response_body/gachaScheduleList/2/selectableCharaList/3/charaMessageList/0""]"
4021	7	ようやくお会いすることができました	我终于见到你了。	"[""vo_char_4021_00_07_hca""]"	key_aligned	unique_charaNo_messageId_key_and_unique_cn_value	2	"[""101/response_body/gachaScheduleList/2/selectableCharaList/3/charaMessageList/1"",""104/response_body/gachaScheduleList/2/selectableCharaList/3/charaMessageList/1""]"
4021	8	私は私に出来ることを続けます	我会继续做着力所能及的事。	"[""vo_char_4021_00_08_hca""]"	key_aligned	unique_charaNo_messageId_key_and_unique_cn_value	2	"[""101/response_body/gachaScheduleList/2/selectableCharaList/3/charaMessageList/2"",""104/response_body/gachaScheduleList/2/selectableCharaList/3/charaMessageList/2""]"
4021	9	私が今、もっとも信じられるものを!!	我现在，就是最受信任的人!!	"[""vo_char_4021_00_09_hca""]"	key_aligned	unique_charaNo_messageId_key_and_unique_cn_value	2	"[""101/response_body/gachaScheduleList/2/selectableCharaList/3/charaMessageList/3"",""104/response_body/gachaScheduleList/2/selectableCharaList/3/charaMessageList/3""]"
4021	10	…それも全ては私の力不足のせいです…	这全是我实力不够的错……	"[""vo_char_4021_00_10_hca""]"	key_aligned	unique_charaNo_messageId_key_and_unique_cn_value	2	"[""101/response_body/gachaScheduleList/2/selectableCharaList/3/charaMessageList/4"",""104/response_body/gachaScheduleList/2/selectableCharaList/3/charaMessageList/4""]"
4021	11	天使様もそう私に教えてくださっています	天使大人也是那样告诉我的。	"[""vo_char_4021_00_11_hca""]"	key_aligned	unique_charaNo_messageId_key_and_unique_cn_value	2	"[""101/response_body/gachaScheduleList/2/selectableCharaList/3/charaMessageList/5"",""104/response_body/gachaScheduleList/2/selectableCharaList/3/charaMessageList/5""]"
4021	12	私はへっちゃらです、無事でよかった	不用在意我，只要没事就好了。	"[""vo_char_4021_00_12_hca""]"	key_aligned	unique_charaNo_messageId_key_and_unique_cn_value	2	"[""101/response_body/gachaScheduleList/2/selectableCharaList/3/charaMessageList/6"",""104/response_body/gachaScheduleList/2/selectableCharaList/3/charaMessageList/6""]"
4021	43	ふぅ…勝ちました	呼……胜利了。	"[""vo_char_4021_00_43_hca""]"	key_aligned	unique_charaNo_messageId_key_and_unique_cn_value	2	"[""101/response_body/gachaScheduleList/2/selectableCharaList/3/charaMessageList/7"",""104/response_body/gachaScheduleList/2/selectableCharaList/3/charaMessageList/7""]"
4021	44	皆さん、無事ですか!?	大家都没事吧!?	"[""vo_char_4021_00_44_hca""]"	key_aligned	unique_charaNo_messageId_key_and_unique_cn_value	2	"[""101/response_body/gachaScheduleList/2/selectableCharaList/3/charaMessageList/8"",""104/response_body/gachaScheduleList/2/selectableCharaList/3/charaMessageList/8""]"
4021	45	さぁ、進みましょう	那么，前进吧。	"[""vo_char_4021_00_45_hca""]"	key_aligned	unique_charaNo_messageId_key_and_unique_cn_value	2	"[""101/response_body/gachaScheduleList/2/selectableCharaList/3/charaMessageList/9"",""104/response_body/gachaScheduleList/2/selectableCharaList/3/charaMessageList/9""]"
4021	46	皆さんのおかげです	都是大家的功劳。	"[""vo_char_4021_00_46_hca""]"	key_aligned	unique_charaNo_messageId_key_and_unique_cn_value	2	"[""101/response_body/gachaScheduleList/2/selectableCharaList/3/charaMessageList/10"",""104/response_body/gachaScheduleList/2/selectableCharaList/3/charaMessageList/10""]"
4022	6	これは、夢なんかじゃないわ	这不是做梦吧。	"[""vo_char_4022_00_06_hca""]"	key_aligned	unique_charaNo_messageId_key_and_unique_cn_value	2	"[""101/response_body/gachaScheduleList/2/selectableCharaList/4/charaMessageList/0"",""104/response_body/gachaScheduleList/2/selectableCharaList/4/charaMessageList/0""]"
4022	7	キューブ…あなた天使だったの？	丘卜……你就是天使吗？	"[""vo_char_4022_00_07_hca""]"	key_aligned	unique_charaNo_messageId_key_and_unique_cn_value	2	"[""101/response_body/gachaScheduleList/2/selectableCharaList/4/charaMessageList/1"",""104/response_body/gachaScheduleList/2/selectableCharaList/4/charaMessageList/1""]"
4022	8	しかし…ひどい柄の旗ね	不过……旗帜的图案还真是奇怪啊。	"[""vo_char_4022_00_08_hca""]"	key_aligned	unique_charaNo_messageId_key_and_unique_cn_value	2	"[""101/response_body/gachaScheduleList/2/selectableCharaList/4/charaMessageList/2"",""104/response_body/gachaScheduleList/2/selectableCharaList/4/charaMessageList/2""]"
4022	9	タルトは本当に、欲がない子よね	塔鲁特真是个无欲无求的人。	"[""vo_char_4022_00_09_hca""]"	key_aligned	unique_charaNo_messageId_key_and_unique_cn_value	2	"[""101/response_body/gachaScheduleList/2/selectableCharaList/4/charaMessageList/3"",""104/response_body/gachaScheduleList/2/selectableCharaList/4/charaMessageList/3""]"
4022	10	私は傭兵よ…イタリアからフランスへ来たの	我是个佣兵……从意大利来到的法兰西。	"[""vo_char_4022_00_10_hca""]"	key_aligned	unique_charaNo_messageId_key_and_unique_cn_value	2	"[""101/response_body/gachaScheduleList/2/selectableCharaList/4/charaMessageList/4"",""104/response_body/gachaScheduleList/2/selectableCharaList/4/charaMessageList/4""]"
4022	11	“乙女”か…タルトはすごい人気ね	「圣女」……塔鲁特她真是受人欢迎啊。	"[""vo_char_4022_00_11_hca""]"	key_aligned	unique_charaNo_messageId_key_and_unique_cn_value	2	"[""101/response_body/gachaScheduleList/2/selectableCharaList/4/charaMessageList/5"",""104/response_body/gachaScheduleList/2/selectableCharaList/4/charaMessageList/5""]"
4022	12	この子で、間違いないのね？	她，是不会有错的吧？	"[""vo_char_4022_00_12_hca""]"	key_aligned	unique_charaNo_messageId_key_and_unique_cn_value	2	"[""101/response_body/gachaScheduleList/2/selectableCharaList/4/charaMessageList/6"",""104/response_body/gachaScheduleList/2/selectableCharaList/4/charaMessageList/6""]"
4022	43	何とか勝てたようね	总之是胜利了。	"[""vo_char_4022_00_43_hca""]"	key_aligned	unique_charaNo_messageId_key_and_unique_cn_value	2	"[""101/response_body/gachaScheduleList/2/selectableCharaList/4/charaMessageList/7"",""104/response_body/gachaScheduleList/2/selectableCharaList/4/charaMessageList/7""]"
4022	44	こんなものかしら	就这样吧。	"[""vo_char_4022_00_44_hca""]"	key_aligned	unique_charaNo_messageId_key_and_unique_cn_value	2	"[""101/response_body/gachaScheduleList/2/selectableCharaList/4/charaMessageList/8"",""104/response_body/gachaScheduleList/2/selectableCharaList/4/charaMessageList/8""]"
4022	45	おごってはだめよ	不能骄傲哦。	"[""vo_char_4022_00_45_hca""]"	key_aligned	unique_charaNo_messageId_key_and_unique_cn_value	2	"[""101/response_body/gachaScheduleList/2/selectableCharaList/4/charaMessageList/9"",""104/response_body/gachaScheduleList/2/selectableCharaList/4/charaMessageList/9""]"
4022	46	光を消させはしない	我不会让你掩盖光明的。	"[""vo_char_4022_00_46_hca""]"	key_aligned	unique_charaNo_messageId_key_and_unique_cn_value	2	"[""101/response_body/gachaScheduleList/2/selectableCharaList/4/charaMessageList/10"",""104/response_body/gachaScheduleList/2/selectableCharaList/4/charaMessageList/10""]"
4024	6	美しくも、実に愚かしい…	美丽，而又愚蠢……	"[""vo_char_4024_00_06_hca""]"	key_aligned	unique_charaNo_messageId_key_and_unique_cn_value	2	"[""101/response_body/gachaScheduleList/2/selectableCharaList/38/charaMessageList/0"",""104/response_body/gachaScheduleList/2/selectableCharaList/38/charaMessageList/0""]"
4024	7	それは楽しみですこと	那真是令人期待。	"[""vo_char_4024_00_07_hca""]"	key_aligned	unique_charaNo_messageId_key_and_unique_cn_value	2	"[""101/response_body/gachaScheduleList/2/selectableCharaList/38/charaMessageList/1"",""104/response_body/gachaScheduleList/2/selectableCharaList/38/charaMessageList/1""]"
4024	8	あの方が告げた刻限ですわ！	已经到了那个人说的时刻了！	"[""vo_char_4024_00_08_hca""]"	key_aligned	unique_charaNo_messageId_key_and_unique_cn_value	2	"[""101/response_body/gachaScheduleList/2/selectableCharaList/38/charaMessageList/2"",""104/response_body/gachaScheduleList/2/selectableCharaList/38/charaMessageList/2""]"
4024	9	私は、もう愛しておりませんもの	我已经，不再爱你了。	"[""vo_char_4024_00_09_hca""]"	key_aligned	unique_charaNo_messageId_key_and_unique_cn_value	2	"[""101/response_body/gachaScheduleList/2/selectableCharaList/38/charaMessageList/3"",""104/response_body/gachaScheduleList/2/selectableCharaList/38/charaMessageList/3""]"
4024	10	面白い見世物になるかと思いましたが…	那么，现在开始就是第二幕……	"[""vo_char_4024_00_10_hca""]"	key_aligned	unique_charaNo_messageId_key_and_unique_cn_value	2	"[""101/response_body/gachaScheduleList/2/selectableCharaList/38/charaMessageList/4"",""104/response_body/gachaScheduleList/2/selectableCharaList/38/charaMessageList/4""]"
4024	11	それは妬けますこと	这便是嫉妒。	"[""vo_char_4024_00_11_hca""]"	key_aligned	unique_charaNo_messageId_key_and_unique_cn_value	2	"[""101/response_body/gachaScheduleList/2/selectableCharaList/38/charaMessageList/5"",""104/response_body/gachaScheduleList/2/selectableCharaList/38/charaMessageList/5""]"
4024	12	そして…最高の終わりを	接下来……就是最棒的结局。	"[""vo_char_4024_00_12_hca""]"	key_aligned	unique_charaNo_messageId_key_and_unique_cn_value	2	"[""101/response_body/gachaScheduleList/2/selectableCharaList/38/charaMessageList/6"",""104/response_body/gachaScheduleList/2/selectableCharaList/38/charaMessageList/6""]"
4024	43	どうやら閉幕のようですわ	看起来是要闭幕了呢。	"[""vo_char_4024_00_43_hca""]"	key_aligned	unique_charaNo_messageId_key_and_unique_cn_value	2	"[""101/response_body/gachaScheduleList/2/selectableCharaList/38/charaMessageList/7"",""104/response_body/gachaScheduleList/2/selectableCharaList/38/charaMessageList/7""]"
4024	44	それではごきげんよう…@オ・ルヴォワール	那么就该贵安了……	"[""vo_char_4024_00_44_hca""]"	key_aligned	unique_charaNo_messageId_key_and_unique_cn_value	2	"[""101/response_body/gachaScheduleList/2/selectableCharaList/38/charaMessageList/8"",""104/response_body/gachaScheduleList/2/selectableCharaList/38/charaMessageList/8""]"
4024	45	なかなかの見世物でしたわ	真是不错的杂技啊。	"[""vo_char_4024_00_45_hca""]"	key_aligned	unique_charaNo_messageId_key_and_unique_cn_value	2	"[""101/response_body/gachaScheduleList/2/selectableCharaList/38/charaMessageList/9"",""104/response_body/gachaScheduleList/2/selectableCharaList/38/charaMessageList/9""]"
4024	46	私はお暇させていただきたく思います	我想该让我告辞了吧。	"[""vo_char_4024_00_46_hca""]"	key_aligned	unique_charaNo_messageId_key_and_unique_cn_value	2	"[""101/response_body/gachaScheduleList/2/selectableCharaList/38/charaMessageList/10"",""104/response_body/gachaScheduleList/2/selectableCharaList/38/charaMessageList/10""]"
4026	6	はじめまして、“乙女”	"初次见面，
“圣女（La Pucelle）”。"	"[""vo_char_4026_00_06_hca""]"	key_aligned	unique_charaNo_messageId_key_and_unique_cn_value	2	"[""101/response_body/gachaScheduleList/2/selectableCharaList/15/charaMessageList/0"",""104/response_body/gachaScheduleList/2/selectableCharaList/15/charaMessageList/0""]"
4026	7	わたくしとしたことがあのような醜態をっ!!	我怎么能露出那样的丑态！！	"[""vo_char_4026_00_07_hca""]"	key_aligned	unique_charaNo_messageId_key_and_unique_cn_value	2	"[""101/response_body/gachaScheduleList/2/selectableCharaList/15/charaMessageList/1"",""104/response_body/gachaScheduleList/2/selectableCharaList/15/charaMessageList/1""]"
4026	8	エリザでいいですわ、タルト	叫我爱丽莎就好了，塔鲁特。	"[""vo_char_4026_00_08_hca""]"	key_aligned	unique_charaNo_messageId_key_and_unique_cn_value	2	"[""101/response_body/gachaScheduleList/2/selectableCharaList/15/charaMessageList/2"",""104/response_body/gachaScheduleList/2/selectableCharaList/15/charaMessageList/2""]"
4026	9	…ちょっと素直すぎませんこと	……你是不是单纯过头了？	"[""vo_char_4026_00_09_hca""]"	key_aligned	unique_charaNo_messageId_key_and_unique_cn_value	2	"[""101/response_body/gachaScheduleList/2/selectableCharaList/15/charaMessageList/3"",""104/response_body/gachaScheduleList/2/selectableCharaList/15/charaMessageList/3""]"
4026	10	それに…わたくしは別に王女では…	而且……我也并不是王女……	"[""vo_char_4026_00_10_hca""]"	key_aligned	unique_charaNo_messageId_key_and_unique_cn_value	2	"[""101/response_body/gachaScheduleList/2/selectableCharaList/15/charaMessageList/4"",""104/response_body/gachaScheduleList/2/selectableCharaList/15/charaMessageList/4""]"
4026	11	わたくしは…あなたが羨ましい	我…很羡慕你	"[""vo_char_4026_00_11_hca""]"	key_aligned	unique_charaNo_messageId_key_and_unique_cn_value	2	"[""101/response_body/gachaScheduleList/2/selectableCharaList/15/charaMessageList/5"",""104/response_body/gachaScheduleList/2/selectableCharaList/15/charaMessageList/5""]"
4026	12	なんでこうなりますのーっ!!	为什么会变成这样——！！	"[""vo_char_4026_00_12_hca""]"	key_aligned	unique_charaNo_messageId_key_and_unique_cn_value	2	"[""101/response_body/gachaScheduleList/2/selectableCharaList/15/charaMessageList/6"",""104/response_body/gachaScheduleList/2/selectableCharaList/15/charaMessageList/6""]"
4026	43	礼など不要でしてよ	无需多礼。	"[""vo_char_4026_00_43_hca""]"	key_aligned	unique_charaNo_messageId_key_and_unique_cn_value	2	"[""101/response_body/gachaScheduleList/2/selectableCharaList/15/charaMessageList/7"",""104/response_body/gachaScheduleList/2/selectableCharaList/15/charaMessageList/7""]"
4026	44	どうやら勝負ありましたわね	看来胜负已分呢。	"[""vo_char_4026_00_44_hca""]"	key_aligned	unique_charaNo_messageId_key_and_unique_cn_value	2	"[""101/response_body/gachaScheduleList/2/selectableCharaList/15/charaMessageList/8"",""104/response_body/gachaScheduleList/2/selectableCharaList/15/charaMessageList/8""]"
4026	45	ダス・エンデ…おしまい	Das Ende……结束。	"[""vo_char_4026_00_45_hca""]"	key_aligned	unique_charaNo_messageId_key_and_unique_cn_value	2	"[""101/response_body/gachaScheduleList/2/selectableCharaList/15/charaMessageList/9"",""104/response_body/gachaScheduleList/2/selectableCharaList/15/charaMessageList/9""]"
4026	46	あらかた片付いたかしら	大致收拾掉了吧	"[""vo_char_4026_00_46_hca""]"	key_aligned	unique_charaNo_messageId_key_and_unique_cn_value	2	"[""101/response_body/gachaScheduleList/2/selectableCharaList/15/charaMessageList/10"",""104/response_body/gachaScheduleList/2/selectableCharaList/15/charaMessageList/10""]"
4028	6	フランスに光をもたらす力を！		[]	fuzzy_review	official_cn_key_not_present	2	"[""101/response_body/gachaScheduleList/2/selectableCharaList/22/charaMessageList/0"",""104/response_body/gachaScheduleList/2/selectableCharaList/22/charaMessageList/0""]"
4028	7	次は必ず、神の御名において…		[]	fuzzy_review	official_cn_key_not_present	2	"[""101/response_body/gachaScheduleList/2/selectableCharaList/22/charaMessageList/1"",""104/response_body/gachaScheduleList/2/selectableCharaList/22/charaMessageList/1""]"
4028	8	たとえ…どんなに強大な相手だって！		[]	fuzzy_review	official_cn_key_not_present	2	"[""101/response_body/gachaScheduleList/2/selectableCharaList/22/charaMessageList/2"",""104/response_body/gachaScheduleList/2/selectableCharaList/22/charaMessageList/2""]"
4028	9	まぁ！天使様っ!!		[]	fuzzy_review	official_cn_key_not_present	2	"[""101/response_body/gachaScheduleList/2/selectableCharaList/22/charaMessageList/3"",""104/response_body/gachaScheduleList/2/selectableCharaList/22/charaMessageList/3""]"
4028	10	…いつか見た夢があります		[]	fuzzy_review	official_cn_key_not_present	2	"[""101/response_body/gachaScheduleList/2/selectableCharaList/22/charaMessageList/4"",""104/response_body/gachaScheduleList/2/selectableCharaList/22/charaMessageList/4""]"
4028	11	すべてのことに…ありがとう		[]	fuzzy_review	official_cn_key_not_present	2	"[""101/response_body/gachaScheduleList/2/selectableCharaList/22/charaMessageList/5"",""104/response_body/gachaScheduleList/2/selectableCharaList/22/charaMessageList/5""]"
4028	12	…そんなことは、決して起こさせません		[]	fuzzy_review	official_cn_key_not_present	2	"[""101/response_body/gachaScheduleList/2/selectableCharaList/22/charaMessageList/6"",""104/response_body/gachaScheduleList/2/selectableCharaList/22/charaMessageList/6""]"
4028	43	お怪我はありませんでしたか？		[]	fuzzy_review	official_cn_key_not_present	2	"[""101/response_body/gachaScheduleList/2/selectableCharaList/22/charaMessageList/7"",""104/response_body/gachaScheduleList/2/selectableCharaList/22/charaMessageList/7""]"
4028	44	あきらめないって…決めたから…		[]	fuzzy_review	official_cn_key_not_present	2	"[""101/response_body/gachaScheduleList/2/selectableCharaList/22/charaMessageList/8"",""104/response_body/gachaScheduleList/2/selectableCharaList/22/charaMessageList/8""]"
4028	45	私は、前に進むことしか@できませんから		[]	fuzzy_review	official_cn_key_not_present	2	"[""101/response_body/gachaScheduleList/2/selectableCharaList/22/charaMessageList/9"",""104/response_body/gachaScheduleList/2/selectableCharaList/22/charaMessageList/9""]"
4028	46	みんなの…リズのおかげです		[]	fuzzy_review	official_cn_key_not_present	2	"[""101/response_body/gachaScheduleList/2/selectableCharaList/22/charaMessageList/10"",""104/response_body/gachaScheduleList/2/selectableCharaList/22/charaMessageList/10""]"
4029	6	久しぶりね、“乙女”		[]	fuzzy_review	official_cn_key_not_present	2	"[""101/response_body/gachaScheduleList/2/selectableCharaList/50/charaMessageList/0"",""104/response_body/gachaScheduleList/2/selectableCharaList/50/charaMessageList/0""]"
4029	7	あらあらお嬢様。ずいぶんと懐疑的ね		[]	fuzzy_review	official_cn_key_not_present	2	"[""101/response_body/gachaScheduleList/2/selectableCharaList/50/charaMessageList/1"",""104/response_body/gachaScheduleList/2/selectableCharaList/50/charaMessageList/1""]"
4029	8	まさに予言は成就されようとしているの		[]	fuzzy_review	official_cn_key_not_present	2	"[""101/response_body/gachaScheduleList/2/selectableCharaList/50/charaMessageList/2"",""104/response_body/gachaScheduleList/2/selectableCharaList/50/charaMessageList/2""]"
4029	9	キューブ、あなたはこの子を選んだのね		[]	fuzzy_review	official_cn_key_not_present	2	"[""101/response_body/gachaScheduleList/2/selectableCharaList/50/charaMessageList/3"",""104/response_body/gachaScheduleList/2/selectableCharaList/50/charaMessageList/3""]"
4029	10	どうか、その道程に幸あらんことを…		[]	fuzzy_review	official_cn_key_not_present	2	"[""101/response_body/gachaScheduleList/2/selectableCharaList/50/charaMessageList/4"",""104/response_body/gachaScheduleList/2/selectableCharaList/50/charaMessageList/4""]"
4029	11	ダメじゃない、キューブ		[]	fuzzy_review	official_cn_key_not_present	2	"[""101/response_body/gachaScheduleList/2/selectableCharaList/50/charaMessageList/5"",""104/response_body/gachaScheduleList/2/selectableCharaList/50/charaMessageList/5""]"
4029	12	その力はいざというときにだけ使いなさい		[]	fuzzy_review	official_cn_key_not_present	2	"[""101/response_body/gachaScheduleList/2/selectableCharaList/50/charaMessageList/6"",""104/response_body/gachaScheduleList/2/selectableCharaList/50/charaMessageList/6""]"
4029	43	私の守りを突き崩すことは@できなかったようね		[]	fuzzy_review	official_cn_key_not_present	2	"[""101/response_body/gachaScheduleList/2/selectableCharaList/50/charaMessageList/7"",""104/response_body/gachaScheduleList/2/selectableCharaList/50/charaMessageList/7""]"
4029	44	あらあら…@少し加減が必要だったかしら？		[]	fuzzy_review	official_cn_key_not_present	2	"[""101/response_body/gachaScheduleList/2/selectableCharaList/50/charaMessageList/8"",""104/response_body/gachaScheduleList/2/selectableCharaList/50/charaMessageList/8""]"
4029	45	これ…触媒に使えないかしら		[]	fuzzy_review	official_cn_key_not_present	2	"[""101/response_body/gachaScheduleList/2/selectableCharaList/50/charaMessageList/9"",""104/response_body/gachaScheduleList/2/selectableCharaList/50/charaMessageList/9""]"
4029	46	おとなしくなりました？@よい心がけね		[]	fuzzy_review	official_cn_key_not_present	2	"[""101/response_body/gachaScheduleList/2/selectableCharaList/50/charaMessageList/10"",""104/response_body/gachaScheduleList/2/selectableCharaList/50/charaMessageList/10""]"
4031	6	信じようが信じまいが、それは貴方の自由	信或者不信都是你的自由。	"[""vo_char_4031_00_06_hca""]"	key_aligned	unique_charaNo_messageId_key_and_unique_cn_value	2	"[""101/response_body/gachaScheduleList/2/selectableCharaList/5/charaMessageList/0"",""104/response_body/gachaScheduleList/2/selectableCharaList/5/charaMessageList/0""]"
4031	7	暗殺者…そう呼ばれているのは知ってるわ	暗杀者……这个称呼你知道吧。	"[""vo_char_4031_00_07_hca""]"	key_aligned	unique_charaNo_messageId_key_and_unique_cn_value	2	"[""101/response_body/gachaScheduleList/2/selectableCharaList/5/charaMessageList/1"",""104/response_body/gachaScheduleList/2/selectableCharaList/5/charaMessageList/1""]"
4031	8	なんで私に親切にするの？	为什么要对我这么热情？	"[""vo_char_4031_00_08_hca""]"	key_aligned	unique_charaNo_messageId_key_and_unique_cn_value	2	"[""101/response_body/gachaScheduleList/2/selectableCharaList/5/charaMessageList/2"",""104/response_body/gachaScheduleList/2/selectableCharaList/5/charaMessageList/2""]"
4031	9	魔法少女の真実を知ってしまったのね	看来你知道了魔法少女的真相了呢。	"[""vo_char_4031_00_09_hca""]"	key_aligned	unique_charaNo_messageId_key_and_unique_cn_value	2	"[""101/response_body/gachaScheduleList/2/selectableCharaList/5/charaMessageList/3"",""104/response_body/gachaScheduleList/2/selectableCharaList/5/charaMessageList/3""]"
4031	10	配達終わりました	早报送完了。	"[""vo_char_4031_00_10_hca""]"	key_aligned	unique_charaNo_messageId_key_and_unique_cn_value	2	"[""101/response_body/gachaScheduleList/2/selectableCharaList/5/charaMessageList/4"",""104/response_body/gachaScheduleList/2/selectableCharaList/5/charaMessageList/4""]"
4031	11	誰かを殺したいくらい憎んだことはある？	"你就没有恨一个人到
想要杀掉他的程度吗？"	"[""vo_char_4031_00_11_hca""]"	key_aligned	unique_charaNo_messageId_key_and_unique_cn_value	2	"[""101/response_body/gachaScheduleList/2/selectableCharaList/5/charaMessageList/5"",""104/response_body/gachaScheduleList/2/selectableCharaList/5/charaMessageList/5""]"
4031	12	私は魔女にはならない!!	我不会变成魔女！！	"[""vo_char_4031_00_12_hca""]"	key_aligned	unique_charaNo_messageId_key_and_unique_cn_value	2	"[""101/response_body/gachaScheduleList/2/selectableCharaList/5/charaMessageList/6"",""104/response_body/gachaScheduleList/2/selectableCharaList/5/charaMessageList/6""]"
4031	43	…さよなら	永别了。	"[""vo_char_4031_00_43_hca""]"	key_aligned	unique_charaNo_messageId_key_and_unique_cn_value	2	"[""101/response_body/gachaScheduleList/2/selectableCharaList/5/charaMessageList/7"",""104/response_body/gachaScheduleList/2/selectableCharaList/5/charaMessageList/7""]"
4031	44	私は正しいことをしているの	我在做我认为正确的事情。	"[""vo_char_4031_00_44_hca""]"	key_aligned	unique_charaNo_messageId_key_and_unique_cn_value	2	"[""101/response_body/gachaScheduleList/2/selectableCharaList/5/charaMessageList/8"",""104/response_body/gachaScheduleList/2/selectableCharaList/5/charaMessageList/8""]"
4031	45	何度やっても同じよ	不管多少次都是一样。	"[""vo_char_4031_00_45_hca""]"	key_aligned	unique_charaNo_messageId_key_and_unique_cn_value	2	"[""101/response_body/gachaScheduleList/2/selectableCharaList/5/charaMessageList/9"",""104/response_body/gachaScheduleList/2/selectableCharaList/5/charaMessageList/9""]"
4031	46	貴方じゃ私には勝てない	你是赢不了我的。	"[""vo_char_4031_00_46_hca""]"	key_aligned	unique_charaNo_messageId_key_and_unique_cn_value	2	"[""101/response_body/gachaScheduleList/2/selectableCharaList/5/charaMessageList/10"",""104/response_body/gachaScheduleList/2/selectableCharaList/5/charaMessageList/10""]"
4032	6	ね、今から帰りでしょ？一緒に帰ろうよ！	那个，你现在要回去了吧？我们一起走吧！	"[""vo_char_4032_00_06_hca""]"	key_aligned	unique_charaNo_messageId_key_and_unique_cn_value	2	"[""101/response_body/gachaScheduleList/2/selectableCharaList/17/charaMessageList/0"",""104/response_body/gachaScheduleList/2/selectableCharaList/17/charaMessageList/0""]"
4032	7	あーっ！うさちゃんが！	啊——！是小兔子！	"[""vo_char_4032_00_07_hca""]"	key_aligned	unique_charaNo_messageId_key_and_unique_cn_value	2	"[""101/response_body/gachaScheduleList/2/selectableCharaList/17/charaMessageList/1"",""104/response_body/gachaScheduleList/2/selectableCharaList/17/charaMessageList/1""]"
4032	8	キリサキさんの噂かぁ…ちょっと怖いね	开膛手的传闻吗……稍微有点可怕呢。	"[""vo_char_4032_00_08_hca""]"	key_aligned	unique_charaNo_messageId_key_and_unique_cn_value	2	"[""101/response_body/gachaScheduleList/2/selectableCharaList/17/charaMessageList/2"",""104/response_body/gachaScheduleList/2/selectableCharaList/17/charaMessageList/2""]"
4032	9	キュゥちゃんって呼ぶの変かなぁ？	把丘比叫作小丘，会不会有点奇怪呢？	"[""vo_char_4032_00_09_hca""]"	key_aligned	unique_charaNo_messageId_key_and_unique_cn_value	2	"[""101/response_body/gachaScheduleList/2/selectableCharaList/17/charaMessageList/3"",""104/response_body/gachaScheduleList/2/selectableCharaList/17/charaMessageList/3""]"
4032	10	魔法少女になったこと、後悔はしてないよ	我完全没有后悔自己成为了魔法少女哦。	"[""vo_char_4032_00_10_hca""]"	key_aligned	unique_charaNo_messageId_key_and_unique_cn_value	2	"[""101/response_body/gachaScheduleList/2/selectableCharaList/17/charaMessageList/4"",""104/response_body/gachaScheduleList/2/selectableCharaList/17/charaMessageList/4""]"
4032	11	マツリは…どうしたらいいの？	我要……怎么做才好呢？	"[""vo_char_4032_00_11_hca""]"	key_aligned	unique_charaNo_messageId_key_and_unique_cn_value	2	"[""101/response_body/gachaScheduleList/2/selectableCharaList/17/charaMessageList/5"",""104/response_body/gachaScheduleList/2/selectableCharaList/17/charaMessageList/5""]"
4032	12	すっごく大切なこと…忘れてるような…	感觉……我忘记了非常重要的事情……	"[""vo_char_4032_00_12_hca""]"	key_aligned	unique_charaNo_messageId_key_and_unique_cn_value	2	"[""101/response_body/gachaScheduleList/2/selectableCharaList/17/charaMessageList/6"",""104/response_body/gachaScheduleList/2/selectableCharaList/17/charaMessageList/6""]"
4032	43	みんな仲良く出来たらいいのにね…	明明要是能和大家友好相处就好了啊……	"[""vo_char_4032_00_43_hca""]"	key_aligned	unique_charaNo_messageId_key_and_unique_cn_value	2	"[""101/response_body/gachaScheduleList/2/selectableCharaList/17/charaMessageList/7"",""104/response_body/gachaScheduleList/2/selectableCharaList/17/charaMessageList/7""]"
4032	44	ふぅ…@みんなの役に立てたなら嬉しいな	呼……如果有帮上大家的忙就好了啊。	"[""vo_char_4032_00_44_hca""]"	key_aligned	unique_charaNo_messageId_key_and_unique_cn_value	2	"[""101/response_body/gachaScheduleList/2/selectableCharaList/17/charaMessageList/8"",""104/response_body/gachaScheduleList/2/selectableCharaList/17/charaMessageList/8""]"
4032	45	…うん、もう敵の気配はないね、@お疲れ様！	……嗯，已经没有敌人的气息了呢。辛苦了！	"[""vo_char_4032_00_45_hca""]"	key_aligned	unique_charaNo_messageId_key_and_unique_cn_value	2	"[""101/response_body/gachaScheduleList/2/selectableCharaList/17/charaMessageList/9"",""104/response_body/gachaScheduleList/2/selectableCharaList/17/charaMessageList/9""]"
4032	46	終わりー！さっ、一緒に帰ろう？	结束了——！来，一起回去吧？	"[""vo_char_4032_00_46_hca""]"	key_aligned	unique_charaNo_messageId_key_and_unique_cn_value	2	"[""101/response_body/gachaScheduleList/2/selectableCharaList/17/charaMessageList/10"",""104/response_body/gachaScheduleList/2/selectableCharaList/17/charaMessageList/10""]"
4036	6	スズネ、髪を乾かさないと風邪をひきますよ		[]	fuzzy_review	official_cn_key_not_present	2	"[""101/response_body/gachaScheduleList/2/selectableCharaList/32/charaMessageList/0"",""104/response_body/gachaScheduleList/2/selectableCharaList/32/charaMessageList/0""]"
4036	7	マツリ、襟が…直してあげますからこちらに		[]	fuzzy_review	official_cn_key_not_present	2	"[""101/response_body/gachaScheduleList/2/selectableCharaList/32/charaMessageList/1"",""104/response_body/gachaScheduleList/2/selectableCharaList/32/charaMessageList/1""]"
4036	8	ふふっ、今日のカガリは甘えん坊さんですね		[]	fuzzy_review	official_cn_key_not_present	2	"[""101/response_body/gachaScheduleList/2/selectableCharaList/32/charaMessageList/2"",""104/response_body/gachaScheduleList/2/selectableCharaList/32/charaMessageList/2""]"
4036	9	私も魔女に両親を殺されたんです…		[]	fuzzy_review	official_cn_key_not_present	2	"[""101/response_body/gachaScheduleList/2/selectableCharaList/32/charaMessageList/3"",""104/response_body/gachaScheduleList/2/selectableCharaList/32/charaMessageList/3""]"
4036	10	写真…どこに飾ろうかしら？		[]	fuzzy_review	official_cn_key_not_present	2	"[""101/response_body/gachaScheduleList/2/selectableCharaList/32/charaMessageList/4"",""104/response_body/gachaScheduleList/2/selectableCharaList/32/charaMessageList/4""]"
4036	11	ふぅ…引っ越しは何度しても大変ですね…		[]	fuzzy_review	official_cn_key_not_present	2	"[""101/response_body/gachaScheduleList/2/selectableCharaList/32/charaMessageList/5"",""104/response_body/gachaScheduleList/2/selectableCharaList/32/charaMessageList/5""]"
4036	12	竹刀の持ち方は…そうです、上手ですよ		[]	fuzzy_review	official_cn_key_not_present	2	"[""101/response_body/gachaScheduleList/2/selectableCharaList/32/charaMessageList/6"",""104/response_body/gachaScheduleList/2/selectableCharaList/32/charaMessageList/6""]"
4036	43	お役に立てていたら、嬉しいです		[]	fuzzy_review	official_cn_key_not_present	2	"[""101/response_body/gachaScheduleList/2/selectableCharaList/32/charaMessageList/7"",""104/response_body/gachaScheduleList/2/selectableCharaList/32/charaMessageList/7""]"
4036	44	お疲れ様でした@よくがんばりましたね		[]	fuzzy_review	official_cn_key_not_present	2	"[""101/response_body/gachaScheduleList/2/selectableCharaList/32/charaMessageList/8"",""104/response_body/gachaScheduleList/2/selectableCharaList/32/charaMessageList/8""]"
4036	45	ふふっ、みんな立派な魔法少女ですね		[]	fuzzy_review	official_cn_key_not_present	2	"[""101/response_body/gachaScheduleList/2/selectableCharaList/32/charaMessageList/9"",""104/response_body/gachaScheduleList/2/selectableCharaList/32/charaMessageList/9""]"
4036	46	ふぅ…帰っておやつにしましょうか		[]	fuzzy_review	official_cn_key_not_present	2	"[""101/response_body/gachaScheduleList/2/selectableCharaList/32/charaMessageList/10"",""104/response_body/gachaScheduleList/2/selectableCharaList/32/charaMessageList/10""]"
4121	6	あなたの囁きは悪魔のように魅力的		[]	fuzzy_review	official_cn_key_not_present	2	"[""101/response_body/gachaScheduleList/2/selectableCharaList/37/charaMessageList/0"",""104/response_body/gachaScheduleList/2/selectableCharaList/37/charaMessageList/0""]"
4121	7	世界は私の愛に包み込まれるためにあるの		[]	fuzzy_review	official_cn_key_not_present	2	"[""101/response_body/gachaScheduleList/2/selectableCharaList/37/charaMessageList/1"",""104/response_body/gachaScheduleList/2/selectableCharaList/37/charaMessageList/1""]"
4121	8	私は欲しいの…全てを私のものにしたいの		[]	fuzzy_review	official_cn_key_not_present	2	"[""101/response_body/gachaScheduleList/2/selectableCharaList/37/charaMessageList/2"",""104/response_body/gachaScheduleList/2/selectableCharaList/37/charaMessageList/2""]"
4121	9	でも、もっと欲しいものが今できたわ		[]	fuzzy_review	official_cn_key_not_present	2	"[""101/response_body/gachaScheduleList/2/selectableCharaList/37/charaMessageList/3"",""104/response_body/gachaScheduleList/2/selectableCharaList/37/charaMessageList/3""]"
4121	10	サヴァ…		[]	fuzzy_review	official_cn_key_not_present	2	"[""101/response_body/gachaScheduleList/2/selectableCharaList/37/charaMessageList/4"",""104/response_body/gachaScheduleList/2/selectableCharaList/37/charaMessageList/4""]"
4121	11	失礼したわね…けれどこれでわかったわ		[]	fuzzy_review	official_cn_key_not_present	2	"[""101/response_body/gachaScheduleList/2/selectableCharaList/37/charaMessageList/5"",""104/response_body/gachaScheduleList/2/selectableCharaList/37/charaMessageList/5""]"
4121	12	あぁ、素敵ね…でも私はもっと欲しいの		[]	fuzzy_review	official_cn_key_not_present	2	"[""101/response_body/gachaScheduleList/2/selectableCharaList/37/charaMessageList/6"",""104/response_body/gachaScheduleList/2/selectableCharaList/37/charaMessageList/6""]"
4121	43	死の…快楽を…		[]	fuzzy_review	official_cn_key_not_present	2	"[""101/response_body/gachaScheduleList/2/selectableCharaList/37/charaMessageList/7"",""104/response_body/gachaScheduleList/2/selectableCharaList/37/charaMessageList/7""]"
4121	44	あなたの…全てが欲しい…		[]	fuzzy_review	official_cn_key_not_present	2	"[""101/response_body/gachaScheduleList/2/selectableCharaList/37/charaMessageList/8"",""104/response_body/gachaScheduleList/2/selectableCharaList/37/charaMessageList/8""]"
4121	45	どんな欲望も…思うがまま…		[]	fuzzy_review	official_cn_key_not_present	2	"[""101/response_body/gachaScheduleList/2/selectableCharaList/37/charaMessageList/9"",""104/response_body/gachaScheduleList/2/selectableCharaList/37/charaMessageList/9""]"
4121	46	捧げなさい…全てを		[]	fuzzy_review	official_cn_key_not_present	2	"[""101/response_body/gachaScheduleList/2/selectableCharaList/37/charaMessageList/10"",""104/response_body/gachaScheduleList/2/selectableCharaList/37/charaMessageList/10""]"
4122	6	あなたは何を見せてくれるのかしら？		[]	fuzzy_review	official_cn_key_not_present	2	"[""101/response_body/gachaScheduleList/2/selectableCharaList/49/charaMessageList/0"",""104/response_body/gachaScheduleList/2/selectableCharaList/49/charaMessageList/0""]"
4122	7	邪魔者はただ排除するだけね		[]	fuzzy_review	official_cn_key_not_present	2	"[""101/response_body/gachaScheduleList/2/selectableCharaList/49/charaMessageList/1"",""104/response_body/gachaScheduleList/2/selectableCharaList/49/charaMessageList/1""]"
4122	8	ともに世界を手にしましょう		[]	fuzzy_review	official_cn_key_not_present	2	"[""101/response_body/gachaScheduleList/2/selectableCharaList/49/charaMessageList/2"",""104/response_body/gachaScheduleList/2/selectableCharaList/49/charaMessageList/2""]"
4122	9	あなたを快楽の淵へといざないましょう		[]	fuzzy_review	official_cn_key_not_present	2	"[""101/response_body/gachaScheduleList/2/selectableCharaList/49/charaMessageList/3"",""104/response_body/gachaScheduleList/2/selectableCharaList/49/charaMessageList/3""]"
4122	10	続きは、私の閨で…		[]	fuzzy_review	official_cn_key_not_present	2	"[""101/response_body/gachaScheduleList/2/selectableCharaList/49/charaMessageList/4"",""104/response_body/gachaScheduleList/2/selectableCharaList/49/charaMessageList/4""]"
4122	11	ふふ、赤ちゃんって可愛らしいわよね		[]	fuzzy_review	official_cn_key_not_present	2	"[""101/response_body/gachaScheduleList/2/selectableCharaList/49/charaMessageList/5"",""104/response_body/gachaScheduleList/2/selectableCharaList/49/charaMessageList/5""]"
4122	12	王妃として当然のたしなみでしょう？		[]	fuzzy_review	official_cn_key_not_present	2	"[""101/response_body/gachaScheduleList/2/selectableCharaList/49/charaMessageList/6"",""104/response_body/gachaScheduleList/2/selectableCharaList/49/charaMessageList/6""]"
4122	43	…あら？@もう終わりかしら		[]	fuzzy_review	official_cn_key_not_present	2	"[""101/response_body/gachaScheduleList/2/selectableCharaList/49/charaMessageList/7"",""104/response_body/gachaScheduleList/2/selectableCharaList/49/charaMessageList/7""]"
4122	44	退屈しのぎにはなったかしら		[]	fuzzy_review	official_cn_key_not_present	2	"[""101/response_body/gachaScheduleList/2/selectableCharaList/49/charaMessageList/8"",""104/response_body/gachaScheduleList/2/selectableCharaList/49/charaMessageList/8""]"
4122	45	ふふふ、いい子だったわね		[]	fuzzy_review	official_cn_key_not_present	2	"[""101/response_body/gachaScheduleList/2/selectableCharaList/49/charaMessageList/9"",""104/response_body/gachaScheduleList/2/selectableCharaList/49/charaMessageList/9""]"
4122	46	歯向かう気力も失せたようね		[]	fuzzy_review	official_cn_key_not_present	2	"[""101/response_body/gachaScheduleList/2/selectableCharaList/49/charaMessageList/10"",""104/response_body/gachaScheduleList/2/selectableCharaList/49/charaMessageList/10""]"
